acceptance_reasons,challenger_selection_reason,cost_converged,improvement_over_original,instance_id,matrix_disagreement_from_original,matrix_stable,matrix_target_accepted,max_customer_membership_instability,max_near_best_matrix_disagreement,mean_near_best_matrix_disagreement,n_customers,near_best_seed_count,needs_review,original_cost,ortools_beats_pyvrp,ortools_checked,ortools_cost,ortools_feasible,pyvrp_best_cost,pyvrp_candidate_count,pyvrp_feasible_count,pyvrp_seed_spread_relative,pyvrp_worst_cost,reference_accepted,reference_base_seed,reference_cost,reference_derived_seed,reference_num_vehicles,reference_route_hash,reference_runtime_seconds,reference_solver,reference_time_budget,relative_improvement_over_original,source_file,vehicle_count_delta_from_original
"[""pyvrp_cost_not_converged"", ""route_membership_ambiguous""]",unstable_cost,False,0.19216814039954677,cvrp_s7799_n20-50-100_x66667_cvrp100_0007,0.10949494949494949,False,False,0.0,0.0,0.0,100,1,True,15.709875601056826,False,True,16.55271456942856,True,15.51770746065728,4,4,0.003484114819477207,15.571772935185267,False,271830,15.51770746065728,3794735481,10,0e123dc0efcc657445f9123194c34a842aaad3e4103343a5e3b5680514c35869,40.085337546999654,pyvrp,40.0,0.012232314582212182,cvrp100_0007.json,0
"[""accepted""]",not_selected,True,0.22291578196137074,cvrp_s7799_n20-50-100_x66667_cvrp100_0377,0.05393939393939394,True,True,0.2,0.013737373737373737,0.006868686868686869,100,4,False,13.118587939628368,False,False,,False,12.895672157666997,4,4,0.0002857402853512272,12.899356970709125,True,271829,12.895672157666997,221467206,11,b92b31adb1b514ce338ac03801d05f4c0f31586fff4bdc0f0108627b84089635,40.08481558099811,pyvrp,40.0,0.0169923609909258,cvrp100_0377.json,1
"[""accepted""]",stable_control,True,0.21244041313710937,cvrp_s7799_n20-50-100_x66667_cvrp100_0496,0.02727272727272727,True,True,0.0,0.0,0.0,100,2,False,13.997958946970714,False,True,15.130372545075401,True,13.785518533833605,4,4,0.00200815176653981,13.81320194722999,True,271829,13.785518533833605,3217931785,10,f1340118ae24668d0fc9f7d661129e6c91ed81141af18e4c8c3580b7d8925f06,40.128287343999546,pyvrp,40.0,0.015176527802511053,cvrp100_0496.json,0
"[""route_membership_ambiguous""]",unstable_matrix,True,0.09897385047612062,cvrp_s7799_n20-50-100_x66667_cvrp100_0639,0.07636363636363637,False,False,0.21,0.055353535353535356,0.0369023569023569,100,4,True,13.08333867011764,False,True,13.724889039066301,True,12.98436481964152,4,4,9.15674013494807e-05,12.985553764186228,True,271831,12.98436481964152,3942753070,10,643e761972ae9752b98b401c527c1b69cabc51113c87e4250492e8f8f0fa5732,40.10079161899921,pyvrp,40.0,0.007564877205401477,cvrp100_0639.json,0
"[""pyvrp_cost_not_converged"", ""route_membership_ambiguous""]",unstable_cost,False,0.30361045369569695,cvrp_s7799_n20-50-100_x66667_cvrp100_0689,0.08404040404040404,False,False,0.0,0.0,0.0,100,1,True,17.000732177869093,False,True,17.69967193323657,True,16.697121724173396,4,4,0.0016871638484948733,16.72529250432034,False,271831,16.697121724173396,4289427972,11,ea1b2cfa8cf98967b5e5bbaf534441ee4a2c719cd3824f5584bbecadf179fcf9,40.09625251599937,pyvrp,40.0,0.017858669292545263,cvrp100_0689.json,0
"[""accepted""]",not_selected,True,0.06575856838741245,cvrp_s7799_n20-50-100_x66667_cvrp100_0839,0.033535353535353536,True,True,0.0,0.0,0.0,100,4,False,13.8745378235098,False,False,,False,13.808779255122387,4,4,2.5428024567839267e-05,13.809130385100538,True,271828,13.808779255122387,3144678740,11,eb5527eb79d09f8b2162d3f757db34196f0b4704c85b43df47b1a7d3000a7f73,40.08569704900219,pyvrp,40.0,0.004739514153472372,cvrp100_0839.json,0
"[""accepted""]",stable_control,True,0.27021586005595566,cvrp_s7799_n20-50-100_x66667_cvrp100_0905,0.10161616161616162,True,True,0.0,0.0,0.0,100,3,False,13.27070168619914,False,True,13.69081562102867,True,13.000485826143183,4,4,0.002922528334440884,13.038480114331584,True,271828,13.000485826143183,3473811168,9,10e5a10d8af5579ff62d7448bdc7532fe628788c4438d04059a853e0caf07a56,40.09763161199953,pyvrp,40.0,0.020361836656833793,cvrp100_0905.json,0
"[""pyvrp_cost_not_converged""]",unstable_cost,False,0.2684845909041691,cvrp_s7799_n20-50-100_x66667_cvrp100_0938,0.057777777777777775,True,False,0.0,0.0,0.0,100,3,True,16.88225852127031,False,True,17.176796039098182,True,16.61377393036614,4,4,0.005223484106238442,16.700555714436046,False,271828,16.61377393036614,3724306836,11,8a9ae2f881206b574db47d14fb6901b54bb603b0f39297e968dad9ec8015eca9,40.09100308399866,pyvrp,40.0,0.015903357395333082,cvrp100_0938.json,0
"[""accepted""]",not_selected,True,0.27948902221216443,cvrp_s7799_n20-50-100_x66667_cvrp100_10101,0.05757575757575758,True,True,0.17,0.042222222222222223,0.021111111111111112,100,4,False,15.674456373468082,False,False,,False,15.394967351255918,4,4,0.00024800230811880883,15.398785338692443,True,271828,15.394967351255918,3430947600,11,d9d92eeda844bdb4be645985e440885f9a595c8a04d39d85c2244ef9fb032a16,40.08139225300329,pyvrp,40.0,0.017830859045628613,cvrp100_10101.json,0
"[""pyvrp_cost_not_converged"", ""route_membership_ambiguous""]",unstable_cost,False,0.18673776902333117,cvrp_s7799_n20-50-100_x66667_cvrp100_10332,0.07212121212121213,False,False,0.24,0.06121212121212121,0.042289562289562294,100,3,True,16.35733700103129,False,True,16.595228661489877,True,16.17059923200796,4,4,0.006942063523453287,16.282856559088863,False,271830,16.17059923200796,2475319296,10,1470640b77996c1c8a27fe466d44af47500a4d21c08e11ef435d07566de005eb,40.08407732100022,pyvrp,40.0,0.01141614732346456,cvrp100_10332.json,0
"[""accepted""]",not_selected,True,0.20875936665304273,cvrp_s7799_n20-50-100_x66667_cvrp100_10607,0.08525252525252525,True,True,0.0,0.0,0.0,100,4,False,14.347622702005333,False,False,,False,14.13886333535229,4,4,6.281823359020359e-16,14.1388633353523,True,271830,14.13886333535229,1536850971,9,798181af9f7601e032f5c18a3e7e8038c80cfba2ecf8376b3a93340a8d5612a3,40.084277497000585,pyvrp,40.0,0.0145501015038446,cvrp100_10607.json,0
"[""pyvrp_cost_not_converged""]",unstable_cost,False,0.19793458562249633,cvrp_s7799_n20-50-100_x66667_cvrp100_10674,0.03939393939393939,True,False,0.19,0.01717171717171717,0.01717171717171717,100,2,True,13.209608966014617,False,True,13.655282672291197,True,13.01167438039212,4,4,0.008691691259794264,13.124767836879464,False,271830,13.01167438039212,4111442852,10,8a6ee7b6897986b0c93b22e2f6f73e2e1e8278179916bf4b31756c5c2e4bc0e7,40.069240831999196,pyvrp,40.0,0.014984136633547439,cvrp100_10674.json,0
"[""pyvrp_cost_not_converged"", ""route_membership_ambiguous""]",unstable_cost,False,0.23815303141808464,cvrp_s7799_n20-50-100_x66667_cvrp100_10820,0.08767676767676767,False,False,0.26,0.09353535353535354,0.06235690235690236,100,3,True,14.392073844515034,False,True,14.99968817002874,True,14.15392081309695,4,4,0.007303242353428825,14.257290327046237,False,271831,14.15392081309695,2396803340,10,368187efaccd4d44b6ed12729c2d43d05144cb969f18dd6f364fbf1cc97b8a9c,40.111022643999604,pyvrp,40.0,0.016547513165300162,cvrp100_10820.json,0
"[""accepted""]",not_selected,True,0.057574759449645185,cvrp_s7799_n20-50-100_x66667_cvrp100_10878,0.051111111111111114,True,True,0.0,0.0,0.0,100,4,False,14.092817977538205,False,False,,False,14.03524321808856,4,4,3.796920677037266e-16,14.035243218088565,True,271831,14.03524321808856,2250531300,11,e0c158ff38afdc0c4aaa7a1b0539dd6a151fe36b6810fee6a19ec9ba60cb8284,40.085603715000616,pyvrp,40.0,0.004085397224416759,cvrp100_10878.json,0
"[""accepted""]",not_selected,True,0.17966214713738538,cvrp_s7799_n20-50-100_x66667_cvrp100_10911,0.050505050505050504,True,True,0.19,0.04909090909090909,0.03272727272727272,100,3,False,17.553176863075684,False,False,,False,17.3735147159383,4,4,0.004195509882089032,17.446405468615637,True,271831,17.3735147159383,586434165,11,ed3a5428dcd0b82e1428ee0ecb2381cad5d99fadbf624b9356df063c2ded6c5f,40.082458274999226,pyvrp,40.0,0.010235306607963204,cvrp100_10911.json,0
"[""accepted""]",not_selected,True,0.32076340604270115,cvrp_s7799_n20-50-100_x66667_cvrp100_10959,0.05232323232323232,True,True,0.0,0.0,0.0,100,3,False,18.089216457073974,False,False,,False,17.768453051031273,4,4,0.0025190139626520705,17.813212032361548,True,271828,17.768453051031273,3876925557,11,dfd019652f7b0ad1eb5e92dda9e11b275f03e20c11152010f5d9cc25ada70cb6,40.0872406540002,pyvrp,40.0,0.017732299616397332,cvrp100_10959.json,0
"[""pyvrp_cost_not_converged""]",unstable_cost,False,0.24813292397720943,cvrp_s7799_n20-50-100_x66667_cvrp100_11000,0.04888888888888889,True,False,0.0,0.0,0.0,100,3,True,14.704837768606643,False,True,15.652664220589077,True,14.456704844629433,4,4,0.01921998302431745,14.734562466330779,False,271830,14.456704844629433,1098270334,10,1b3d04101213d5d780998cc428443c5b24c07dcf15318f8bdbd8102500e2d1da,40.08987261099901,pyvrp,40.0,0.016874237436807934,cvrp100_11000.json,0
"[""accepted""]",not_selected,True,0.07508841670430932,cvrp_s7799_n20-50-100_x66667_cvrp100_11033,0.03515151515151515,True,True,0.0,0.0,0.0,100,4,False,12.85078269101955,False,False,,False,12.77569427431524,4,4,8.342514158176945e-16,12.775694274315251,True,271829,12.77569427431524,2919920036,11,476567885a32fe8a8d4e7cb19b0fc2cd936b734a0b0874daeb1ede7b5690ceb5,40.10210290200121,pyvrp,40.0,0.005843100650731803,cvrp100_11033.json,0
"[""pyvrp_cost_not_converged"", ""route_membership_ambiguous""]",unstable_cost,False,0.31219731697724384,cvrp_s7799_n20-50-100_x66667_cvrp100_11173,0.10404040404040404,False,False,0.28,0.10464646464646464,0.07555555555555556,100,3,True,17.3584392747208,False,True,18.22178949816838,True,17.046241957743558,4,4,0.008542105883585083,17.191852761463814,False,271831,17.046241957743558,1916090677,10,3b843abd654fd1044b587dbf7db02c1893a3a7dd763f118c0289a60ac4d0604c,40.088359352001135,pyvrp,40.0,0.017985333360695546,cvrp100_11173.json,0
"[""accepted""]",not_selected,True,0.3019573142852163,cvrp_s7799_n20-50-100_x66667_cvrp100_11210,0.07353535353535354,True,True,0.0,0.0,0.0,100,4,False,15.474777064346442,False,False,,False,15.172819750061226,4,4,5.4734039194633204e-05,15.173650219772119,True,271830,15.172819750061226,823949415,12,ea22221ebd0b4ec9e3fc7e552556af12266a33fcd689bafcee3299fb32b73bd0,40.08942997700069,pyvrp,40.0,0.01951287007429138,cvrp100_11210.json,0
"[""accepted""]",not_selected,True,0.17808557132922864,cvrp_s7799_n20-50-100_x66667_cvrp100_11550,0.09070707070707071,True,True,0.0,0.0,0.0,100,2,False,13.277839853279666,False,False,,False,13.099754281950437,4,4,0.0033905770953207614,13.144170008773148,True,271830,13.099754281950437,5455478,10,ec3b0ead3f53c1dc2316c6e71ee88ccec354d4b75df87169b15cdc0ea7bab562,40.07263758699992,pyvrp,40.0,0.013412239739074799,cvrp100_11550.json,0
"[""pyvrp_cost_not_converged""]",unstable_cost,False,0.24981830013500073,cvrp_s7799_n20-50-100_x66667_cvrp100_1169,0.07535353535353535,True,False,0.0,0.0,0.0,100,2,True,13.64021936767425,False,True,14.662676173114153,True,13.39040106753925,4,4,0.005605037732357848,13.465454770774212,False,271831,13.39040106753925,733071503,10,f5ba8e84a0697b125161086b686a5244218c24f614bb9734de1b9e18113ba999,40.076013079000404,pyvrp,40.0,0.01831483009188557,cvrp100_1169.json,0
"[""accepted""]",not_selected,True,0.590193892739947,cvrp_s7799_n20-50-100_x66667_cvrp100_11794,0.12525252525252525,True,True,0.0,0.0,0.0,100,3,False,18.461055203479486,False,False,,False,17.87086131073954,4,4,0.0013697273567268616,17.89533951836513,True,271830,17.87086131073954,1191576625,10,10cef56182e29de264351adf0dec5d561c77a06c9431031e17c268b8d28047ca,40.073491934999765,pyvrp,40.0,0.03196967271018772,cvrp100_11794.json,0
"[""pyvrp_cost_not_converged"", ""route_membership_ambiguous""]",unstable_cost,False,0.3955968673210979,cvrp_s7799_n20-50-100_x66667_cvrp100_12053,0.08545454545454545,False,False,0.0,0.0,0.0,100,1,True,15.865397944302272,False,True,16.06229883580429,True,15.469801076981174,4,4,0.0059441222971751565,15.561755466495722,False,271829,15.469801076981174,1168416983,10,4eb54970207eb7fd54f1607ec09080f38394ee6a030e148e38f59ace2dbf3ad1,40.103949334999925,pyvrp,40.0,0.024934569476914272,cvrp100_12053.json,0
"[""accepted""]",not_selected,True,0.37299462172634534,cvrp_s7799_n20-50-100_x66667_cvrp100_12156,0.06828282828282828,True,True,0.0,0.0,0.0,100,4,False,16.87708796052218,False,False,,False,16.504093338795833,4,4,4.3052515589562376e-16,16.50409333879584,True,271828,16.504093338795833,4042445631,11,3e5bbdc07688b8d7ab44ea14affefeecb0b1ab9f168a4f4a7de93dd4d22ee3f4,40.0809729759967,pyvrp,40.0,0.022100650455743956,cvrp100_12156.json,0
"[""pyvrp_cost_not_converged""]",unstable_cost,False,0.21644893219911054,cvrp_s7799_n20-50-100_x66667_cvrp100_12195,0.09434343434343434,True,False,0.0,0.0,0.0,100,2,True,16.98036977662088,False,True,17.560882368626594,True,16.76392084442177,4,4,0.007137652855834672,16.883575891911942,False,271828,16.76392084442177,1992712332,10,044ed45cb71de30cbee06f66f8074a544ee5f95abf9842189524c7e2ae455da1,40.14144210900122,pyvrp,40.0,0.012747009343525864,cvrp100_12195.json,0
"[""accepted""]",not_selected,True,0.24032044855997015,cvrp_s7799_n20-50-100_x66667_cvrp100_1221,0.058787878787878785,True,True,0.17,0.03777777777777778,0.03777777777777778,100,2,False,17.828947771224637,False,False,,False,17.588627322664667,4,4,0.0013431462275240965,17.61225142110043,True,271828,17.588627322664667,2862401503,10,9cca79f14d90d68554b6cda06f3a122c1555544adbe7fdd50a4b524e7668711c,40.084721281000384,pyvrp,40.0,0.013479227806580925,cvrp100_1221.json,0
"[""route_membership_ambiguous""]",unstable_matrix,True,0.12634742027544377,cvrp_s7799_n20-50-100_x66667_cvrp100_12522,0.08464646464646465,False,False,0.21,0.07535353535353535,0.05777777777777778,100,3,True,16.69259400564612,False,True,17.209137734047506,True,16.566246585370678,4,4,0.003020238992933076,16.61628060927436,True,271829,16.566246585370678,1954293046,11,77a8a70521438d1eb864b8f1996946f54abb2f56f4c77e941b3de3132bab311f,40.143114762999176,pyvrp,40.0,0.0075690704651840135,cvrp100_12522.json,0
"[""accepted""]",stable_control,True,0.17502083521800316,cvrp_s7799_n20-50-100_x66667_cvrp100_12665,0.07434343434343435,True,True,0.0,0.0,0.0,100,3,False,16.416928026411032,False,True,17.00170804504827,True,16.24190719119303,4,4,0.0023281154358930655,16.279720226033188,True,271829,16.24190719119303,3724628560,10,142ede1dc4a170c95e29954e0166e6a711c68370cb22510d9ae83e44800977bc,40.097575626001344,pyvrp,40.0,0.010660997900242676,cvrp100_12665.json,0
"[""pyvrp_cost_not_converged""]",unstable_cost,False,0.26877419750581844,cvrp_s7799_n20-50-100_x66667_cvrp100_1279,0.07797979797979798,True,False,0.0,0.0,0.0,100,2,True,14.936163026344355,False,True,15.771431923838147,True,14.667388828838536,4,4,0.00539260599150209,14.746484277716622,False,271831,14.667388828838536,1751891629,10,caf3dd669748e4ec5513da8757290eba84293cd08ae90cdbbe116ffa2b1cfb9b,40.07769838799868,pyvrp,40.0,0.017994862337251904,cvrp100_1279.json,0
"[""pyvrp_cost_not_converged"", ""route_membership_ambiguous""]",unstable_cost,False,0.5832641334048461,cvrp_s7799_n20-50-100_x66667_cvrp100_12908,0.09212121212121212,False,False,0.0,0.0,0.0,100,1,True,19.141387291240566,False,True,19.758598802630072,True,18.55812315783572,4,4,0.003331307556109608,18.61994597373863,False,271829,18.55812315783572,3183588013,11,410ce0bd20b902f39748aaf144642c7821bfe461f24359885a45b26dcb6c70ce,40.08374136800194,pyvrp,40.0,0.03047136158578004,cvrp100_12908.json,0
"[""accepted""]",not_selected,True,0.15745178643804003,cvrp_s7799_n20-50-100_x66667_cvrp100_12923,0.08545454545454545,True,True,0.0,0.0,0.0,100,2,False,14.561714002587209,False,False,,False,14.404262216149169,4,4,0.0018031836814218054,14.43023574672025,True,271830,14.404262216149169,193349605,11,1742da93b82b0df6e1a4a4c89236e95687f0d43dd6cd0f2d0f00bc40fa6170bd,40.09356089599896,pyvrp,40.0,0.010812723447944745,cvrp100_12923.json,0
"[""accepted""]",stable_control,True,0.275707421021,cvrp_s7799_n20-50-100_x66667_cvrp100_1293,0.08949494949494949,True,True,0.2,0.04767676767676768,0.03178451178451178,100,4,False,15.080174680461933,False,True,15.928989307496648,True,14.804467259440933,4,4,0.00048441511773047763,14.811638767191353,True,271830,14.804467259440933,2851514121,10,cff39c534c92a299469d22feb274154853801cadb13019d0ba04d75a0d57b20a,40.07266606899793,pyvrp,40.0,0.018282773698782815,cvrp100_1293.json,0
"[""accepted""]",not_selected,True,0.3461765975622306,cvrp_s7799_n20-50-100_x66667_cvrp100_13068,0.09393939393939393,True,True,0.0,0.0,0.0,100,4,False,16.05568558040361,False,False,,False,15.709508982841378,4,4,2.2615052339833995e-16,15.709508982841381,True,271828,15.709508982841378,697148248,10,0f611a8b4676fff83c9aad4fb861b57829263d4a4d063c0743d187734add0167,40.071972621000896,pyvrp,40.0,0.021560997556202045,cvrp100_13068.json,0
"[""accepted""]",not_selected,True,0.21921966541419025,cvrp_s7799_n20-50-100_x66667_cvrp100_13104,0.07434343434343435,True,True,0.0,0.0,0.0,100,3,False,18.223054650289367,False,False,,False,18.003834984875176,4,4,0.0018272386560690987,18.03673228811703,True,271831,18.003834984875176,3473666128,11,c76f7e1923bde8b9279323416879dace960f215e74552ac4a27385a4a07ea5e2,40.084707897000044,pyvrp,40.0,0.01202979794667461,cvrp100_13104.json,0
"[""route_membership_ambiguous""]",unstable_matrix,True,0.5371230223983012,cvrp_s7799_n20-50-100_x66667_cvrp100_13277,0.09414141414141414,False,False,0.23,0.052525252525252523,0.049966329966329964,100,3,True,16.86532165068471,False,True,17.972958779790602,True,16.328198628286408,4,4,0.0010905413237299554,16.346005203632625,True,271831,16.328198628286408,1247777925,10,8752aa80125311ecfe3de1d1e21e0bc1d83f96344d87859235d530c2c87e5645,40.097109296999406,pyvrp,40.0,0.031847778152306674,cvrp100_13277.json,0
"[""pyvrp_cost_not_converged""]",unstable_cost,False,0.11950565974581018,cvrp_s7799_n20-50-100_x66667_cvrp100_1365,0.0496969696969697,True,False,0.2,0.04404040404040404,0.02936026936026936,100,3,True,14.443561294345365,False,True,15.002869317689752,True,14.324055634599555,4,4,0.014515310725788235,14.531973752989245,False,271831,14.324055634599555,3433307348,10,84c92fbf3e8476c4539da4db9ae940a13238233ba87031a9b4fdc5afe11a2e3e,40.09606903299937,pyvrp,40.0,0.008273974632045664,cvrp100_1365.json,0
"[""accepted""]",not_selected,True,0.17612531264190778,cvrp_s7799_n20-50-100_x66667_cvrp100_13668,0.06383838383838383,True,True,0.0,0.0,0.0,100,4,False,12.605351916878856,False,False,,False,12.429226604236948,4,4,9.066962584581079e-05,12.430353557562707,True,271831,12.429226604236948,655194303,11,a1ae099adc99937bc5d4edf13aaf5ad357f9ac11722c645e46b752f53d8c0229,40.08581622799829,pyvrp,40.0,0.01397226462246341,cvrp100_13668.json,0
"[""route_membership_ambiguous""]",unstable_matrix,True,0.1589941412532685,cvrp_s7799_n20-50-100_x66667_cvrp100_13914,0.06404040404040404,False,False,0.2,0.06060606060606061,0.03393939393939394,100,4,True,15.109700242519715,False,True,15.94066528291169,True,14.950706101266446,4,4,0.0007053444182588676,14.961251498364003,True,271831,14.950706101266446,3972071800,10,4e3ea7f91b75c457a8f3f70e3774fb4031418ebb52e562b3f969b9a455691d27,40.09828075199766,pyvrp,40.0,0.010522653573619433,cvrp100_13914.json,0
"[""pyvrp_cost_not_converged""]",unstable_cost,False,0.22029128434205525,cvrp_s7799_n20-50-100_x66667_cvrp100_14073,0.07171717171717172,True,False,0.0,0.0,0.0,100,2,True,13.24086231045573,False,True,13.925954927289089,True,13.020571026113675,4,4,0.010394397981307603,13.155912023302983,False,271831,13.020571026113675,3198794798,11,ad6869e891ca3053b26b7bcaf4b061493e58b41d0688d99c7a4b77797b759df7,40.10464961600155,pyvrp,40.0,0.016637230957994395,cvrp100_14073.json,0
"[""accepted""]",not_selected,True,0.2867296032115263,cvrp_s7799_n20-50-100_x66667_cvrp100_14183,0.07333333333333333,True,True,0.0,0.0,0.0,100,4,False,16.520767613671264,False,False,,False,16.234038010459738,4,4,6.565304965735799e-16,16.23403801045975,True,271828,16.234038010459738,2816546692,11,fcced9579941d7f3758782a3ce866964ea8c8456206e970f7f5c054809495a97,40.101812845001405,pyvrp,40.0,0.01735570706619297,cvrp100_14183.json,0
"[""accepted""]",not_selected,True,0.2262280659489022,cvrp_s7799_n20-50-100_x66667_cvrp100_14550,0.07292929292929293,True,True,0.0,0.0,0.0,100,2,False,18.514298414258867,False,False,,False,18.288070348309965,4,4,0.004947248825345823,18.378545982858483,True,271830,18.288070348309965,1973526403,10,e0ae12f7e5283f20d51916d6430387aaa97c6b75fc7a7bc65be9863025230abb,40.0979182580013,pyvrp,40.0,0.012219100118569531,cvrp100_14550.json,0
"[""pyvrp_cost_not_converged""]",unstable_cost,False,0.251136527813399,cvrp_s7799_n20-50-100_x66667_cvrp100_1463,0.06121212121212121,True,False,0.0,0.0,0.0,100,2,True,14.762507522941299,False,True,16.767885423729496,True,14.5113709951279,4,4,0.007763437480237433,14.624029116601106,False,271830,14.5113709951279,3610295704,11,a92be0aa347ab5005c6f67870ae68f18a89d6f1bb46778cebf760bb9043b598e,40.07912228799978,pyvrp,40.0,0.017011779836394778,cvrp100_1463.json,0
"[""pyvrp_cost_not_converged"", ""route_membership_ambiguous""]",unstable_cost,False,0.43822331859800734,cvrp_s7799_n20-50-100_x66667_cvrp100_14895,0.08242424242424243,False,False,0.0,0.0,0.0,100,1,True,16.366047181656455,False,True,16.98987546139164,True,15.927823863058448,4,4,0.004859634476521179,16.005227265039323,False,271830,15.927823863058448,4218183115,10,4c6cde02a5bd643742717a0ec2aa548a3a6cc928fca251d592d47f60cffc4f2a,40.079302299996925,pyvrp,40.0,0.026776369011643868,cvrp100_14895.json,0
"[""pyvrp_cost_not_converged""]",unstable_cost,False,0.19496689397436384,cvrp_s7799_n20-50-100_x66667_cvrp100_15241,0.07777777777777778,True,False,0.24,0.04141414141414142,0.02760942760942761,100,3,True,16.25054059582392,False,True,17.37908593604535,True,16.055573701849557,4,4,0.00971287256561131,16.211519443183402,False,271829,16.055573701849557,1816172994,10,a6e018b796b0fdc6eae17acf99b2dd314f994195cd59acc66b9b54c30dcea740,40.13981860700005,pyvrp,40.0,0.011997563577944393,cvrp100_15241.json,0
"[""pyvrp_cost_not_converged"", ""route_membership_ambiguous""]",unstable_cost,False,0.22320922899683993,cvrp_s7799_n20-50-100_x66667_cvrp100_1559,0.06525252525252526,False,False,0.0,0.0,0.0,100,1,True,16.668086235478167,False,True,17.625929918128254,True,16.444877006481327,4,4,0.006963820845334244,16.55939618377802,False,271829,16.444877006481327,1334312849,12,44250fe38c0dbb8294bbd018cb1383a6c5230975f5a4c7b9084f543b8682d6d2,40.08163612300268,pyvrp,40.0,0.01339141313786445,cvrp100_1559.json,0
"[""pyvrp_cost_not_converged"", ""route_membership_ambiguous""]",unstable_cost,False,0.26982242248405797,cvrp_s7799_n20-50-100_x66667_cvrp100_15642,0.09515151515151515,False,False,0.0,0.0,0.0,100,1,True,16.38268104029383,False,True,16.899630601402652,True,16.11285861780977,4,4,0.006199122219851928,16.212744197692768,False,271829,16.11285861780977,2554323874,11,36a92eede7872a6e76de46ef03734bb91f8b5a152a91e6cd2a9c7a316b58f52e,40.0798952039986,pyvrp,40.0,0.016469979597382105,cvrp100_15642.json,0
"[""accepted""]",stable_control,True,0.3344958988651392,cvrp_s7799_n20-50-100_x66667_cvrp100_15722,0.050505050505050504,True,True,0.13,0.0026262626262626263,0.001750841750841751,100,3,False,15.916216587279514,False,True,16.85636584476603,True,15.581720688414375,4,4,0.004249360454808985,15.647933036125602,True,271831,15.581720688414375,3015239380,11,a117a0cd3d358d9ba421eec9f09c76a9ccca58271e700334cdb6b14fcb9b40cd,40.09558339599971,pyvrp,40.0,0.021016043419041775,cvrp100_15722.json,0
"[""accepted""]",not_selected,True,0.23170513424763506,cvrp_s7799_n20-50-100_x66667_cvrp100_15824,0.06727272727272728,True,True,0.0,0.0,0.0,100,4,False,16.10506514325334,False,False,,False,15.873360009005706,4,4,5.595402732604941e-16,15.873360009005715,True,271828,15.873360009005706,893094331,10,bc3b2d5de1b92a4d78cdb8dfbc823129c9c375e1f1851f8bcf287feb68e59743,40.07166032900204,pyvrp,40.0,0.01438709699008575,cvrp100_15824.json,0
"[""route_membership_ambiguous""]",unstable_matrix,True,0.29215427321096854,cvrp_s7799_n20-50-100_x66667_cvrp100_16092,0.09232323232323232,False,False,0.2,0.1008080808080808,0.07636363636363637,100,3,True,15.997801122599043,False,True,16.402781533927726,True,15.705646849388074,4,4,0.003844763450595707,15.766031346362565,True,271831,15.705646849388074,2064548311,11,c61f5d2cad5446e8face95cd5014c8f4e01c05f7ad97e8c9a761be306ad5cc81,40.09177893499873,pyvrp,40.0,0.018262151840246432,cvrp100_16092.json,0
"[""accepted""]",not_selected,True,0.21054551867669957,cvrp_s7799_n20-50-100_x66667_cvrp100_16123,0.061414141414141414,True,True,0.0,0.0,0.0,100,4,False,16.561724114354064,False,False,,False,16.351178595677364,4,4,5.883581077363537e-05,16.352140630527146,True,271828,16.351178595677364,1512191211,11,eb3d6949120902b212eda9d6f00f67753417407cc1a98a791404baf82934d010,40.120791727000324,pyvrp,40.0,0.012712777801570764,cvrp100_16123.json,0
"[""pyvrp_cost_not_converged"", ""route_membership_ambiguous""]",unstable_cost,False,0.617802109375905,cvrp_s7799_n20-50-100_x66667_cvrp100_1619,0.11777777777777777,False,False,0.24,0.09656565656565656,0.07299663299663299,100,3,True,21.041045276836456,False,True,21.152173621643506,True,20.42324316746055,4,4,0.006062989786920091,20.54706908220065,False,271830,20.42324316746055,4291277553,11,3c2447248438fcd9d8fddca58cb98764dd2f7f9e35eafa7d5250b5ce8ad0cbde,40.09896975099764,pyvrp,40.0,0.029361759420575333,cvrp100_1619.json,0
"[""pyvrp_cost_not_converged"", ""route_membership_ambiguous""]",unstable_cost,False,0.23691222841957504,cvrp_s7799_n20-50-100_x66667_cvrp100_16688,0.05313131313131313,False,False,0.0,0.0,0.0,100,1,True,15.933058234005237,False,True,16.75366374507207,True,15.696146005585662,4,4,0.011401909097708477,15.87511203552571,False,271829,15.696146005585662,2528266419,10,cf9561542cbe36d47de604167e4ce7e00e84635d028bc29fa175326f4270cd02,40.08473009100271,pyvrp,40.0,0.014869225037660598,cvrp100_16688.json,0
"[""pyvrp_cost_not_converged"", ""route_membership_ambiguous""]",unstable_cost,False,0.1112914583858533,cvrp_s7799_n20-50-100_x66667_cvrp100_16694,0.03313131313131313,False,False,0.0,0.0,0.0,100,1,True,15.329032008468321,False,True,16.279818922131337,True,15.217740550082468,4,4,0.006295711059063376,15.313547047557579,False,271831,15.217740550082468,2282132493,10,455263278831bf63a24d6bc2aee4e904c27d347251283d822a41122bc5aa1b18,40.09341759199742,pyvrp,40.0,0.007260175223352121,cvrp100_16694.json,0
"[""route_membership_ambiguous""]",unstable_matrix,True,0.1989633472904071,cvrp_s7799_n20-50-100_x66667_cvrp100_16870,0.03797979797979798,False,False,0.2,0.0795959595959596,0.05306397306397306,100,3,True,13.67852259249377,False,True,14.62581790013027,True,13.479559245203363,4,4,0.0042169199649260145,13.536401467702865,True,271831,13.479559245203363,527059899,11,50c324da73971158e4fcf3349afbbd13ae3dd5bead6fca7df3f538dc02f56059,40.08838776799894,pyvrp,40.0,0.014545675232469205,cvrp100_16870.json,0
"[""accepted""]",stable_control,True,0.21215377488785236,cvrp_s7799_n20-50-100_x66667_cvrp100_1696,0.051515151515151514,True,True,0.0,0.0,0.0,100,2,False,16.785914408343782,False,True,17.911465866654336,True,16.57376063345593,4,4,0.0022464037035873925,16.610991990725296,True,271829,16.57376063345593,1839159016,11,31e51d1ad3cf6009d2e44bbfbf71be78b658d0d25f6e5c7b6c19000620d5eb45,40.06334536799841,pyvrp,40.0,0.012638797608928411,cvrp100_1696.json,0
"[""accepted""]",stable_control,True,0.3317626029527645,cvrp_s7799_n20-50-100_x66667_cvrp100_17086,0.06404040404040404,True,True,0.0,0.0,0.0,100,4,False,14.084398264445658,False,True,14.302899082461199,True,13.752635661492894,4,4,5.166593177114447e-16,13.752635661492901,True,271830,13.752635661492894,4159302703,11,f191735668839cf9ad7b35b117cc736f1426384618a81580cd35af3d0fcbd71c,40.0804050020015,pyvrp,40.0,0.023555326732719466,cvrp100_17086.json,0
"[""route_membership_ambiguous""]",unstable_matrix,True,0.11293156387096559,cvrp_s7799_n20-50-100_x66667_cvrp100_17175,0.07333333333333333,False,False,0.21,0.0703030303030303,0.0703030303030303,100,2,True,15.463386032192668,False,True,16.30172392104038,True,15.350454468321702,4,4,0.0015396403794417362,15.374088647863912,True,271831,15.350454468321702,331096278,11,63925d3c08d2d3f4ef22e52d35bf906d7531eb70c7acb1d36ff6a5185e7d1413,40.09315596500164,pyvrp,40.0,0.007303158805959925,cvrp100_17175.json,0
"[""pyvrp_cost_not_converged"", ""route_membership_ambiguous""]",unstable_cost,False,0.11732560093646249,cvrp_s7799_n20-50-100_x66667_cvrp100_17190,0.09878787878787879,False,False,0.0,0.0,0.0,100,1,True,16.058435818829196,False,True,16.938027945903865,True,15.941110217892733,4,4,0.004904504128472153,16.019293458768818,False,271831,15.941110217892733,1171428046,10,688c0b854b2e2b40c4b9e73a102ca90ee4fb4e0f71d64149ab9266c6cefaf17d,40.07957782699668,pyvrp,40.0,0.007306166195769407,cvrp100_17190.json,0
"[""pyvrp_cost_not_converged""]",unstable_cost,False,0.5455469331217806,cvrp_s7799_n20-50-100_x66667_cvrp100_1737,0.09090909090909091,True,False,0.0,0.0,0.0,100,3,True,19.87659026683553,False,True,20.83407248380242,True,19.33104333371375,4,4,0.017081279938820308,19.66124229640638,False,271829,19.33104333371375,3382001513,11,144d80d650faf966a72f7d338ac3d19d68575492a95a8bd2e2d1c11b46d5fccf,40.08414691500002,pyvrp,40.0,0.027446706190449376,cvrp100_1737.json,0
"[""route_membership_ambiguous""]",unstable_matrix,True,0.4358036932329945,cvrp_s7799_n20-50-100_x66667_cvrp100_17411,0.06767676767676768,False,False,0.18,0.0602020202020202,0.03750841750841751,100,4,True,21.81272258561514,False,True,22.939352157635607,True,21.376918892382147,4,4,0.0008070112240124436,21.394170305863103,True,271828,21.376918892382147,3340631999,11,978672d2385e4bee0f0c211b26ab761ffd93f7878a15ce4e0ebf79c07c8c8924,40.08056729100281,pyvrp,40.0,0.019979335065692095,cvrp100_17411.json,-1
"[""pyvrp_cost_not_converged""]",unstable_cost,False,0.2465500115036292,cvrp_s7799_n20-50-100_x66667_cvrp100_1745,0.08424242424242424,True,False,0.0,0.0,0.0,100,2,True,17.92030311717464,False,True,18.689073497918073,True,17.67375310567101,4,4,0.005770163117090518,17.775733543981918,False,271829,17.67375310567101,250204825,10,b75923c0231c856d63b3db16591ac069ec309b91729bc46c7872b91d4b9239d6,40.08715284899881,pyvrp,40.0,0.013758138458458224,cvrp100_1745.json,0
"[""accepted""]",stable_control,True,0.27740796362193265,cvrp_s7799_n20-50-100_x66667_cvrp100_1762,0.07696969696969697,True,True,0.0,0.0,0.0,100,3,False,16.967704827723576,False,True,17.8276027431342,True,16.690296864101644,4,4,0.003406928346058786,16.747159509592088,True,271829,16.690296864101644,2574676256,11,cec15661dc0dd9b45fd5f467a30ec01b96f45148c31db0c09538504f0966f4a5,40.07343858999957,pyvrp,40.0,0.016349174295434175,cvrp100_1762.json,0
"[""accepted""]",not_selected,True,0.14527578457584234,cvrp_s7799_n20-50-100_x66667_cvrp100_17706,0.03939393939393939,True,True,0.0,0.0,0.0,100,4,False,13.039756877658727,False,False,,False,12.894481093082884,4,4,2.7552203560221737e-16,12.894481093082888,True,271828,12.894481093082884,517089440,11,9c401734a2b6749fed9f45110ebd2464dbfac292817d4257bf2f56fd204af9f1,40.116599123000924,pyvrp,40.0,0.011140988742262995,cvrp100_17706.json,0
"[""route_membership_ambiguous""]",unstable_matrix,True,0.06535569352573489,cvrp_s7799_n20-50-100_x66667_cvrp100_1776,0.0595959595959596,False,False,0.22,0.07737373737373737,0.038686868686868686,100,4,True,13.279383866376007,False,True,14.139610075811317,True,13.214028172850272,4,4,0.0004311164197769921,13.219724957366983,True,271828,13.214028172850272,4001111268,10,27d553146d7386eb05ec05b8abd96e25eb3e22cfab07562126234dccc37fa0df,40.08170635400165,pyvrp,40.0,0.004921590804466345,cvrp100_1776.json,0
"[""pyvrp_cost_not_converged"", ""route_membership_ambiguous""]",unstable_cost,False,0.1383068019578939,cvrp_s7799_n20-50-100_x66667_cvrp100_17830,0.06121212121212121,False,False,0.0,0.0,0.0,100,1,True,13.462796665811439,False,True,13.673056821088005,True,13.324489863853545,4,4,0.0055574662940281894,13.398540267157031,False,271831,13.324489863853545,3815638494,11,8dce7c8d95485a21f23c750780c97f5c0bb9df4f7b97b691e1d6b4a3db22f76f,40.12955928700103,pyvrp,40.0,0.01027325936735878,cvrp100_17830.json,0
"[""route_membership_ambiguous""]",unstable_matrix,True,0.21136303366572484,cvrp_s7799_n20-50-100_x66667_cvrp100_17844,0.06363636363636363,False,False,0.21,0.09838383838383838,0.06558922558922559,100,3,True,16.035696439712183,False,True,16.751002710967448,True,15.824333406046458,4,4,0.003575968948457792,15.880920730936523,True,271830,15.824333406046458,3799612804,10,791e1a064314f50b985e7b55ed73bf3d9d44539d520c89f506bfe6e643e63a8d,40.10265608899863,pyvrp,40.0,0.013180782915189588,cvrp100_17844.json,0
"[""pyvrp_cost_not_converged"", ""route_membership_ambiguous""]",unstable_cost,False,0.1416156845348322,cvrp_s7799_n20-50-100_x66667_cvrp100_17879,0.05656565656565657,False,False,0.0,0.0,0.0,100,1,True,13.920826203487787,False,True,15.186214820631676,True,13.779210518952954,4,4,0.007051551197901083,13.876375327394008,False,271828,13.779210518952954,1482290623,11,63267f994ae34ef99a53a72399d61c98765c3fb9957f8802aebd29a03faf1f6c,40.05799035400196,pyvrp,40.0,0.010172936754238852,cvrp100_17879.json,0
"[""pyvrp_cost_not_converged"", ""route_membership_ambiguous""]",unstable_cost,False,0.2706084432431872,cvrp_s7799_n20-50-100_x66667_cvrp100_17944,0.07898989898989899,False,False,0.0,0.0,0.0,100,1,True,17.27133227767904,False,True,18.327545087719063,True,17.000723834435853,4,4,0.0053669387216925815,17.09196567747969,False,271829,17.000723834435853,808100708,11,c42f64dbfe84744d44a51fda532ad7f9e437427b87f47db30afe0726a04d6059,40.09543047899933,pyvrp,40.0,0.015668070007136253,cvrp100_17944.json,0
"[""pyvrp_cost_not_converged"", ""route_membership_ambiguous""]",unstable_cost,False,0.14747133049559835,cvrp_s7799_n20-50-100_x66667_cvrp100_17958,0.07333333333333333,False,False,0.24,0.07131313131313131,0.07131313131313131,100,2,True,14.075068944954575,False,True,14.67293693637543,True,13.927597614458977,4,4,0.005673537253356171,14.006616358374364,False,271831,13.927597614458977,2053773117,10,83e14c4412a9cb38716b9cda9a56b39e528a38cc6ee54ab78b58dbde3396a9cc,40.13463662099821,pyvrp,40.0,0.010477485479633243,cvrp100_17958.json,0
"[""pyvrp_cost_not_converged"", ""route_membership_ambiguous""]",unstable_cost,False,0.36476053848682355,cvrp_s7799_n20-50-100_x66667_cvrp100_17960,0.10020202020202021,False,False,0.0,0.0,0.0,100,1,True,17.851442064028884,False,True,19.533186556149357,True,17.48668152554206,4,4,0.006682869604289648,17.603542737989,False,271831,17.48668152554206,3225906217,11,fd9e55fd60bd36802a7544cc026d6881ae87c8308d79e2d9f68814275a9159e4,40.14921114899698,pyvrp,40.0,0.020433113312555595,cvrp100_17960.json,0
"[""accepted""]",stable_control,True,0.21451824779999207,cvrp_s7799_n20-50-100_x66667_cvrp100_18129,0.05616161616161616,True,True,0.18,0.018787878787878787,0.009393939393939394,100,4,False,14.884267850335428,False,True,15.7344644605627,True,14.669749602535436,4,4,0.0007609090649106247,14.680911947987974,True,271829,14.669749602535436,271945331,11,58a0bfbd4e17fd32cc4372f045b2e1c5ce3cd3d904c1d48bc37641b143684e8f,40.097104242999194,pyvrp,40.0,0.014412415172652092,cvrp100_18129.json,0
"[""pyvrp_cost_not_converged""]",unstable_cost,False,0.2947300624620901,cvrp_s7799_n20-50-100_x66667_cvrp100_18300,0.08121212121212121,True,False,0.18,0.01696969696969697,0.011313131313131315,100,3,True,15.992445066043796,False,True,17.713899793445545,True,15.697715003581706,4,4,0.008176590521549563,15.826068791289979,False,271829,15.697715003581706,2521772140,10,5548d0d7589e2c1f9102b07457712df236d737c537aead1e3a35c0c8c888369b,40.08896648799782,pyvrp,40.0,0.018429330927506527,cvrp100_18300.json,0
"[""pyvrp_cost_not_converged""]",unstable_cost,False,0.26913526673342325,cvrp_s7799_n20-50-100_x66667_cvrp100_18312,0.0703030303030303,True,False,0.0,0.0,0.0,100,3,True,14.612091899810189,False,True,15.314095240450445,True,14.342956633076765,4,4,0.008102512721197155,14.459170621655849,False,271828,14.342956633076765,3689509166,11,a4fb891ba1b87f03fadc8645b16fab4d473c602df607c0223485dabe7695b351,40.09162312100307,pyvrp,40.0,0.018418667811480115,cvrp100_18312.json,0
"[""pyvrp_cost_not_converged"", ""route_membership_ambiguous""]",unstable_cost,False,0.4955096526234719,cvrp_s7799_n20-50-100_x66667_cvrp100_18382,0.09292929292929293,False,False,0.0,0.0,0.0,100,1,True,18.43824986043297,False,True,19.48408304166369,True,17.942740207809496,4,4,0.008205308657394956,18.089965929374024,False,271829,17.942740207809496,4234181505,11,9372337dfe2ddd6ad0b1fdea9d04f6e77732fe485410a515a639b9a30f1f5c2c,40.097672693002096,pyvrp,40.0,0.026874006826797407,cvrp100_18382.json,0
"[""pyvrp_cost_not_converged"", ""route_membership_ambiguous""]",unstable_cost,False,0.33486046991323803,cvrp_s7799_n20-50-100_x66667_cvrp100_18549,0.07656565656565656,False,False,0.0,0.0,0.0,100,1,True,19.177035187110363,False,True,19.942158683757203,True,18.842174717197125,4,4,0.0010960682282748432,18.862827026256248,False,271830,18.842174717197125,2155895945,10,91cdbfc008669e83583c75dbcd216c728fc53095fea046ca009c3d4e6b4b1803,40.09522663700045,pyvrp,40.0,0.017461534937283262,cvrp100_18549.json,0
"[""route_membership_ambiguous""]",unstable_matrix,True,0.2119511030767285,cvrp_s7799_n20-50-100_x66667_cvrp100_18882,0.0890909090909091,False,False,0.19,0.0905050505050505,0.07417508417508417,100,4,True,14.801837862596976,False,True,15.370796952910402,True,14.589886759520247,4,4,0.0007986929421512416,14.601539599101862,True,271830,14.589886759520247,2336753508,11,7dc6b0558ee38d4af3d60ba073b29025216cf475842b204b0511f55dac7541ff,40.08166943499964,pyvrp,40.0,0.014319242316003978,cvrp100_18882.json,0
"[""pyvrp_cost_not_converged"", ""route_membership_ambiguous""]",unstable_cost,False,0.2695643259453746,cvrp_s7799_n20-50-100_x66667_cvrp100_18898,0.09373737373737374,False,False,0.2,0.08565656565656565,0.08565656565656565,100,2,True,17.465162467958784,False,True,18.249954896312843,True,17.19559814201341,4,4,0.005229688451300346,17.2855257630299,False,271830,17.19559814201341,3099053328,11,f04c0cb41d84c345903d41732b55afeaf6826a73187647886af6048799144b10,40.074766413999896,pyvrp,40.0,0.015434401279685293,cvrp100_18898.json,0
"[""accepted""]",stable_control,True,0.4864708634593171,cvrp_s7799_n20-50-100_x66667_cvrp100_19077,0.10020202020202021,True,True,0.0,0.0,0.0,100,2,False,18.10304900760411,False,True,18.587868591216637,True,17.616578144144793,4,4,0.0020969816931507733,17.653519786009024,True,271828,17.616578144144793,3840198829,10,0176229bd46568d6a3a466d9941a597a5d3eef4a104cc28a92ae48caa49cae00,40.07909870900039,pyvrp,40.0,0.02687231655037652,cvrp100_19077.json,0
"[""route_membership_ambiguous""]",unstable_matrix,True,0.6609941290153145,cvrp_s7799_n20-50-100_x66667_cvrp100_19291,0.08565656565656565,False,False,0.21,0.05292929292929293,0.03528619528619529,100,3,True,20.162646175418434,False,True,21.123469892955516,True,19.50165204640312,4,4,0.0036277001581270225,19.572398192615594,True,271830,19.50165204640312,2434718087,11,dec2f9cc3ba465c26c8724f987b04d91d0cd13d6d1c37ad38148ef550159aff6,40.0882673629967,pyvrp,40.0,0.032783104125547496,cvrp100_19291.json,0
"[""pyvrp_cost_not_converged""]",unstable_cost,False,0.3864706439155068,cvrp_s7799_n20-50-100_x66667_cvrp100_19495,0.0797979797979798,True,False,0.0,0.0,0.0,100,2,True,15.911079609108493,False,True,16.673942907032895,True,15.524608965192986,4,4,0.01488073832199072,15.755626608755254,False,271830,15.524608965192986,1373169323,10,be3052f5a1246b86626a2ab28ad46e72a5f6e103dbfa8a41ad0073aad8ec95ba,40.08539155499966,pyvrp,40.0,0.024289404201979288,cvrp100_19495.json,0
"[""pyvrp_cost_not_converged""]",unstable_cost,False,0.24726971621952387,cvrp_s7799_n20-50-100_x66667_cvrp100_19556,0.07838383838383839,True,False,0.0,0.0,0.0,100,3,True,15.974112827924198,False,True,16.700092672064137,True,15.726843111704675,4,4,0.007805659419702823,15.84960149278174,False,271828,15.726843111704675,2200421655,10,dd40128a61e19ac53e1106e24ef9105b3b32f3f9a59c159628342d84d420e2a5,40.08347719499943,pyvrp,40.0,0.015479402135389578,cvrp100_19556.json,0
"[""accepted""]",not_selected,True,0.3218039240881474,cvrp_s7799_n20-50-100_x66667_cvrp100_19586,0.06464646464646465,True,True,0.2,0.04686868686868687,0.031245791245791247,100,3,False,13.479497031231949,False,False,,False,13.157693107143801,4,4,0.003905941075774303,13.209086281113427,True,271830,13.157693107143801,1324216524,10,c9b45f44c19318a8a562c9c2450db5c4356daa4b5eb85622d0dc3a23074a3f88,40.06233041000087,pyvrp,40.0,0.02387358544184021,cvrp100_19586.json,-1
"[""pyvrp_cost_not_converged"", ""route_membership_ambiguous""]",unstable_cost,False,0.43593946816014295,cvrp_s7799_n20-50-100_x66667_cvrp100_19767,0.0795959595959596,False,False,0.0,0.0,0.0,100,1,True,16.555488347365472,False,True,16.75742564292482,True,16.11954887920533,4,4,0.005888639188846871,16.21447108644195,False,271830,16.11954887920533,3485230601,11,d92493efd4448b67e4416a86ac3795b21e4d32cc259cc0b962b5b64cfaaa7624,40.09865378899849,pyvrp,40.0,0.02633202108046033,cvrp100_19767.json,0
"[""accepted""]",not_selected,True,0.33463770502933343,cvrp_s7799_n20-50-100_x66667_cvrp100_19831,0.030303030303030304,True,True,0.17,0.03838383838383838,0.02515151515151515,100,4,False,20.09884333648721,False,False,,False,19.764205631457877,4,4,0.00039716326742064636,19.77205524794444,True,271831,19.764205631457877,1600584635,11,d7187c9803e2a9437014601eb06b03b46ae50c082422609564882fcd6ea260bd,40.083482383000955,pyvrp,40.0,0.01664960014996664,cvrp100_19831.json,0
"[""accepted""]",not_selected,True,0.17427273249347053,cvrp_s7799_n20-50-100_x66667_cvrp100_19838,0.05616161616161616,True,True,0.17,0.025252525252525252,0.025252525252525252,100,2,False,16.903621036741797,False,False,,False,16.729348304248326,4,4,0.004268772313981428,16.800762083120453,True,271831,16.729348304248326,387490527,12,65475c799cdd83641703f2569bf5237c37de7e9879d247983d369eea33b2216a,40.10231126000144,pyvrp,40.0,0.010309787004492732,cvrp100_19838.json,0
"[""pyvrp_cost_not_converged""]",unstable_cost,False,0.386887527416798,cvrp_s7799_n20-50-100_x66667_cvrp100_20010,0.07171717171717172,True,False,0.0,0.0,0.0,100,3,True,16.0272343774917,False,True,17.062357777998216,True,15.6403468500749,4,4,0.009430008779398336,15.787835458183942,False,271828,15.6403468500749,1426639920,11,dac8695f635405855d68123d46036ea63783812c73505e6b0d8a6514223ad788,40.08246930899986,pyvrp,40.0,0.0241393816490345,cvrp100_20010.json,0
"[""route_membership_ambiguous""]",unstable_matrix,True,0.33860529424718067,cvrp_s7799_n20-50-100_x66667_cvrp100_20097,0.0905050505050505,False,False,0.23,0.09636363636363636,0.07141414141414142,100,4,True,16.812871087904384,False,True,18.279993321187305,True,16.474265793657203,4,4,0.0007578803737420367,16.486751316374026,True,271831,16.474265793657203,3954705373,10,7332463cf7bf3c9e01f417359942ad69d56923949fdd064775e5b5333f654e75,40.11855136399754,pyvrp,40.0,0.020139647325957438,cvrp100_20097.json,0
"[""pyvrp_cost_not_converged""]",unstable_cost,False,0.23038517473645825,cvrp_s7799_n20-50-100_x66667_cvrp100_20160,0.05454545454545454,True,False,0.0,0.0,0.0,100,3,True,16.692279321730684,False,True,17.55761308283117,True,16.461894146994226,4,4,0.0081393863438956,16.595883863408925,False,271829,16.461894146994226,1469929190,11,fa46163e8b25d7223f2d11b5615aff8bc62054dd50a376ad7486366d7b3ef254,40.089813892001985,pyvrp,40.0,0.013801900285513046,cvrp100_20160.json,0
"[""pyvrp_cost_not_converged"", ""route_membership_ambiguous""]",unstable_cost,False,0.3599381650001998,cvrp_s7799_n20-50-100_x66667_cvrp100_20267,0.09575757575757576,False,False,0.0,0.0,0.0,100,1,True,16.134780970636776,False,True,16.827549709327197,True,15.774842805636576,4,4,0.007350581791370732,15.890797077925424,False,271831,15.774842805636576,2440467747,10,4e55b833c1ddbdac536340e9644d96351176e8ae98947306b6f1f091fed97819,40.13587677099713,pyvrp,40.0,0.022308215131971173,cvrp100_20267.json,0
"[""pyvrp_cost_not_converged""]",unstable_cost,False,0.310105823065161,cvrp_s7799_n20-50-100_x66667_cvrp100_20549,0.06262626262626263,True,False,0.0,0.0,0.0,100,2,True,17.326606533527478,False,True,18.226632190766974,True,17.016500710462317,4,4,0.010522787016333426,17.1955617232018,False,271828,17.016500710462317,2661947951,11,49b35438ffc882e1145425d329d2abe372e97c956d653fac31c4b442124360c8,40.07576047999828,pyvrp,40.0,0.017897666370220697,cvrp100_20549.json,0
"[""accepted""]",not_selected,True,0.23058649668046627,cvrp_s7799_n20-50-100_x66667_cvrp100_20685,0.10101010101010101,True,True,0.0,0.0,0.0,100,3,False,13.19871092919018,False,False,,False,12.968124432509713,4,4,0.0010671179013330432,12.981962950238358,True,271830,12.968124432509713,75980135,10,69e7f58fd9d7d3a13f373e4c241b8674216eb32d246d47b36582d80ac81a0179,40.12874079999892,pyvrp,40.0,0.017470380093748607,cvrp100_20685.json,0
"[""pyvrp_cost_not_converged""]",unstable_cost,False,0.16929972382309444,cvrp_s7799_n20-50-100_x66667_cvrp100_20726,0.07151515151515152,True,False,0.0,0.0,0.0,100,3,True,15.600774797954514,False,True,16.208512654824084,True,15.43147507413142,4,4,0.00872240214391501,15.566074605401795,False,271828,15.43147507413142,2429647789,10,0f8df161541e8c85e778ab8fa83d74bdf998dfd961bcd8b9de8701962a143117,40.11471844699918,pyvrp,40.0,0.010852007417304176,cvrp100_20726.json,0
"[""pyvrp_cost_not_converged"", ""route_membership_ambiguous""]",unstable_cost,False,0.4460506772482198,cvrp_s7799_n20-50-100_x66667_cvrp100_20821,0.09353535353535354,False,False,0.0,0.0,0.0,100,1,True,18.04150721581996,False,True,20.00221072797816,True,17.59545653857174,4,4,0.0089355058083038,17.752680842671904,False,271830,17.59545653857174,1599215522,10,49965f32fd29fe354962415017899e60552f12513c5b3366d1988b6a3807991a,40.07485541999995,pyvrp,40.0,0.024723581678203346,cvrp100_20821.json,0
"[""accepted""]",not_selected,True,0.22048083639471727,cvrp_s7799_n20-50-100_x66667_cvrp100_20970,0.09575757575757576,True,True,0.22,0.04828282828282828,0.029124579124579126,100,4,False,14.531820997190222,False,False,,False,14.311340160795504,4,4,0.0008451885424366117,14.323435941526322,True,271830,14.311340160795504,2735886421,11,b8ca7de0de6651ad823e4ecd73be0d08dd10072e84da8a5ab4aaa381489d00ea,40.07568967200132,pyvrp,40.0,0.015172278576604269,cvrp100_20970.json,1
"[""accepted""]",not_selected,True,0.31473133132904607,cvrp_s7799_n20-50-100_x66667_cvrp100_21016,0.10909090909090909,True,True,0.17,0.0034343434343434343,0.0022895622895622897,100,4,False,17.963215059501255,False,False,,False,17.64848372817221,4,4,4.046909388064928e-05,17.649197946317056,True,271829,17.64848372817221,2275460782,11,194f6c8c3724323c180aed9e59fb7ea9dcf3b167aee23933262511f133e8c51e,40.07671402499909,pyvrp,40.0,0.017520879769380465,cvrp100_21016.json,0
"[""pyvrp_cost_not_converged""]",unstable_cost,False,0.27503522112661116,cvrp_s7799_n20-50-100_x66667_cvrp100_21122,0.04303030303030303,True,False,0.0,0.0,0.0,100,3,True,15.471353230458101,False,True,17.16478063612308,True,15.19631800933149,4,4,0.006159721666241867,15.28992309862067,False,271829,15.19631800933149,3657905605,11,0dfa3ec797190d553f82aa4d738fcf0f040a8538ebb9eee7b58a7d9d49a6f77e,40.05782274599915,pyvrp,40.0,0.01777706300345826,cvrp100_21122.json,0
"[""route_membership_ambiguous""]",unstable_matrix,True,0.3399230434062339,cvrp_s7799_n20-50-100_x66667_cvrp100_21192,0.11171717171717171,False,False,0.21,0.06505050505050505,0.06505050505050505,100,2,True,17.688287642630012,False,True,19.61699572486254,True,17.34836459922378,4,4,0.0015847732281833815,17.375857822993392,True,271828,17.34836459922378,2583209521,10,c3946f0ebf232739e9eda9802cc0b9655f004713ac1088dcfe9eab6bd93a57e2,40.09510644200054,pyvrp,40.0,0.019217408167141944,cvrp100_21192.json,0
"[""accepted""]",not_selected,True,0.19232669894680576,cvrp_s7799_n20-50-100_x66667_cvrp100_21228,0.057373737373737375,True,True,0.19,0.016565656565656565,0.008282828282828282,100,4,False,15.626087208748965,False,False,,False,15.433760509802159,4,4,0.0003410693669891685,15.4390244927295,True,271830,15.433760509802159,791546868,12,4ed69b367dbd6b1a02e31bb8056a9d5055c987575e464c83705df21547229008,40.14377985899773,pyvrp,40.0,0.012308052321576897,cvrp100_21228.json,0
"[""accepted""]",stable_control,True,0.33170629036795063,cvrp_s7799_n20-50-100_x66667_cvrp100_21269,0.043434343434343436,True,True,0.0,0.0,0.0,100,4,False,15.455922479427855,False,True,16.17295468162194,True,15.124216189059904,4,4,5.872558343503373e-16,15.124216189059913,True,271830,15.124216189059904,3134764334,10,a8585a0695d2381bf427eb0870b9cccf6432dc4ad5885fe9b711f85b00dcb6bb,40.090969822998886,pyvrp,40.0,0.021461435951782133,cvrp100_21269.json,0
"[""pyvrp_cost_not_converged""]",unstable_cost,False,0.10618003568425571,cvrp_s7799_n20-50-100_x66667_cvrp100_21337,0.07656565656565656,True,False,0.0,0.0,0.0,100,3,True,12.442264072703166,False,True,13.41570235909808,True,12.33608403701891,4,4,0.00970385278132782,12.45579158041223,False,271828,12.33608403701891,2560617344,10,743b79a8df3a7040ebfab444c163a823087ffde1949f6ea0a6eb5b833ad3549b,40.10722034799983,pyvrp,40.0,0.008533819493286753,cvrp100_21337.json,0
"[""pyvrp_cost_not_converged""]",unstable_cost,False,0.12178193381714486,cvrp_s7799_n20-50-100_x66667_cvrp100_2149,0.06323232323232324,True,False,0.0,0.0,0.0,100,2,True,13.220330263744032,False,True,13.818172481678282,True,13.098548329926887,4,4,0.03484215253961929,13.554929948885775,False,271830,13.098548329926887,1529464522,10,2b11199b91d5cfb1e216f7098c5914aadadadab01620225be9c2360b5fe43ba7,40.09683092600244,pyvrp,40.0,0.009211716453947036,cvrp100_2149.json,0
"[""accepted""]",not_selected,True,0.32005117207812717,cvrp_s7799_n20-50-100_x66667_cvrp100_21759,0.08303030303030302,True,True,0.0,0.0,0.0,100,3,False,16.423153520669434,False,False,,False,16.103102348591307,4,4,0.0023529892299924728,16.14099277498701,True,271830,16.103102348591307,193176866,10,b2a02e5000f3a16676056cf2cf36203dd739c0dc380383991f0c77e046f3ace7,40.102676187001634,pyvrp,40.0,0.019487802490266277,cvrp100_21759.json,0
"[""pyvrp_cost_not_converged""]",unstable_cost,False,0.4411744024228952,cvrp_s7799_n20-50-100_x66667_cvrp100_21763,0.07131313131313131,True,False,0.0,0.0,0.0,100,3,True,17.331849479539063,False,True,17.681246340859094,True,16.890675077116168,4,4,0.009473254468443038,17.050684740265478,False,271829,16.890675077116168,249032883,11,3440145889c422fcb781b6904baa9057ea36d391b570958a16689a3dc48eb6e8,40.097831958002644,pyvrp,40.0,0.025454548456800244,cvrp100_21763.json,0
"[""accepted""]",not_selected,True,0.5310932732603622,cvrp_s7799_n20-50-100_x66667_cvrp100_21894,0.07939393939393939,True,True,0.0,0.0,0.0,100,2,False,15.825558868763187,False,False,,False,15.294465595502825,4,4,0.0014301267008978594,15.316338619126917,True,271829,15.294465595502825,67071723,10,ed9dd0bae07802236bb397d252dd2fb1c0da129b1e47117dc48c3c6be9363c08,40.09326488700026,pyvrp,40.0,0.03355921125216279,cvrp100_21894.json,0
"[""route_membership_ambiguous""]",unstable_matrix,True,0.3805948738902174,cvrp_s7799_n20-50-100_x66667_cvrp100_21909,0.11313131313131314,False,False,0.22,0.08626262626262626,0.05750841750841751,100,3,True,16.685626894429397,False,True,17.499943270766483,True,16.30503202053918,4,4,0.0020195115079867355,16.33796022034275,True,271830,16.30503202053918,306630243,11,c669c16a6648b43460861cfc6ba00d000d4f3083ae243289bc17b40b7e49ded6,40.084652017001645,pyvrp,40.0,0.02280974375720228,cvrp100_21909.json,0
"[""accepted""]",not_selected,True,0.3008936091977521,cvrp_s7799_n20-50-100_x66667_cvrp100_21995,0.08121212121212121,True,True,0.24,0.034545454545454546,0.02303030303030303,100,3,False,15.98086068412524,False,False,,False,15.679967074927488,4,4,0.001496549480913313,15.703432921514208,True,271831,15.679967074927488,569477706,11,4b7f062a1d17c0bcaedbff97c342fcf2d02838f623bb5dc4e97e1c2bc7357fc0,40.10498080099933,pyvrp,40.0,0.018828373211253135,cvrp100_21995.json,0
"[""accepted""]",stable_control,True,0.3791368124601213,cvrp_s7799_n20-50-100_x66667_cvrp100_22031,0.07191919191919192,True,True,0.2,0.032525252525252527,0.021380471380471378,100,4,False,17.729718369658386,False,True,18.508867431755164,True,17.350581557198264,4,4,0.0009433348399018655,17.36694896527373,True,271831,17.350581557198264,1907457536,10,873007709ff0f2e75f3a5c4490ba94beefcc9c718e4d0bfc1fc7ddb5a93389e8,40.13200706099815,pyvrp,40.0,0.021384254648339714,cvrp100_22031.json,0
"[""accepted""]",stable_control,True,0.20543856386541925,cvrp_s7799_n20-50-100_x66667_cvrp100_22252,0.044848484848484846,True,True,0.0,0.0,0.0,100,2,False,15.27866436727147,False,True,15.95920249524455,True,15.07322580340605,4,4,0.001452364528505953,15.095117621893078,True,271831,15.07322580340605,2333353382,11,2c264b6719ca1d5de1e3925a4a1d1b38ad6ed494045290462028cfbb00ba70e0,40.08574163999947,pyvrp,40.0,0.013446107521380639,cvrp100_22252.json,0
"[""pyvrp_cost_not_converged"", ""route_membership_ambiguous""]",unstable_cost,False,0.15284341729768158,cvrp_s7799_n20-50-100_x66667_cvrp100_22454,0.052525252525252523,False,False,0.0,0.0,0.0,100,1,True,16.24242132159527,False,True,16.844900273058823,True,16.089577904297588,4,4,0.0031013302080704695,16.13947699828729,False,271829,16.089577904297588,1715504504,11,95a984c3b3747460c0c20cf48641c7d373c309bbd611d3db12b6ee941cbfb348,40.08889866199752,pyvrp,40.0,0.009410137458660005,cvrp100_22454.json,0
"[""pyvrp_cost_not_converged"", ""route_membership_ambiguous""]",unstable_cost,False,0.25753894224421714,cvrp_s7799_n20-50-100_x66667_cvrp100_22627,0.07838383838383839,False,False,0.0,0.0,0.0,100,1,True,14.706260296739288,False,True,15.369341354145044,True,14.44872135449507,4,4,0.004720057732196543,14.516920153444708,False,271829,14.44872135449507,1001962588,11,24b368f76f105ed9020b45cc4929726a50f8152cbf55226205c5cff9bc56e629,40.107528578999336,pyvrp,40.0,0.017512198005996085,cvrp100_22627.json,0
"[""pyvrp_cost_not_converged"", ""route_membership_ambiguous""]",unstable_cost,False,0.28425388018926157,cvrp_s7799_n20-50-100_x66667_cvrp100_23034,0.09696969696969697,False,False,0.0,0.0,0.0,100,1,True,16.58581541472989,False,True,17.791344502097388,True,16.301561534540628,4,4,0.004945557419624189,16.382181843139236,False,271828,16.301561534540628,2776801650,11,e7f2279bec92d0c7d63a3f2ce1ca98430a41805b0f92e23b98b24fe6697b20a6,40.10667397099678,pyvrp,40.0,0.017138372342960916,cvrp100_23034.json,0
"[""accepted""]",not_selected,True,0.2490359261645132,cvrp_s7799_n20-50-100_x66667_cvrp100_23078,0.06808080808080808,True,True,0.0,0.0,0.0,100,2,False,19.85305349537121,False,False,,False,19.604017569206697,4,4,0.002151715983490931,19.646199847150996,True,271829,19.604017569206697,1499013896,11,14c00b98f067a8ea0e712c87f67d9024f7b05622330245a9ff999921305fb726,40.08757184700153,pyvrp,40.0,0.012543960868416365,cvrp100_23078.json,0
"[""accepted""]",not_selected,True,0.19716397615548864,cvrp_s7799_n20-50-100_x66667_cvrp100_2322,0.07373737373737374,True,True,0.2,0.03111111111111111,0.02074074074074074,100,3,False,15.744338407287552,False,False,,False,15.547174431132063,4,4,0.0032579871910550775,15.59782692628579,True,271828,15.547174431132063,517843273,11,2de0ae39171257c2e363617db7d2a0f311de61e4ce144887ef63a6d771c2e50b,40.10246181899856,pyvrp,40.0,0.012522849233488764,cvrp100_2322.json,0
"[""route_membership_ambiguous""]",unstable_matrix,True,0.15170383303293633,cvrp_s7799_n20-50-100_x66667_cvrp100_23571,0.04080808080808081,False,False,0.21,0.051111111111111114,0.034006734006734006,100,4,True,13.626099894946352,False,True,13.917132862763738,True,13.474396061913415,4,4,0.00022957966227417763,13.477489509210658,True,271828,13.474396061913415,3405022074,10,1ca4278085ba5a1bffbe2580b75207fe47f3734532305f74922ab5b86fb68461,40.10888277599952,pyvrp,40.0,0.011133327526037018,cvrp100_23571.json,0
"[""accepted""]",not_selected,True,0.21183553952047873,cvrp_s7799_n20-50-100_x66667_cvrp100_23575,0.05555555555555555,True,True,0.0,0.0,0.0,100,4,False,15.453135612786394,False,False,,False,15.241300073265915,4,4,2.33097810667225e-16,15.241300073265919,True,271830,15.241300073265915,3183966917,11,a67004440ba8951b3e526571f81649ca0b745e3fce1ec4670506b9eb7c5ca8b0,40.13819483599946,pyvrp,40.0,0.013708256034794619,cvrp100_23575.json,0
"[""accepted""]",stable_control,True,0.11116188692272999,cvrp_s7799_n20-50-100_x66667_cvrp100_23653,0.03111111111111111,True,True,0.0,0.0,0.0,100,4,False,14.46733626719217,False,True,15.389466086164564,True,14.35617438026944,4,4,2.474693873657045e-16,14.356174380269444,True,271828,14.35617438026944,1688961913,10,395cdfd4afc2d07a111a568036ca1fa34b6aafa7f91d482c4b5005bc971cc886,40.14056153600177,pyvrp,40.0,0.007683645756877424,cvrp100_23653.json,0
"[""pyvrp_cost_not_converged"", ""route_membership_ambiguous""]",unstable_cost,False,0.23014998357837868,cvrp_s7799_n20-50-100_x66667_cvrp100_23786,0.06303030303030303,False,False,0.0,0.0,0.0,100,1,True,16.230079041236152,False,True,16.711533554453442,True,15.999929057657774,4,4,0.004211480548965386,16.067312447668925,False,271831,15.999929057657774,297822885,10,8973024c645447869b70bfd11c5f880c1b402131e4207f0aa7d6c53ce2b5a7d9,40.162389895998786,pyvrp,40.0,0.014180459811294269,cvrp100_23786.json,0
"[""accepted""]",stable_control,True,0.2984514509358682,cvrp_s7799_n20-50-100_x66667_cvrp100_23833,0.06424242424242424,True,True,0.0,0.0,0.0,100,4,False,17.641234875055083,False,True,17.95665265261215,True,17.342783424119215,4,4,2.0485256558411597e-16,17.34278342411922,True,271830,17.342783424119215,582428493,11,78a572fd3f18006f43d3b5b93a4c5df49962abf09f554be53da084ab79a32bad,40.089179857997806,pyvrp,40.0,0.01691783217272857,cvrp100_23833.json,0
"[""pyvrp_cost_not_converged"", ""route_membership_ambiguous""]",unstable_cost,False,0.4530281597100885,cvrp_s7799_n20-50-100_x66667_cvrp100_24088,0.07171717171717172,False,False,0.0,0.0,0.0,100,1,True,16.452212977213023,False,True,17.04718567410803,True,15.999184817502934,4,4,0.007704065258778081,16.12244358142423,False,271831,15.999184817502934,2795107483,10,a1a0769236d96435e9f8d1d399674113782b367fd769220220e4b8b7e1a4b8c4,40.10555000900058,pyvrp,40.0,0.02753600140829387,cvrp100_24088.json,0
"[""accepted""]",not_selected,True,0.12844935410817016,cvrp_s7799_n20-50-100_x66667_cvrp100_24196,0.04767676767676768,True,True,0.19,0.02181818181818182,0.014545454545454547,100,4,False,13.496487006999688,False,False,,False,13.368037652891518,4,4,0.00023003800474033641,13.371112809600483,True,271829,13.368037652891518,2374593979,10,9a254ba3b4d4fbb39967c60e35eafa0acdb8f8aba0b58e98e3efe9d8ad5a4409,40.104718528000376,pyvrp,40.0,0.009517243564310655,cvrp100_24196.json,0
"[""accepted""]",not_selected,True,0.15222112179085912,cvrp_s7799_n20-50-100_x66667_cvrp100_24395,0.06868686868686869,True,True,0.18,0.018787878787878787,0.009393939393939394,100,4,False,14.393461570385012,False,False,,False,14.241240448594153,4,4,0.00029241533445632106,14.245404805683002,True,271831,14.241240448594153,485517975,11,408ec0c17fb9c80ed8f2462dc4a745418722d9575718baf24d5f087361c8666e,40.0935106729994,pyvrp,40.0,0.010575713218567153,cvrp100_24395.json,0
"[""accepted""]",not_selected,True,0.3148795167007883,cvrp_s7799_n20-50-100_x66667_cvrp100_24461,0.09191919191919191,True,True,0.19,0.03737373737373737,0.018686868686868686,100,4,False,16.651140626992234,False,False,,False,16.336261110291446,4,4,0.0004830844812038852,16.344152904514722,True,271829,16.336261110291446,3502395105,10,57fb8f24436f784e8851cf8fd27b82c214220206c9faa3c9b0c3078b02edd023,40.104603120998945,pyvrp,40.0,0.018910387207369726,cvrp100_24461.json,0
"[""pyvrp_cost_not_converged"", ""route_membership_ambiguous""]",unstable_cost,False,0.3093483987818999,cvrp_s7799_n20-50-100_x66667_cvrp100_24577,0.07373737373737374,False,False,0.0,0.0,0.0,100,1,True,16.686456509150606,False,True,17.222370922070077,True,16.377108110368706,4,4,0.00621400855271749,16.478875600235316,False,271830,16.377108110368706,2670557569,11,f03c7bdc7c74144e6ff8576f0fc4471e2e16d6130318645deab581a50b524324,40.104585032000614,pyvrp,40.0,0.01853889102292376,cvrp100_24577.json,0
"[""route_membership_ambiguous""]",unstable_matrix,True,0.41172641648130437,cvrp_s7799_n20-50-100_x66667_cvrp100_24589,0.10323232323232323,False,False,0.2,0.06424242424242424,0.04511784511784511,100,3,True,19.70244160185241,False,True,20.872283576831105,True,19.290715185371106,4,4,0.001276084084697917,19.315331760001598,True,271830,19.290715185371106,1158922156,10,ace101f461fba11d7f4c460e330d401006b35540609852cb980518f118d22199,40.08963425099864,pyvrp,40.0,0.020897228110174637,cvrp100_24589.json,0
"[""accepted""]",not_selected,True,0.08784581825313964,cvrp_s7799_n20-50-100_x66667_cvrp100_24738,0.061414141414141414,True,True,0.24,0.04525252525252525,0.030168350168350167,100,3,False,16.80193273535495,False,False,,False,16.71408691710181,4,4,0.0015748625214611436,16.740409306167997,True,271831,16.71408691710181,372680669,11,8565e79148c9bd917075742be639a4aeaffb0306fca55d324422f0e7feb9bd97,40.088274347999686,pyvrp,40.0,0.005228316267942961,cvrp100_24738.json,0
"[""route_membership_ambiguous""]",unstable_matrix,True,0.3270112688502156,cvrp_s7799_n20-50-100_x66667_cvrp100_2484,0.03838383838383838,False,False,0.21,0.07858585858585859,0.0523905723905724,100,4,True,15.685107121109127,False,True,16.904468259704128,True,15.358095852258911,4,4,0.0009929928346255298,15.373346331393696,True,271828,15.358095852258911,540325481,10,7393b316195af8d2ea4cd6e8b4f87604e4869b79b7478706fa1400d6dce11316,40.090352130999236,pyvrp,40.0,0.020848519957515722,cvrp100_2484.json,0
"[""pyvrp_cost_not_converged""]",unstable_cost,False,0.24457389318788714,cvrp_s7799_n20-50-100_x66667_cvrp100_25004,0.05898989898989899,True,False,0.0,0.0,0.0,100,2,True,14.019860455071282,False,True,15.803474189722733,True,13.775286561883394,4,4,0.010675466624650368,13.922344173819775,False,271829,13.775286561883394,2971777075,10,1c56f7a0580c4191e26c035f4b53645d91aa54065f362a9f63e9e6bd20f34090,40.10532942499776,pyvrp,40.0,0.01744481651380628,cvrp100_25004.json,-1
"[""accepted""]",not_selected,True,0.22285061112055615,cvrp_s7799_n20-50-100_x66667_cvrp100_25052,0.03696969696969697,True,True,0.0,0.0,0.0,100,4,False,13.780617634947612,False,False,,False,13.557767023827056,4,4,2.620426853888841e-16,13.55776702382706,True,271828,13.557767023827056,1778731134,11,f5a1a35cb35ab667e60a8b0bffdaaf4ea4b80e11e33776d730d0e3bf4c1627e5,40.09939536499951,pyvrp,40.0,0.016171307921308806,cvrp100_25052.json,0
"[""route_membership_ambiguous""]",unstable_matrix,True,0.3139566423909095,cvrp_s7799_n20-50-100_x66667_cvrp100_25155,0.06383838383838383,False,False,0.21,0.06787878787878789,0.038518518518518514,100,4,True,18.18908092614169,False,True,19.22837215330314,True,17.87512428375078,4,4,0.0005562262838219985,17.885066897703986,True,271829,17.87512428375078,2961063313,11,5fa4b9ea086941d1bc311238ac647e7d8082ccbd8f4fb9a3750a8200b40e5039,40.09262428100192,pyvrp,40.0,0.017260720520501125,cvrp100_25155.json,0
"[""route_membership_ambiguous""]",unstable_matrix,True,0.14142556215595192,cvrp_s7799_n20-50-100_x66667_cvrp100_25157,0.07474747474747474,False,False,0.2,0.06080808080808081,0.04053872053872054,100,3,True,14.999506613282353,False,True,15.344840398145859,True,14.858081051126401,4,4,0.002599035068079363,14.896697724822644,True,271828,14.858081051126401,3416228009,11,969b756fdcc241b02700717daba317307730b880a4de446878bbaed0ec08fb0b,40.10688171199945,pyvrp,40.0,0.009428680942792936,cvrp100_25157.json,0
"[""accepted""]",stable_control,True,0.20947187827859892,cvrp_s7799_n20-50-100_x66667_cvrp100_25350,0.041616161616161614,True,True,0.0,0.0,0.0,100,4,False,12.394219835489478,False,True,12.679838062120835,True,12.18474795721088,4,4,4.3735582688413603e-16,12.184747957210885,True,271828,12.18474795721088,2045401203,10,b6a470890bca71de65b6ad6028c7d4e8e6bf2274f52c0d155a9bf10818050059,40.097554222000326,pyvrp,40.0,0.01690077157408483,cvrp100_25350.json,0
"[""accepted""]",not_selected,True,0.12249308389750801,cvrp_s7799_n20-50-100_x66667_cvrp100_25837,0.036565656565656565,True,True,0.0,0.0,0.0,100,4,False,14.155655923667203,False,False,,False,14.033162839769695,4,4,3.544911961214285e-05,14.033660303037738,True,271831,14.033162839769695,2111447656,10,885fa0cc77d5f4c5dbc8a1ab14d566b314f71772021255978281ec94b98f062a,40.08219731200006,pyvrp,40.0,0.008653296220114301,cvrp100_25837.json,0
"[""pyvrp_cost_not_converged""]",unstable_cost,False,0.462455236377874,cvrp_s7799_n20-50-100_x66667_cvrp100_25894,0.09717171717171717,True,False,0.21,0.03737373737373737,0.03737373737373737,100,2,True,17.345968714504544,False,True,18.437296946540997,True,16.88351347812667,4,4,0.009180246477281146,17.03850829325837,False,271828,16.88351347812667,1671507655,10,112e3b93fdcffa2f78a9d369f728c4ba203c2d2dc6ae00b0a459d0be91e9de63,40.112820087997534,pyvrp,40.0,0.02666067511070587,cvrp100_25894.json,0
"[""route_membership_ambiguous""]",unstable_matrix,True,0.1362150260609134,cvrp_s7799_n20-50-100_x66667_cvrp100_25903,0.05393939393939394,False,False,0.22,0.08868686868686869,0.044343434343434344,100,4,True,14.912579995551301,False,True,16.420125112371426,True,14.776364969490388,4,4,7.378807297199805e-05,14.777455288987017,True,271831,14.776364969490388,1799930109,10,8e486b3179da803d6e875566972364d8b92ceaf58be2c68eea51469253906a77,40.093913714001246,pyvrp,40.0,0.00913423606790702,cvrp100_25903.json,0
"[""pyvrp_cost_not_converged""]",unstable_cost,False,0.33832956606337206,cvrp_s7799_n20-50-100_x66667_cvrp100_26073,0.09878787878787879,True,False,0.27,0.018787878787878787,0.012525252525252524,100,3,True,15.001886204281867,False,True,16.260883690388848,True,14.663556638218495,4,4,0.015380545902692538,14.889090144189346,False,271831,14.663556638218495,2882522511,9,c66ef875eb866dca66c8590265981141dd3df93cc10c0b0e5ca6c4d3942b1ce2,40.09975319099976,pyvrp,40.0,0.02255246850004804,cvrp100_26073.json,0
"[""pyvrp_cost_not_converged"", ""route_membership_ambiguous""]",unstable_cost,False,0.08465990922872457,cvrp_s7799_n20-50-100_x66667_cvrp100_26200,0.07474747474747474,False,False,0.0,0.0,0.0,100,1,True,15.230813698695876,False,True,16.158681746021397,True,15.146153789467151,4,4,0.006103943529199631,15.238605056882632,False,271828,15.146153789467151,2703044775,11,6a98b014807e7714e4dc62e428b465ce096f387d115c294b4162e289f232ca0b,40.086583930002234,pyvrp,40.0,0.005558462660203998,cvrp100_26200.json,0
"[""accepted""]",not_selected,True,0.1929577839123109,cvrp_s7799_n20-50-100_x66667_cvrp100_2629,0.04262626262626262,True,True,0.0,0.0,0.0,100,2,False,14.799799400297754,False,False,,False,14.606841616385443,4,4,0.004838613094639127,14.677518471501806,True,271828,14.606841616385443,529302271,11,ef45fdc6955b5829df0babcd5f21f83e63b63e2f836a28cc7bbcd0d9488aac65,40.09960676999981,pyvrp,40.0,0.013037864817845355,cvrp100_2629.json,0
"[""accepted""]",not_selected,True,0.14536373154530402,cvrp_s7799_n20-50-100_x66667_cvrp100_26468,0.04525252525252525,True,True,0.0,0.0,0.0,100,4,False,14.229862350703973,False,False,,False,14.08449861915867,4,4,3.7836423306909883e-16,14.084498619158675,True,271830,14.08449861915867,3087475277,11,754e881ca6216219661dd1d7202758fadb194c9acd74f7bf83ba6ef1a85a9e42,40.08359738400031,pyvrp,40.0,0.010215399696969848,cvrp100_26468.json,0
"[""pyvrp_cost_not_converged"", ""route_membership_ambiguous""]",unstable_cost,False,0.19369382627676224,cvrp_s7799_n20-50-100_x66667_cvrp100_26885,0.07919191919191919,False,False,0.0,0.0,0.0,100,1,True,14.688066599311224,False,True,15.549901195852941,True,14.494372773034462,4,4,0.0015488398401284388,14.51682223504301,False,271831,14.494372773034462,1648834967,11,ab37a400084fe85ca0ccc9c8369c97da4f6c9cde10eec4c9cb0a6bff41c21a84,40.0756204979989,pyvrp,40.0,0.013187156047198563,cvrp100_26885.json,0
"[""pyvrp_cost_not_converged"", ""route_membership_ambiguous""]",unstable_cost,False,0.4234961771340302,cvrp_s7799_n20-50-100_x66667_cvrp100_2698,0.08404040404040404,False,False,0.0,0.0,0.0,100,1,True,18.813496013696433,False,True,19.952760251543666,True,18.389999836562403,4,4,0.006530934167940665,18.51010371484343,False,271831,18.389999836562403,3247371358,11,4ec147ca31456e3965343e99e0a15502c3c2fc3b4c97593ea0a4f75f7136e3d2,40.09520786400026,pyvrp,40.0,0.02251023291076365,cvrp100_2698.json,0
"[""pyvrp_cost_not_converged""]",unstable_cost,False,0.3258797419127486,cvrp_s7799_n20-50-100_x66667_cvrp100_2711,0.0905050505050505,True,False,0.0,0.0,0.0,100,2,True,14.739709778265292,False,True,15.371999990432238,True,14.413830036352543,4,4,0.009301859696228052,14.547905461035972,False,271829,14.413830036352543,3622648753,10,5ef3f59333b02af1e58871b190c1f03a03c4b69c90c49f5272153a62ee21f235,40.08957186299813,pyvrp,40.0,0.022108965971180825,cvrp100_2711.json,0
"[""route_membership_ambiguous""]",unstable_matrix,True,0.28353802047463184,cvrp_s7799_n20-50-100_x66667_cvrp100_27222,0.09353535353535354,False,False,0.21,0.08141414141414141,0.054276094276094276,100,4,True,14.601434099180233,False,True,14.815159463264461,True,14.317896078705601,4,4,1.9740490151869753e-05,14.318178720992139,True,271831,14.317896078705601,1300367600,10,2013acdf3ee2b61f08068eba7e380538666e3ec255d278c50c1588d13b953ad9,40.08579761500005,pyvrp,40.0,0.01941850495976628,cvrp100_27222.json,0
"[""accepted""]",not_selected,True,0.10073605797679797,cvrp_s7799_n20-50-100_x66667_cvrp100_2739,0.045858585858585856,True,True,0.2,0.014141414141414142,0.009427609427609429,100,4,False,16.098362084199753,False,False,,False,15.997626026222955,4,4,0.00014719650006434737,15.999980820783353,True,271829,15.997626026222955,4060758506,11,1ddd29af95a12cb97672c97a7b02a9b1a694916220cb74d5b5b751992b84f793,40.08949522200055,pyvrp,40.0,0.00625753461438593,cvrp100_2739.json,0
"[""pyvrp_cost_not_converged"", ""route_membership_ambiguous""]",unstable_cost,False,0.34264981744032497,cvrp_s7799_n20-50-100_x66667_cvrp100_27625,0.09171717171717171,False,False,0.0,0.0,0.0,100,1,True,14.944106777301972,False,True,15.584126076814123,True,14.601456959861647,4,4,0.014639852551031453,14.815220136784253,False,271829,14.601456959861647,3387895665,10,9e74ec25d854dfd3a563a6b2cea247b414fa67075ab2f59c5bce96170aa1cff1,40.09184208899751,pyvrp,40.0,0.022928758643558582,cvrp100_27625.json,0
"[""accepted""]",stable_control,True,0.28595730252114215,cvrp_s7799_n20-50-100_x66667_cvrp100_27857,0.06686868686868687,True,True,0.0,0.0,0.0,100,4,False,13.473036672634818,False,True,14.077399306124345,True,13.187079370113675,4,4,2.694086824753733e-16,13.187079370113679,True,271831,13.187079370113675,2903867588,11,65b46068b5425d261cf45b17fe9dd340fda7e676d3e0a49fe0c0bb211959ad16,40.09132863600098,pyvrp,40.0,0.02122441358019548,cvrp100_27857.json,0
"[""accepted""]",not_selected,True,0.2570154504259268,cvrp_s7799_n20-50-100_x66667_cvrp100_28054,0.10303030303030303,True,True,0.0,0.0,0.0,100,2,False,16.218009870496864,False,False,,False,15.960994420070937,4,4,0.0027519118760449507,16.004917670169018,True,271830,15.960994420070937,3768956350,11,981905ca7c773856422676515f82c0546444c315c671f68e9868271848e0bcc1,40.08694698099862,pyvrp,40.0,0.015847533234856312,cvrp100_28054.json,0
"[""route_membership_ambiguous""]",unstable_matrix,True,0.25682174258687773,cvrp_s7799_n20-50-100_x66667_cvrp100_28281,0.07090909090909091,False,False,0.19,0.08323232323232323,0.04969696969696969,100,4,True,14.035976893518507,False,True,15.535396827929437,True,13.77915515093163,4,4,0.0004173576059686446,13.784905986137693,True,271829,13.77915515093163,1058768530,11,68b17219a5e7bba9935c46b9168583c9234691214fe5e4a85956e176ac853bf9,40.097758231000626,pyvrp,40.0,0.018297389952634656,cvrp100_28281.json,-1
"[""pyvrp_cost_not_converged""]",unstable_cost,False,0.25961166159012805,cvrp_s7799_n20-50-100_x66667_cvrp100_28298,0.04868686868686869,True,False,0.19,0.032929292929292926,0.02195286195286195,100,3,True,16.936903324877438,False,True,18.12175862466942,True,16.67729166328731,4,4,0.005352172342631606,16.766551402477557,False,271831,16.67729166328731,3525596212,11,4e39ced366082fc65169548b564512c74337e4e82aa847bad9298b76bee17431,40.08559568400233,pyvrp,40.0,0.015328165757951902,cvrp100_28298.json,0
"[""route_membership_ambiguous""]",unstable_matrix,True,0.33967700720581107,cvrp_s7799_n20-50-100_x66667_cvrp100_2853,0.07696969696969697,False,False,0.19,0.05494949494949495,0.05494949494949495,100,2,True,17.61899471655862,False,True,18.103896365564356,True,17.27931770935281,4,4,0.0031137784362741615,17.333121676229723,True,271831,17.27931770935281,412641288,10,c5664f533d547b4885aeb75e8f55436de6860a7d3d607e0dfe03c7af16144edd,40.10652627300078,pyvrp,40.0,0.019279023160531233,cvrp100_2853.json,0
"[""pyvrp_cost_not_converged"", ""route_membership_ambiguous""]",unstable_cost,False,0.05583278302964878,cvrp_s7799_n20-50-100_x66667_cvrp100_28598,0.015555555555555555,False,False,0.0,0.0,0.0,100,1,True,13.794130098566505,False,True,14.483400899564746,True,13.738297315536856,4,4,0.006303591657271688,13.824897931880193,False,271830,13.738297315536856,2083966089,11,72c083ff68660aedda58421a5cf9916b0f7f198e07fe26c41540a1e8c0539f8a,40.101047277999896,pyvrp,40.0,0.004047575499918691,cvrp100_28598.json,0
"[""pyvrp_cost_not_converged"", ""route_membership_ambiguous""]",unstable_cost,False,0.1461372476438001,cvrp_s7799_n20-50-100_x66667_cvrp100_28640,0.06222222222222222,False,False,0.0,0.0,0.0,100,1,True,13.735582457042927,False,True,14.411887665091255,True,13.589445209399127,4,4,0.005437445150929897,13.663337072356802,False,271830,13.589445209399127,171155759,11,629ade80dbafe55509c56220003793e7593a7d363eec34f078d1a75845dc22dc,40.103875806998985,pyvrp,40.0,0.010639319308142492,cvrp100_28640.json,0
"[""accepted""]",not_selected,True,0.2157599057889108,cvrp_s7799_n20-50-100_x66667_cvrp100_28846,0.0901010101010101,True,True,0.21,0.03878787878787879,0.02585858585858586,100,3,False,16.249397479090053,False,False,,False,16.033637573301142,4,4,0.0018062347990041136,16.06259808744066,True,271828,16.033637573301142,2912430606,10,61cbc6887fbbbc0286bd3e548874dbb5875c864fc92f37fb8246a0f6928c5048,40.09826969500136,pyvrp,40.0,0.013278024989329826,cvrp100_28846.json,0
"[""accepted""]",not_selected,True,0.11057271986898698,cvrp_s7799_n20-50-100_x66667_cvrp100_28963,0.031313131313131314,True,True,0.0,0.0,0.0,100,4,False,13.754492903440378,False,False,,False,13.64392018357139,4,4,3.905820648685318e-16,13.643920183571396,True,271830,13.64392018357139,1291814997,11,4787adc2fadfaed9155417d33c4346aa92a9d3e4476a325041d28584e7250de2,40.06466610600182,pyvrp,40.0,0.008039025549341022,cvrp100_28963.json,0
"[""pyvrp_cost_not_converged"", ""route_membership_ambiguous""]",unstable_cost,False,0.21216063904370586,cvrp_s7799_n20-50-100_x66667_cvrp100_29124,0.11353535353535353,False,False,0.0,0.0,0.0,100,1,True,16.63587380322841,False,True,17.11583726404078,True,16.423713164184704,4,4,0.009531885565338374,16.580262118623654,False,271828,16.423713164184704,2451793995,10,435618857466fc635ef807c7e4018518115069b53522def987699404a133a466,40.09017459899769,pyvrp,40.0,0.012753200796854644,cvrp100_29124.json,0
"[""pyvrp_cost_not_converged"", ""route_membership_ambiguous""]",unstable_cost,False,0.17313246579313102,cvrp_s7799_n20-50-100_x66667_cvrp100_29173,0.05333333333333334,False,False,0.0,0.0,0.0,100,1,True,13.717297852219072,False,True,14.981814009790373,True,13.544165386425941,4,4,0.0019571486162435685,13.570673330970159,False,271828,13.544165386425941,135652608,11,ade2d7898909441dde02cb8589b711c5d6251f2d06a9a9bf3cdbfcc4f91f2d96,40.109712197998306,pyvrp,40.0,0.01262147018008529,cvrp100_29173.json,0
"[""pyvrp_cost_not_converged""]",unstable_cost,False,0.27067819125028336,cvrp_s7799_n20-50-100_x66667_cvrp100_2929,0.0905050505050505,True,False,0.0,0.0,0.0,100,2,True,16.684548600821824,False,True,17.679549430329022,True,16.41387040957154,4,4,0.0071992137602368235,16.532037371282872,False,271830,16.41387040957154,2125900912,11,9f2d71f450a82e62bf0eb48aa9bb23871c3c94aeb58b3f1538f1daa49755836e,40.08410750799885,pyvrp,40.0,0.016223285251897715,cvrp100_2929.json,0
"[""accepted""]",not_selected,True,0.2723747130572125,cvrp_s7799_n20-50-100_x66667_cvrp100_29364,0.051515151515151514,True,True,0.0,0.0,0.0,100,4,False,14.496032846292213,False,False,,False,14.223658133235,4,4,1.432799393166604e-07,14.223660171199874,True,271830,14.223658133235,4216101328,11,bcd028c480cf2143caa0c3793b644a6a17329ba96c8295c7842816e386d1e695,40.08725086800041,pyvrp,40.0,0.018789603745060522,cvrp100_29364.json,0
"[""pyvrp_cost_not_converged"", ""route_membership_ambiguous""]",unstable_cost,False,0.30151366433978666,cvrp_s7799_n20-50-100_x66667_cvrp100_29429,0.04888888888888889,False,False,0.0,0.0,0.0,100,1,True,18.627843662685525,False,True,19.299554537697745,True,18.326329998345738,4,4,0.002907223583107524,18.37960873710874,False,271831,18.326329998345738,3865211372,11,454692a3710673d66842aae580e7a380850e9d02eb934598f874978f596f5741,40.14840025600279,pyvrp,40.0,0.016186181814686663,cvrp100_29429.json,0
"[""pyvrp_cost_not_converged"", ""route_membership_ambiguous""]",unstable_cost,False,0.360699763021465,cvrp_s7799_n20-50-100_x66667_cvrp100_29431,0.04707070707070707,False,False,0.0,0.0,0.0,100,1,True,18.148291121163886,False,True,19.08097189007172,True,17.78759135814242,4,4,0.0013312135670228442,17.81127044108304,False,271830,17.78759135814242,2008468531,11,54d846ae6b451a00254bab7e8ca8e2b6973ac51733ff897218ec8e662f66cb2a,40.0899987039993,pyvrp,40.0,0.019875136486036962,cvrp100_29431.json,0
"[""accepted""]",not_selected,True,0.2954696417642708,cvrp_s7799_n20-50-100_x66667_cvrp100_29736,0.08808080808080808,True,True,0.0,0.0,0.0,100,2,False,14.34702749451926,False,False,,False,14.05155785275499,4,4,0.003262728983478922,14.097404277824204,True,271828,14.05155785275499,1969927582,11,0541c79ddcbec359d0877b0c429fa69291933bb994904304c0e5c135b42d7ef8,40.09815851199892,pyvrp,40.0,0.020594484946595652,cvrp100_29736.json,0
"[""pyvrp_cost_not_converged""]",unstable_cost,False,0.55422217192395,cvrp_s7799_n20-50-100_x66667_cvrp100_29771,0.07818181818181819,True,False,0.0,0.0,0.0,100,3,True,19.621792896925335,False,True,20.014765607336756,True,19.067570725001385,4,4,0.007851606470528938,19.217281786683074,False,271828,19.067570725001385,1971942397,11,384d2597fb163ab6f761930d9e1c8160022e37bd3ee574c14e87f11146f56fb1,40.089838582000084,pyvrp,40.0,0.028245236041136414,cvrp100_29771.json,0
"[""accepted""]",stable_control,True,0.11838403150787258,cvrp_s7799_n20-50-100_x66667_cvrp100_29815,0.045858585858585856,True,True,0.0,0.0,0.0,100,2,False,17.775606703590494,False,True,18.454972103836738,True,17.65722267208262,4,4,0.0037266849344252113,17.723025577798463,True,271830,17.65722267208262,447238847,10,95c49df1ffacb60794312c386253e06f99c348e758afbb4181446b1dbe1c6b88,40.104737115001626,pyvrp,40.0,0.006659915100617083,cvrp100_29815.json,0
"[""accepted""]",not_selected,True,0.20578582260566947,cvrp_s7799_n20-50-100_x66667_cvrp100_30116,0.08545454545454545,True,True,0.19,0.028484848484848484,0.014242424242424242,100,4,False,15.909157815831112,False,False,,False,15.703371993225442,4,4,0.0003343013646745804,15.70862165191277,True,271829,15.703371993225442,856459550,11,97314f91c1ac428d18ef307f649640587c798a28849cb17b770f467f8445e4bf,40.08828472499954,pyvrp,40.0,0.012935054450267202,cvrp100_30116.json,0
"[""pyvrp_cost_not_converged"", ""route_membership_ambiguous""]",unstable_cost,False,0.3104565382754423,cvrp_s7799_n20-50-100_x66667_cvrp100_30319,0.08262626262626263,False,False,0.0,0.0,0.0,100,1,True,16.24248927309443,False,True,17.138583678575433,True,15.93203273481899,4,4,0.00606223468751475,16.02861645630663,False,271828,15.93203273481899,2218963756,11,0e1ada9866671e29f6f129c62a790dc8aa52970c1d50cf6612bc1d2d3bdf1159,40.06740922300014,pyvrp,40.0,0.019113852135319635,cvrp100_30319.json,0
"[""accepted""]",not_selected,True,0.1891601629872497,cvrp_s7799_n20-50-100_x66667_cvrp100_30380,0.04565656565656566,True,True,0.19,0.045858585858585856,0.045858585858585856,100,2,False,17.99753685809017,False,False,,False,17.808376695102922,4,4,0.001045553710215623,17.826996309429404,True,271830,17.808376695102922,3473471371,11,5cc32bddd9eab8bfb322e6d3493fb7d27cd6dfa7ed26259531cfb4ab6d53a007,40.073953823997726,pyvrp,40.0,0.010510336190933776,cvrp100_30380.json,0
"[""accepted""]",not_selected,True,0.1787962648648893,cvrp_s7799_n20-50-100_x66667_cvrp100_30396,0.050101010101010104,True,True,0.0,0.0,0.0,100,2,False,16.84050614646299,False,False,,False,16.6617098815981,4,4,0.003177886589408493,16.714658905987445,True,271831,16.6617098815981,3845861761,11,cd5a632c90f535db7e51015a002d14d21a2083f5d066b04a0ea99444ca12c147,40.07676275199992,pyvrp,40.0,0.010617036287976528,cvrp100_30396.json,0
"[""accepted""]",not_selected,True,0.23875293098629058,cvrp_s7799_n20-50-100_x66667_cvrp100_30419,0.06606060606060606,True,True,0.0,0.0,0.0,100,2,False,15.699090621852896,False,False,,False,15.460337690866606,4,4,0.0018219655772827364,15.488505893952532,True,271831,15.460337690866606,3628677708,11,7a7939f4ca9ec9c13b785f5e6be0073e8fe2491f3beb624e1ab735e6b7d4c7dd,40.10607508099929,pyvrp,40.0,0.015208073941171478,cvrp100_30419.json,0
"[""accepted""]",not_selected,True,0.31258677374510313,cvrp_s7799_n20-50-100_x66667_cvrp100_30607,0.08525252525252525,True,True,0.0,0.0,0.0,100,2,False,18.19513441689767,False,False,,False,17.882547643152567,4,4,0.002031577314666945,17.918877421272846,True,271831,17.882547643152567,4013818973,10,e504e165c6911d2cfa059a6f5c95dfaf3fbcd34761b408e2ae42130b4cb9561f,40.09135565299948,pyvrp,40.0,0.017179690272296443,cvrp100_30607.json,0
"[""accepted""]",not_selected,True,0.024027168107517483,cvrp_s7799_n20-50-100_x66667_cvrp100_3098,0.03737373737373737,True,True,0.0,0.0,0.0,100,4,False,14.964045925521733,False,False,,False,14.940018757414215,4,4,5.944961878038827e-16,14.940018757414224,True,271831,14.940018757414215,2374271322,11,8a4a082da19ab7e758363f70250ddfa91938ab155889eb0e3b41f1cfba2a6f7d,40.09452015599891,pyvrp,40.0,0.0016056598748162261,cvrp100_3098.json,0
"[""route_membership_ambiguous""]",unstable_matrix,True,0.22464650820811372,cvrp_s7799_n20-50-100_x66667_cvrp100_31167,0.07454545454545454,False,False,0.2,0.06161616161616162,0.06161616161616162,100,2,True,18.846587179521986,False,True,20.270485602484623,True,18.621940671313872,4,4,0.003956848892152146,18.695624876628884,True,271829,18.621940671313872,2628611336,11,71d1ab1b9535520f38f41b793892390d3484361c7eb4688c2e33983a3c5f705f,40.0810454320017,pyvrp,40.0,0.011919744729815402,cvrp100_31167.json,0
"[""accepted""]",stable_control,True,0.1542535165096588,cvrp_s7799_n20-50-100_x66667_cvrp100_31340,0.042222222222222223,True,True,0.0,0.0,0.0,100,4,False,13.924885695493842,False,True,13.911101275762807,True,13.770632178984183,4,4,2.579920538595472e-16,13.770632178984187,True,271829,13.770632178984183,1452158083,10,f62454ca893a5718e5df209f485569c081cc8e973a5e9c79a6e7cde34fa0fe99,40.08510888800083,pyvrp,40.0,0.011077542744898507,cvrp100_31340.json,0
"[""pyvrp_cost_not_converged"", ""route_membership_ambiguous""]",unstable_cost,False,0.23192503703081613,cvrp_s7799_n20-50-100_x66667_cvrp100_31412,0.09212121212121212,False,False,0.21,0.07575757575757576,0.050505050505050504,100,3,True,17.34849655891298,False,True,18.74176100477249,True,17.116571521882165,4,4,0.010707912028001917,17.29985426395948,False,271831,17.116571521882165,3326481542,10,1fdf3b7646718a0a909aa326c9c3efef985bba9625b3d7bf95691e1fd24e73ed,40.08813873799954,pyvrp,40.0,0.01336859573065783,cvrp100_31412.json,0
"[""accepted""]",stable_control,True,0.3411782451029133,cvrp_s7799_n20-50-100_x66667_cvrp100_31552,0.07939393939393939,True,True,0.0,0.0,0.0,100,4,False,17.83166714392504,False,True,18.108560333711793,True,17.490488898822125,4,4,4.0624521125189974e-16,17.490488898822132,True,271830,17.490488898822125,3955173032,10,18f801f968c80458a83bd2f242a35346fddc87c5df80a570968b365ab166bc5c,40.09974368999974,pyvrp,40.0,0.019133278024379634,cvrp100_31552.json,0
"[""route_membership_ambiguous""]",unstable_matrix,True,0.43609645499349625,cvrp_s7799_n20-50-100_x66667_cvrp100_31600,0.10888888888888888,False,False,0.22,0.053737373737373736,0.053737373737373736,100,2,True,17.45070603171369,False,True,17.63990768719243,True,17.014609576720193,4,4,0.00374127919821664,17.078265981595354,True,271831,17.014609576720193,4015052712,10,9e78b92ddeb6f5d355eae28eeb45ae7b31838d40b5248f7cff946e560233bfcb,40.088870139999926,pyvrp,40.0,0.024990189749398397,cvrp100_31600.json,0
"[""route_membership_ambiguous""]",unstable_matrix,True,0.2977160556796683,cvrp_s7799_n20-50-100_x66667_cvrp100_31644,0.09717171717171717,False,False,0.21,0.06404040404040404,0.06404040404040404,100,2,True,16.879799636185428,False,True,17.13929417137171,True,16.58208358050576,4,4,0.0015943434372833213,16.608521116638823,True,271829,16.58208358050576,306610305,10,6c2b0509e1bff733b824e94c729fec48dcc19e38262377bf0f52b033ed3d8e3e,40.08623574599915,pyvrp,40.0,0.017637416444295395,cvrp100_31644.json,0
"[""accepted""]",not_selected,True,0.2415446384598532,cvrp_s7799_n20-50-100_x66667_cvrp100_31819,0.08949494949494949,True,True,0.0,0.0,0.0,100,3,False,17.871293757256733,False,False,,False,17.62974911879688,4,4,0.0032184854833500333,17.68649021041083,True,271829,17.62974911879688,3321219850,11,f153f7deca2fa1c6c7eba12ed12822ae7cf93b933b043cc22526844efc0ed4ac,40.10467179999978,pyvrp,40.0,0.013515789161138528,cvrp100_31819.json,0
"[""pyvrp_cost_not_converged""]",unstable_cost,False,0.17665928838235878,cvrp_s7799_n20-50-100_x66667_cvrp100_31826,0.09595959595959595,True,False,0.0,0.0,0.0,100,3,True,13.19295462645023,False,True,14.072528252671109,True,13.016295338067872,4,4,0.006484153361483698,13.10069499323827,False,271830,13.016295338067872,706957071,10,ffa77a3a865dc564d17fd7c66c18cfda4c792043cadeba632906bd0310ed355e,40.09675413400328,pyvrp,40.0,0.013390426434741079,cvrp100_31826.json,0
"[""pyvrp_cost_not_converged""]",unstable_cost,False,0.13965186643945948,cvrp_s7799_n20-50-100_x66667_cvrp100_31862,0.03575757575757576,True,False,0.0,0.0,0.0,100,3,True,13.900391826614154,False,True,14.372969826045486,True,13.760739960174694,4,4,0.006654786720512374,13.852314749726089,False,271830,13.760739960174694,1641597443,11,55573e876d8e1b78c78edced3c1a91d583a002ce638b23b396b81965168e8263,40.08718185399994,pyvrp,40.0,0.01004661366250679,cvrp100_31862.json,0
"[""pyvrp_cost_not_converged"", ""route_membership_ambiguous""]",unstable_cost,False,0.28699165454114706,cvrp_s7799_n20-50-100_x66667_cvrp100_31982,0.08323232323232323,False,False,0.0,0.0,0.0,100,1,True,16.82030132118294,False,True,17.489387361566102,True,16.53330966664179,4,4,0.007492560693404519,16.657186492781957,False,271830,16.53330966664179,181936509,11,a7688ab6c6110cb12253d40a5c228b783dd27017a9ad685d088257f3d9a15f39,40.10965368899997,pyvrp,40.0,0.017062218390803685,cvrp100_31982.json,0
"[""route_membership_ambiguous""]",unstable_matrix,True,0.32411191651693905,cvrp_s7799_n20-50-100_x66667_cvrp100_32090,0.10444444444444445,False,False,0.23,0.0898989898989899,0.0898989898989899,100,2,True,16.183318088353268,False,True,16.501529160206477,True,15.859206171836329,4,4,0.003452994744039092,15.913967927392312,True,271828,15.859206171836329,2812200548,10,d90857ca64b779c681c7a793e36f242c94fcf4904a109d8b82ade389297523c8,40.09178899999824,pyvrp,40.0,0.020027531730355985,cvrp100_32090.json,0
"[""pyvrp_cost_not_converged""]",unstable_cost,False,0.2640504155772181,cvrp_s7799_n20-50-100_x66667_cvrp100_32168,0.10323232323232323,True,False,0.2,0.00808080808080808,0.00808080808080808,100,2,True,15.547943580802489,False,True,16.540524345737747,True,15.28389316522527,4,4,0.018282652219132084,15.563323268519454,False,271828,15.28389316522527,4165850505,9,9549f1d3ac4dbd18473a063187e099258938aa593a0163822db7c19e6aa078be,40.09170165899923,pyvrp,40.0,0.01698298004523563,cvrp100_32168.json,0
"[""pyvrp_cost_not_converged"", ""route_membership_ambiguous""]",unstable_cost,False,0.15573882309480602,cvrp_s7799_n20-50-100_x66667_cvrp100_32404,0.056767676767676765,False,False,0.0,0.0,0.0,100,1,True,14.507486321565729,False,True,15.331027988365458,True,14.351747498470923,4,4,0.0013673481934554648,14.371371334485886,False,271829,14.351747498470923,3620796928,11,ea848ca21366713fc8b4971b4a222485fabdb9ecb6d2e4384627781c18ce207b,40.14605919099995,pyvrp,40.0,0.010735065995774644,cvrp100_32404.json,0
"[""accepted""]",not_selected,True,0.2720553016917968,cvrp_s7799_n20-50-100_x66667_cvrp100_3245,0.08888888888888889,True,True,0.2,0.04767676767676768,0.04767676767676768,100,2,False,19.093175779688924,False,False,,False,18.821120477997127,4,4,0.0013985117310125713,18.847442035776407,True,271829,18.821120477997127,2287185548,11,bebcac772ba62b65b34c397e47efda3d58d27f7cd25d358c7db4ef2054115e16,40.10541889399974,pyvrp,40.0,0.014248824021261344,cvrp100_3245.json,0
"[""pyvrp_cost_not_converged"", ""route_membership_ambiguous""]",unstable_cost,False,0.306359986116723,cvrp_s7799_n20-50-100_x66667_cvrp100_32456,0.0892929292929293,False,False,0.0,0.0,0.0,100,1,True,16.159173819978623,False,True,16.59812757902579,True,15.8528138338619,4,4,0.010224059050461951,16.014893938615284,False,271831,15.8528138338619,3282963981,10,37c36435ae9a7efd5c77c96f924fe122409e6d155ede251abec0f7ae0040cd1b,40.08351052999933,pyvrp,40.0,0.018958889206201278,cvrp100_32456.json,0
"[""pyvrp_cost_not_converged""]",unstable_cost,False,0.41699645165632404,cvrp_s7799_n20-50-100_x66667_cvrp100_32511,0.08424242424242424,True,False,0.0,0.0,0.0,100,2,True,17.04118229348996,False,True,17.763361663318445,True,16.624185841833636,4,4,0.007090549395226845,16.74206045270059,False,271830,16.624185841833636,674377100,11,c9626221aaaa999b087903794f5cbb89b54a1df85006651229a3fbb0b43831bc,40.10009859499769,pyvrp,40.0,0.024469924942685708,cvrp100_32511.json,0
"[""accepted""]",stable_control,True,0.11554110661665362,cvrp_s7799_n20-50-100_x66667_cvrp100_32834,0.04787878787878788,True,True,0.0,0.0,0.0,100,4,False,13.030770639432228,False,True,13.503672529258624,True,12.915229532815575,4,4,1.2478455447867405e-05,12.915390694931899,True,271828,12.915229532815575,248056748,10,3ecce5f5db53ec0eb4fc651ac98b24923b5d296cfa55d83178dd6112c487d475,40.07810063999932,pyvrp,40.0,0.008866789986082353,cvrp100_32834.json,0
"[""pyvrp_cost_not_converged""]",unstable_cost,False,0.35979519562595996,cvrp_s7799_n20-50-100_x66667_cvrp100_33076,0.08424242424242424,True,False,0.0,0.0,0.0,100,2,True,18.1814096445818,False,True,19.09562035977302,True,17.82161444895584,4,4,0.005229883463196414,17.914819415649898,False,271828,17.82161444895584,2810265209,11,38a9e1b92ec3276e5409ccdc1fe5d1a90afb9d02cf0b1706b3820a0f6bed6d28,40.143510322999646,pyvrp,40.0,0.019789180413366993,cvrp100_33076.json,0
"[""pyvrp_cost_not_converged""]",unstable_cost,False,0.22735539399039162,cvrp_s7799_n20-50-100_x66667_cvrp100_3331,0.08444444444444445,True,False,0.0,0.0,0.0,100,2,True,15.071694475182506,False,True,15.622079036363111,True,14.844339081192114,4,4,0.006219343994775245,14.936661132313134,False,271829,14.844339081192114,3745949562,11,d1e7ddda4b19008ebe63ace1a9e288699a92dfb623607af77b8924b2b3ca8d14,40.083660237000004,pyvrp,40.0,0.015084925876434244,cvrp100_3331.json,0
"[""route_membership_ambiguous""]",unstable_matrix,True,0.455973396274425,cvrp_s7799_n20-50-100_x66667_cvrp100_33365,0.06323232323232324,False,False,0.25,0.07090909090909091,0.07090909090909091,100,2,True,16.353658009482277,False,True,16.651238430229483,True,15.897684613207852,4,4,0.004861525309904019,15.974971609323834,True,271828,15.897684613207852,2904377227,10,c17b56b4f31525a7cb87cfe40b312652ae6aa7d94819642da3be250604f5c8f3,40.07826771799955,pyvrp,40.0,0.027882043027317786,cvrp100_33365.json,0
"[""accepted""]",not_selected,True,0.22259883657559953,cvrp_s7799_n20-50-100_x66667_cvrp100_33429,0.10262626262626262,True,True,0.18,0.03232323232323232,0.03232323232323232,100,2,False,13.832103454869129,False,False,,False,13.60950461829353,4,4,0.0048352011074706425,13.67530931009603,True,271831,13.60950461829353,2308204196,10,803f1bb8c2b2faf9a3b0c0be90d292cf73e2d761872d345f43c07ab1faa1afb0,40.13448453900128,pyvrp,40.0,0.016092912932721096,cvrp100_33429.json,0
"[""pyvrp_cost_not_converged"", ""route_membership_ambiguous""]",unstable_cost,False,0.16373433900978718,cvrp_s7799_n20-50-100_x66667_cvrp100_33434,0.07939393939393939,False,False,0.0,0.0,0.0,100,1,True,13.603574551553994,False,True,14.306140271348033,True,13.439840212544206,4,4,0.002181099278674691,13.46915383833729,False,271828,13.439840212544206,2271323412,10,a6d29f7bac08f17f7b402333f1dfb639012f96d81eee10f1716dee4cb68dcac1,40.0738395820008,pyvrp,40.0,0.012036126121798121,cvrp100_33434.json,0
"[""accepted""]",not_selected,True,0.40906889602114305,cvrp_s7799_n20-50-100_x66667_cvrp100_33520,0.07595959595959596,True,True,0.0,0.0,0.0,100,2,False,17.894409083179458,False,False,,False,17.485340187158315,4,4,0.003461258643456387,17.54586147201489,True,271831,17.485340187158315,1146201326,12,fa5bdc7f9b34944cef4a74bfa77048ed7b698be9c935b699989ab491cfeb59a0,40.07510870499755,pyvrp,40.0,0.02286015112986677,cvrp100_33520.json,0
"[""pyvrp_cost_not_converged"", ""route_membership_ambiguous""]",unstable_cost,False,0.4601029085152142,cvrp_s7799_n20-50-100_x66667_cvrp100_33593,0.10626262626262627,False,False,0.0,0.0,0.0,100,1,True,16.526425581946356,False,True,16.69241236519942,True,16.06632267343114,4,4,0.0057373604275660454,16.158500957354192,False,271830,16.06632267343114,3771264770,10,08ccac500e12ddaf6fff7e770314f85cd6e6757c76f21c6f09bec8d8c5d8af1f,40.08813706699948,pyvrp,40.0,0.027840436895067953,cvrp100_33593.json,0
"[""pyvrp_cost_not_converged""]",unstable_cost,False,0.31779830484696703,cvrp_s7799_n20-50-100_x66667_cvrp100_33604,0.06767676767676768,True,False,0.0,0.0,0.0,100,3,True,12.698462355950848,False,True,13.026470274719134,True,12.380664051103881,4,4,0.010139482736207244,12.506197580512831,False,271828,12.380664051103881,3740683215,10,c09949f3e0c8782a6ebbe5ff2b44d379793f836f0a7aafc1d61a28c1b1443b03,40.09858093100047,pyvrp,40.0,0.025026518639718453,cvrp100_33604.json,0
"[""accepted""]",not_selected,True,0.3244961654091476,cvrp_s7799_n20-50-100_x66667_cvrp100_33658,0.06202020202020202,True,True,0.0,0.0,0.0,100,4,False,16.375324032820323,False,False,,False,16.050827867411176,4,4,0.00016607637978298533,16.053493530795915,True,271831,16.050827867411176,2678113261,11,15bc296312f8b3dc8b9c93df1b4c697a01e6d7fdd8d536fe17a3d5c443ea0762,40.086416762002045,pyvrp,40.0,0.01981616759209006,cvrp100_33658.json,0
"[""pyvrp_cost_not_converged"", ""route_membership_ambiguous""]",unstable_cost,False,0.3507586592629348,cvrp_s7799_n20-50-100_x66667_cvrp100_33669,0.06060606060606061,False,False,0.0,0.0,0.0,100,1,True,16.014351192131073,False,True,16.741181797373244,True,15.663592532868138,4,4,0.0018471629457899536,15.692525740592805,False,271831,15.663592532868138,779803157,11,b831161e65a64c0c59de9f61c9bd9898565678a8c65a16e420b91d0fad608ab2,40.13266069200108,pyvrp,40.0,0.021902770524683268,cvrp100_33669.json,0
"[""accepted""]",not_selected,True,0.17349530293893345,cvrp_s7799_n20-50-100_x66667_cvrp100_33730,0.0397979797979798,True,True,0.0,0.0,0.0,100,4,False,14.538663071666576,False,False,,False,14.365167768727643,4,4,0.00010276270239889461,14.36664397218797,True,271831,14.365167768727643,3788311707,10,d9500367f0a12ec79e77c18fe5e4b6e420fb8e52a5af52acfce5c5cadfbc72dd,40.09061013900282,pyvrp,40.0,0.011933373934295706,cvrp100_33730.json,0
"[""accepted""]",not_selected,True,0.14240771260967833,cvrp_s7799_n20-50-100_x66667_cvrp100_33867,0.03535353535353535,True,True,0.0,0.0,0.0,100,3,False,14.5357772748074,False,False,,False,14.393369562197721,4,4,0.003131412892845394,14.438441145216276,True,271828,14.393369562197721,679162573,11,44a6f1c7d0cea886384dff419809a80bf16dad96957725da2e30f83ba991ce57,40.06958378400304,pyvrp,40.0,0.009797048339237521,cvrp100_33867.json,0
"[""pyvrp_cost_not_converged"", ""route_membership_ambiguous""]",unstable_cost,False,0.47800776982377613,cvrp_s7799_n20-50-100_x66667_cvrp100_33970,0.07919191919191919,False,False,0.0,0.0,0.0,100,1,True,19.072158857509077,False,True,20.122269038258985,True,18.5941510876853,4,4,0.005553544156540425,18.697414526804145,False,271829,18.5941510876853,3600307862,10,8c5581f26eda5b1beb9772338b33b64e737fac0358733b35af0498f409bec417,40.09144080799888,pyvrp,40.0,0.025063118097696385,cvrp100_33970.json,0
"[""pyvrp_cost_not_converged"", ""route_membership_ambiguous""]",unstable_cost,False,0.43496229674427056,cvrp_s7799_n20-50-100_x66667_cvrp100_3430,0.1298989898989899,False,False,0.25,0.10868686868686869,0.10868686868686869,100,2,True,17.74420435529878,False,True,18.29428429043243,True,17.30924205855451,4,4,0.005970211079659449,17.412581887273,False,271828,17.30924205855451,3799882680,10,f633a509c2abb2aa3620958793426872d84f0b5d7f82addccb9c645b53134a6e,40.090035509998415,pyvrp,40.0,0.0245129219679203,cvrp100_3430.json,0
"[""accepted""]",stable_control,True,0.2849603648812309,cvrp_s7799_n20-50-100_x66667_cvrp100_34370,0.06848484848484848,True,True,0.14,0.0028282828282828283,0.001414141414141414,100,4,False,15.651966589182251,False,True,15.702948002529316,True,15.36700622430102,4,4,2.7340156007663164e-05,15.367426360648563,True,271831,15.36700622430102,1082044724,11,102ccaad2d61d3a08d17796e04f186fe31b5716758c11e7feb6d732d09c0b2c2,40.08992970899999,pyvrp,40.0,0.018206042241246494,cvrp100_34370.json,0
"[""accepted""]",stable_control,True,0.3876322413957318,cvrp_s7799_n20-50-100_x66667_cvrp100_34534,0.07757575757575758,True,True,0.0,0.0,0.0,100,2,False,14.62786088375046,False,True,15.291599735541125,True,14.240228642354728,4,4,0.0023792149418979222,14.27410920711666,True,271829,14.240228642354728,2137162862,9,666d5f1c6bad7a397849c4222469cbe2448446eea65f1a929cf108ace01afb5f,40.101925752998795,pyvrp,40.0,0.026499584900095536,cvrp100_34534.json,0
"[""pyvrp_cost_not_converged""]",unstable_cost,False,0.5082549743930755,cvrp_s7799_n20-50-100_x66667_cvrp100_34580,0.0901010101010101,True,False,0.21,0.027474747474747475,0.018316498316498318,100,3,True,16.797687108418184,False,True,18.172923089388014,True,16.28943213402511,4,4,0.007506391881442254,16.41170699514926,False,271831,16.28943213402511,4276578081,11,a470b9f059ceae433a0903c10ae9595d4666e4483438ee5b3e02726306e56a0f,40.14051801599999,pyvrp,40.0,0.03025743789086075,cvrp100_34580.json,0
"[""route_membership_ambiguous""]",unstable_matrix,True,0.20975388627293157,cvrp_s7799_n20-50-100_x66667_cvrp100_34757,0.09333333333333334,False,False,0.22,0.07414141414141415,0.037070707070707073,100,4,True,17.253403794085727,False,True,18.310474861977802,True,17.043649907812796,4,4,3.257641106096443e-05,17.044205128758172,True,271830,17.043649907812796,1587149096,10,f4c9792a237e041ca40a73193ea5a1182b4eda36dd410e01e576b21af0b8266e,40.08208098199975,pyvrp,40.0,0.01215724669614658,cvrp100_34757.json,0
"[""route_membership_ambiguous""]",unstable_matrix,True,0.19737356408010598,cvrp_s7799_n20-50-100_x66667_cvrp100_34968,0.06464646464646465,False,False,0.17,0.08161616161616161,0.04080808080808081,100,4,True,13.03022885186333,False,True,13.492092103856512,True,12.832855287783223,4,4,0.0002699201382746707,12.83631913385696,True,271829,12.832855287783223,669397115,11,b1da808faee4f2ec9133e8253648535c3398a1d188f136d07b0026c21a3d2141,40.09348165600022,pyvrp,40.0,0.015147359752770685,cvrp100_34968.json,0
"[""pyvrp_cost_not_converged""]",unstable_cost,False,0.4503039234931414,cvrp_s7799_n20-50-100_x66667_cvrp100_35127,0.09757575757575758,True,False,0.0,0.0,0.0,100,3,True,18.184312915244742,False,True,18.913186212408995,True,17.7340089917516,4,4,0.005293124528501886,17.827877309734514,False,271829,17.7340089917516,2496418306,11,1d27139a3a13f8473bd8352190335ff3cab21d5812f5e0f7ec480dff0413e037,40.08002617600141,pyvrp,40.0,0.024763318008877367,cvrp100_35127.json,0
"[""accepted""]",not_selected,True,0.2240360234307488,cvrp_s7799_n20-50-100_x66667_cvrp100_35317,0.07515151515151515,True,True,0.21,0.028686868686868688,0.028686868686868688,100,2,False,17.906702433790883,False,False,,False,17.682666410360135,4,4,0.002155638107485163,17.720783839916255,True,271831,17.682666410360135,4221351100,11,d07cdf5259da54640f14673ed4fdfef7861e90c508fabd5e846a442ac625f2bd,40.107050286998856,pyvrp,40.0,0.012511294263090066,cvrp100_35317.json,0
"[""pyvrp_cost_not_converged"", ""route_membership_ambiguous""]",unstable_cost,False,0.3785891375704331,cvrp_s7799_n20-50-100_x66667_cvrp100_35328,0.09717171717171717,False,False,0.22,0.0696969696969697,0.0696969696969697,100,2,True,17.224909836738092,False,True,17.912952091630398,True,16.84632069916766,4,4,0.005858413178332734,16.945013406358083,False,271830,16.84632069916766,466815234,10,eea75b6a7f6d4b6206cb3ef66d6a9d7830e71c79087c1761f228902971b0696e,40.09161155799666,pyvrp,40.0,0.021979165125321033,cvrp100_35328.json,0
"[""accepted""]",not_selected,True,0.29643864351031013,cvrp_s7799_n20-50-100_x66667_cvrp100_35342,0.06424242424242424,True,True,0.0,0.0,0.0,100,3,False,15.639256049871339,False,False,,False,15.342817406361029,4,4,0.0022606678926339083,15.377502421054134,True,271829,15.342817406361029,942150051,10,0ec10ded6901dec3a666eba90d5b86ae2022686ca450d86e6184cfc107aa8323,40.06865886000014,pyvrp,40.0,0.018954779086998122,cvrp100_35342.json,0
"[""pyvrp_cost_not_converged""]",unstable_cost,False,0.4713567799036653,cvrp_s7799_n20-50-100_x66667_cvrp100_35558,0.10121212121212121,True,False,0.0,0.0,0.0,100,2,True,17.152601560550377,False,True,17.826728637506733,True,16.68124478064671,4,4,0.0058663419249650505,16.779102666264023,False,271831,16.68124478064671,4053005882,11,c848ef622ccb5a16b3e45a5b82de25e8cb3768f4256bc03aa4eedbca71efc24d,40.09588964399882,pyvrp,40.0,0.027480191750489238,cvrp100_35558.json,1
"[""accepted""]",not_selected,True,0.32119116674948955,cvrp_s7799_n20-50-100_x66667_cvrp100_35959,0.08060606060606061,True,True,0.0,0.0,0.0,100,3,False,17.099185857834595,False,False,,False,16.777994691085105,4,4,0.004506288528574604,16.853601176094028,True,271831,16.777994691085105,3102295601,10,9b80c20fb6c2f1674f9968e19eb974583d2708206526e81099bca0aa80e87810,40.086213832000794,pyvrp,40.0,0.01878400348530772,cvrp100_35959.json,0
"[""pyvrp_cost_not_converged""]",unstable_cost,False,0.29752372427275375,cvrp_s7799_n20-50-100_x66667_cvrp100_36177,0.06505050505050505,True,False,0.0,0.0,0.0,100,3,True,17.287470426620658,False,True,19.913086338752986,True,16.989946702347904,4,4,0.013653484947425064,17.221918683905965,False,271828,16.989946702347904,2981878193,12,49095cf33703f55abf4a398cbf3107f4527a615fb49ac994566b0df875a81e52,40.08792652599732,pyvrp,40.0,0.017210367794157,cvrp100_36177.json,0
"[""accepted""]",stable_control,True,0.2063221452438242,cvrp_s7799_n20-50-100_x66667_cvrp100_36310,0.09838383838383838,True,True,0.0,0.0,0.0,100,2,False,16.184211625198508,False,True,16.54084237055921,True,15.977889479954683,4,4,0.00363545514246687,16.035976380430352,True,271829,15.977889479954683,4025787128,10,2f11ff95a798ee2fab8bf4edd56b98bb88823a18cdb4d54dac0983a40dd33552,40.14317099500113,pyvrp,40.0,0.012748359328333582,cvrp100_36310.json,0
"[""pyvrp_cost_not_converged"", ""route_membership_ambiguous""]",unstable_cost,False,0.24291503812574078,cvrp_s7799_n20-50-100_x66667_cvrp100_36328,0.08949494949494949,False,False,0.0,0.0,0.0,100,1,True,14.102350956403312,False,True,14.592921010822476,True,13.85943591827757,4,4,0.0053493308671819575,13.933574626636943,False,271829,13.85943591827757,1436842664,10,e6c7aba5fd54b28550938cc7db57a684523b32d1e1cd2a669bae7b14c9e71c63,40.07677169600356,pyvrp,40.0,0.01722514486249137,cvrp100_36328.json,0
"[""route_membership_ambiguous""]",unstable_matrix,True,0.22591940704525015,cvrp_s7799_n20-50-100_x66667_cvrp100_36335,0.08747474747474747,False,False,0.22,0.08404040404040404,0.08404040404040404,100,2,True,17.968145112873668,False,True,19.322423379926473,True,17.742225705828417,4,4,0.0031441556148170675,17.79801002440075,True,271828,17.742225705828417,686166814,10,62fdd3f7e49afc03dcd69df14379089cbcc2f5687f139d4f717355aef4c60d6b,40.066893872000946,pyvrp,40.0,0.012573329390766401,cvrp100_36335.json,-1
"[""pyvrp_cost_not_converged""]",unstable_cost,False,0.24424032201942047,cvrp_s7799_n20-50-100_x66667_cvrp100_3643,0.09434343434343434,True,False,0.0,0.0,0.0,100,2,True,15.204090703877355,False,True,15.51276627316314,True,14.959850381857935,4,4,0.007322260367893928,15.069390301418636,False,271828,14.959850381857935,1946753770,10,ce0c423bb82e3894f65cd6746c89cb16fc5baa691921b5a303528fc0560c982f,40.101149969999824,pyvrp,40.0,0.01606411897800203,cvrp100_3643.json,0
"[""accepted""]",not_selected,True,0.27490454867561454,cvrp_s7799_n20-50-100_x66667_cvrp100_36438,0.07434343434343435,True,True,0.0,0.0,0.0,100,3,False,17.38107702545139,False,False,,False,17.106172476775775,4,4,0.00145957674031625,17.131140248238715,True,271829,17.106172476775775,1017530359,10,bafeebb53d7d85c25c1f2b5c173dbed211fc87ad8ac5d0e10b7c5df6cebfd514,40.09761037299904,pyvrp,40.0,0.01581631266423061,cvrp100_36438.json,0
"[""pyvrp_cost_not_converged""]",unstable_cost,False,0.1107877573702023,cvrp_s7799_n20-50-100_x66667_cvrp100_36440,0.0707070707070707,True,False,0.0,0.0,0.0,100,2,True,14.17021866368107,False,True,14.832934590913151,True,14.059430906310867,4,4,0.005019282486616288,14.129999161630705,False,271828,14.059430906310867,3130938667,11,073ca36f295242480c837bfb6af76832dcb5aa31b4b7b373b439461eebfdc43d,40.08965092699873,pyvrp,40.0,0.00781835199580628,cvrp100_36440.json,0
"[""accepted""]",not_selected,True,0.26675019910193676,cvrp_s7799_n20-50-100_x66667_cvrp100_36518,0.06080808080808081,True,True,0.0,0.0,0.0,100,2,False,14.241773929152476,False,False,,False,13.97502373005054,4,4,0.0035116055779613135,14.024098501333127,True,271829,13.97502373005054,3906204979,10,4cb43c0921e2a1a86e7afd8ea9b2869a9c977167ebf6bf8c1e84d7cb56948a3e,40.08963947599841,pyvrp,40.0,0.0187301245216305,cvrp100_36518.json,0
"[""pyvrp_cost_not_converged"", ""route_membership_ambiguous""]",unstable_cost,False,0.535286048554589,cvrp_s7799_n20-50-100_x66667_cvrp100_36576,0.10525252525252525,False,False,0.0,0.0,0.0,100,1,True,17.668971423685928,False,True,18.927451970182794,True,17.13368537513134,4,4,0.002232637218788525,17.17193867879487,False,271830,17.13368537513134,3477939489,10,761bfc6c78e06bb41cd02c1781eb4be9e2d0844ca1d283df25cdb971dae978b0,40.070475687,pyvrp,40.0,0.030295258038451386,cvrp100_36576.json,0
"[""accepted""]",stable_control,True,0.07375242708464214,cvrp_s7799_n20-50-100_x66667_cvrp100_36608,0.06161616161616162,True,True,0.0,0.0,0.0,100,3,False,14.284326496983148,False,True,14.753925197233022,True,14.210574069898506,4,4,0.004487065704485702,14.274337849448601,True,271831,14.210574069898506,3524331299,10,2718d7248009f00d3c27acd36850f42c73b8fc57f8153759c6ded17f5b5e6cef,40.0837466539997,pyvrp,40.0,0.0051631714733080805,cvrp100_36608.json,0
"[""route_membership_ambiguous""]",unstable_matrix,True,0.350312742678776,cvrp_s7799_n20-50-100_x66667_cvrp100_36734,0.09131313131313132,False,False,0.19,0.06525252525252526,0.06525252525252526,100,2,True,16.29247868516078,False,True,16.826015257583183,True,15.942165942482005,4,4,0.0010924170820257593,15.959581436882061,True,271829,15.942165942482005,1290757513,10,8873ea0552f7e5df12d2c0eab444bb011b4ff92e778d475fafc8a440e6abaa0d,40.08516870999665,pyvrp,40.0,0.021501500750640324,cvrp100_36734.json,0
"[""pyvrp_cost_not_converged""]",unstable_cost,False,0.10888369870762382,cvrp_s7799_n20-50-100_x66667_cvrp100_36762,0.05191919191919192,True,False,0.0,0.0,0.0,100,3,True,13.528656758413698,False,True,13.782079670940368,True,13.419773059706074,4,4,0.0096308104627683,13.549016350497467,False,271830,13.419773059706074,2071511124,11,6b0cc4470aa1806eb136b3f2f37ed98128294c38c8f9dae26bffe1a01b4cfc92,40.09911586000089,pyvrp,40.0,0.008048374694694448,cvrp100_36762.json,0
"[""accepted""]",not_selected,True,0.36502118046640497,cvrp_s7799_n20-50-100_x66667_cvrp100_36780,0.058787878787878785,True,True,0.0,0.0,0.0,100,4,False,16.15614170561863,False,False,,False,15.791120525152225,4,4,4.499634681581601e-16,15.791120525152232,True,271828,15.791120525152225,2146871204,12,c593731e6b6ba76b1b6b5f06264d38e808c45ea0888b09145173c3a97a8c3d7c,40.083546420002676,pyvrp,40.0,0.022593338627344507,cvrp100_36780.json,0
"[""accepted""]",not_selected,True,0.09637941737942235,cvrp_s7799_n20-50-100_x66667_cvrp100_3696,0.01696969696969697,True,True,0.0,0.0,0.0,100,3,False,13.430725795744472,False,False,,False,13.33434637836505,4,4,0.002400637468655793,13.366357309900987,True,271828,13.33434637836505,3861202664,10,c7019d256b31f257b5d181d461036eff05ae593b0c025193783d1eb9da84992c,40.08123985300335,pyvrp,40.0,0.007176039392447442,cvrp100_3696.json,0
"[""pyvrp_cost_not_converged"", ""route_membership_ambiguous""]",unstable_cost,False,0.35314990483668396,cvrp_s7799_n20-50-100_x66667_cvrp100_37098,0.09171717171717171,False,False,0.2,0.05555555555555555,0.05555555555555555,100,2,True,18.322077482312753,False,True,19.020429509191693,True,17.96892757747607,4,4,0.006559920030289939,18.086802305414384,False,271831,17.96892757747607,137500159,11,f50222564a5b12b2bef46e0eb438b67077bcdfb8d234afb937d2a864fe11ce4a,40.06863575500029,pyvrp,40.0,0.019274555801742338,cvrp100_37098.json,0
"[""accepted""]",not_selected,True,0.22710068273018003,cvrp_s7799_n20-50-100_x66667_cvrp100_37298,0.07131313131313131,True,True,0.0,0.0,0.0,100,3,False,13.191125098987103,False,False,,False,12.964024416256922,4,4,0.0043665823105609155,13.02063289594663,True,271831,12.964024416256922,2830620403,11,030f27fc7ab23c52b2b98071f14ba09c29b01a870cb383b97fe433187a8c7501,40.07572974700088,pyvrp,40.0,0.017216172314795063,cvrp100_37298.json,0
"[""accepted""]",not_selected,True,0.27896537034248325,cvrp_s7799_n20-50-100_x66667_cvrp100_37411,0.08060606060606061,True,True,0.0,0.0,0.0,100,2,False,17.0252296750808,False,False,,False,16.746264304738318,4,4,0.002932713091936732,16.795376293305857,True,271829,16.746264304738318,1926681159,9,dbaec122a37de372b589587117e3da529ff99cb5c14a33273d06837c959186fd,40.09166038500189,pyvrp,40.0,0.01638541010408773,cvrp100_37411.json,0
"[""accepted""]",not_selected,True,0.27547053345108097,cvrp_s7799_n20-50-100_x66667_cvrp100_37490,0.07616161616161617,True,True,0.15,0.027474747474747475,0.027474747474747475,100,2,False,16.727009648466296,False,False,,False,16.451539115015215,4,4,0.0015643823943716942,16.477275613167063,True,271830,16.451539115015215,644012011,11,26a928c052c27e327f5fe1cda8dc5ebdf067c4386809b1c11c657bbf2633a657,40.08770706699943,pyvrp,40.0,0.01646860611910623,cvrp100_37490.json,0
"[""pyvrp_cost_not_converged""]",unstable_cost,False,0.2833361896727151,cvrp_s7799_n20-50-100_x66667_cvrp100_37514,0.0795959595959596,True,False,0.0,0.0,0.0,100,2,True,13.651103444793309,False,True,14.224495893554632,True,13.367767255120594,4,4,0.010137694940318649,13.503285601586187,False,271828,13.367767255120594,3321271368,11,8fc73e560b5eda7d9d936acbeda867fdd2603e0c292e4ed55ca53c9f4f589cd1,40.08992548999959,pyvrp,40.0,0.02075555216606192,cvrp100_37514.json,0
"[""route_membership_ambiguous""]",unstable_matrix,True,0.2842020270068346,cvrp_s7799_n20-50-100_x66667_cvrp100_37580,0.09171717171717171,False,False,0.19,0.10666666666666667,0.07111111111111111,100,3,True,18.362135430687665,False,True,18.811591963887018,True,18.07793340368083,4,4,0.0027517871893786515,18.12768002923152,True,271829,18.07793340368083,3219479537,11,4ef1d9aeb2136a46a6c25719de5ee107c0688fce5bd8bd42713f8b8abf83c299,40.09701939400111,pyvrp,40.0,0.01547761305212153,cvrp100_37580.json,0
"[""pyvrp_cost_not_converged""]",unstable_cost,False,0.3338027322552719,cvrp_s7799_n20-50-100_x66667_cvrp100_37749,0.07797979797979798,True,False,0.0,0.0,0.0,100,3,True,18.515651611040777,False,True,19.056695089861982,True,18.181848878785505,4,4,0.006879350341752155,18.306928187083464,False,271831,18.181848878785505,420130203,11,3818c86ab740d1bfe5c80cb52c777fc404ee86f3a6100be7969f7aa722b11024,40.087445619999926,pyvrp,40.0,0.01802813853206372,cvrp100_37749.json,0
"[""accepted""]",not_selected,True,0.07700670403925614,cvrp_s7799_n20-50-100_x66667_cvrp100_38097,0.027676767676767678,True,True,0.0,0.0,0.0,100,4,False,12.598522067729082,False,False,,False,12.521515363689826,4,4,4.2559309823267164e-16,12.521515363689831,True,271828,12.521515363689826,1042238584,10,37759829bc68f5fecb095f8c048427ea65e1b5459aff331a3e0beeff5b945c0e,40.07786101400052,pyvrp,40.0,0.0061123601344087505,cvrp100_38097.json,0
"[""accepted""]",stable_control,True,0.31589452528126394,cvrp_s7799_n20-50-100_x66667_cvrp100_3820,0.047474747474747475,True,True,0.0,0.0,0.0,100,3,False,13.943909536322483,False,True,14.169898403004595,True,13.628015011041219,4,4,0.0015426738208506642,13.649038593028912,True,271831,13.628015011041219,3425880451,11,41104dc8bfc963f4ab01a12e8400afe5d01cf46638ed88fe79c114db0e1eb9b8,40.1041041799981,pyvrp,40.0,0.022654659689120216,cvrp100_3820.json,0
"[""accepted""]",stable_control,True,0.15946213437139534,cvrp_s7799_n20-50-100_x66667_cvrp100_3855,0.030303030303030304,True,True,0.22,0.018383838383838384,0.018383838383838384,100,2,False,14.225343384215448,False,True,15.120080251398909,True,14.065881249844052,4,4,0.0010924342669428313,14.08124730051613,True,271831,14.065881249844052,721082668,10,bbf9c1e59514487ce71add8b8272da7b0421153e6c8d574d4681519d16ce2cd4,40.10215232500195,pyvrp,40.0,0.011209721274520218,cvrp100_3855.json,0
"[""route_membership_ambiguous""]",unstable_matrix,True,0.08163465801685632,cvrp_s7799_n20-50-100_x66667_cvrp100_38880,0.02909090909090909,False,False,0.18,0.06181818181818182,0.03090909090909091,100,4,True,14.190504783922238,False,True,14.97059655172367,True,14.108870125905382,4,4,0.0001872814646761716,14.111512455767487,True,271828,14.108870125905382,3389040562,12,104cc3e03095b970aeb35650a93c995e539d4109a5ab749238d8a93645401f1a,40.09496317799858,pyvrp,40.0,0.005752766322262752,cvrp100_38880.json,0
"[""accepted""]",not_selected,True,0.29573307454782594,cvrp_s7799_n20-50-100_x66667_cvrp100_38967,0.04767676767676768,True,True,0.19,0.007676767676767677,0.0051178451178451176,100,3,False,14.28684030671116,False,False,,False,13.991107232163333,4,4,0.0034979222732332152,14.040047037777912,True,271830,13.991107232163333,260531058,10,adaee61b669f06e65303c95905b29c0130b91ab640b3dff31b75b4b279652bbf,40.08900747900043,pyvrp,40.0,0.020699683638859396,cvrp100_38967.json,0
"[""pyvrp_cost_not_converged"", ""route_membership_ambiguous""]",unstable_cost,False,0.08661180221259457,cvrp_s7799_n20-50-100_x66667_cvrp100_39277,0.06505050505050505,False,False,0.0,0.0,0.0,100,1,True,12.834119036934831,False,True,13.36648461318054,True,12.747507234722237,4,4,0.002025630340123809,12.773328972137838,False,271831,12.747507234722237,21036183,10,585646e9c2b19e14da12c8d39a655d299e07f941f09b4cdc9d7b68add917ca0a,40.0950847339991,pyvrp,40.0,0.0067485584295531075,cvrp100_39277.json,0
"[""accepted""]",stable_control,True,0.311888909014165,cvrp_s7799_n20-50-100_x66667_cvrp100_39389,0.08383838383838384,True,True,0.0,0.0,0.0,100,2,False,19.371426311136254,False,True,20.098431266247378,True,19.05953740212209,4,4,0.004538856055086156,19.146045898866852,True,271830,19.05953740212209,668449837,11,fe3842ed277c1dda2288a45e98377558628daba358431ab94acce29f74f1715a,40.05815630399957,pyvrp,40.0,0.016100461783491192,cvrp100_39389.json,0
"[""route_membership_ambiguous""]",unstable_matrix,True,0.11955207925895728,cvrp_s7799_n20-50-100_x66667_cvrp100_39453,0.08363636363636363,False,False,0.21,0.09252525252525252,0.09252525252525252,100,2,True,15.092073615611248,False,True,15.384462001580676,True,14.972521536352291,4,4,0.0015162206669716112,14.995223182942386,True,271830,14.972521536352291,1921094859,11,83b6aa5135ffce54939c7223f8f05296c4f63b50c5eb6924800b00328173f8f0,40.09612227400066,pyvrp,40.0,0.007921514452148747,cvrp100_39453.json,0
"[""route_membership_ambiguous""]",unstable_matrix,True,0.40020097522543807,cvrp_s7799_n20-50-100_x66667_cvrp100_3949,0.07090909090909091,False,False,0.22,0.08565656565656565,0.08565656565656565,100,2,True,19.68191506867612,False,True,20.10719802203355,True,19.28171409345068,4,4,0.0015770369209741212,19.31212206847572,True,271830,19.28171409345068,570377290,11,694eafcf1ab4ac60ec52521787c2d02c792f31525a0879e74912dfcaaa3c8d7d,40.089541408000514,pyvrp,40.0,0.02033343675292859,cvrp100_3949.json,0
"[""pyvrp_cost_not_converged"", ""route_membership_ambiguous""]",unstable_cost,False,0.5262551113589247,cvrp_s7799_n20-50-100_x66667_cvrp100_39666,0.07191919191919192,False,False,0.0,0.0,0.0,100,1,True,18.546285084590263,False,True,19.60020776727035,True,18.02002997323134,4,4,0.006572317352337956,18.138463328914057,False,271830,18.02002997323134,3184831542,11,2c4660e5c98a00937484973492003c94c81c86a7237c38881854bcff3c079ec4,40.09221370600062,pyvrp,40.0,0.028375230347137254,cvrp100_39666.json,0
"[""pyvrp_cost_not_converged"", ""route_membership_ambiguous""]",unstable_cost,False,0.08496557486743406,cvrp_s7799_n20-50-100_x66667_cvrp100_39765,0.08080808080808081,False,False,0.0,0.0,0.0,100,1,True,15.438496621856087,False,True,16.92737836050458,True,15.353531046988653,4,4,0.0016781972736955519,15.37929730093331,False,271831,15.353531046988653,1580191571,11,9168bd085899e30e05ecf29aa98e79a3f57ea99e12cba7d7e31df9461c617c0d,40.098444723000284,pyvrp,40.0,0.005503487609483254,cvrp100_39765.json,0
"[""pyvrp_cost_not_converged""]",unstable_cost,False,0.3231625679933998,cvrp_s7799_n20-50-100_x66667_cvrp100_39787,0.0595959595959596,True,False,0.0,0.0,0.0,100,3,True,17.358716307333918,False,True,18.27926530167194,True,17.035553739340518,4,4,0.0076049347763044355,17.16510801440643,False,271829,17.035553739340518,1264473645,11,1f758e0bcf2f3a138bd2624330d1a6f0cde7d3fbc8ce50f205e4e63ec1649090,40.09144690299945,pyvrp,40.0,0.018616731921407476,cvrp100_39787.json,0
"[""pyvrp_cost_not_converged"", ""route_membership_ambiguous""]",unstable_cost,False,0.31294675980067055,cvrp_s7799_n20-50-100_x66667_cvrp100_39879,0.056767676767676765,False,False,0.2,0.06686868686868687,0.04673400673400674,100,3,True,17.707379190866675,False,True,19.238586257338177,True,17.394432431066004,4,4,0.007144661145020022,17.518709756595918,False,271831,17.394432431066004,1786606514,11,6e92e36b9a4ec2b349e4c1ac8613dac9b64d111652017bf88ca26e46eb50dc15,40.08216708799955,pyvrp,40.0,0.01767323986386907,cvrp100_39879.json,0
"[""pyvrp_cost_not_converged""]",unstable_cost,False,0.5384456032205307,cvrp_s7799_n20-50-100_x66667_cvrp100_39904,0.08404040404040404,True,False,0.23,0.04626262626262626,0.04626262626262626,100,2,True,15.601990825499184,False,True,16.678259114113686,True,15.063545222278654,4,4,0.012064130622092701,15.245273799472024,False,271831,15.063545222278654,233973592,10,e054282de9367b7869862942f7fda4252d21dd6e7d9c9bcd1e379042ed7ca4ed,40.090631343002315,pyvrp,40.0,0.03451133956190512,cvrp100_39904.json,0
"[""accepted""]",not_selected,True,0.25339796258171887,cvrp_s7799_n20-50-100_x66667_cvrp100_40071,0.07171717171717172,True,True,0.0,0.0,0.0,100,4,False,14.803331736745655,False,False,,False,14.549933774163936,4,4,3.662608092184921e-16,14.549933774163941,True,271830,14.549933774163936,2584164459,10,8088d026d5ce75554c2ac3493cf163b17787701117ad184a9cf3f25e649b8c0e,40.14484834199902,pyvrp,40.0,0.017117630482651438,cvrp100_40071.json,0
"[""pyvrp_cost_not_converged""]",unstable_cost,False,0.4204488699754556,cvrp_s7799_n20-50-100_x66667_cvrp100_40084,0.1096969696969697,True,False,0.0,0.0,0.0,100,2,True,17.509897283210236,False,True,18.43062817730403,True,17.08944841323478,4,4,0.007977900233558896,17.22578632772212,False,271830,17.08944841323478,2269845380,11,e7abb4dae984177cb24ecabd00f4c27bfeff11acc5c834c2548d7c382c026a07,40.06322804699812,pyvrp,40.0,0.024012069469911315,cvrp100_40084.json,0
"[""route_membership_ambiguous""]",unstable_matrix,True,0.4072824755484987,cvrp_s7799_n20-50-100_x66667_cvrp100_40292,0.09494949494949495,False,False,0.2,0.06121212121212121,0.030606060606060605,100,4,True,18.877133961170482,False,True,19.923429274794028,True,18.469851485621984,4,4,0.0008905523325561292,18.48629985494447,True,271828,18.469851485621984,2464741603,11,1ade2b319c6b24507b7d95f09c85c3eb267852fce29e892767162a24be119034,40.06742903600025,pyvrp,40.0,0.02157544023294334,cvrp100_40292.json,0
"[""pyvrp_cost_not_converged""]",unstable_cost,False,0.33132521121538083,cvrp_s7799_n20-50-100_x66667_cvrp100_40487,0.07757575757575758,True,False,0.0,0.0,0.0,100,3,True,15.768930546713655,False,True,17.02919632049759,True,15.437605335498274,4,4,0.008853876483978168,15.574287986347178,False,271829,15.437605335498274,2279048311,10,90e3aa22a2f2b402c3539a7d39aa53f1bfddcb9793cd4ca82e36670bc7607c3d,40.09521420799865,pyvrp,40.0,0.02101126707571371,cvrp100_40487.json,0
"[""accepted""]",not_selected,True,0.034425138167154756,cvrp_s7799_n20-50-100_x66667_cvrp100_4081,0.07737373737373737,True,True,0.0,0.0,0.0,100,2,False,12.894378851240026,False,False,,False,12.859953713072871,4,4,0.001860210149381933,12.883875929490511,True,271829,12.859953713072871,1664874496,10,b7d2fa2259e53ca48e0c03269fe937adf1f53320a7b6e411816a3eb107c68d2f,40.08786307899936,pyvrp,40.0,0.0026697787124382623,cvrp100_4081.json,0
"[""accepted""]",not_selected,True,0.4157840396558363,cvrp_s7799_n20-50-100_x66667_cvrp100_40892,0.11535353535353535,True,True,0.0,0.0,0.0,100,2,False,17.65936397900307,False,False,,False,17.243579939347235,4,4,0.001805124325121268,17.274706744947924,True,271829,17.243579939347235,4189931545,11,7cf2d5761bfdb78e3536b8de242bc1a9b6488f698e23e2206bd5a04f090898dc,40.07974508999905,pyvrp,40.0,0.023544678061463722,cvrp100_40892.json,0
"[""pyvrp_cost_not_converged"", ""route_membership_ambiguous""]",unstable_cost,False,0.4097991434654453,cvrp_s7799_n20-50-100_x66667_cvrp100_40919,0.1098989898989899,False,False,0.19,0.08666666666666667,0.08666666666666667,100,2,True,17.439695085249603,False,True,17.920274272592035,True,17.029895941784158,4,4,0.00721782058307915,17.152814675240464,False,271831,17.029895941784158,2475162103,11,acee45a06f9fb7569ce43f1d652a016cb0d45e64ee690d97722567f15da83a8f,40.07216530399819,pyvrp,40.0,0.02349806814065523,cvrp100_40919.json,0
"[""accepted""]",not_selected,True,0.1393021416860165,cvrp_s7799_n20-50-100_x66667_cvrp100_41037,0.08565656565656565,True,True,0.0,0.0,0.0,100,2,False,12.723432765136055,False,False,,False,12.584130623450038,4,4,0.00471911790501033,12.64351661959415,True,271831,12.584130623450038,1872523926,10,cd00382d156ff1e58dbaa13e89f9afedcd29a7be712c4439fff308c5a26617ea,40.13530654100032,pyvrp,40.0,0.010948471553032718,cvrp100_41037.json,0
"[""accepted""]",not_selected,True,0.20876969161840897,cvrp_s7799_n20-50-100_x66667_cvrp100_41039,0.07414141414141415,True,True,0.0,0.0,0.0,100,4,False,13.10749277468632,False,False,,False,12.89872308306791,4,4,6.885785623741568e-16,12.89872308306792,True,271829,12.89872308306791,1225889031,10,b261ec0d6c0e5762bcfb31d730119a83e713342e6ca26ddca4f3035380f5b922,40.098265262000496,pyvrp,40.0,0.015927507663524545,cvrp100_41039.json,0
"[""pyvrp_cost_not_converged"", ""route_membership_ambiguous""]",unstable_cost,False,0.3080501817960801,cvrp_s7799_n20-50-100_x66667_cvrp100_41303,0.09151515151515152,False,False,0.0,0.0,0.0,100,1,True,18.057488422885722,False,True,18.92236844243259,True,17.749438241089642,4,4,0.006083866175149742,17.857423448032517,False,271831,17.749438241089642,4002800003,11,0986b410d838e0f47fa5c739ea048bed7d983ba7dc1c5c13a6fdc6fe675cd57b,40.07490040599805,pyvrp,40.0,0.01705941460860432,cvrp100_41303.json,0
"[""pyvrp_cost_not_converged"", ""route_membership_ambiguous""]",unstable_cost,False,0.4257792435381411,cvrp_s7799_n20-50-100_x66667_cvrp100_41336,0.0901010101010101,False,False,0.0,0.0,0.0,100,1,True,16.63353641431856,False,True,17.924969253155417,True,16.207757170780418,4,4,0.012274006717233304,16.406691291165863,False,271828,16.207757170780418,566181494,10,39675a90a93da9ce252b927322a93f63fae5bbac30b01a5f08008c572e31ebef,40.0827247039997,pyvrp,40.0,0.025597637984645275,cvrp100_41336.json,0
"[""accepted""]",not_selected,True,0.22824026994603486,cvrp_s7799_n20-50-100_x66667_cvrp100_4160,0.07212121212121213,True,True,0.0,0.0,0.0,100,2,False,14.284924096309302,False,False,,False,14.056683826363267,4,4,0.0040507765213762086,14.113624311175508,True,271830,14.056683826363267,954901845,10,9bef6b3ebb2e08322b5864fe91b4c1f2c5099cbf6db7e9dcf051f72f96943020,40.14093705800042,pyvrp,40.0,0.015977702675018326,cvrp100_4160.json,0
"[""route_membership_ambiguous""]",unstable_matrix,True,0.23702400913488475,cvrp_s7799_n20-50-100_x66667_cvrp100_41782,0.09595959595959595,False,False,0.23,0.06080808080808081,0.030404040404040406,100,4,True,15.737298388999678,False,True,16.685320444161125,True,15.500274379864793,4,4,0.0004933430433751204,15.507921332400505,True,271831,15.500274379864793,2279875277,11,f7fdea8930a8cf00b8ce4b6aab7e8cd2471948c5b83e6f489535c8489f7e032d,40.13502124399747,pyvrp,40.0,0.015061289636635713,cvrp100_41782.json,0
"[""accepted""]",not_selected,True,0.16118294138509803,cvrp_s7799_n20-50-100_x66667_cvrp100_4180,0.05313131313131313,True,True,0.0,0.0,0.0,100,4,False,13.41327577184276,False,False,,False,13.252092830457663,4,4,2.6808699005150323e-16,13.252092830457666,True,271828,13.252092830457663,284560506,10,752c1202690c09a79e538eb7f73e2da70184e2d2501d47c3c4c4b701f531e1d1,40.11061189099928,pyvrp,40.0,0.012016672446521553,cvrp100_4180.json,-1
"[""accepted""]",stable_control,True,0.15608289171505518,cvrp_s7799_n20-50-100_x66667_cvrp100_41800,0.06727272727272728,True,True,0.18,0.018787878787878787,0.012525252525252524,100,3,False,17.313813818341565,False,True,18.401893652410127,True,17.15773092662651,4,4,0.0011892417670010176,17.17813561687142,True,271828,17.15773092662651,588851432,11,5e0bf9d8219b1a0dc6f5807f2e73455ecde0193488df704e8453cd369eddfacc,40.09199267200165,pyvrp,40.0,0.009014934164863618,cvrp100_41800.json,0
"[""accepted""]",not_selected,True,0.062130068253798854,cvrp_s7799_n20-50-100_x66667_cvrp100_41897,0.04040404040404041,True,True,0.0,0.0,0.0,100,4,False,12.925581217328306,False,False,,False,12.863451149074507,4,4,6.866319470296651e-05,12.864334394725308,True,271831,12.863451149074507,527683142,10,cba29ea8d8205a523de944a37f479dccde3b38b30e35598240e3bdbd72c0240f,40.072599734001415,pyvrp,40.0,0.004806752378028926,cvrp100_41897.json,0
"[""accepted""]",not_selected,True,0.28480692760943427,cvrp_s7799_n20-50-100_x66667_cvrp100_41967,0.05232323232323232,True,True,0.17,0.0034343434343434343,0.0022895622895622897,100,4,False,16.86031822551059,False,False,,False,16.575511297901155,4,4,3.871834294705782e-05,16.57615307423211,True,271829,16.575511297901155,156487792,11,9f7a52d2b533089b307b2c56d94699346e892c5a18a77fefc4401b1c3a56f849,40.14555713500158,pyvrp,40.0,0.01689214425256255,cvrp100_41967.json,0
"[""accepted""]",not_selected,True,0.18018450242277595,cvrp_s7799_n20-50-100_x66667_cvrp100_4226,0.0698989898989899,True,True,0.0,0.0,0.0,100,3,False,16.88418446691151,False,False,,False,16.703999964488734,4,4,0.0011161405582054632,16.722643976333362,True,271828,16.703999964488734,3683830884,10,b9385afaf0a3dabc90f95b9a234860341a47f579913cd12bb210e5d4c0b95461,40.06664153800011,pyvrp,40.0,0.01067179186391202,cvrp100_4226.json,0
"[""accepted""]",stable_control,True,0.1518055300096357,cvrp_s7799_n20-50-100_x66667_cvrp100_42317,0.055353535353535356,True,True,0.0,0.0,0.0,100,4,False,13.7553390724755,False,True,14.542521120151688,True,13.603533542465865,4,4,4.734898094896544e-06,13.603597953810919,True,271830,13.603533542465865,2061630350,11,c3e3e02bba0aafba8a1ee2fb653fdfabbe882cfdb9b3284295c9ff0638178817,40.12063181600024,pyvrp,40.0,0.011036116900484068,cvrp100_42317.json,0
"[""accepted""]",not_selected,True,0.21527903197498333,cvrp_s7799_n20-50-100_x66667_cvrp100_42370,0.08161616161616161,True,True,0.0,0.0,0.0,100,3,False,15.527259488836949,False,False,,False,15.311980456861965,4,4,0.002548131788953806,15.350997401015935,True,271829,15.311980456861965,1561951761,11,4b7a8ea9f8cdc1cec04b7e815b2b808c1ad5f2c2b7a6702dc3fc05acae998591,40.08373207900149,pyvrp,40.0,0.013864586479652408,cvrp100_42370.json,0
"[""accepted""]",not_selected,True,0.17950633333303578,cvrp_s7799_n20-50-100_x66667_cvrp100_42474,0.027474747474747475,True,True,0.0,0.0,0.0,100,4,False,15.42772946634886,False,False,,False,15.248223133015824,4,4,4.659839573186831e-16,15.24822313301583,True,271830,15.248223133015824,2587116550,11,aed410d9fb6666cc3a9d4e2f1ed2f799f2a0001cb2f9228d720379a4f16e42dd,40.08905434400003,pyvrp,40.0,0.011635304710558807,cvrp100_42474.json,0
"[""accepted""]",stable_control,True,0.2602667743147826,cvrp_s7799_n20-50-100_x66667_cvrp100_42676,0.08464646464646465,True,True,0.0,0.0,0.0,100,4,False,20.989743122418073,False,True,22.375403316589466,True,20.72947634810329,4,4,3.4276926432109973e-16,20.729476348103297,True,271831,20.72947634810329,2308315165,11,2482950bfaa896f1be8e5ba2ca33b409092fd13922f72f09531b22db0f557821,40.086128114999156,pyvrp,40.0,0.012399712221194598,cvrp100_42676.json,0
"[""accepted""]",not_selected,True,0.33348933900841615,cvrp_s7799_n20-50-100_x66667_cvrp100_42699,0.0698989898989899,True,True,0.21,0.004242424242424243,0.004242424242424243,100,2,False,16.13613981966365,False,False,,False,15.802650480655235,4,4,0.0025845193087575473,15.843492735952035,True,271829,15.802650480655235,328756509,11,d99ac977e211e908c5dea22bfc4e0fec3f21211ebd6299acffee1c7ed2655fda,40.13976168600129,pyvrp,40.0,0.020667231613971448,cvrp100_42699.json,0
"[""pyvrp_cost_not_converged"", ""route_membership_ambiguous""]",unstable_cost,False,0.10047240174096572,cvrp_s7799_n20-50-100_x66667_cvrp100_42749,0.07111111111111111,False,False,0.0,0.0,0.0,100,1,True,16.342787039357194,False,True,17.396013748046443,True,16.24231463761623,4,4,0.0023244133492831957,16.28006849058316,False,271830,16.24231463761623,1185511719,11,76b4477d509318151f65e2e0131b46df42e985106ada541c80274c1c84273189,40.09065190099864,pyvrp,40.0,0.0061478131911653165,cvrp100_42749.json,0
"[""accepted""]",not_selected,True,0.2021763740514686,cvrp_s7799_n20-50-100_x66667_cvrp100_42971,0.0905050505050505,True,True,0.0,0.0,0.0,100,3,False,14.583583217504046,False,False,,False,14.381406843452577,4,4,0.0028600485878659456,14.42253836578672,True,271830,14.381406843452577,2214217952,11,83425e0aef314aa070e06d44a199e2c8500d94ecf9578b8df7f58bd80a688d80,40.0790725730003,pyvrp,40.0,0.013863285245892452,cvrp100_42971.json,0
"[""accepted""]",stable_control,True,0.09821355794768216,cvrp_s7799_n20-50-100_x66667_cvrp100_43024,0.025454545454545455,True,True,0.12,0.019393939393939394,0.009696969696969697,100,4,False,13.221569258421425,False,True,13.440787276663645,True,13.123355700473743,4,4,0.00011379760567873734,13.124849106930927,True,271831,13.123355700473743,346510802,10,bb7d10e853d7cc05f104ed5c40872a4cd56f009d42302d316270085ff9ac7318,40.0858062490006,pyvrp,40.0,0.007428282984270224,cvrp100_43024.json,0
"[""accepted""]",stable_control,True,0.19266650896581616,cvrp_s7799_n20-50-100_x66667_cvrp100_43133,0.0602020202020202,True,True,0.19,0.013737373737373737,0.006868686868686869,100,4,False,15.19521880463688,False,True,16.344823891394807,True,15.002552295671064,4,4,4.920427285633187e-05,15.003290485347762,True,271829,15.002552295671064,2965814410,11,ff1bfdb213adc41c5aab126a4411775e709f42fba2dde73ace146e7aa2ef9f7b,40.0907392400004,pyvrp,40.0,0.012679416561413595,cvrp100_43133.json,0
"[""pyvrp_cost_not_converged"", ""route_membership_ambiguous""]",unstable_cost,False,0.33521221227236886,cvrp_s7799_n20-50-100_x66667_cvrp100_43510,0.08424242424242424,False,False,0.0,0.0,0.0,100,1,True,16.163525503691588,False,True,17.933744063165314,True,15.828313291419219,4,4,0.00305363974034168,15.876647257908475,False,271828,15.828313291419219,4012467386,10,75b4089b9e911e0e504a234161f4b546cc39b63f19c0a39bd7b76f6ea4ae72d5,40.14435099000184,pyvrp,40.0,0.02073880554064828,cvrp100_43510.json,0
"[""pyvrp_cost_not_converged""]",unstable_cost,False,0.3045668272454094,cvrp_s7799_n20-50-100_x66667_cvrp100_43600,0.07717171717171717,True,False,0.0,0.0,0.0,100,2,True,14.395260425408392,False,True,15.253271591972505,True,14.090693598162982,4,4,0.010962671345117074,14.245165241104388,False,271829,14.090693598162982,3593286728,10,7c1874d512eb5c9ae4c6bee2c2497b1ccf5af759d5a15167da37aed3a35086c9,40.09119081400058,pyvrp,40.0,0.021157437812506185,cvrp100_43600.json,0
"[""pyvrp_cost_not_converged"", ""route_membership_ambiguous""]",unstable_cost,False,0.3396508299526815,cvrp_s7799_n20-50-100_x66667_cvrp100_43672,0.06626262626262626,False,False,0.0,0.0,0.0,100,1,True,17.197893188126276,False,True,17.616989643364807,True,16.858242358173595,4,4,0.007327457984294092,16.98177042074216,False,271831,16.858242358173595,3137904007,11,f4cae830c81c8d9b5e8f7c64541bcdf6dc05e6b5b13fb53886deba6a89a51823,40.09007196499806,pyvrp,40.0,0.019749560381453136,cvrp100_43672.json,0
"[""accepted""]",stable_control,True,0.23407117893825458,cvrp_s7799_n20-50-100_x66667_cvrp100_43802,0.08686868686868687,True,True,0.0,0.0,0.0,100,3,False,16.464938821387342,False,True,17.091486239709365,True,16.230867642449088,4,4,0.003226883624173042,16.283242763450627,True,271831,16.230867642449088,2247619542,10,d8cd73c20a68e7dd467322d9be33f0b41683e7f775ac7e80790375de6f3b65f0,40.109764782999264,pyvrp,40.0,0.014216340642226063,cvrp100_43802.json,0
"[""pyvrp_cost_not_converged"", ""route_membership_ambiguous""]",unstable_cost,False,0.2910197113878148,cvrp_s7799_n20-50-100_x66667_cvrp100_4393,0.09151515151515152,False,False,0.0,0.0,0.0,100,1,True,18.048216249316884,False,True,18.64173372812644,True,17.75719653792907,4,4,0.00231296054769036,17.798268232958883,False,271830,17.75719653792907,58471884,11,d5d39d45a3112ac5a6477b56c91edd244b1384a49f1bcd2ca904e598b4340705,40.0959076859981,pyvrp,40.0,0.01612456917446508,cvrp100_4393.json,0
"[""pyvrp_cost_not_converged"", ""route_membership_ambiguous""]",unstable_cost,False,0.354744204568906,cvrp_s7799_n20-50-100_x66667_cvrp100_44182,0.09212121212121212,False,False,0.0,0.0,0.0,100,1,True,19.139043213288453,False,True,19.766308936019612,True,18.784299008719547,4,4,0.00346987991188934,18.849478270508826,False,271831,18.784299008719547,3680935619,11,cf64455cd084e105765a49654a8a5b4688901a82b6828addaf142d5079c1a451,40.09571380499983,pyvrp,40.0,0.01853510651580551,cvrp100_44182.json,0
"[""pyvrp_cost_not_converged"", ""route_membership_ambiguous""]",unstable_cost,False,0.30033390949745176,cvrp_s7799_n20-50-100_x66667_cvrp100_44280,0.09555555555555556,False,False,0.0,0.0,0.0,100,1,True,16.21511308673931,False,True,16.78958970542474,True,15.91477917724186,4,4,0.003729161792389846,15.974127963683951,False,271829,15.91477917724186,1052845220,11,5dafd55fbba9af243c14badb787b0f47ec9237ebcd5c49512fa72952acd45ee3,40.0950093270003,pyvrp,40.0,0.01852185105900151,cvrp100_44280.json,0
"[""accepted""]",stable_control,True,0.05459636215751118,cvrp_s7799_n20-50-100_x66667_cvrp100_4429,0.022424242424242423,True,True,0.0,0.0,0.0,100,4,False,15.205595522790507,False,True,15.978678985003647,True,15.150999160632995,4,4,1.1724354417600243e-16,15.150999160632997,True,271830,15.150999160632995,1781944349,11,1665c4f859bff47eb49fef190da724fce9736eccc2eb65f69e04163a9ec2fab9,40.093784460997995,pyvrp,40.0,0.003590544156963853,cvrp100_4429.json,0
"[""pyvrp_cost_not_converged""]",unstable_cost,False,0.37495554788824137,cvrp_s7799_n20-50-100_x66667_cvrp100_44293,0.08707070707070708,True,False,0.16,0.0032323232323232323,0.0032323232323232323,100,2,True,18.602712573083323,False,True,19.431535637252804,True,18.227757025195082,4,4,0.01157846356781135,18.43880644583422,False,271830,18.227757025195082,3613630821,11,8d0978473be67d860ba2abd4dcfb6f31d5619f98914367af24170d7f62352257,40.10102208800163,pyvrp,40.0,0.020155960933932446,cvrp100_44293.json,0
"[""route_membership_ambiguous""]",unstable_matrix,True,0.16377413015812614,cvrp_s7799_n20-50-100_x66667_cvrp100_44308,0.08707070707070708,False,False,0.19,0.0802020202020202,0.049393939393939386,100,4,True,15.827898270635597,False,True,16.782126603242638,True,15.66412414047747,4,4,0.0007440651954547376,15.675779270067682,True,271831,15.66412414047747,1638040268,11,37f3afd0e402510fe3aea12eba62e4a6d0f808969f1d7eb3ca410f84973a5a1a,40.09720071999982,pyvrp,40.0,0.01034718112018479,cvrp100_44308.json,0
"[""pyvrp_cost_not_converged""]",unstable_cost,False,0.1415259774091968,cvrp_s7799_n20-50-100_x66667_cvrp100_4449,0.024444444444444446,True,False,0.0,0.0,0.0,100,2,True,13.759805199731442,False,True,14.68759612145209,True,13.618279222322245,4,4,0.00713975489182684,13.715510398018084,False,271828,13.618279222322245,460190044,9,222b79f1f56c3dcb3512f5c9e7191fcf18e474ba5d53d9f858714f2a7cb6a4b8,40.089307509999344,pyvrp,40.0,0.010285463736940044,cvrp100_4449.json,0
"[""pyvrp_cost_not_converged"", ""route_membership_ambiguous""]",unstable_cost,False,0.4315766808344925,cvrp_s7799_n20-50-100_x66667_cvrp100_44610,0.09434343434343434,False,False,0.25,0.07333333333333333,0.04888888888888889,100,3,True,17.580152030769497,False,True,18.644241541751466,True,17.148575349935005,4,4,0.011331865257979449,17.342900695166776,False,271828,17.148575349935005,3617649593,10,8767dedc7cc49d2f05e3c36dff64c8004e23536c0b1f2caea8f92a8599c947c0,40.10957789799795,pyvrp,40.0,0.024549086952099702,cvrp100_44610.json,0
"[""route_membership_ambiguous""]",unstable_matrix,True,0.27939341358393044,cvrp_s7799_n20-50-100_x66667_cvrp100_44901,0.08585858585858586,False,False,0.23,0.06707070707070707,0.04484848484848485,100,3,True,13.920890615951029,False,True,14.887680942337111,True,13.641497202367098,4,4,0.004235738501955219,13.69927901729148,True,271829,13.641497202367098,1268988313,10,ceeea99a6a5778f65d90fa6b492d10d7ab09653d9dce2bfd068a56135913509a,40.09336022500065,pyvrp,40.0,0.02007008181385981,cvrp100_44901.json,0
"[""route_membership_ambiguous""]",unstable_matrix,True,0.30896112763122474,cvrp_s7799_n20-50-100_x66667_cvrp100_45020,0.08424242424242424,False,False,0.2,0.05171717171717172,0.034478114478114476,100,4,True,16.46938385984625,False,True,16.981772716443835,True,16.160422732215025,4,4,0.00011735861940783408,16.162319297115925,True,271830,16.160422732215025,4002756586,10,8196e70a96c5c01a4909970b29f7f1387a4e104a3c7e891f6ed0828ac19400ac,40.08582128499984,pyvrp,40.0,0.01875972594120525,cvrp100_45020.json,0
"[""accepted""]",not_selected,True,0.07074187597288528,cvrp_s7799_n20-50-100_x66667_cvrp100_45022,0.08505050505050506,True,True,0.25,0.029494949494949494,0.019663299663299664,100,4,False,12.380888807672005,False,False,,False,12.31014693169912,4,4,8.561323391176719e-05,12.311200843187871,True,271829,12.31014693169912,1839375124,10,7a87682b828f0f7f0091784164a6c404580cbfbdbc31a3f0505738d5ed9d3e44,40.07671489799759,pyvrp,40.0,0.0057137962445029805,cvrp100_45022.json,0
"[""accepted""]",not_selected,True,0.3207537463746686,cvrp_s7799_n20-50-100_x66667_cvrp100_45079,0.09656565656565656,True,True,0.0,0.0,0.0,100,2,False,13.7024660593783,False,False,,False,13.381712313003632,4,4,0.0023705891719950425,13.413434855315591,True,271829,13.381712313003632,1452125815,10,e98443702e4ca66d5b5986f34f05001ef5ba4a11b8a2fca50202c1608d9eb2ba,40.092254936000245,pyvrp,40.0,0.02340846859132608,cvrp100_45079.json,0
"[""route_membership_ambiguous""]",unstable_matrix,True,0.40981501424388256,cvrp_s7799_n20-50-100_x66667_cvrp100_45198,0.10686868686868686,False,False,0.21,0.09171717171717171,0.06114478114478114,100,3,True,17.71204684871043,False,True,18.96268674885428,True,17.302231834466546,4,4,0.00465643562348619,17.382798563146373,True,271829,17.302231834466546,100555906,11,df6d5f7bf17b8875cf88eff2707f460ad1214dc20eeffc0d7d818e92f6228427,40.07926809000128,pyvrp,40.0,0.023137642856546542,cvrp100_45198.json,0
"[""route_membership_ambiguous""]",unstable_matrix,True,0.14171689242756358,cvrp_s7799_n20-50-100_x66667_cvrp100_45251,0.058383838383838385,False,False,0.24,0.0903030303030303,0.045151515151515144,100,4,True,14.04439946877397,False,True,14.6929982544119,True,13.902682576346406,4,4,0.00042478803808541167,13.908588269602136,True,271828,13.902682576346406,1391014636,9,ec5e9c6a663c26cefa2876bad39777f9c4e590e82869ba0e5c76d8a7056ab89d,40.092504665997694,pyvrp,40.0,0.0100906338318455,cvrp100_45251.json,0
"[""accepted""]",not_selected,True,0.25536957083307676,cvrp_s7799_n20-50-100_x66667_cvrp100_45506,0.05515151515151515,True,True,0.0,0.0,0.0,100,4,False,15.554136154279547,False,False,,False,15.29876658344647,4,4,2.988090501828558e-06,15.298812297545588,True,271831,15.29876658344647,136290581,11,683ef361de7f3bdd443a5a03be80b6cf429cd95e4d9d5a06cec0e7f3f6685adf,40.078309197000635,pyvrp,40.0,0.016418113375123996,cvrp100_45506.json,0
"[""pyvrp_cost_not_converged""]",unstable_cost,False,0.36871172768901417,cvrp_s7799_n20-50-100_x66667_cvrp100_45596,0.08,True,False,0.0,0.0,0.0,100,3,True,15.056792714299547,False,True,15.417477834663224,True,14.688080986610533,4,4,0.006234101578760374,14.779647975478122,False,271828,14.688080986610533,318082995,10,d750775ce2addd587d3b2606d944f53ccc5de9bb5e85cad2ae5edcd204fe62d5,40.08628605600097,pyvrp,40.0,0.024488065598382444,cvrp100_45596.json,0
"[""accepted""]",not_selected,True,0.09333937252795366,cvrp_s7799_n20-50-100_x66667_cvrp100_4592,0.010303030303030303,True,True,0.0,0.0,0.0,100,4,False,14.452608612248717,False,False,,False,14.359269239720764,4,4,1.237080250913099e-16,14.359269239720765,True,271829,14.359269239720764,3360654146,10,0879896f5ec07e7185c4f63bc31460315d7229a35a676a6c39da1c79f41f9ccb,40.10640983999838,pyvrp,40.0,0.006458306249907556,cvrp100_4592.json,0
"[""accepted""]",not_selected,True,0.2699402346759534,cvrp_s7799_n20-50-100_x66667_cvrp100_45999,0.08767676767676767,True,True,0.22,0.045858585858585856,0.022929292929292928,100,4,False,17.582704699766204,False,False,,False,17.31276446509025,4,4,0.0006281496626435183,17.323639472248423,True,271830,17.31276446509025,161479832,11,82f6b2c3b29b1f6a7c3b862e2238bb3688e2eea7e6ccc8fabd8b1ac035dd47a6,40.08309270099926,pyvrp,40.0,0.015352600142317284,cvrp100_45999.json,0
"[""accepted""]",not_selected,True,0.16723534308650478,cvrp_s7799_n20-50-100_x66667_cvrp100_46209,0.0707070707070707,True,True,0.0,0.0,0.0,100,2,False,13.92541340832695,False,False,,False,13.758178065240445,4,4,0.0014297748133918725,13.777849161716286,True,271828,13.758178065240445,152107101,11,10e4f39d3f96179b7fc3e9cdea1449d64a079b0f2dd9ac57a98d255adbb272eb,40.12819495800068,pyvrp,40.0,0.012009362895215982,cvrp100_46209.json,0
"[""accepted""]",not_selected,True,0.24563281665817627,cvrp_s7799_n20-50-100_x66667_cvrp100_4647,0.06202020202020202,True,True,0.0,0.0,0.0,100,4,False,13.644819047214465,False,False,,False,13.399186230556289,4,4,0.0,13.399186230556289,True,271828,13.399186230556289,2132980591,11,b81bf537f2852b7f09b9bf6b8e7249735dfc933f7fd5428f659724ba959e6f7a,40.09347007699762,pyvrp,40.0,0.0180019108944007,cvrp100_4647.json,0
"[""accepted""]",not_selected,True,0.3987556691381915,cvrp_s7799_n20-50-100_x66667_cvrp100_46828,0.08121212121212121,True,True,0.0,0.0,0.0,100,4,False,14.595959759402295,False,False,,False,14.197204090264103,4,4,4.896478642976448e-05,14.197899253330283,True,271830,14.197204090264103,3301094894,10,14a659a58b3208d0399aa1a39891c110dfaab143433836def20338cf502df85f,40.09659295799793,pyvrp,40.0,0.02731959225095319,cvrp100_46828.json,0
"[""route_membership_ambiguous""]",unstable_matrix,True,0.20917022196932322,cvrp_s7799_n20-50-100_x66667_cvrp100_47089,0.08767676767676767,False,False,0.22,0.060404040404040404,0.060404040404040404,100,2,True,16.192563910994277,False,True,17.609080047900473,True,15.983393689024954,4,4,0.003304163528607453,16.036205435515605,True,271830,15.983393689024954,1744367181,11,3aad0261dd9478870c7cab099f4d75f0619fce9d56a5311cad182be79ce7eec6,40.089326163000806,pyvrp,40.0,0.012917671538557446,cvrp100_47089.json,0
"[""accepted""]",not_selected,True,0.010210130141334872,cvrp_s7799_n20-50-100_x66667_cvrp100_47318,0.0,True,True,0.0,0.0,0.0,100,4,False,13.344542444315922,False,False,,False,13.334332314174587,4,4,3.996503456371695e-16,13.334332314174592,True,271830,13.334332314174587,1918117094,10,59adffb3cea6271355fbfec4e12c11d0252f7b3c4e69ff71f56a448f6a58e160,40.081818424998346,pyvrp,40.0,0.0007651165398843521,cvrp100_47318.json,0
"[""accepted""]",not_selected,True,0.510337878382833,cvrp_s7799_n20-50-100_x66667_cvrp100_47323,0.10303030303030303,True,True,0.0,0.0,0.0,100,3,False,14.656671490686072,False,False,,False,14.14633361230324,4,4,0.0026858272013262894,14.1843282199182,True,271828,14.14633361230324,2881264697,9,d85acc3059e342ad1288e1101ec4c40ffa8a4b3197b2fb90cafc8ca20b6d2946,40.08768347300065,pyvrp,40.0,0.03481949354648081,cvrp100_47323.json,0
"[""pyvrp_cost_not_converged"", ""route_membership_ambiguous""]",unstable_cost,False,0.051424013348711384,cvrp_s7799_n20-50-100_x66667_cvrp100_47325,0.056767676767676765,False,False,0.0,0.0,0.0,100,1,True,12.909326711556801,False,True,13.500579749223078,True,12.85790269820809,4,4,0.004061970286702475,12.910131116917523,False,271830,12.85790269820809,743937020,11,b7046946cc31f2a0a2c4b926feacf8be9affe551918ce25f472784a53b2533e6,40.09963116600193,pyvrp,40.0,0.003983477566082135,cvrp100_47325.json,0
"[""pyvrp_cost_not_converged""]",unstable_cost,False,0.2124419024793358,cvrp_s7799_n20-50-100_x66667_cvrp100_47520,0.08505050505050506,True,False,0.0,0.0,0.0,100,3,True,13.387810255033669,False,True,13.705282073818228,True,13.175368352554333,4,4,0.015825301197722578,13.383872525124447,False,271830,13.175368352554333,421524099,9,c917eaf1ac49bacacb069038e0d129bf7ff9314bdef7bcceb9c435fe8cb2b59b,40.09639965799943,pyvrp,40.0,0.015868308441215024,cvrp100_47520.json,0
"[""pyvrp_cost_not_converged"", ""route_membership_ambiguous""]",unstable_cost,False,0.2458418725840925,cvrp_s7799_n20-50-100_x66667_cvrp100_47588,0.06505050505050505,False,False,0.0,0.0,0.0,100,1,True,14.178857625118306,False,True,14.990770464135151,True,13.933015752534214,4,4,0.004534987532237329,13.996201805258423,False,271831,13.933015752534214,1120328996,10,015e281f986e0db61adbbb378b5a973612054f0f74a80375f2e372cc16e52995,40.08117495899933,pyvrp,40.0,0.01733862339858577,cvrp100_47588.json,0
"[""pyvrp_cost_not_converged""]",unstable_cost,False,0.6088972636969672,cvrp_s7799_n20-50-100_x66667_cvrp100_47625,0.08787878787878788,True,False,0.0,0.0,0.0,100,3,True,18.826767908273744,False,True,19.1895893147598,True,18.217870644576777,4,4,0.011681642890942479,18.430685303680107,False,271829,18.217870644576777,722170041,11,7259c4123a0f4b37b426ac7ccdabee751ee6ba59ffd781b9ec82f6cc41d1612b,40.092201018000196,pyvrp,40.0,0.032342102832710704,cvrp100_47625.json,0
"[""accepted""]",stable_control,True,0.2002582704118403,cvrp_s7799_n20-50-100_x66667_cvrp100_47886,0.07515151515151515,True,True,0.19,0.037575757575757575,0.018787878787878787,100,4,False,17.029059139491864,False,True,17.54875486467781,True,16.828800869080023,4,4,0.00082919416883038,16.842755212629072,True,271831,16.828800869080023,840955654,10,61547a22a9ef4782f12be04dbb97b8ff68426c4f05366f5c30b9de1b5a0f9216,40.097609372998704,pyvrp,40.0,0.011759796520256601,cvrp100_47886.json,0
"[""pyvrp_cost_not_converged""]",unstable_cost,False,0.198104396504295,cvrp_s7799_n20-50-100_x66667_cvrp100_4821,0.08060606060606061,True,False,0.0,0.0,0.0,100,2,True,18.2701696995298,False,True,19.302903000283163,True,18.072065303025504,4,4,0.005451440554332845,18.17058409271897,False,271829,18.072065303025504,166096853,11,ad91202dfdaa4bae897e8feaaac00d5d6890dd5107eee76604c85f4e1190a4f0,40.09065139499944,pyvrp,40.0,0.01084305180314737,cvrp100_4821.json,0
"[""accepted""]",not_selected,True,0.3758279992918343,cvrp_s7799_n20-50-100_x66667_cvrp100_48264,0.06666666666666667,True,True,0.19,0.010707070707070707,0.010707070707070707,100,2,False,15.189288041687607,False,False,,False,14.813460042395773,4,4,0.0016241153133836033,14.837518809694824,True,271830,14.813460042395773,2970476903,11,213f4f083dd347ee1aad6b4f83f1b11243edf154dcdb2d7a58e542341d42744e,40.094378753001365,pyvrp,40.0,0.02474296347928615,cvrp100_48264.json,0
"[""route_membership_ambiguous""]",unstable_matrix,True,0.22442238529204772,cvrp_s7799_n20-50-100_x66667_cvrp100_48279,0.09878787878787879,False,False,0.24,0.06505050505050505,0.032525252525252527,100,4,True,17.329816430034988,False,True,17.900356903155608,True,17.10539404474294,4,4,9.181854783596563e-05,17.10696463718429,True,271831,17.10539404474294,445880556,10,f42a2a218cba442e60abd5264c7b2af347afef9101ea819a48b405c2f3afb7d2,40.09754376899946,pyvrp,40.0,0.012950072852652521,cvrp100_48279.json,0
"[""accepted""]",not_selected,True,0.13863567927736398,cvrp_s7799_n20-50-100_x66667_cvrp100_48344,0.06787878787878789,True,True,0.0,0.0,0.0,100,4,False,13.314284381365137,False,False,,False,13.175648702087774,4,4,1.348212053588507e-16,13.175648702087775,True,271829,13.175648702087774,2666934181,10,4d07bb399c291353ca1201a2b2fdb96962e6e61c98d3ea6f9828ed5d30cbfb7c,40.104260557996895,pyvrp,40.0,0.010412552061108178,cvrp100_48344.json,0
"[""accepted""]",not_selected,True,0.42545647967404143,cvrp_s7799_n20-50-100_x66667_cvrp100_48383,0.06262626262626263,True,True,0.0,0.0,0.0,100,4,False,15.386520532179725,False,False,,False,14.961064052505684,4,4,5.936599272505439e-16,14.961064052505693,True,271829,14.961064052505684,1042768668,11,8c971bee365f43245635c49da53df495d1c6b68cbefa571587e998f298bb9693,40.08976578800139,pyvrp,40.0,0.027651246997931204,cvrp100_48383.json,0
"[""pyvrp_cost_not_converged"", ""route_membership_ambiguous""]",unstable_cost,False,-0.0008545102541983596,cvrp_s7799_n20-50-100_x66667_cvrp100_48684,0.011313131313131313,False,False,0.2,0.08747474747474747,0.058316498316498315,100,3,True,12.55097310423138,False,True,13.475557623873666,True,12.551827614485578,4,4,0.012110184598701366,12.703832563948076,False,271831,12.551827614485578,2027430905,10,61bb5459014c25751f135fcfdcf3d0c9d212a5f6d4100f4eb3c9f5b6fd43b41d,40.08345672200085,pyvrp,40.0,-6.808318742315476e-05,cvrp100_48684.json,0
"[""pyvrp_cost_not_converged"", ""route_membership_ambiguous""]",unstable_cost,False,0.24595504030508408,cvrp_s7799_n20-50-100_x66667_cvrp100_48702,0.08848484848484849,False,False,0.0,0.0,0.0,100,1,True,14.260164145211892,False,True,16.285717939691356,True,14.014209104906808,4,4,0.0021685079919624393,14.044599029351831,False,271829,14.014209104906808,3123142282,10,a3b085e88f00f3c1f2b2381fb807f9eaee24959117cb33fd9d9de9c7fead26ae,40.08455144800246,pyvrp,40.0,0.017247700503340135,cvrp100_48702.json,0
"[""pyvrp_cost_not_converged""]",unstable_cost,False,0.2887581768623626,cvrp_s7799_n20-50-100_x66667_cvrp100_48854,0.08646464646464647,True,False,0.0,0.0,0.0,100,2,True,15.098664812770219,False,True,15.566641223077816,True,14.809906635907856,4,4,0.01245027191009129,14.994294000487974,False,271831,14.809906635907856,1778861133,11,e1a0b1b172e4ce674ecfda1aea2f961641acb93db7a00145de0c67e1947d37fb,40.089128848001565,pyvrp,40.0,0.01912474913795923,cvrp100_48854.json,0
"[""accepted""]",not_selected,True,0.20728827138094275,cvrp_s7799_n20-50-100_x66667_cvrp100_49056,0.07656565656565656,True,True,0.0,0.0,0.0,100,2,False,15.674851930291547,False,False,,False,15.467563658910604,4,4,0.001499697829725689,15.490760330561017,True,271829,15.467563658910604,919870361,10,2a4ec9fee607920e4766bdbaf8d1cc9ffff75661c16c74fe6dac3929d5fe2a28,40.09062673099834,pyvrp,40.0,0.013224257064933388,cvrp100_49056.json,0
"[""accepted""]",not_selected,True,0.2522473769047533,cvrp_s7799_n20-50-100_x66667_cvrp100_49088,0.08545454545454545,True,True,0.0,0.0,0.0,100,4,False,14.003092886114448,False,False,,False,13.750845509209695,4,4,4.2718263233476696e-05,13.75143292144784,True,271829,13.750845509209695,3390694885,10,d3536b1d6b4999b4d5dbc60957a9a451e30548c104a5d65cec08d8f4ab1d75b3,40.092289109001285,pyvrp,40.0,0.018013690186607513,cvrp100_49088.json,0
"[""pyvrp_cost_not_converged""]",unstable_cost,False,0.35517387982884685,cvrp_s7799_n20-50-100_x66667_cvrp100_49093,0.08505050505050506,True,False,0.0,0.0,0.0,100,2,True,14.266048856227634,False,True,15.392333042374545,True,13.910874976398787,4,4,0.007301990960758262,14.01245205973269,False,271828,13.910874976398787,3037387076,10,95c1f8a19a9c98ee0c9ffefd194681de2ddf815f477292884e99445af906700f,40.08848649600259,pyvrp,40.0,0.024896443535856874,cvrp100_49093.json,0
"[""accepted""]",not_selected,True,0.30951475137910656,cvrp_s7799_n20-50-100_x66667_cvrp100_49225,0.07454545454545454,True,True,0.17,0.026262626262626262,0.013131313131313131,100,4,False,15.390190441079772,False,False,,False,15.080675689700666,4,4,0.000977032444085361,15.095409999128233,True,271828,15.080675689700666,1246463768,11,185b91436840223bdeaf54ec3f5a8b194bd83093f05c5c91281aceaf4b46d0dd,40.10150155900192,pyvrp,40.0,0.020111170980246236,cvrp100_49225.json,0
"[""accepted""]",not_selected,True,0.08038156006912445,cvrp_s7799_n20-50-100_x66667_cvrp100_49326,0.04,True,True,0.0,0.0,0.0,100,2,False,13.22491803009558,False,False,,False,13.144536470026456,4,4,0.002455545454491859,13.176813476806831,True,271829,13.144536470026456,3892309166,11,dd73a07ebf8f4ba0743ae333fdab38b37f0648a69d567ab6067560e91c5894ce,40.10013886000161,pyvrp,40.0,0.006078038433675154,cvrp100_49326.json,1
"[""accepted""]",stable_control,True,0.3520573097103785,cvrp_s7799_n20-50-100_x66667_cvrp100_49484,0.08262626262626263,True,True,0.0,0.0,0.0,100,3,False,17.416686341777847,False,True,18.123603287805604,True,17.06462903206747,4,4,0.0021709194161553696,17.101674966562673,True,271828,17.06462903206747,3363458580,11,d31cf57fd8c59e31110589c55802175702a3f066d809700007fed1d21db0c46a,40.06775932399978,pyvrp,40.0,0.020213793990530204,cvrp100_49484.json,0
"[""accepted""]",not_selected,True,0.15971697437661803,cvrp_s7799_n20-50-100_x66667_cvrp100_49539,0.04,True,True,0.0,0.0,0.0,100,4,False,15.622563143590787,False,False,,False,15.462846169214169,4,4,6.975183739472517e-05,15.463924731145823,True,271829,15.462846169214169,2258953971,11,e4d18a0501bab21a9719dcb0db997814376a15522ae6a29a0751eb6837920d98,40.08908916600194,pyvrp,40.0,0.010223480802005431,cvrp100_49539.json,0
"[""pyvrp_cost_not_converged"", ""route_membership_ambiguous""]",unstable_cost,False,0.2763838785988888,cvrp_s7799_n20-50-100_x66667_cvrp100_49778,0.1111111111111111,False,False,0.0,0.0,0.0,100,1,True,16.21823436653054,False,True,16.754258307857416,True,15.941850487931653,4,4,0.0021733839888480907,15.976498250534734,False,271829,15.941850487931653,931779156,10,51a21364b2bb38787a5d41749ea361ba4659b5d2a843a347426f68a779613b75,40.083255304001796,pyvrp,40.0,0.0170415516481412,cvrp100_49778.json,0
"[""accepted""]",not_selected,True,0.11681529841729876,cvrp_s7799_n20-50-100_x66667_cvrp100_49785,0.058383838383838385,True,True,0.16,0.0032323232323232323,0.0016161616161616162,100,4,False,14.388874010257346,False,False,,False,14.272058711840048,4,4,9.575653547387143e-06,14.27219537612968,True,271829,14.272058711840048,124902604,10,058921e92bf735627dd1a22791c10ee02bd3e773c0de79bc3067a5144ae0b59f,40.08221061700169,pyvrp,40.0,0.008118446122610083,cvrp100_49785.json,0
"[""accepted""]",not_selected,True,0.25500550706689395,cvrp_s7799_n20-50-100_x66667_cvrp100_49798,0.03313131313131313,True,True,0.0,0.0,0.0,100,4,False,16.32176923103933,False,False,,False,16.066763723972436,4,4,3.712114189833442e-05,16.06736014058848,True,271829,16.066763723972436,3055265419,11,7dee7c2c262adb6f084be8a40e85f6f75364fafea8b66352d4b89a90d26a30f5,40.09017603200118,pyvrp,40.0,0.01562364370291099,cvrp100_49798.json,0
"[""pyvrp_cost_not_converged"", ""route_membership_ambiguous""]",unstable_cost,False,0.33689015563212266,cvrp_s7799_n20-50-100_x66667_cvrp100_49959,0.06,False,False,0.0,0.0,0.0,100,1,True,19.618692076696128,False,True,20.27980308562708,True,19.281801921064005,4,4,0.00920080586166444,19.459210037202784,False,271831,19.281801921064005,1493283917,11,56700eaf6362caf2eaf8613249a577b960f09bd2e04b3bba4f608d6d4ea07bdb,40.091848568001296,pyvrp,40.0,0.01717189679694776,cvrp100_49959.json,0
"[""accepted""]",not_selected,True,0.19525781591530667,cvrp_s7799_n20-50-100_x66667_cvrp100_5006,0.06363636363636363,True,True,0.0,0.0,0.0,100,4,False,14.503301780751562,False,False,,False,14.308043964836255,4,4,6.207546062081798e-16,14.308043964836264,True,271829,14.308043964836255,2480053350,11,f4e16dec3412ea6c8ce68e7e6a52bab09be17aa7a628b1c459f145e6d713c301,40.105807875999744,pyvrp,40.0,0.013462990625655202,cvrp100_5006.json,0
"[""accepted""]",not_selected,True,0.19021089513271328,cvrp_s7799_n20-50-100_x66667_cvrp100_50064,0.056767676767676765,True,True,0.0,0.0,0.0,100,4,False,16.05986954998266,False,False,,False,15.869658654849948,4,4,4.477366219486707e-16,15.869658654849955,True,271828,15.869658654849948,3176875284,10,4b3ef7aaa68f5532d984b2002fe661a23f4a244c9ba47483878e0615409299d3,40.143505648997234,pyvrp,40.0,0.01184386302396327,cvrp100_50064.json,0
"[""accepted""]",not_selected,True,0.3168486052465198,cvrp_s7799_n20-50-100_x66667_cvrp100_50165,0.0694949494949495,True,True,0.19,0.0038383838383838384,0.0025589225589225588,100,3,False,16.34208920268388,False,False,,False,16.02524059743736,4,4,0.001378987654639888,16.04733920638386,True,271828,16.02524059743736,3193879384,11,2974ba902071db7e559e35de3911f12d0ccea54cee7bde37659bf5e4002fbd75,40.12902412800031,pyvrp,40.0,0.01938850053483268,cvrp100_50165.json,0
"[""accepted""]",not_selected,True,0.15953930318985776,cvrp_s7799_n20-50-100_x66667_cvrp100_5019,0.0993939393939394,True,True,0.2,0.00404040404040404,0.0026936026936026937,100,4,False,14.36606849359347,False,False,,False,14.206529190403613,4,4,3.400463493597096e-05,14.20701227824244,True,271829,14.206529190403613,3118065283,11,4564d1b7d59b3c5a942efb242208a86a4d8d5a32fb2b4d4855744479ea983802,40.080887062998954,pyvrp,40.0,0.011105286269587542,cvrp100_5019.json,0
"[""pyvrp_cost_not_converged""]",unstable_cost,False,0.450964860992352,cvrp_s7799_n20-50-100_x66667_cvrp100_50296,0.08262626262626263,True,False,0.0,0.0,0.0,100,2,True,14.749588667639992,False,True,14.944888960494053,True,14.29862380664764,4,4,0.021608091545318932,14.60758977883376,False,271829,14.29862380664764,3387835168,11,d3126c1445a5f71c261ce6c3d89a30581f6c40bf3163ad79f39318af7eb7e022,40.08569657499902,pyvrp,40.0,0.03057474151680927,cvrp100_50296.json,0
"[""pyvrp_cost_not_converged""]",unstable_cost,False,0.46942169208042017,cvrp_s7799_n20-50-100_x66667_cvrp100_50703,0.08808080808080808,True,False,0.21,0.04767676767676768,0.04767676767676768,100,2,True,16.47972276071976,False,True,17.559250520359384,True,16.01030106863934,4,4,0.0051296940829551356,16.09242901529747,False,271829,16.01030106863934,3904039418,11,164af222d727ecef7583852678cb9c2715b6fb9ad95fb4c7600c14b04a28bd2e,40.08937624200189,pyvrp,40.0,0.028484805169132467,cvrp100_50703.json,0
"[""pyvrp_cost_not_converged"", ""route_membership_ambiguous""]",unstable_cost,False,0.2912678533240083,cvrp_s7799_n20-50-100_x66667_cvrp100_50769,0.08666666666666667,False,False,0.19,0.09393939393939393,0.06262626262626263,100,3,True,17.599186194401575,False,True,18.95084313806304,True,17.307918341077567,4,4,0.006932051091202393,17.427897715300276,False,271831,17.307918341077567,2023933441,11,9c5fef7ebc262894c8b1e47674c9f43a480a9aa4ba630b8b3103556cf84ae145,40.090982116002124,pyvrp,40.0,0.01655007510612409,cvrp100_50769.json,0
"[""accepted""]",not_selected,True,0.5011540394974006,cvrp_s7799_n20-50-100_x66667_cvrp100_50809,0.09858585858585858,True,True,0.22,0.044444444444444446,0.029494949494949494,100,4,False,19.995025345611275,False,False,,False,19.493871306113874,4,4,0.0008873000808931954,19.51116821970071,True,271828,19.493871306113874,4164793917,11,4bb453e1bfefc514852c34ed4cfce1edba0a9eaaec4de95d97a7517b059a69b0,40.0952836280012,pyvrp,40.0,0.025063936195879807,cvrp100_50809.json,0
"[""accepted""]",not_selected,True,0.427469409624436,cvrp_s7799_n20-50-100_x66667_cvrp100_50908,0.07737373737373737,True,True,0.0,0.0,0.0,100,3,False,16.787367156794343,False,False,,False,16.359897747169907,4,4,0.0028608191644730768,16.40670045617383,True,271829,16.359897747169907,4241603418,11,c6251389ef0bad99765aded178e82e72cc417090602e69917ea5de0a277400c7,40.07486535299904,pyvrp,40.0,0.025463755312662387,cvrp100_50908.json,0
"[""accepted""]",stable_control,True,0.2758124777756663,cvrp_s7799_n20-50-100_x66667_cvrp100_51110,0.09878787878787879,True,True,0.0,0.0,0.0,100,2,False,18.80433304608797,False,True,18.887445194394214,True,18.528520568312302,4,4,0.0025030651813901803,18.574898663009517,True,271830,18.528520568312302,3685441590,10,3730a91c8a42a44fba6eab3fb7521a356070cb05b2f9f9bf340eccd7d7889c18,40.084762934002356,pyvrp,40.0,0.014667495895742285,cvrp100_51110.json,0
"[""route_membership_ambiguous""]",unstable_matrix,True,0.1830285265831204,cvrp_s7799_n20-50-100_x66667_cvrp100_51253,0.04262626262626262,False,False,0.2,0.06363636363636363,0.03239057239057239,100,4,True,13.915934819888419,False,True,14.684123570654132,True,13.732906293305298,4,4,7.624628116241643e-05,13.733953376339715,True,271828,13.732906293305298,2693310603,10,fb6ecffc8d50f68fa21b9c9597f20ec77ea5fae2a7f45652e3ef607d3ae61739,40.072755252000206,pyvrp,40.0,0.013152442071052182,cvrp100_51253.json,0
"[""pyvrp_cost_not_converged"", ""route_membership_ambiguous""]",unstable_cost,False,0.17568519440245822,cvrp_s7799_n20-50-100_x66667_cvrp100_51668,0.08686868686868687,False,False,0.0,0.0,0.0,100,1,True,16.40726226471003,False,True,17.033844563344392,True,16.231577070307573,4,4,0.007050744662794017,16.346021775704774,False,271828,16.231577070307573,1847160072,11,61a779da065434f9659ebafcd0f5a88390b8a9eaa697498a02d7e538d76d462e,40.094789007001964,pyvrp,40.0,0.010707770228085833,cvrp100_51668.json,0
"[""pyvrp_cost_not_converged"", ""route_membership_ambiguous""]",unstable_cost,False,0.3365165270530035,cvrp_s7799_n20-50-100_x66667_cvrp100_51701,0.08363636363636363,False,False,0.0,0.0,0.0,100,1,True,16.420398850584757,False,True,17.7643224231689,True,16.083882323531753,4,4,0.0034483107032573855,16.13934454709792,False,271829,16.083882323531753,3581346071,11,666cc2b0dd8aeebf0965814dcf641a37e564348a294c018822493bbd75962fcc,40.092464249999466,pyvrp,40.0,0.02049380956669147,cvrp100_51701.json,0
"[""accepted""]",stable_control,True,0.3717693938436657,cvrp_s7799_n20-50-100_x66667_cvrp100_51887,0.06424242424242424,True,True,0.0,0.0,0.0,100,4,False,14.100051747649852,False,True,15.406600604222715,True,13.728282353806186,4,4,6.469698078826857e-16,13.728282353806195,True,271828,13.728282353806186,2710327547,9,d9ffae50a18d4475d80b1dbf6eefb7fa682036b5604c94b7fbde8259a3441179,40.07939862100102,pyvrp,40.0,0.02636652691048676,cvrp100_51887.json,-1
"[""accepted""]",not_selected,True,0.10530462280819819,cvrp_s7799_n20-50-100_x66667_cvrp100_51974,0.04505050505050505,True,True,0.19,0.03575757575757576,0.02383838383838384,100,4,False,16.538926843850778,False,False,,False,16.43362222104258,4,4,0.0002804554188682498,16.438231119446105,True,271828,16.43362222104258,3972434167,11,0a0d471aba7e704e5b1f76a5d378eea95673b49723f50b0bd8acd6e9562f5e75,40.06212251499892,pyvrp,40.0,0.006367077126733333,cvrp100_51974.json,0
"[""pyvrp_cost_not_converged""]",unstable_cost,False,0.43199491625215813,cvrp_s7799_n20-50-100_x66667_cvrp100_5215,0.08383838383838384,True,False,0.21,0.04868686868686869,0.04868686868686869,100,2,True,18.122193074549244,False,True,18.87488402089911,True,17.690198158297086,4,4,0.006934192001834689,17.81286538887722,False,271828,17.690198158297086,2391935893,11,d2422bf5fbe6a1fef587c54a2cee9bfa17cf135c654541c88242f865d6934872,40.084251320000476,pyvrp,40.0,0.023837893927907132,cvrp100_5215.json,0
"[""accepted""]",stable_control,True,0.2929597028700357,cvrp_s7799_n20-50-100_x66667_cvrp100_52175,0.09131313131313132,True,True,0.18,0.042222222222222223,0.042222222222222223,100,2,False,17.384375339655556,False,True,17.676540391466773,True,17.09141563678552,4,4,0.004415308100416294,17.1668795026942,True,271830,17.09141563678552,4294465339,12,a4ccc03a6522f83b8ff2b2526b351b1aa3dfbb8fe3f966a686d101a83c701811,40.092887904000236,pyvrp,40.0,0.016851897013622594,cvrp100_52175.json,0
"[""accepted""]",stable_control,True,0.1499155439167712,cvrp_s7799_n20-50-100_x66667_cvrp100_52250,0.05191919191919192,True,True,0.18,0.0036363636363636364,0.0024242424242424242,100,4,False,13.52721467552125,False,True,13.865425645965274,True,13.37729913160448,4,4,9.155077627059394e-05,13.378523833724381,True,271828,13.37729913160448,1897747579,10,a3dcc568c503adb9cad813ff721bec8f7cc240c7f93f3259ce4f5259ee7fc39f,40.09002388999943,pyvrp,40.0,0.011082513844336134,cvrp100_52250.json,0
"[""pyvrp_cost_not_converged""]",unstable_cost,False,0.2781052838290563,cvrp_s7799_n20-50-100_x66667_cvrp100_52275,0.044848484848484846,True,False,0.0,0.0,0.0,100,3,True,13.707180174042115,False,True,14.144559233785301,True,13.429074890213059,4,4,0.007926415273638443,13.535519314533678,False,271829,13.429074890213059,3628962185,11,3541bb1a6b08d285bb0ce0f770fd14a741b299524cd2aed39fefc677518b90c4,40.10255883799982,pyvrp,40.0,0.020289022271387108,cvrp100_52275.json,0
"[""accepted""]",not_selected,True,0.31734926731667734,cvrp_s7799_n20-50-100_x66667_cvrp100_52348,0.0898989898989899,True,True,0.0,0.0,0.0,100,2,False,14.468597188435263,False,False,,False,14.151247921118586,4,4,0.0042368379682780994,14.211204465609297,True,271830,14.151247921118586,242799197,11,8688822c436e650ada75f72a41ee8f4e0624df21eb01b97ebc672fb1ec1d193c,40.09132448300079,pyvrp,40.0,0.021933658334916832,cvrp100_52348.json,1
"[""pyvrp_cost_not_converged"", ""route_membership_ambiguous""]",unstable_cost,False,0.24550995415702026,cvrp_s7799_n20-50-100_x66667_cvrp100_52604,0.05393939393939394,False,False,0.19,0.05232323232323232,0.05232323232323232,100,2,True,14.79614568223365,False,True,15.699517929286316,True,14.55063572807663,4,4,0.0060440883691893574,14.638581056245009,False,271829,14.55063572807663,2751464424,11,c0732b9c828ad6c2180b8949840b6fa136f3898e92c5299e90b9397a7ee11424,40.106515026000125,pyvrp,40.0,0.0165928316353234,cvrp100_52604.json,0
"[""pyvrp_cost_not_converged"", ""route_membership_ambiguous""]",unstable_cost,False,0.5772666136068665,cvrp_s7799_n20-50-100_x66667_cvrp100_52616,0.07454545454545454,False,False,0.0,0.0,0.0,100,1,True,17.128137245517653,False,True,17.822772700444148,True,16.550870631910787,4,4,0.03189647398342339,17.078785046424535,False,271828,16.550870631910787,3578870537,11,fe88df97a91ce00f6cd518fd187acdcbf595271a1bb4d1fcab9a750aaf206d76,40.094369231999735,pyvrp,40.0,0.033702825084375956,cvrp100_52616.json,0
"[""pyvrp_cost_not_converged"", ""route_membership_ambiguous""]",unstable_cost,False,0.1495901546482461,cvrp_s7799_n20-50-100_x66667_cvrp100_52668,0.04727272727272727,False,False,0.0,0.0,0.0,100,1,True,13.616466089897138,False,True,14.521635169292813,True,13.466875935248892,4,4,0.008178354821316808,13.57701282498201,False,271830,13.466875935248892,1452484763,11,beecbdd2e9b6c71a8afa10f86798faa677e337b1d4bb90ce84a0fde12993c1d3,40.07450981199872,pyvrp,40.0,0.010985974896910725,cvrp100_52668.json,0
"[""route_membership_ambiguous""]",unstable_matrix,True,0.34405856321069095,cvrp_s7799_n20-50-100_x66667_cvrp100_52714,0.11636363636363636,False,False,0.23,0.09414141414141414,0.04707070707070707,100,4,True,14.143417386527625,False,True,14.879183189804445,True,13.799358823316934,4,4,0.00023062326090212277,13.802541276447126,True,271828,13.799358823316934,2964716984,10,27b0cee265a74722a911307d2855d64df59148b8f8a3c1674730fc2143fdc4b8,40.07042951999756,pyvrp,40.0,0.024326409509658215,cvrp100_52714.json,0
"[""route_membership_ambiguous""]",unstable_matrix,True,0.4058343905330126,cvrp_s7799_n20-50-100_x66667_cvrp100_52817,0.08282828282828283,False,False,0.23,0.059393939393939395,0.059393939393939395,100,2,True,16.25652188705022,False,True,17.411347436041087,True,15.850687496517207,4,4,0.0012280655002279075,15.870153178986573,True,271830,15.850687496517207,1789518326,10,227c4038d43688a9f4cc8296308836fbef4a29413285e9a70ecc37747e4546d5,40.091769598999235,pyvrp,40.0,0.024964404646500443,cvrp100_52817.json,0
"[""pyvrp_cost_not_converged"", ""route_membership_ambiguous""]",unstable_cost,False,0.19285165690467387,cvrp_s7799_n20-50-100_x66667_cvrp100_52829,0.07858585858585859,False,False,0.0,0.0,0.0,100,1,True,15.037991883820881,False,True,15.339664813382116,True,14.845140226916207,4,4,0.0045530771668169994,14.912731295921576,False,271831,14.845140226916207,4157917764,10,f698d932c15e793b5bc6e8ec1d70acc4c0b3fab2b35a37040b0d7b4b5b286680,40.080322656001954,pyvrp,40.0,0.012824295849777635,cvrp100_52829.json,0
"[""accepted""]",not_selected,True,0.25793236780746653,cvrp_s7799_n20-50-100_x66667_cvrp100_52907,0.07090909090909091,True,True,0.22,0.01696969696969697,0.008484848484848484,100,4,False,15.760744803111129,False,False,,False,15.502812435303662,4,4,0.0002992794550444768,15.507452108560956,True,271831,15.502812435303662,3462963648,10,518e1c66b72067250b08ca5cfff0aac22222d4bc3040529423623b54e1c3e0da,40.08910203600317,pyvrp,40.0,0.01636549357467874,cvrp100_52907.json,0
"[""pyvrp_cost_not_converged""]",unstable_cost,False,0.16802107383072062,cvrp_s7799_n20-50-100_x66667_cvrp100_52928,0.02383838383838384,True,False,0.0,0.0,0.0,100,3,True,13.60042317663343,False,True,13.822442088041209,True,13.43240210280271,4,4,0.014098890308850134,13.621784066634493,False,271828,13.43240210280271,3117439141,10,0be7a8169248df228a04a97227d36b72ecb4b56340b9ef1cb4f59e2e6943c631,40.09034399200027,pyvrp,40.0,0.01235410631335308,cvrp100_52928.json,0
"[""accepted""]",not_selected,True,0.3034284006311303,cvrp_s7799_n20-50-100_x66667_cvrp100_53051,0.07373737373737374,True,True,0.0,0.0,0.0,100,3,False,15.408841711816251,False,False,,False,15.10541331118512,4,4,0.0049763620867749,15.180583317291967,True,271830,15.10541331118512,1313989818,10,4e05a9cf251738ffad13f526b76ac1926c7ac2d5c412128a40e5ac156acb2fbe,40.08607162100088,pyvrp,40.0,0.0196918370832797,cvrp100_53051.json,0
"[""pyvrp_cost_not_converged"", ""route_membership_ambiguous""]",unstable_cost,False,0.21033993650364025,cvrp_s7799_n20-50-100_x66667_cvrp100_53099,0.04666666666666667,False,False,0.0,0.0,0.0,100,1,True,14.800262766644405,False,True,16.057021339941958,True,14.589922830140765,4,4,0.0035145361526263273,14.641199641391323,False,271831,14.589922830140765,3091965278,10,a2507701235fa9558ed7400e4f07ec9f464c2bf294462c572c7afebf6a65ba77,40.0856802039998,pyvrp,40.0,0.014211905546547918,cvrp100_53099.json,0
"[""accepted""]",not_selected,True,0.1641356774420153,cvrp_s7799_n20-50-100_x66667_cvrp100_53228,0.046464646464646465,True,True,0.0,0.0,0.0,100,2,False,13.725505290243332,False,False,,False,13.561369612801316,4,4,0.001028807703909089,13.575321654334525,True,271829,13.561369612801316,822774373,10,04a17549e181155db2d5649c5dbe84d5ad488da1c986ed0b3849daf0a391c284,40.09265404599864,pyvrp,40.0,0.011958443348434674,cvrp100_53228.json,0
"[""route_membership_ambiguous""]",unstable_matrix,True,0.4385295512120635,cvrp_s7799_n20-50-100_x66667_cvrp100_53251,0.09676767676767677,False,False,0.26,0.05898989898989899,0.029494949494949494,100,4,True,17.83329866945655,False,True,18.6431509615886,True,17.394769118244486,4,4,0.0004433288870367768,17.40248072187794,True,271829,17.394769118244486,2285806247,10,c487ea109598cae1c37bac46ac9cd61fd2c28d8ffdc952da564d08766d4a5f89,40.087566168000194,pyvrp,40.0,0.024590489922267825,cvrp100_53251.json,0
"[""pyvrp_cost_not_converged"", ""route_membership_ambiguous""]",unstable_cost,False,0.44878666620485674,cvrp_s7799_n20-50-100_x66667_cvrp100_53254,0.06585858585858585,False,False,0.0,0.0,0.0,100,1,True,16.74733648786917,False,True,17.001886322121926,True,16.298549821664313,4,4,0.010881337820817967,16.475899848263275,False,271828,16.298549821664313,1407051298,11,c3bd15d68d2db1d31ee5f9a372abf915605ef7e3c2bccfae53c7f3f6e5fe86d4,40.08312606499749,pyvrp,40.0,0.026797495024354027,cvrp100_53254.json,0
"[""accepted""]",not_selected,True,0.4279937972969208,cvrp_s7799_n20-50-100_x66667_cvrp100_53351,0.08303030303030302,True,True,0.0,0.0,0.0,100,2,False,15.822508354512635,False,False,,False,15.394514557215714,4,4,0.0032339109176416463,15.444299045914088,True,271831,15.394514557215714,1246141786,10,b0bec731fa407b9e0e61a123a27d2a4d079b49d81d8d340f7f1550e6f620fbd9,40.090277006998804,pyvrp,40.0,0.027049680601044235,cvrp100_53351.json,0
"[""accepted""]",not_selected,True,0.08675945964320775,cvrp_s7799_n20-50-100_x66667_cvrp100_53501,0.04808080808080808,True,True,0.0,0.0,0.0,100,4,False,14.238552388294663,False,False,,False,14.151792928651455,4,4,3.7656504338836213e-16,14.15179292865146,True,271829,14.151792928651455,4003959534,10,dfb3755992cc212fc2fae08607e5398d8fefa436c6990319fd84b223de52060c,40.079374027001904,pyvrp,40.0,0.006093278114039993,cvrp100_53501.json,0
"[""route_membership_ambiguous""]",unstable_matrix,True,0.12195586665089841,cvrp_s7799_n20-50-100_x66667_cvrp100_53681,0.04707070707070707,False,False,0.19,0.06525252525252526,0.06525252525252526,100,2,True,13.644635922118596,False,True,15.341203419833143,True,13.522680055467697,4,4,0.0013738667157898394,13.54125841550418,True,271830,13.522680055467697,890275431,11,47d86ee3373cc17875bc0041c8699bb31c6d7d2728d82c5931fa86fcf48c14b9,40.09194927900171,pyvrp,40.0,0.008938008118868326,cvrp100_53681.json,0
"[""pyvrp_cost_not_converged"", ""route_membership_ambiguous""]",unstable_cost,False,0.4136180038395061,cvrp_s7799_n20-50-100_x66667_cvrp100_53706,0.0903030303030303,False,False,0.0,0.0,0.0,100,1,True,16.810165197579725,False,True,17.39019247815526,True,16.39654719374022,4,4,0.01691927516528325,16.673964887471662,False,271828,16.39654719374022,3140860868,10,979b081e76fc1ea6abe324a4f7adc484916515d1f317726e44e3d83ee1686361,40.10239967899906,pyvrp,40.0,0.024605231357218163,cvrp100_53706.json,0
"[""accepted""]",stable_control,True,0.1341579153864796,cvrp_s7799_n20-50-100_x66667_cvrp100_5396,0.06060606060606061,True,True,0.0,0.0,0.0,100,3,False,12.340068992776605,False,True,13.603147332604621,True,12.205911077390125,4,4,0.0011458687299689093,12.219897449214487,True,271828,12.205911077390125,1794554245,10,032deda4a992b59ca6b4089d8df8796e1859d160754be6e0c5df180a1a9bfc13,40.08600549699986,pyvrp,40.0,0.01087173138699714,cvrp100_5396.json,0
"[""pyvrp_cost_not_converged"", ""route_membership_ambiguous""]",unstable_cost,False,0.23121248666162586,cvrp_s7799_n20-50-100_x66667_cvrp100_53980,0.04464646464646465,False,False,0.0,0.0,0.0,100,1,True,17.143724827861856,False,True,18.698039724930194,True,16.91251234120023,4,4,0.0035128801016822923,16.97192396927309,False,271830,16.91251234120023,3893233873,11,71d79dd2450a4779b53feac7753ccaebdbdfa922e248b4d3d1dfb73edfb529bb,40.13258316300198,pyvrp,40.0,0.013486712425870311,cvrp100_53980.json,0
"[""accepted""]",not_selected,True,0.12505412976114627,cvrp_s7799_n20-50-100_x66667_cvrp100_54016,0.07313131313131313,True,True,0.0,0.0,0.0,100,2,False,14.075398269587767,False,False,,False,13.95034413982662,4,4,0.003281706793318417,13.99612507895942,True,271829,13.95034413982662,2933859320,11,2752bc81b578a9d6ac718c7126c2240fbf716fc9add6dfa79c009ae1adad83ee,40.083104715002264,pyvrp,40.0,0.008884589079894561,cvrp100_54016.json,0
"[""route_membership_ambiguous""]",unstable_matrix,True,0.08894879120060395,cvrp_s7799_n20-50-100_x66667_cvrp100_5449,0.09575757575757576,False,False,0.23,0.09373737373737374,0.05063973063973063,100,4,True,14.46036515705501,False,True,14.77589445697527,True,14.371416365854406,4,4,0.0009247906038680798,14.384706916673824,True,271829,14.371416365854406,2218649711,10,3413b41d6ec9777f330aa1195e9674923f90199666793a8f43f524b72785e01b,40.08276494299935,pyvrp,40.0,0.006151213350045111,cvrp100_5449.json,0
"[""accepted""]",not_selected,True,0.18280923198103594,cvrp_s7799_n20-50-100_x66667_cvrp100_5463,0.08242424242424243,True,True,0.17,0.006666666666666667,0.0044444444444444444,100,3,False,16.839517001315315,False,False,,False,16.65670776933428,4,4,0.0021910500220436394,16.693203449259453,True,271830,16.65670776933428,2723676733,10,98d1b2e81d09154ed2d682330c4c79ed621e8d82cd015492c4fd115aa6c70425,40.09596297000098,pyvrp,40.0,0.010855966472598764,cvrp100_5463.json,0
"[""pyvrp_cost_not_converged"", ""route_membership_ambiguous""]",unstable_cost,False,0.2913032742422388,cvrp_s7799_n20-50-100_x66667_cvrp100_54883,0.06262626262626263,False,False,0.0,0.0,0.0,100,1,True,18.284003652263788,False,True,19.630814339479763,True,17.99270037802155,4,4,0.005379408693265097,18.089490466850393,False,271830,17.99270037802155,3791959650,10,717b75e2e5b6baa44c4729c3b1bd6b612f9e87e4bc0996834eb608876f7b924c,40.08333605399821,pyvrp,40.0,0.015932138265908287,cvrp100_54883.json,0
"[""pyvrp_cost_not_converged"", ""route_membership_ambiguous""]",unstable_cost,False,0.3423787331232617,cvrp_s7799_n20-50-100_x66667_cvrp100_54949,0.07555555555555556,False,False,0.0,0.0,0.0,100,1,True,15.261490912175194,False,True,15.593657455915515,True,14.919112179051933,4,4,0.005250125063797329,14.997439383832777,False,271831,14.919112179051933,2211658565,11,3f3b1c724758a1f526c45395639c4bbd5b58ae0c126a82752d2095682c329e12,40.08854634800082,pyvrp,40.0,0.022434160272645543,cvrp100_54949.json,0
"[""route_membership_ambiguous""]",unstable_matrix,True,0.5703146182151286,cvrp_s7799_n20-50-100_x66667_cvrp100_54994,0.11595959595959596,False,False,0.2,0.052525252525252523,0.0338047138047138,100,4,True,18.680001663547497,False,True,18.940879528256694,True,18.109687045332368,4,4,0.0006870235145549556,18.122128826173743,True,271830,18.109687045332368,965066935,10,ddc4b0e9de888078a2305c64d1c1e7f20d2588213b1abbea4d1d0f3ea1c880e0,40.090042948999326,pyvrp,40.0,0.030530758427503312,cvrp100_54994.json,0
"[""pyvrp_cost_not_converged"", ""route_membership_ambiguous""]",unstable_cost,False,0.6507780519910149,cvrp_s7799_n20-50-100_x66667_cvrp100_55040,0.12808080808080807,False,False,0.21,0.08,0.05333333333333334,100,3,True,18.117362613688186,False,True,18.133848699514616,True,17.46658456169717,4,4,0.005041300457148664,17.55463886243288,False,271828,17.46658456169717,38672320,11,17e719ca0fd5b6d6d407868faa41dea2a73c47fe38fe89b5646d0fa94d06bdae,40.09274148300028,pyvrp,40.0,0.0359201317469538,cvrp100_55040.json,0
"[""pyvrp_cost_not_converged""]",unstable_cost,False,0.2697477717447452,cvrp_s7799_n20-50-100_x66667_cvrp100_55053,0.08464646464646465,True,False,0.0,0.0,0.0,100,3,True,14.579861061811428,False,True,15.288021616249955,True,14.310113290066683,4,4,0.008625496013885642,14.433545115208405,False,271829,14.310113290066683,3923659548,11,4620b6fe6421713064c304c49baf8d802c7171dbc6343644e717ef668474af5d,40.082752661000995,pyvrp,40.0,0.018501395219141493,cvrp100_55053.json,0
"[""route_membership_ambiguous""]",unstable_matrix,True,0.17368845290780754,cvrp_s7799_n20-50-100_x66667_cvrp100_55131,0.06565656565656566,False,False,0.2,0.08505050505050506,0.08505050505050506,100,2,True,16.478620484836608,False,True,17.25651097865901,True,16.3049320319288,4,4,0.0019506487826339426,16.33673722774781,True,271831,16.3049320319288,4203367762,11,56130e20cfa3c9ae741a7d84eeb5c2209c420409beaa00bdf2ff58c587685636,40.076543004000996,pyvrp,40.0,0.010540230176890911,cvrp100_55131.json,0
"[""accepted""]",not_selected,True,0.10722461731141131,cvrp_s7799_n20-50-100_x66667_cvrp100_55134,0.07171717171717172,True,True,0.0,0.0,0.0,100,4,False,13.930098491599347,False,False,,False,13.822873874287936,4,4,2.570170075420379e-16,13.82287387428794,True,271830,13.822873874287936,3676184118,10,a4729ad44d1884900669180bbf4c063a30954771195271629358a2d309d999e5,40.08912784099812,pyvrp,40.0,0.007697333753675463,cvrp100_55134.json,-1
"[""pyvrp_cost_not_converged"", ""route_membership_ambiguous""]",unstable_cost,False,0.4806320767532135,cvrp_s7799_n20-50-100_x66667_cvrp100_55326,0.07858585858585859,False,False,0.18,0.05393939393939394,0.03595959595959596,100,3,True,16.72505694324216,False,True,17.29791520034308,True,16.244424866488945,4,4,0.018408813016606865,16.54346544641846,False,271828,16.244424866488945,1399820518,11,5fab8ae1fdb32f74149fcb8cd09f33805ba64bfc15ad449edda4014345d3bed0,40.083995935998246,pyvrp,40.0,0.028737246060463503,cvrp100_55326.json,0
"[""accepted""]",not_selected,True,0.3035780889618813,cvrp_s7799_n20-50-100_x66667_cvrp100_55379,0.040202020202020204,True,True,0.15,0.03494949494949495,0.018653198653198654,100,4,False,16.323966857513597,False,False,,False,16.020388768551715,4,4,0.0004372471825586829,16.02739363840426,True,271829,16.020388768551715,1173756807,11,2acca75aa06455c67439f51a07e85a8e48a219e611eac321bdd69a33a5c97bc0,40.11755644400182,pyvrp,40.0,0.018597078247690167,cvrp100_55379.json,0
"[""route_membership_ambiguous""]",unstable_matrix,True,0.369007550775418,cvrp_s7799_n20-50-100_x66667_cvrp100_55534,0.09777777777777778,False,False,0.23,0.09373737373737374,0.09373737373737374,100,2,True,17.277830791930228,False,True,17.993657068717464,True,16.90882324115481,4,4,0.003150910033687841,16.96210142196322,True,271828,16.90882324115481,132953414,11,397669f841501997b35682758b98f39c776b2fdbf88685977339161445492bae,40.09810922000179,pyvrp,40.0,0.021357284674171393,cvrp100_55534.json,0
"[""pyvrp_cost_not_converged""]",unstable_cost,False,0.2680503920861206,cvrp_s7799_n20-50-100_x66667_cvrp100_55538,0.07494949494949495,True,False,0.0,0.0,0.0,100,2,True,14.215591636336331,False,True,16.238073878491615,True,13.94754124425021,4,4,0.007132580580582205,14.047023206075819,False,271829,13.94754124425021,375903209,10,0495717e3eaedafae218097536b431fd3a165fd1fc5ff8d4f061cd69ddae3187,40.086150429000554,pyvrp,40.0,0.01885608414643536,cvrp100_55538.json,-1
"[""pyvrp_cost_not_converged"", ""route_membership_ambiguous""]",unstable_cost,False,0.2953218168906826,cvrp_s7799_n20-50-100_x66667_cvrp100_55592,0.04828282828282828,False,False,0.0,0.0,0.0,100,1,True,16.25008849787213,False,True,16.627341581012764,True,15.954766680981448,4,4,0.00617654526732016,16.05331201961606,False,271830,15.954766680981448,3403444920,11,e02df78b6e43acc3f09384c9e5aa739814a0b9d8834ca5311ee2e593aa52cbf7,40.08385330099918,pyvrp,40.0,0.01817355129661931,cvrp100_55592.json,0
"[""pyvrp_cost_not_converged"", ""route_membership_ambiguous""]",unstable_cost,False,0.12270234453298912,cvrp_s7799_n20-50-100_x66667_cvrp100_55624,0.05414141414141414,False,False,0.22,0.05919191919191919,0.03946127946127946,100,3,True,14.0323659298648,False,True,14.539786455341087,True,13.909663585331812,4,4,0.005602265704915371,13.987589216602826,False,271830,13.909663585331812,1890196889,10,fa6d55dc4111bf3990c5cb61a317bad42640658eaa9db118a491568790eb8b32,40.079653208998934,pyvrp,40.0,0.008744237796125612,cvrp100_55624.json,0
"[""route_membership_ambiguous""]",unstable_matrix,True,0.3658400762996603,cvrp_s7799_n20-50-100_x66667_cvrp100_55644,0.06787878787878789,False,False,0.2,0.06828282828282828,0.0567003367003367,100,3,True,15.931200832419993,False,True,16.7764424324472,True,15.565360756120333,4,4,0.0015258263174888448,15.58911079320323,True,271829,15.565360756120333,1533598592,11,541ef493f4e9d68d0a3898a90c61717313c306564802826266e1dee250f70b77,40.08728018699912,pyvrp,40.0,0.02296374768907412,cvrp100_55644.json,0
"[""accepted""]",stable_control,True,0.004625945788916397,cvrp_s7799_n20-50-100_x66667_cvrp100_55665,0.0,True,True,0.0,0.0,0.0,100,4,False,13.617228156288245,False,True,14.344757913551941,True,13.612602210499329,4,4,2.6725437278721104e-06,13.612638590773987,True,271829,13.612602210499329,1417367431,11,9caba6d6b1c6100570a90d3b9d8a31f33d98d77d00d5d8597ceee49885f5a33d,40.09580226900289,pyvrp,40.0,0.0003397127327105994,cvrp100_55665.json,0
"[""pyvrp_cost_not_converged"", ""route_membership_ambiguous""]",unstable_cost,False,0.24449854951181038,cvrp_s7799_n20-50-100_x66667_cvrp100_55706,0.09393939393939393,False,False,0.0,0.0,0.0,100,1,True,16.32310930246115,False,True,16.7874975764675,True,16.07861075294934,4,4,0.0018518837405659331,16.108386470773617,False,271828,16.07861075294934,3498527662,10,2e899122044dea9efbaa1d2c66203ef2c8622a59876f0beaaf0000694643131d,40.077077044999896,pyvrp,40.0,0.01497867501720065,cvrp100_55706.json,0
"[""accepted""]",stable_control,True,0.09391686452213222,cvrp_s7799_n20-50-100_x66667_cvrp100_55720,0.027474747474747475,True,True,0.0,0.0,0.0,100,4,False,15.307817460200468,False,True,15.993791323766821,True,15.213900595678336,4,4,1.1675880411002834e-16,15.213900595678338,True,271828,15.213900595678336,4238327934,10,d5446c604819b5392cd47aaf43a24f86bc6847913831f555fa7b40015f2357be,40.073902350002754,pyvrp,40.0,0.006135222396420077,cvrp100_55720.json,0
"[""route_membership_ambiguous""]",unstable_matrix,True,0.20955818283323424,cvrp_s7799_n20-50-100_x66667_cvrp100_55735,0.04101010101010101,False,False,0.21,0.05555555555555555,0.05555555555555555,100,2,True,16.36178294865288,False,True,16.840718033996747,True,16.152224765819646,4,4,0.0016828049466982512,16.17940580955575,True,271828,16.152224765819646,704714177,11,52b0d472402a615f289bed56e3c9d05b00794c9d143caccce162cf86bb66f859,40.091492662002565,pyvrp,40.0,0.012807784059407037,cvrp100_55735.json,0
"[""pyvrp_cost_not_converged"", ""route_membership_ambiguous""]",unstable_cost,False,0.28826603482414725,cvrp_s7799_n20-50-100_x66667_cvrp100_55769,0.10424242424242425,False,False,0.0,0.0,0.0,100,1,True,15.589152928915631,False,True,16.402958230645133,True,15.300886894091484,4,4,0.0027366725240964922,15.342760410848852,False,271829,15.300886894091484,2344676203,11,7fb801a1323b17401e738da77c5c8d267feee6b6ff86d49a8ae8dd14fff5ec5c,40.0614072870012,pyvrp,40.0,0.018491449544346655,cvrp100_55769.json,0
"[""pyvrp_cost_not_converged"", ""route_membership_ambiguous""]",unstable_cost,False,0.303544853785219,cvrp_s7799_n20-50-100_x66667_cvrp100_55790,0.06686868686868687,False,False,0.0,0.0,0.0,100,1,True,16.630787674209078,False,True,17.301600584965595,True,16.32724282042386,4,4,0.005719938017122012,16.420633637347184,False,271830,16.32724282042386,2416264408,11,30b5ca211802f90c2c7dad8730458c6cd72b39df4e990d0ce5ed418954f8197e,40.06996745200013,pyvrp,40.0,0.018251982992721055,cvrp100_55790.json,0
"[""accepted""]",not_selected,True,0.2968612148319174,cvrp_s7799_n20-50-100_x66667_cvrp100_55818,0.08262626262626263,True,True,0.18,0.028686868686868688,0.014343434343434344,100,4,False,16.981489154478428,False,False,,False,16.68462793964651,4,4,0.0009353543388262934,16.70023397878156,True,271830,16.68462793964651,3005868534,10,f41927fb7513867001c2894a58293e8bc60bd39c371872bd2ac269b7c01a18b5,40.09609433799778,pyvrp,40.0,0.017481459495772664,cvrp100_55818.json,0
"[""pyvrp_cost_not_converged"", ""route_membership_ambiguous""]",unstable_cost,False,0.23602415530349496,cvrp_s7799_n20-50-100_x66667_cvrp100_55932,0.09111111111111111,False,False,0.0,0.0,0.0,100,1,True,15.883263185704669,False,True,17.387901381557963,True,15.647239030401174,4,4,0.004711326436625212,15.720958281305297,False,271828,15.647239030401174,1521753862,10,e62017b55c9628e09282cec2dc03d39c6c01320d635a16f4bf4c612e19ccaed2,40.102291182000045,pyvrp,40.0,0.014859928501085504,cvrp100_55932.json,0
"[""accepted""]",not_selected,True,0.24950246129849418,cvrp_s7799_n20-50-100_x66667_cvrp100_5601,0.09090909090909091,True,True,0.22,0.008888888888888889,0.008888888888888889,100,2,False,13.906474176995712,False,False,,False,13.656971715697217,4,4,0.004084024030621241,13.71274711636964,True,271828,13.656971715697217,2712344095,11,30147ea3b6d3eb0d68bb40fc6e5d69e694b921cbd0e64388c29f71260f172708,40.078308783002285,pyvrp,40.0,0.01794146079897266,cvrp100_5601.json,0
"[""accepted""]",not_selected,True,0.13941405420431252,cvrp_s7799_n20-50-100_x66667_cvrp100_56142,0.04565656565656566,True,True,0.0,0.0,0.0,100,3,False,14.230137444127225,False,False,,False,14.090723389922912,4,4,0.0022399874415180527,14.122286433358244,True,271831,14.090723389922912,3661276238,11,3e3b1ad9dc4d030c7cf43f6f2aec5e77969d76d00069347a02a1e2d3913d46e1,40.0952723449991,pyvrp,40.0,0.009797098218601443,cvrp100_56142.json,0
"[""accepted""]",stable_control,True,0.026458841815026446,cvrp_s7799_n20-50-100_x66667_cvrp100_56145,0.01292929292929293,True,True,0.19,0.007676767676767677,0.0038383838383838384,100,4,False,15.111245424081272,False,True,16.42121471337173,True,15.084786582266245,4,4,2.9944743256692903e-05,15.085238292327533,True,271831,15.084786582266245,4225925667,11,ffe4ba29f2282be85a180d159a289809db081ccab6db21d35dbbeb048eb63156,40.091878555998846,pyvrp,40.0,0.001750937204213602,cvrp100_56145.json,0
"[""pyvrp_cost_not_converged"", ""route_membership_ambiguous""]",unstable_cost,False,0.2775999977625183,cvrp_s7799_n20-50-100_x66667_cvrp100_56155,0.08323232323232323,False,False,0.0,0.0,0.0,100,1,True,15.969294570115864,False,True,16.522184388129794,True,15.691694572353345,4,4,0.010122048232183729,15.850526661659401,False,271831,15.691694572353345,341356804,10,1fd310f701e00c87354cd68d4a4cfbbf231e4f5243cf34204e7696a0cc97a9ea,40.0927391840014,pyvrp,40.0,0.01738336008166604,cvrp100_56155.json,0
"[""accepted""]",not_selected,True,0.42396749447425464,cvrp_s7799_n20-50-100_x66667_cvrp100_5625,0.07636363636363637,True,True,0.2,0.04626262626262626,0.03622895622895623,100,3,False,20.30671911177356,False,False,,False,19.882751617299306,4,4,0.001182392275997633,19.90626082923718,True,271829,19.882751617299306,3288326927,10,c452c92d6b00a0bc02725ef9d40641c1c803649777629b7e90eaf8f267e4c8c7,40.10355285500191,pyvrp,40.0,0.02087818776340113,cvrp100_5625.json,0
"[""accepted""]",not_selected,True,0.18868799128044422,cvrp_s7799_n20-50-100_x66667_cvrp100_56297,0.052525252525252523,True,True,0.0,0.0,0.0,100,2,False,14.393254307318639,False,False,,False,14.204566316038195,4,4,0.0015356145449392994,14.226379054677658,True,271831,14.204566316038195,204231889,11,ea6f839e621185c13774490a319891c4356aea54534f93b312c66673a3ce4681,40.08562452800106,pyvrp,40.0,0.013109473872389006,cvrp100_56297.json,0
"[""accepted""]",not_selected,True,0.305026631093833,cvrp_s7799_n20-50-100_x66667_cvrp100_56445,0.06444444444444444,True,True,0.0,0.0,0.0,100,2,False,14.587869317292812,False,False,,False,14.282842686198979,4,4,0.0049589003083089465,14.3536698791991,True,271831,14.282842686198979,2940021929,10,0ef0470b761f0572ef3c7ada95bb44d8152f69c23247e6a63ab96c7c7a2d80d0,40.08623139500196,pyvrp,40.0,0.020909608144915794,cvrp100_56445.json,-1
"[""pyvrp_cost_not_converged""]",unstable_cost,False,0.44969950253097224,cvrp_s7799_n20-50-100_x66667_cvrp100_5653,0.08262626262626263,True,False,0.0,0.0,0.0,100,2,True,19.198518370309106,False,True,19.879615041782966,True,18.748818867778134,4,4,0.010826314637751886,18.95179947992692,False,271829,18.748818867778134,2305642913,12,55d74c95676df47e126b9caea555cb25b407049b575efccf3568ead72cabcca4,40.0720331679986,pyvrp,40.0,0.023423656651882133,cvrp100_5653.json,0
"[""pyvrp_cost_not_converged"", ""route_membership_ambiguous""]",unstable_cost,False,0.3032482240237968,cvrp_s7799_n20-50-100_x66667_cvrp100_56571,0.05515151515151515,False,False,0.0,0.0,0.0,100,1,True,18.08657490744184,False,True,18.494740937891052,True,17.783326683418043,4,4,0.0031083869266802402,17.838604143593663,False,271830,17.783326683418043,34221673,12,f5ed9253ae841eeb049841e06e2e0557d8d2988758448ada607a6bad91d8f578,40.15294990199982,pyvrp,40.0,0.016766481524316874,cvrp100_56571.json,0
"[""route_membership_ambiguous""]",unstable_matrix,True,0.37987368044311154,cvrp_s7799_n20-50-100_x66667_cvrp100_56666,0.09191919191919191,False,False,0.21,0.08383838383838384,0.04191919191919192,100,4,True,18.706931923274606,False,True,19.076276512563638,True,18.327058242831495,4,4,0.0006711074194330608,18.33935766759464,True,271828,18.327058242831495,360981987,12,5848a597bc78099914607416560b57387adf8f77c38384975079b29d80d32722,40.111977717002446,pyvrp,40.0,0.020306573092858913,cvrp100_56666.json,0
"[""accepted""]",not_selected,True,0.4197252242751439,cvrp_s7799_n20-50-100_x66667_cvrp100_56845,0.07595959595959596,True,True,0.18,0.048484848484848485,0.024242424242424242,100,4,False,19.920665695037147,False,False,,False,19.500940470762004,4,4,0.00046125790955040636,19.509935433797814,True,271830,19.500940470762004,2205606546,11,dbbf7253268099c379b5bf91ef69385126d79a9398419b89a4dbf76e821bffef,40.08997164399989,pyvrp,40.0,0.021069839266451344,cvrp100_56845.json,0
"[""accepted""]",not_selected,True,0.19899776476087716,cvrp_s7799_n20-50-100_x66667_cvrp100_56904,0.06262626262626263,True,True,0.22,0.04787878787878788,0.02393939393939394,100,4,False,14.617150908150222,False,False,,False,14.418153143389345,4,4,7.109254967103174e-05,14.419178166657856,True,271828,14.418153143389345,4177224649,11,a12c14f873b288fafbce73d96eb69c0492bcd962ac142ac0c47b015a4c627253,40.08544930300195,pyvrp,40.0,0.013613991263504032,cvrp100_56904.json,0
"[""accepted""]",stable_control,True,0.31899392993591213,cvrp_s7799_n20-50-100_x66667_cvrp100_56941,0.10929292929292929,True,True,0.0,0.0,0.0,100,3,False,15.620315957682175,False,True,16.671969484131374,True,15.301322027746263,4,4,0.0014263867079310807,15.323147630100413,True,271828,15.301322027746263,777692876,10,4a507ca877ddefda6f34714a6ce2662ad9c1799d0ba82cb6c6d3cc3d78298a51,40.06754779399853,pyvrp,40.0,0.020421733516794122,cvrp100_56941.json,0
"[""accepted""]",stable_control,True,0.1968115701959121,cvrp_s7799_n20-50-100_x66667_cvrp100_57044,0.09474747474747475,True,True,0.0,0.0,0.0,100,2,False,16.324273018755378,False,True,16.65370127996958,True,16.127461448559465,4,4,0.004431895305677557,16.198936669245832,True,271831,16.127461448559465,3684061362,11,4bcbdd4b9ce5f06be99d2ffbdeba69fbf9617f701bf2f5ca96804713732481e2,40.08300603799944,pyvrp,40.0,0.012056375801224975,cvrp100_57044.json,0
"[""route_membership_ambiguous""]",unstable_matrix,True,0.4809765008750091,cvrp_s7799_n20-50-100_x66667_cvrp100_57047,0.09535353535353536,False,False,0.24,0.08828282828282828,0.058855218855218855,100,4,True,18.823556949774982,False,True,19.909959188336167,True,18.342580448899973,4,4,0.0006829479383549833,18.35510747640166,True,271829,18.342580448899973,1815818519,11,ac3675f6b825b926f9ee4502500efc306988fe8b6bfaa8b476a1c9846fe1a67b,40.0937347470026,pyvrp,40.0,0.02555183922774801,cvrp100_57047.json,0
"[""pyvrp_cost_not_converged""]",unstable_cost,False,0.5162280314830134,cvrp_s7799_n20-50-100_x66667_cvrp100_57094,0.09252525252525252,True,False,0.0,0.0,0.0,100,3,True,14.834025725602048,False,True,15.482653225118263,True,14.317797694119035,4,4,0.019216743034599193,14.592939133228297,False,271830,14.317797694119035,1949836253,11,c8c38938a541cc0f199570c062f3b223af3d0b1e0828e7f9af5760aa19fd1e2a,40.07749514199895,pyvrp,40.0,0.03480026535157313,cvrp100_57094.json,0
"[""pyvrp_cost_not_converged""]",unstable_cost,False,0.3638234089622898,cvrp_s7799_n20-50-100_x66667_cvrp100_57635,0.11313131313131314,True,False,0.14,0.008484848484848486,0.005656565656565657,100,3,True,18.85037317180226,False,True,19.676050212658833,True,18.48654976283997,4,4,0.006947281636788218,18.61498103053492,False,271830,18.48654976283997,30190372,10,1ce5ca24f9bef98f31bd34bc6bb120af3f74cd0f15ae469edb98b181d3b9598d,40.08452169700104,pyvrp,40.0,0.019300594510591598,cvrp100_57635.json,0
"[""accepted""]",not_selected,True,0.06513291229734897,cvrp_s7799_n20-50-100_x66667_cvrp100_57715,0.09353535353535354,True,True,0.17,0.02282828282828283,0.01521885521885522,100,4,False,13.222250278745962,False,False,,False,13.157117366448613,4,4,2.651563869901086e-05,13.157466235819022,True,271828,13.157117366448613,1538553424,10,9eb7e3da9f73210f920061a64db16c4b0ce573aa27ed8e9901d2771840d5d9b2,40.090297224000096,pyvrp,40.0,0.004926008124505594,cvrp100_57715.json,0
"[""route_membership_ambiguous""]",unstable_matrix,True,0.19749507039571057,cvrp_s7799_n20-50-100_x66667_cvrp100_57800,0.054747474747474746,False,False,0.21,0.08040404040404041,0.05616161616161617,100,4,True,15.516780134131892,False,True,16.100853094515855,True,15.319285063736181,4,4,0.0007469710572366392,15.33072812629635,True,271829,15.319285063736181,1374725111,11,2f6ea69db7a6a0d4507d83b36f5ecd27d3706fd994e08482fd0a2f0755b6f261,40.1468529829981,pyvrp,40.0,0.012727838423210326,cvrp100_57800.json,0
"[""accepted""]",not_selected,True,0.1838825707739602,cvrp_s7799_n20-50-100_x66667_cvrp100_57991,0.055757575757575756,True,True,0.14,0.0028282828282828283,0.0018855218855218854,100,4,False,17.27410839636869,False,False,,False,17.09022582559473,4,4,3.5497163254548954e-05,17.090832480130917,True,271830,17.09022582559473,4188095644,12,676c26181f46c8bae7addbe09160496ad09e1a477930a72eea968bc0401e03ca,40.102940974000376,pyvrp,40.0,0.010644981874295488,cvrp100_57991.json,0
"[""pyvrp_cost_not_converged""]",unstable_cost,False,0.43763116322465834,cvrp_s7799_n20-50-100_x66667_cvrp100_58007,0.06484848484848485,True,False,0.2,0.024242424242424242,0.024242424242424242,100,2,True,18.111874645195655,False,True,19.50189696087817,True,17.674243481970997,4,4,0.005654237094705481,17.774177845087614,False,271829,17.674243481970997,2655805597,11,34743bddaa1a5552aa6831c125d7053d93b4c108c0d35d097a080e4f125414ed,40.09371590500086,pyvrp,40.0,0.024162665201569518,cvrp100_58007.json,0
"[""pyvrp_cost_not_converged""]",unstable_cost,False,0.5535941322136075,cvrp_s7799_n20-50-100_x66667_cvrp100_58018,0.0692929292929293,True,False,0.23,0.027474747474747475,0.027474747474747475,100,2,True,17.73365180190706,False,True,18.138745786949567,True,17.180057669693454,4,4,0.011094998267037836,17.370670379766313,False,271828,17.180057669693454,3196672658,11,0c52bbc37a42646b05cd1eb67e53264b4c67ae41516eb0a31a9b352e29b0574c,40.1303763620017,pyvrp,40.0,0.031217153601384825,cvrp100_58018.json,0
"[""route_membership_ambiguous""]",unstable_matrix,True,0.14202776810846984,cvrp_s7799_n20-50-100_x66667_cvrp100_58129,0.08464646464646465,False,False,0.22,0.05494949494949495,0.03946127946127946,100,3,True,14.327876507444406,False,True,14.836517605382372,True,14.185848739335936,4,4,0.0027512467043697667,14.224877508928722,True,271831,14.185848739335936,2527298715,11,6539e18a92883aec461d3901285bd986c4ebabed8446feab53bfe06f22a9adb6,40.09351317999972,pyvrp,40.0,0.009912687901425991,cvrp100_58129.json,0
"[""route_membership_ambiguous""]",unstable_matrix,True,0.4652811857070791,cvrp_s7799_n20-50-100_x66667_cvrp100_58140,0.07878787878787878,False,False,0.22,0.07656565656565656,0.05292929292929293,100,4,True,16.43662799812055,False,True,18.3258003765776,True,15.97134681241347,4,4,0.00033443134994545797,15.976688131488393,True,271830,15.97134681241347,2607108986,10,3724fe0a7efeddb8db9af293cd5532c01d37553cb68934ad45a78a0d208a2269,40.09825326200007,pyvrp,40.0,0.028307581443120924,cvrp100_58140.json,0
"[""pyvrp_cost_not_converged"", ""route_membership_ambiguous""]",unstable_cost,False,0.5748593196079241,cvrp_s7799_n20-50-100_x66667_cvrp100_58153,0.09353535353535354,False,False,0.2,0.0698989898989899,0.04767676767676767,100,3,True,20.052698312243848,False,True,20.515086553401442,True,19.477838992635924,4,4,0.007335104135105236,19.62071096997372,False,271828,19.477838992635924,2267334326,11,183a08f4f0f1679f140a65e2d4e9a5494c29f20bcc568ca8439914b2988aa49d,40.085057872001926,pyvrp,40.0,0.028667429722259597,cvrp100_58153.json,0
"[""pyvrp_cost_not_converged"", ""route_membership_ambiguous""]",unstable_cost,False,0.21354455072228795,cvrp_s7799_n20-50-100_x66667_cvrp100_58176,0.08484848484848485,False,False,0.0,0.0,0.0,100,1,True,15.094986809140561,False,True,16.00406261792501,True,14.881442258418273,4,4,0.010421488520272604,15.036529038079479,False,271831,14.881442258418273,3884848041,10,c5791a0b6826d622f8092627f3749ae1e1ab6f438d3c258a6e1e5054a76d2ec3,40.08654314500018,pyvrp,40.0,0.014146719929094538,cvrp100_58176.json,0
"[""accepted""]",stable_control,True,0.13640989144488103,cvrp_s7799_n20-50-100_x66667_cvrp100_58401,0.0797979797979798,True,True,0.2,0.04565656565656566,0.03138047138047138,100,3,False,13.847169501808507,False,True,14.363239851315875,True,13.710759610363626,4,4,0.0023972517160879684,13.74362775236844,True,271828,13.710759610363626,4215844310,11,07785c789d373730fa9a4cfd41be28028d30f44bb3c78847fbd657fe899d24fa,40.13073277700096,pyvrp,40.0,0.009851102886193834,cvrp100_58401.json,0
"[""route_membership_ambiguous""]",unstable_matrix,True,0.17762744758033833,cvrp_s7799_n20-50-100_x66667_cvrp100_58456,0.08181818181818182,False,False,0.17,0.0905050505050505,0.08430976430976429,100,3,True,14.149270634835792,False,True,14.801186170534786,True,13.971643187255454,4,4,0.001568514436032744,13.993557911289763,True,271831,13.971643187255454,1737017863,12,fc6b9cfba262b7d3bf9ae384a06cc11f9dc8103ee8c1394147d65864e5cdd8f2,40.08275620399945,pyvrp,40.0,0.0125538235973108,cvrp100_58456.json,0
"[""accepted""]",not_selected,True,0.33951331262594664,cvrp_s7799_n20-50-100_x66667_cvrp100_5863,0.08121212121212121,True,True,0.0,0.0,0.0,100,4,False,14.933791605397667,False,False,,False,14.59427829277172,4,4,1.2171597688938463e-16,14.594278292771723,True,271828,14.59427829277172,3418985585,10,09a937fa202fa6f8e5dea95d37bcf8e4cf08b3d873a70b01cf0c13b492a4525f,40.092931250997935,pyvrp,40.0,0.022734568795190164,cvrp100_5863.json,0
"[""route_membership_ambiguous""]",unstable_matrix,True,0.21199504011005743,cvrp_s7799_n20-50-100_x66667_cvrp100_5876,0.06181818181818182,False,False,0.22,0.06646464646464646,0.05225589225589226,100,3,True,15.442228254794697,False,True,15.745917481831277,True,15.23023321468464,4,4,0.0018856200804053976,15.258951648263507,True,271831,15.23023321468464,325872409,11,0acdff52d5a6c0c220250a316f0176d331ee70726444aaabb69f25857acb7b34,40.11227811199933,pyvrp,40.0,0.013728267489132246,cvrp100_5876.json,0
"[""accepted""]",not_selected,True,0.14290896753521842,cvrp_s7799_n20-50-100_x66667_cvrp100_5892,0.05858585858585859,True,True,0.2,0.041616161616161614,0.020808080808080807,100,4,False,15.267317047553876,False,False,,False,15.124408080018657,4,4,0.0001196138307344105,15.126217168406699,True,271829,15.124408080018657,333763188,10,71834484f53df958f5735aa3e8c730d68a70f14d95b47c898cba490f527cf217,40.102784303999215,pyvrp,40.0,0.009360450633866627,cvrp100_5892.json,0
"[""route_membership_ambiguous""]",unstable_matrix,True,0.09135923929136958,cvrp_s7799_n20-50-100_x66667_cvrp100_58925,0.07757575757575758,False,False,0.21,0.09636363636363636,0.07643097643097643,100,4,True,13.374333409193211,False,True,13.844651090709675,True,13.282974169901841,4,4,0.0009283686915791658,13.295305667252233,True,271829,13.282974169901841,211942241,11,8a6ad6704e439dc962c280898433d8fad9ad1f7b5a8a307b91b8d4d99b309655,40.149597704999906,pyvrp,40.0,0.006830937774332089,cvrp100_58925.json,0
"[""accepted""]",not_selected,True,0.33145348442638856,cvrp_s7799_n20-50-100_x66667_cvrp100_59255,0.0995959595959596,True,True,0.18,0.0036363636363636364,0.0036363636363636364,100,2,False,15.522413249619019,False,False,,False,15.19095976519263,4,4,0.003394072389885933,15.242518982307539,True,271830,15.19095976519263,1367264519,10,671ffe72e34b4be3cfe53a29b2f71ee13f01a9c568569266f2a33ccce2daede6,40.077133982002124,pyvrp,40.0,0.02135321867136373,cvrp100_59255.json,0
"[""route_membership_ambiguous""]",unstable_matrix,True,0.42740706283666796,cvrp_s7799_n20-50-100_x66667_cvrp100_59356,0.08262626262626263,False,False,0.23,0.08343434343434343,0.05619528619528619,100,4,True,18.186422101438403,False,True,19.410760843458803,True,17.759015038601735,4,4,0.0009482039382428998,17.775854206600652,True,271828,17.759015038601735,2441070495,10,ac2c0afeb873d81a0b47d1921678e5c1b01860bb7144beb2e4c759ea6f59e2c2,40.094890836997365,pyvrp,40.0,0.023501437525903647,cvrp100_59356.json,0
"[""pyvrp_cost_not_converged"", ""route_membership_ambiguous""]",unstable_cost,False,0.11389130637133427,cvrp_s7799_n20-50-100_x66667_cvrp100_59432,0.0496969696969697,False,False,0.0,0.0,0.0,100,1,True,13.411879404274725,False,True,14.486424756160844,True,13.29798809790339,4,4,0.009290520750061792,13.421533332261037,False,271830,13.29798809790339,1085823301,11,c1018d27b397e188fe453b05d9a04104074c095dd6c8a0a2b57e383f20b736eb,40.08676432200082,pyvrp,40.0,0.008491823027802804,cvrp100_59432.json,0
"[""pyvrp_cost_not_converged"", ""route_membership_ambiguous""]",unstable_cost,False,0.33948432022990715,cvrp_s7799_n20-50-100_x66667_cvrp100_59790,0.047474747474747475,False,False,0.0,0.0,0.0,100,1,True,16.71405519553245,False,True,17.458490191417578,True,16.374570875302542,4,4,0.004882778610726239,16.45452427973229,False,271830,16.374570875302542,2566040506,11,84d60100c7393f1015c4ca45bb9cec61dda0d4a2f547de2423ffe833177acf02,40.09066815499682,pyvrp,40.0,0.020311307833939005,cvrp100_59790.json,0
"[""pyvrp_cost_not_converged""]",unstable_cost,False,0.2696095196295083,cvrp_s7799_n20-50-100_x66667_cvrp100_60016,0.05313131313131313,True,False,0.0,0.0,0.0,100,3,True,14.119899971142686,False,True,15.066776511045639,True,13.850290451513178,4,4,0.013239935909100824,14.033667409413644,False,271829,13.850290451513178,3105212385,11,cb2c0470ad54f9d1ee81b5a93b37549efb4fb88dadc09cebf84466b33e7d3b68,40.09243305899872,pyvrp,40.0,0.019094293881721423,cvrp100_60016.json,0
"[""accepted""]",stable_control,True,0.4016285998751741,cvrp_s7799_n20-50-100_x66667_cvrp100_60552,0.07757575757575758,True,True,0.0,0.0,0.0,100,2,False,17.27394859792488,False,True,17.90619886053235,True,16.872319998049704,4,4,0.0016235107486109429,16.89971239092054,True,271829,16.872319998049704,799181717,11,3bd964ab3e1ca3e672f8679ac411df7dba6e861d3c81c8432467bcbe931a8c05,40.107588742997905,pyvrp,40.0,0.02325053809199257,cvrp100_60552.json,0
"[""pyvrp_cost_not_converged"", ""route_membership_ambiguous""]",unstable_cost,False,0.2202196338252591,cvrp_s7799_n20-50-100_x66667_cvrp100_60578,0.07939393939393939,False,False,0.0,0.0,0.0,100,1,True,14.194566645105157,False,True,14.609020011955021,True,13.974347011279898,4,4,0.007934977131719156,14.085233135245112,False,271828,13.974347011279898,1220848189,11,151a92aab2cddcfa6e819dceb30379697cc3b3ccc3d4af3e3865509390feb24e,40.14497839999967,pyvrp,40.0,0.01551436118701091,cvrp100_60578.json,0
"[""pyvrp_cost_not_converged"", ""route_membership_ambiguous""]",unstable_cost,False,0.15920872618139548,cvrp_s7799_n20-50-100_x66667_cvrp100_60946,0.03111111111111111,False,False,0.0,0.0,0.0,100,1,True,13.444689852901773,False,True,13.821345438689313,True,13.285481126720377,4,4,0.005349542747903555,13.356552375934234,False,271828,13.285481126720377,2982808236,10,43e13d55a16d8082dfe89c2819b8bbc939c6d7612b19a528063ec8b00f771dee,40.08050444499895,pyvrp,40.0,0.011841755215129295,cvrp100_60946.json,0
"[""accepted""]",not_selected,True,0.3226449334011914,cvrp_s7799_n20-50-100_x66667_cvrp100_6102,0.04707070707070707,True,True,0.0,0.0,0.0,100,4,False,16.019375365916826,False,False,,False,15.696730432515634,4,4,2.2633463026421646e-16,15.696730432515638,True,271828,15.696730432515634,1417325827,10,4d84dbc64c1820ce78bd2073d281980471d7b97c7da6c5e6738e2c4d76eee9f0,40.07260607400167,pyvrp,40.0,0.020140918483479563,cvrp100_6102.json,0
"[""pyvrp_cost_not_converged"", ""route_membership_ambiguous""]",unstable_cost,False,0.34256976344060064,cvrp_s7799_n20-50-100_x66667_cvrp100_61156,0.07636363636363637,False,False,0.0,0.0,0.0,100,1,True,18.634562323643575,False,True,19.72002888363132,True,18.291992560202974,4,4,0.005396899739088235,18.390712610078538,False,271829,18.291992560202974,1903140017,11,119fc0dcb559a1d38e3c335002ae51b6b2cb51325b4b995c7c907871c46d341c,40.09391241400226,pyvrp,40.0,0.018383569063274825,cvrp100_61156.json,0
"[""accepted""]",not_selected,True,0.48509622535278396,cvrp_s7799_n20-50-100_x66667_cvrp100_61221,0.07696969696969697,True,True,0.0,0.0,0.0,100,3,False,18.956429008423758,False,False,,False,18.471332783070974,4,4,0.004899139955075823,18.56182642753202,True,271829,18.471332783070974,736538817,11,c6ad0d50c2c6f4024e310d292db4874380b3506384b5c13fbbd1e4f0db1a192e,40.066787276999094,pyvrp,40.0,0.025590063673765744,cvrp100_61221.json,0
"[""accepted""]",not_selected,True,0.15416564504775465,cvrp_s7799_n20-50-100_x66667_cvrp100_61281,0.06060606060606061,True,True,0.2,0.02101010101010101,0.014006734006734007,100,4,False,13.46603860410767,False,False,,False,13.311872959059915,4,4,3.678150739385351e-05,13.312362589813585,True,271831,13.311872959059915,2093453292,11,a09fba2624ae5ee48abf288b912341ce7ff97e61040726e66f9afce244142f1a,40.13653766299831,pyvrp,40.0,0.011448477876836628,cvrp100_61281.json,0
"[""pyvrp_cost_not_converged"", ""route_membership_ambiguous""]",unstable_cost,False,0.06905481235648381,cvrp_s7799_n20-50-100_x66667_cvrp100_61375,0.07353535353535354,False,False,0.0,0.0,0.0,100,1,True,14.10119390398775,False,True,15.12589674014288,True,14.032139091631267,4,4,0.0015294113278789597,14.053600004112381,False,271829,14.032139091631267,789956364,10,bd95effcb34a0d9542f98e9af4d2aa7e2a55388615d393ba6dca99fa469f50bf,40.1065585260003,pyvrp,40.0,0.004897089766062676,cvrp100_61375.json,0
"[""pyvrp_cost_not_converged""]",unstable_cost,False,0.27289914329603526,cvrp_s7799_n20-50-100_x66667_cvrp100_61411,0.0892929292929293,True,False,0.0,0.0,0.0,100,2,True,14.74671708240606,False,True,15.418888661456505,True,14.473817939110024,4,4,0.00844913350649962,14.596109159226334,False,271828,14.473817939110024,734051972,11,dbe60a9b56d362f75d1460ef5daa41090c12976cb31039c4363b5cdfaa91d010,40.08616095300022,pyvrp,40.0,0.018505755672333635,cvrp100_61411.json,0
"[""accepted""]",not_selected,True,0.06799616781506046,cvrp_s7799_n20-50-100_x66667_cvrp100_61432,0.013333333333333334,True,True,0.14,0.014141414141414142,0.007070707070707071,100,4,False,14.57669853194911,False,False,,False,14.508702364134049,4,4,0.0005165831869684754,14.51619731584009,True,271831,14.508702364134049,2346807103,10,0d45619c4856331e6c536c26e44b8e165e2a667e1a0d031b04b9069a63a227c3,40.073450227999274,pyvrp,40.0,0.0046647166137124205,cvrp100_61432.json,0
"[""pyvrp_cost_not_converged""]",unstable_cost,False,0.4191350898871278,cvrp_s7799_n20-50-100_x66667_cvrp100_61630,0.10828282828282829,True,False,0.21,0.04686868686868687,0.04686868686868687,100,2,True,18.496168094226153,False,True,19.528302253151008,True,18.077033004339025,4,4,0.008841418835604874,18.23685962443544,False,271828,18.077033004339025,277203960,10,f9081991c3f6f806787a42c9c6ab4469b2099e2f2cb9edc818f98e0040871f5c,40.068486567000946,pyvrp,40.0,0.022660644504953805,cvrp100_61630.json,0
"[""route_membership_ambiguous""]",unstable_matrix,True,0.1723871460642563,cvrp_s7799_n20-50-100_x66667_cvrp100_61675,0.037575757575757575,False,False,0.25,0.05919191919191919,0.03946127946127946,100,4,True,13.583739742529097,False,True,15.71208067822282,True,13.411352596464841,4,4,0.0005765692444127943,13.419085169897938,True,271831,13.411352596464841,2929120080,10,ac576d78de0bebff943994ce6c78382f61007e12d04ce9aad53dd4765c34a14a,40.07314589300222,pyvrp,40.0,0.012690698536024829,cvrp100_61675.json,0
"[""accepted""]",not_selected,True,0.33301124958813944,cvrp_s7799_n20-50-100_x66667_cvrp100_6168,0.09757575757575758,True,True,0.0,0.0,0.0,100,2,False,16.67704701912798,False,False,,False,16.34403576953984,4,4,0.0010641709837332736,16.361428618162883,True,271828,16.34403576953984,214216531,11,73f4f3cd9217fb0b88b135b075518ce9ff3d7c88e7b11f3b2c6df4f3ef7b3b81,40.0874624019998,pyvrp,40.0,0.019968238334171953,cvrp100_6168.json,0
"[""pyvrp_cost_not_converged"", ""route_membership_ambiguous""]",unstable_cost,False,0.22287747247631096,cvrp_s7799_n20-50-100_x66667_cvrp100_6188,0.06666666666666667,False,False,0.0,0.0,0.0,100,1,True,14.594292714215408,False,True,15.232970558293044,True,14.371415241739097,4,4,0.006086417242535333,14.458885671266053,False,271830,14.371415241739097,1747810407,11,072f76478c572a1dd22bb936a7d6410883baa31d5a583a8c4d50784ef8837bc6,40.09058611599903,pyvrp,40.0,0.015271550108024053,cvrp100_6188.json,0
"[""route_membership_ambiguous""]",unstable_matrix,True,0.28286931243533253,cvrp_s7799_n20-50-100_x66667_cvrp100_61968,0.06808080808080808,False,False,0.19,0.07454545454545454,0.03727272727272727,100,4,True,15.779520669710813,False,True,16.01670341714283,True,15.49665135727548,4,4,0.000529179883962762,15.504851873442535,True,271831,15.49665135727548,3677217135,10,f74a2d3814ed4e9025df4b90989c2585cdf5693a57e1fba3ac96cc6872ed5e98,40.1673314260006,pyvrp,40.0,0.017926356469009055,cvrp100_61968.json,0
"[""pyvrp_cost_not_converged"", ""route_membership_ambiguous""]",unstable_cost,False,0.2608160887619899,cvrp_s7799_n20-50-100_x66667_cvrp100_62123,0.06080808080808081,False,False,0.0,0.0,0.0,100,1,True,16.04862722155868,False,True,16.433320427538984,True,15.787811132796689,4,4,0.01412558615582748,16.01082321916494,False,271830,15.787811132796689,1039123979,11,c74d5c63040dafccd3b89df5325e6ded292018a26fef93b561ec8f9503fb9e1a,40.07290826299868,pyvrp,40.0,0.01625161362160787,cvrp100_62123.json,0
"[""pyvrp_cost_not_converged""]",unstable_cost,False,0.35740784130068093,cvrp_s7799_n20-50-100_x66667_cvrp100_62287,0.06606060606060606,True,False,0.2,0.04828282828282828,0.04,100,3,True,16.759930149930252,False,True,17.461494374089632,True,16.40252230862957,4,4,0.005365598665277468,16.490531660435938,False,271831,16.40252230862957,3461578837,11,7cada4874d04aed334371b03193df30cb7efe77bcfdedd133e48a7d35cb11d48,40.12448568900072,pyvrp,40.0,0.02132513907297927,cvrp100_62287.json,0
"[""pyvrp_cost_not_converged"", ""route_membership_ambiguous""]",unstable_cost,False,0.1456441863468605,cvrp_s7799_n20-50-100_x66667_cvrp100_62330,0.06868686868686869,False,False,0.0,0.0,0.0,100,1,True,14.909477047089405,False,True,15.753875530949001,True,14.763832860742545,4,4,0.003206766134607104,14.811177019977373,False,271828,14.763832860742545,1746205585,11,870af6394ea1756ce80b9d1d947f248c85d8949e986b7ed7ecfd31ef68df7cda,40.0839204019976,pyvrp,40.0,0.009768564375991499,cvrp100_62330.json,0
"[""pyvrp_cost_not_converged"", ""route_membership_ambiguous""]",unstable_cost,False,0.18406138354025003,cvrp_s7799_n20-50-100_x66667_cvrp100_62638,0.0997979797979798,False,False,0.0,0.0,0.0,100,1,True,15.301996693016132,False,True,15.782937700830585,True,15.117935309475882,4,4,0.001623932155368445,15.14248581074772,False,271831,15.117935309475882,3055546743,10,610e0ae8605267df4c3b2c25f82509637176ffb5c148fcb6344163772df41d43,40.091590511001414,pyvrp,40.0,0.012028586022649978,cvrp100_62638.json,0
"[""pyvrp_cost_not_converged""]",unstable_cost,False,0.3308246411417137,cvrp_s7799_n20-50-100_x66667_cvrp100_6284,0.05757575757575758,True,False,0.0,0.0,0.0,100,3,True,14.402400817817337,False,True,15.36800533043311,True,14.071576176675624,4,4,0.013689227446327652,14.264205183486462,False,271831,14.071576176675624,668922377,11,76c7ab65e9563fea8d6261ab4912f9ea50bd43eef514a7a6d8e180a49f692ee4,40.066434538002795,pyvrp,40.0,0.022970103757454636,cvrp100_6284.json,0
"[""pyvrp_cost_not_converged"", ""route_membership_ambiguous""]",unstable_cost,False,0.38359916168582586,cvrp_s7799_n20-50-100_x66667_cvrp100_62910,0.09393939393939393,False,False,0.0,0.0,0.0,100,1,True,20.287631115667153,False,True,21.07918572382641,True,19.904031953981328,4,4,0.004584453014950736,19.995281053282433,False,271829,19.904031953981328,1437694226,11,a68e0dad37f2456d50896ac60bf00366729d5632d828f7b991a359418026b73c,40.1161893339995,pyvrp,40.0,0.018908031179135094,cvrp100_62910.json,0
"[""accepted""]",not_selected,True,0.14825541199976833,cvrp_s7799_n20-50-100_x66667_cvrp100_63132,0.07595959595959596,True,True,0.0,0.0,0.0,100,4,False,14.280135902195298,False,False,,False,14.13188049019553,4,4,8.798898267239528e-16,14.131880490195542,True,271831,14.13188049019553,309484357,10,2e4fd44f23716e7e7c2b9bfa286c1af5b8fd688694bac76f451587642f865712,40.10030176899818,pyvrp,40.0,0.010381932848200479,cvrp100_63132.json,0
"[""route_membership_ambiguous""]",unstable_matrix,True,0.390769093723641,cvrp_s7799_n20-50-100_x66667_cvrp100_63240,0.10666666666666667,False,False,0.22,0.1111111111111111,0.08848484848484849,100,3,True,17.94717834302274,False,True,19.27511357256284,True,17.556409249299097,4,4,0.0034873718659092522,17.617634976981492,True,271830,17.556409249299097,230028742,10,db4c8ef270be48016bf39ccc17a1da138ea623c8f5db3b43b502084728b5ef1a,40.091079779998836,pyvrp,40.0,0.021773288605869287,cvrp100_63240.json,0
"[""accepted""]",not_selected,True,0.16132874417984766,cvrp_s7799_n20-50-100_x66667_cvrp100_63323,0.06585858585858585,True,True,0.0,0.0,0.0,100,3,False,16.80987564442245,False,False,,False,16.648546900242604,4,4,0.0037167364309429176,16.710425161028997,True,271830,16.648546900242604,1281042056,10,215973ac2f659b9eeda99699e65cf9fe5f257c09b5215113790c4e275f7f971f,40.08882548600013,pyvrp,40.0,0.009597259824666035,cvrp100_63323.json,0
"[""accepted""]",not_selected,True,0.3181254694014033,cvrp_s7799_n20-50-100_x66667_cvrp100_63379,0.06101010101010101,True,True,0.0,0.0,0.0,100,2,False,15.944488013158416,False,False,,False,15.626362543757013,4,4,0.0013426269892382974,15.647342919851884,True,271830,15.626362543757013,1923179857,11,e1ed865faf323299604c9c4c00fdc9decf76b2447bf890e4c8b3c6d9c2e08455,40.09779019200141,pyvrp,40.0,0.019952065512474637,cvrp100_63379.json,0
"[""accepted""]",not_selected,True,0.19839734824984667,cvrp_s7799_n20-50-100_x66667_cvrp100_63566,0.02303030303030303,True,True,0.0,0.0,0.0,100,4,False,13.190263926761387,False,False,,False,12.99186657851154,4,4,9.53691409724809e-05,12.993105601666763,True,271828,12.99186657851154,1411820187,10,067d0eb9c69cceae29d40892807271b41757d0f16920fe9bb8a58419f6e7dd3a,40.08772718399996,pyvrp,40.0,0.015041196245309647,cvrp100_63566.json,0
"[""route_membership_ambiguous""]",unstable_matrix,True,0.1758102847810843,cvrp_s7799_n20-50-100_x66667_cvrp100_63724,0.0701010101010101,False,False,0.21,0.06828282828282828,0.04552188552188552,100,3,True,16.003592269868683,False,True,17.295291136830915,True,15.827781985087599,4,4,0.0016287304411070024,15.853561175421916,True,271830,15.827781985087599,2420389316,10,0b70ecdc8eecad4cb30c3035ae0ddb62d28ab20cb35a9df7c2c3f1f245caeec7,40.101177219999954,pyvrp,40.0,0.01098567632918874,cvrp100_63724.json,0
"[""accepted""]",not_selected,True,0.14315168311870785,cvrp_s7799_n20-50-100_x66667_cvrp100_64055,0.03878787878787879,True,True,0.0,0.0,0.0,100,3,False,15.58414546485128,False,False,,False,15.440993781732573,4,4,0.004665727834930415,15.51303725621899,True,271829,15.440993781732573,3044214647,11,09b3145cb8e98035b2be72f338ad995648adb300ebccebd9a82c9d5acb6dcc1a,40.0977657609983,pyvrp,40.0,0.009185725546618796,cvrp100_64055.json,0
"[""accepted""]",not_selected,True,0.18239705956665908,cvrp_s7799_n20-50-100_x66667_cvrp100_64113,0.08363636363636363,True,True,0.0,0.0,0.0,100,2,False,14.31429107351099,False,False,,False,14.131894013944331,4,4,0.0028072546506817345,14.171565839137918,True,271830,14.131894013944331,615788877,10,63b1f2ec505f130d734e0b4e7d254173414b98dc62eb4124d8e34362835f1697,40.076419150998845,pyvrp,40.0,0.012742304779884637,cvrp100_64113.json,0
"[""accepted""]",stable_control,True,0.21480870237240524,cvrp_s7799_n20-50-100_x66667_cvrp100_64116,0.036565656565656565,True,True,0.0,0.0,0.0,100,3,False,16.76001894584311,False,True,17.59621927243807,True,16.545210243470706,4,4,0.0029497348993282233,16.594014227542594,True,271829,16.545210243470706,3931447165,11,45b2880acaf42e88cd52089b6818d4f4961989b0b5206e6795eb61bb71fef150,40.09576613000172,pyvrp,40.0,0.012816733863280206,cvrp100_64116.json,0
"[""pyvrp_cost_not_converged""]",unstable_cost,False,0.3122190045452875,cvrp_s7799_n20-50-100_x66667_cvrp100_6417,0.04767676767676768,True,False,0.0,0.0,0.0,100,2,True,17.26510462082686,False,True,18.096754492020924,True,16.952885616281574,4,4,0.00936004910514322,17.111565458123845,False,271831,16.952885616281574,1780943010,12,d76def01da33dedffca5a6b0e6da248a17bd04bf0404df720b1a8d875832d5f2,40.09607473300275,pyvrp,40.0,0.0180838177006271,cvrp100_6417.json,0
"[""route_membership_ambiguous""]",unstable_matrix,True,0.14063881005561996,cvrp_s7799_n20-50-100_x66667_cvrp100_64768,0.0705050505050505,False,False,0.21,0.06262626262626263,0.04417508417508417,100,3,True,17.341220009056844,False,True,18.077947949950328,True,17.200581199001224,4,4,0.001895369855793911,17.233182662107946,True,271828,17.200581199001224,3880006321,11,77c069a0e9b68a575bd6a90e929e46d1b019d1d35bca1e6d40a8a6146fcfb521,40.107655024999985,pyvrp,40.0,0.008110087409200054,cvrp100_64768.json,0
"[""pyvrp_cost_not_converged"", ""route_membership_ambiguous""]",unstable_cost,False,0.297311518917482,cvrp_s7799_n20-50-100_x66667_cvrp100_64849,0.10222222222222223,False,False,0.0,0.0,0.0,100,1,True,14.630125427949222,False,True,15.586614059804491,True,14.33281390903174,4,4,0.004271750815392767,14.39404011853452,False,271830,14.33281390903174,4030149295,11,7d5b73427cf9a4f336e45ed594954d0185283327820742cc3b963e6cb64863ff,40.09736750299999,pyvrp,40.0,0.020321870812501818,cvrp100_64849.json,0
"[""route_membership_ambiguous""]",unstable_matrix,True,0.402219931426508,cvrp_s7799_n20-50-100_x66667_cvrp100_6506,0.07777777777777778,False,False,0.22,0.06383838383838383,0.06383838383838383,100,2,True,16.68189132197854,False,True,17.30057186445317,True,16.279671390552032,4,4,0.0030358598350874308,16.32909419105503,True,271829,16.279671390552032,2477742952,11,efc149c2d7fa5094c8aa3ed7e119d828dd312300b05e5e6e10eeee9d7c679cac,40.098069098999986,pyvrp,40.0,0.02411117082968762,cvrp100_6506.json,0
"[""pyvrp_cost_not_converged"", ""route_membership_ambiguous""]",unstable_cost,False,0.48874772511163656,cvrp_s7799_n20-50-100_x66667_cvrp100_65214,0.07555555555555556,False,False,0.0,0.0,0.0,100,1,True,16.13742478105285,False,True,17.221090393522392,True,15.648677055941214,4,4,0.0084745876584725,15.781293141390915,False,271829,15.648677055941214,318292955,11,12f6bc54de94d2ced6419fb7ecdebbf27bd0f37603495028c6cb4686f80ae181,40.09492148899881,pyvrp,40.0,0.03028659973588111,cvrp100_65214.json,0
"[""pyvrp_cost_not_converged""]",unstable_cost,False,0.16998858075701762,cvrp_s7799_n20-50-100_x66667_cvrp100_65259,0.06444444444444444,True,False,0.0,0.0,0.0,100,2,True,14.144055906367829,False,True,14.731625845832427,True,13.974067325610811,4,4,0.014239733909369603,14.173054325959125,False,271828,13.974067325610811,268672881,11,a336dea9800fe849a11b744d2b2225bea77ddd561319a08c36b8cfea77fcee38,40.1026726529999,pyvrp,40.0,0.012018375908743875,cvrp100_65259.json,0
"[""route_membership_ambiguous""]",unstable_matrix,True,0.4142090334928863,cvrp_s7799_n20-50-100_x66667_cvrp100_65279,0.07515151515151515,False,False,0.25,0.06484848484848485,0.032424242424242425,100,4,True,16.003489845985886,False,True,16.823123136542076,True,15.589280812493,4,4,0.0006701765931909679,15.599728383598213,True,271830,15.589280812493,2920818165,10,bcec2d143a5f7ee1c02c9a5eb9f4180d77597d3c1349bd0440f5208960df714c,40.11392379800236,pyvrp,40.0,0.02588241923974984,cvrp100_65279.json,0
"[""accepted""]",not_selected,True,0.16612933999268797,cvrp_s7799_n20-50-100_x66667_cvrp100_65538,0.05555555555555555,True,True,0.0,0.0,0.0,100,4,False,14.918132328783477,False,False,,False,14.752002988790789,4,4,2.408292407139564e-16,14.752002988790792,True,271829,14.752002988790789,3550722339,11,47799988c0fc47525e26c640927742c4239b7a58a4f5059d66b9c189edd3d0a8,40.09165397600009,pyvrp,40.0,0.01113606826453424,cvrp100_65538.json,0
"[""pyvrp_cost_not_converged""]",unstable_cost,False,0.46079853586893194,cvrp_s7799_n20-50-100_x66667_cvrp100_65710,0.07454545454545454,True,False,0.0,0.0,0.0,100,2,True,15.286906552173837,False,True,15.929620536846233,True,14.826108016304905,4,4,0.017499452210140733,15.085556784998618,False,271830,14.826108016304905,2282422488,11,41e8b7b5c9b17292b0f99d7a408cd8712e0a2365be328daad07eb2acdc73bb01,40.08483760799936,pyvrp,40.0,0.03014334746511584,cvrp100_65710.json,0
"[""pyvrp_cost_not_converged""]",unstable_cost,False,0.35551451168746695,cvrp_s7799_n20-50-100_x66667_cvrp100_65760,0.06686868686868687,True,False,0.0,0.0,0.0,100,2,True,16.656337602031797,False,True,17.94882261445551,True,16.30082309034433,4,4,0.014767140302990136,16.541539631973667,False,271828,16.30082309034433,2739621146,11,f283690ffa98c4b31a626b4c581ea4c06f0497f61d67d9a2e9fccc4dce2cee28,40.10311688100046,pyvrp,40.0,0.021344098575673685,cvrp100_65760.json,0
"[""pyvrp_cost_not_converged"", ""route_membership_ambiguous""]",unstable_cost,False,0.34206285177402407,cvrp_s7799_n20-50-100_x66667_cvrp100_6584,0.09878787878787879,False,False,0.0,0.0,0.0,100,1,True,15.031663387500716,False,True,15.927996004961772,True,14.689600535726692,4,4,0.003244431591153636,14.737259939766231,False,271831,14.689600535726692,3496932763,10,3f9a304e7732e93da244b8084164a55dc081de82d06fa39baa998c616bc98290,40.09115130000282,pyvrp,40.0,0.022756154322778388,cvrp100_6584.json,0
"[""pyvrp_cost_not_converged""]",unstable_cost,False,0.2323012504083657,cvrp_s7799_n20-50-100_x66667_cvrp100_65863,0.08707070707070708,True,False,0.17,0.04202020202020202,0.04202020202020202,100,2,True,17.83527392614353,False,True,18.658680768289155,True,17.602972675735163,4,4,0.005664889840498309,17.702691576808505,False,271829,17.602972675735163,600210106,12,59cf65e205e1746f4f3c5a4d7d06c5b5c22852dcd6e5d38f9fdf8c55390718b1,40.08599054300066,pyvrp,40.0,0.013024821001927585,cvrp100_65863.json,0
"[""accepted""]",not_selected,True,0.6873713801588934,cvrp_s7799_n20-50-100_x66667_cvrp100_66024,0.10101010101010101,True,True,0.0,0.0,0.0,100,3,False,19.257341753698164,False,False,,False,18.56997037353927,4,4,0.00444673049361983,18.652546027064904,True,271831,18.56997037353927,675282241,10,55f2fe358ce6dfe9c044ecf890a30d0a73541fa264cabf5b5594157003bae11c,40.140671637000196,pyvrp,40.0,0.03569399083998139,cvrp100_66024.json,0
"[""route_membership_ambiguous""]",unstable_matrix,True,0.1869589826300011,cvrp_s7799_n20-50-100_x66667_cvrp100_66080,0.10545454545454545,False,False,0.2,0.09878787878787879,0.09878787878787879,100,2,True,13.887735498817094,False,True,14.411132326535084,True,13.700776516187092,4,4,0.003290033373775729,13.74585252817199,True,271831,13.700776516187092,92151096,11,addb98d921796593e8939d57b01d9ef3a2815dfe8a57173e98d8d2a57c0ae753,40.07807002699701,pyvrp,40.0,0.013462164702512198,cvrp100_66080.json,0
"[""pyvrp_cost_not_converged""]",unstable_cost,False,0.5848477096566143,cvrp_s7799_n20-50-100_x66667_cvrp100_66112,0.08484848484848485,True,False,0.16,0.009696969696969697,0.009696969696969697,100,2,True,19.896753839218857,False,True,20.897280824150513,True,19.311906129562242,4,4,0.010626930042466506,19.51713240498778,False,271830,19.311906129562242,3477899737,11,0e981dda1f2079c35dee3affae5a054562b5839d1b9e98a17ec4303788381ed7,40.07611405499847,pyvrp,40.0,0.02939412702105256,cvrp100_66112.json,0
"[""pyvrp_cost_not_converged""]",unstable_cost,False,0.1414346724409672,cvrp_s7799_n20-50-100_x66667_cvrp100_66251,0.05191919191919192,True,False,0.0,0.0,0.0,100,2,True,14.50098819607068,False,True,15.731850361241174,True,14.359553523629712,4,4,0.005299675853294775,14.435654502702986,False,271829,14.359553523629712,603790193,11,100cc196dc797746f62dcda45d3b7220ec847558a086c5451ca336c616850096,40.08187362899844,pyvrp,40.0,0.009753450628922767,cvrp100_66251.json,0
"[""route_membership_ambiguous""]",unstable_matrix,True,0.11860877522995139,cvrp_s7799_n20-50-100_x66667_cvrp100_66259,0.0707070707070707,False,False,0.2,0.06323232323232324,0.04215488215488216,100,3,True,14.657099472796487,False,True,15.041759306580587,True,14.538490697566536,4,4,0.0026545880656780757,14.577084401465267,True,271830,14.538490697566536,2859828330,11,c625692ccae712f2ccef939972d9f402237be66d1c46d3e0cf6539e88574d29b,40.08136548300172,pyvrp,40.0,0.008092240586214808,cvrp100_66259.json,0
"[""accepted""]",not_selected,True,0.20196470091297236,cvrp_s7799_n20-50-100_x66667_cvrp100_66449,0.053737373737373736,True,True,0.0,0.0,0.0,100,4,False,14.5986314440773,False,False,,False,14.396666743164328,4,4,3.7016002476622194e-16,14.396666743164333,True,271831,14.396666743164328,3987692117,10,f111b5ba778856f5e817a3d57b0d0caba1d3904e322b188eed104c016aa04edd,40.10862847900353,pyvrp,40.0,0.013834495492720308,cvrp100_66449.json,0
"[""pyvrp_cost_not_converged""]",unstable_cost,False,0.31398996733442885,cvrp_s7799_n20-50-100_x66667_cvrp100_66501,0.10686868686868686,True,False,0.0,0.0,0.0,100,2,True,14.081813471985118,False,True,14.44153802514678,True,13.76782350465069,4,4,0.013195364651973778,13.94949495625857,False,271829,13.76782350465069,1685474086,10,c7593f5206fa87156f017700e90d351df5aebcc32152b3076f46eb57e54e8b67,40.091960282999935,pyvrp,40.0,0.02229755194237533,cvrp100_66501.json,0
"[""pyvrp_cost_not_converged"", ""route_membership_ambiguous""]",unstable_cost,False,0.2028373780006394,cvrp_s7799_n20-50-100_x66667_cvrp100_6732,0.0892929292929293,False,False,0.0,0.0,0.0,100,1,True,14.308218302902503,False,True,14.819044570011954,True,14.105380924901864,4,4,0.006166145956284871,14.192356762453805,False,271828,14.105380924901864,1390545745,10,5e1327e195186fdcfad868ca6c2c0429ac652b34297dd6f580a55132637f045c,40.08322699799828,pyvrp,40.0,0.01417628482502903,cvrp100_6732.json,0
"[""route_membership_ambiguous""]",unstable_matrix,True,0.35580613024869123,cvrp_s7799_n20-50-100_x66667_cvrp100_6961,0.11272727272727273,False,False,0.21,0.08808080808080808,0.05872053872053872,100,3,True,16.753216108946525,False,True,17.700754382657827,True,16.397409978697834,4,4,0.0019040271218962517,16.428631092026126,True,271829,16.397409978697834,1380886568,10,bf7965dd9230b8d0de549b7759ea8cf36b25ae8208f46ff2f40f8ae78297c09e,40.09683313500136,pyvrp,40.0,0.021238079180431763,cvrp100_6961.json,0
"[""pyvrp_cost_not_converged"", ""route_membership_ambiguous""]",unstable_cost,False,0.3039305739117477,cvrp_s7799_n20-50-100_x66667_cvrp100_7063,0.09494949494949495,False,False,0.0,0.0,0.0,100,1,True,16.273506145428485,False,True,16.479616826219598,True,15.969575571516737,4,4,0.012458253290970328,16.168528588935985,False,271829,15.969575571516737,2346245311,10,4500daaa4e326f98c8e25b9de7ab5e736bcb4d8e206a114a1eb1afc0ae4e3e6b,40.098919779000425,pyvrp,40.0,0.018676403916627837,cvrp100_7063.json,0
"[""accepted""]",not_selected,True,0.05764489070879719,cvrp_s7799_n20-50-100_x66667_cvrp100_7088,0.042828282828282827,True,True,0.0,0.0,0.0,100,4,False,14.979039804460369,False,False,,False,14.921394913751572,4,4,9.41018453800938e-05,14.9227990445486,True,271831,14.921394913751572,881081844,10,b68f23ba81bfb491569263f31fd3fa397d9ac7fb08babd56e7c07eeda22639b1,40.09020223399784,pyvrp,40.0,0.00384837022007459,cvrp100_7088.json,0
"[""accepted""]",not_selected,True,0.4601086251394939,cvrp_s7799_n20-50-100_x66667_cvrp100_7115,0.06808080808080808,True,True,0.19,0.0038383838383838384,0.0019191919191919192,100,4,False,16.42473020554335,False,False,,False,15.964621580403858,4,4,2.3959212898951786e-05,15.965004080171154,True,271831,15.964621580403858,1639446473,10,21c94bf6dd20b539238e43add30a5618de658200f3d682cb340458af72801b4e,40.0850446359982,pyvrp,40.0,0.028013161822542883,cvrp100_7115.json,0
"[""pyvrp_cost_not_converged"", ""route_membership_ambiguous""]",unstable_cost,False,0.2229667099436341,cvrp_s7799_n20-50-100_x66667_cvrp100_7167,0.04,False,False,0.0,0.0,0.0,100,1,True,17.223048774602656,False,True,18.521161148731306,True,17.000082064659022,4,4,0.0031376918864053616,17.053423084221528,False,271829,17.000082064659022,2503844589,11,c89664a2ab5e69f5046069d6dbe5c42fb64ab16b04ac33450f532ef1a5009d34,40.08534212700033,pyvrp,40.0,0.012945832811692658,cvrp100_7167.json,0
"[""pyvrp_cost_not_converged""]",unstable_cost,False,0.4393366212087919,cvrp_s7799_n20-50-100_x66667_cvrp100_7549,0.06505050505050505,True,False,0.0,0.0,0.0,100,2,True,18.06236526204231,False,True,18.99749996321166,True,17.623028640833517,4,4,0.0080911476981104,17.76561916845453,False,271828,17.623028640833517,2393628018,11,acd978016dd47e9d0896ad288f577d2fab3d01ac655b3bafb4eb9abbe7f58657,40.09122217700133,pyvrp,40.0,0.02432331617897512,cvrp100_7549.json,0
"[""accepted""]",not_selected,True,0.100205838676656,cvrp_s7799_n20-50-100_x66667_cvrp100_7823,0.03878787878787879,True,True,0.25,0.03434343434343434,0.022895622895622896,100,4,False,14.816425009021618,False,False,,False,14.716219170344962,4,4,0.0007082322863759006,14.726641671894784,True,271828,14.716219170344962,2664412725,10,f247ec6b618007249d1e273328b6ab707c8e9e4ec2cd51ddbb3ef75975f37586,40.0925457609992,pyvrp,40.0,0.006763159035708098,cvrp100_7823.json,0
"[""pyvrp_cost_not_converged""]",unstable_cost,False,0.21620353231059397,cvrp_s7799_n20-50-100_x66667_cvrp100_8142,0.0795959595959596,True,False,0.0,0.0,0.0,100,2,True,14.82511737134193,False,True,15.323719614415932,True,14.608913839031336,4,4,0.005237146575441431,14.685422862114338,False,271831,14.608913839031336,543787622,11,25088034c9a8f3ff08269bce280fce1293cfffb437930c2592c1cc487daf879f,40.074708948999614,pyvrp,40.0,0.01458359666875432,cvrp100_8142.json,0
"[""pyvrp_cost_not_converged"", ""route_membership_ambiguous""]",unstable_cost,False,0.35066858174501014,cvrp_s7799_n20-50-100_x66667_cvrp100_8144,0.09252525252525252,False,False,0.0,0.0,0.0,100,1,True,16.21342350009296,False,True,16.611039183022047,True,15.862754918347951,4,4,0.008614634642004623,15.99940675638518,False,271829,15.862754918347951,4063141582,11,1b47ee40e93884fec55e535bc708ac7a462bee9439056dc6b6a73021a19b06a7,40.09174608200192,pyvrp,40.0,0.021628287310388183,cvrp100_8144.json,0
"[""accepted""]",not_selected,True,0.17229370458974813,cvrp_s7799_n20-50-100_x66667_cvrp100_8164,0.05898989898989899,True,True,0.23,0.028686868686868688,0.014343434343434344,100,4,False,16.47848806955032,False,False,,False,16.30619436496057,4,4,0.0006065216668290569,16.316084425146446,True,271831,16.30619436496057,3318152764,10,ff289b15b190768239d1d049b4050a628a17eb10afd44a19c6151e3f105249f6,40.13891023500037,pyvrp,40.0,0.010455674322944716,cvrp100_8164.json,0
"[""route_membership_ambiguous""]",unstable_matrix,True,0.2828249808011627,cvrp_s7799_n20-50-100_x66667_cvrp100_8267,0.08747474747474747,False,False,0.23,0.08121212121212121,0.054141414141414136,100,3,True,16.464561260174417,False,True,17.493315850201064,True,16.181736279373254,4,4,0.0038200344088575562,16.24355106875552,True,271828,16.181736279373254,2775428612,10,642d86f4302a1a8b7dc875036b6a31847a969948ea256760defc388ee1bdfbe3,40.09502078699734,pyvrp,40.0,0.017177802452913137,cvrp100_8267.json,0
"[""route_membership_ambiguous""]",unstable_matrix,True,0.3903784907933989,cvrp_s7799_n20-50-100_x66667_cvrp100_8284,0.07515151515151515,False,False,0.21,0.06,0.06,100,2,True,17.72073251110614,False,True,18.41245649738065,True,17.33035402031274,4,4,0.002997084622456832,17.382294557848752,True,271828,17.33035402031274,3420329405,11,aa727f44425d85d3008364c8d6de30d450bc11c53a4597dea6904f8adce7b7a2,40.08899465700233,pyvrp,40.0,0.02202947821421809,cvrp100_8284.json,0
"[""accepted""]",not_selected,True,0.19087069979947202,cvrp_s7799_n20-50-100_x66667_cvrp100_8554,0.08262626262626263,True,True,0.0,0.0,0.0,100,2,False,15.154735088101777,False,False,,False,14.963864388302305,4,4,0.001704935359706201,14.98937680981577,True,271830,14.963864388302305,3311811645,10,3a23444f5e539036b88dfaa2b48c51b2655d5353657a3ed3e7dd5ee94bf80d55,40.090892579002684,pyvrp,40.0,0.012594789594793224,cvrp100_8554.json,0
"[""route_membership_ambiguous""]",unstable_matrix,True,0.524683548238805,cvrp_s7799_n20-50-100_x66667_cvrp100_8580,0.10828282828282829,False,False,0.22,0.09535353535353536,0.07367003367003366,100,4,True,19.596772870434922,False,True,19.51730038602804,True,19.072089322196117,4,4,0.0008625141975222201,19.088539270012923,True,271830,19.072089322196117,252477385,11,a4b8eaf3febd47970be6ffe793d7f16d2b59ed14317fc486a03bf116d6cbd1a8,40.081725077001465,pyvrp,40.0,0.02677397710877079,cvrp100_8580.json,0
"[""accepted""]",not_selected,True,0.10253154336795234,cvrp_s7799_n20-50-100_x66667_cvrp100_8699,0.035555555555555556,True,True,0.0,0.0,0.0,100,4,False,13.947459083696142,False,False,,False,13.84492754032819,4,4,1.2024447610660348e-05,13.845094017934072,True,271829,13.84492754032819,2121548240,11,b21a99b6ae3d2fe7da0a22855a525bfc93444fb2dcdf45d74e588c9c3819246f,40.090386279000086,pyvrp,40.0,0.007351270417979315,cvrp100_8699.json,0
"[""accepted""]",not_selected,True,0.1897630861184485,cvrp_s7799_n20-50-100_x66667_cvrp100_8780,0.08,True,True,0.0,0.0,0.0,100,3,False,15.169377531127491,False,False,,False,14.979614445009043,4,4,0.001393314708491118,15.0004857621428,True,271828,14.979614445009043,1944085282,10,45ba56eb1aa817941a8aa1f3fe6b029e3b512487b19dea213cd9bcfdf9b119a8,40.09250188700025,pyvrp,40.0,0.012509615884307417,cvrp100_8780.json,0
"[""accepted""]",not_selected,True,0.12130907377742339,cvrp_s7799_n20-50-100_x66667_cvrp100_8862,0.05090909090909091,True,True,0.19,0.01292929292929293,0.007979797979797981,100,4,False,13.805906534323285,False,False,,False,13.684597460545861,4,4,0.00016768693787797052,13.686892188790113,True,271829,13.684597460545861,2671557403,10,75c087ebdfb2459d64def904efd26b53a0d81865c392ebe7be860c35c41865e0,40.06460098900061,pyvrp,40.0,0.008786751777279762,cvrp100_8862.json,0
"[""pyvrp_cost_not_converged"", ""route_membership_ambiguous""]",unstable_cost,False,0.219942215252118,cvrp_s7799_n20-50-100_x66667_cvrp100_8934,0.05818181818181818,False,False,0.0,0.0,0.0,100,1,True,13.71422624537221,False,True,14.49562477284462,True,13.494284030120092,4,4,0.01631878238511557,13.714494314650562,False,271830,13.494284030120092,1327288780,10,ddb3c8f8db47cb43bfbd06d4cda4652941b4ac115cc2654cfdf427e6bced05ba,40.116865501000575,pyvrp,40.0,0.016037522738574936,cvrp100_8934.json,0
"[""route_membership_ambiguous""]",unstable_matrix,True,0.2297912559460542,cvrp_s7799_n20-50-100_x66667_cvrp100_8957,0.11818181818181818,False,False,0.2,0.05696969696969697,0.05696969696969697,100,2,True,19.301194425894458,False,True,21.139067166184777,True,19.071403169948404,4,4,0.00369779941525965,19.14192539343842,True,271830,19.071403169948404,967836800,10,262c0e0670a9a30628eaf56dcc54366a677afb2d006992fe014ab9737e8ae76f,40.07294501100114,pyvrp,40.0,0.011905545888795699,cvrp100_8957.json,0
"[""pyvrp_cost_not_converged""]",unstable_cost,False,0.24259544216353568,cvrp_s7799_n20-50-100_x66667_cvrp100_9013,0.08040404040404041,True,False,0.0,0.0,0.0,100,3,True,14.083119867307895,False,True,15.10682186449659,True,13.840524425144359,4,4,0.012163444071038807,14.008872869903449,False,271828,13.840524425144359,2729585890,10,0d43ca39754ed0826fb33be7d6e62e884204c7fd373f8e8dd4a5620e1f9c9456,40.10134715299864,pyvrp,40.0,0.017225972969717385,cvrp100_9013.json,0
"[""accepted""]",not_selected,True,0.25205397105249716,cvrp_s7799_n20-50-100_x66667_cvrp100_9150,0.06363636363636363,True,True,0.0,0.0,0.0,100,4,False,15.890430973231965,False,False,,False,15.638377002179467,4,4,3.4076877143056833e-16,15.638377002179473,True,271830,15.638377002179467,1332381316,11,3efb097ca7d1a95e026f716a798cce45cb37d1096d6eee09a431dd91f87610fd,40.09831304799809,pyvrp,40.0,0.015861997165280896,cvrp100_9150.json,0
"[""accepted""]",not_selected,True,0.14092593053984892,cvrp_s7799_n20-50-100_x66667_cvrp100_9330,0.038585858585858585,True,True,0.0,0.0,0.0,100,3,False,16.01120917828849,False,False,,False,15.87028324774864,4,4,0.001988354624168735,15.901838998831169,True,271828,15.87028324774864,2283954527,10,6ff3d93fc0a30574a43014d3d597441a4f174524dc467479695bddbd739f94e8,40.07868775099996,pyvrp,40.0,0.008801704416612533,cvrp100_9330.json,0
"[""pyvrp_cost_not_converged""]",unstable_cost,False,0.5532719347832362,cvrp_s7799_n20-50-100_x66667_cvrp100_9837,0.08949494949494949,True,False,0.0,0.0,0.0,100,2,True,15.164451986581446,False,True,15.3496775943892,True,14.61118005179821,4,4,0.00665597508681329,14.708431702211922,False,271828,14.61118005179821,3961966049,10,dace3574b514fb8b46a6b13405d4cb974ace408dc003b2e962583bb659854a3c,40.08469050799977,pyvrp,40.0,0.036484795841802226,cvrp100_9837.json,0
"[""accepted""]",not_selected,True,0.0,cvrp_s7799_n20-50-100_x66667_cvrp20_0171,0.0,True,True,0.0,0.0,0.0,20,4,False,6.283435419277544,False,False,,False,6.283435419277544,4,4,1.4135235908929673e-16,6.283435419277545,True,271831,6.283435419277544,2137898973,4,a55940316b80d86ac528aac11f6998f1680bd30823857e4aa79dfc0bb38edd00,10.010232327997073,pyvrp,10.0,0.0,cvrp20_0171.json,0
"[""accepted""]",not_selected,True,8.881784197001252e-16,cvrp_s7799_n20-50-100_x66667_cvrp20_0229,0.0,True,True,0.0,0.0,0.0,20,4,False,6.474630719961233,False,False,,False,6.474630719961232,4,4,1.37178235812257e-16,6.474630719961233,True,271829,6.474630719961232,2043118650,4,1bdbe029fd2d96e0ee5f0e5be47aa9260f7cf5aa017aef1594119ba87219b48e,10.010745978997875,pyvrp,10.0,1.3717823581225698e-16,cvrp20_0229.json,0
"[""route_membership_ambiguous""]",unstable_matrix,True,0.0004960877281998677,cvrp_s7799_n20-50-100_x66667_cvrp20_0432,0.18947368421052632,False,False,0.4,0.18947368421052632,0.12631578947368421,20,4,True,5.811423521322145,False,True,5.811423521322146,True,5.810927433593945,4,4,8.537152354248818e-05,5.811423521322146,True,271831,5.810927433593945,2441005790,4,ede7273a8f666a1a6a035b22d155c6c4723bb6a98e503aa51d000cb26f729a45,10.009787573999347,pyvrp,10.0,8.536423586746329e-05,cvrp20_0432.json,0
"[""accepted""]",not_selected,True,8.881784197001252e-16,cvrp_s7799_n20-50-100_x66667_cvrp20_0828,0.0,True,True,0.0,0.0,0.0,20,4,False,6.897206985543459,False,False,,False,6.897206985543458,4,4,1.2877363569945728e-16,6.897206985543459,True,271828,6.897206985543458,4270923442,4,b8e9e3233e143b305b442cc063c1740dcd2b7c334e149d99ce4f3fbf64805603,10.01099800800148,pyvrp,10.0,1.2877363569945726e-16,cvrp20_0828.json,0
"[""accepted""]",not_selected,True,8.881784197001252e-16,cvrp_s7799_n20-50-100_x66667_cvrp20_0959,0.0,True,True,0.0,0.0,0.0,20,4,False,5.066165886169333,False,False,,False,5.066165886169332,4,4,3.506314004146048e-16,5.066165886169334,True,271828,5.066165886169332,4150564658,4,e2cb989f808bdc5b2eecfee25fa16d1d0bec7af96504246f277714bdd2d5fb8c,10.010538333001023,pyvrp,10.0,1.7531570020730238e-16,cvrp20_0959.json,0
"[""accepted""]",stable_control,True,0.0,cvrp_s7799_n20-50-100_x66667_cvrp20_0983,0.0,True,True,0.0,0.0,0.0,20,4,False,5.277180103391914,False,True,5.277180103391915,True,5.277180103391914,4,4,3.366109938636536e-16,5.277180103391916,True,271828,5.277180103391914,3553565418,4,088994ebb618f985801ab87b979e04870b2b89bebac3db606e09ec848412aa46,10.009072246997675,pyvrp,10.0,0.0,cvrp20_0983.json,0
"[""accepted""]",not_selected,True,0.0,cvrp_s7799_n20-50-100_x66667_cvrp20_10019,0.0,True,True,0.0,0.0,0.0,20,4,False,5.999824629636699,False,False,,False,5.999824629636699,4,4,0.0,5.999824629636699,True,271828,5.999824629636699,724300066,4,5cc085216289f9ff903bd4d9e69262aeb92706ad2d614d413d087e96e5c1fb51,10.008151752997946,pyvrp,10.0,0.0,cvrp20_10019.json,0
"[""accepted""]",not_selected,True,0.0,cvrp_s7799_n20-50-100_x66667_cvrp20_10031,0.0,True,True,0.0,0.0,0.0,20,4,False,7.400658992195631,False,False,,False,7.400658992195631,4,4,1.2001342321498048e-16,7.400658992195632,True,271829,7.400658992195631,3575647364,4,ebee88b644e0e45f710a7c365b6bb55d609fdd4d4481cabd231f017d8b65dd2c,10.010701838997193,pyvrp,10.0,0.0,cvrp20_10031.json,0
"[""accepted""]",not_selected,True,1.7763568394002505e-15,cvrp_s7799_n20-50-100_x66667_cvrp20_10215,0.0,True,True,0.0,0.0,0.0,20,4,False,6.981068052557104,False,False,,False,6.981068052557102,4,4,3.816801725810967e-16,6.981068052557105,True,271830,6.981068052557102,1344769930,4,b85e6ba5e09a86ad80969061f9286640fedfa2c20f6574f778f0fd823b05c33a,10.011230963998969,pyvrp,10.0,2.5445344838739776e-16,cvrp20_10215.json,0
"[""accepted""]",not_selected,True,8.881784197001252e-16,cvrp_s7799_n20-50-100_x66667_cvrp20_10287,0.0,True,True,0.0,0.0,0.0,20,4,False,7.132640906050376,False,False,,False,7.1326409060503755,4,4,1.2452308077737572e-16,7.132640906050376,True,271828,7.1326409060503755,3214117486,5,5a75a12ae4b3e06b637c061e32b575392ac00be4cd48437235b3f02c6ae07244,10.01057179000054,pyvrp,10.0,1.245230807773757e-16,cvrp20_10287.json,0
"[""accepted""]",not_selected,True,8.881784197001252e-16,cvrp_s7799_n20-50-100_x66667_cvrp20_10302,0.0,True,True,0.0,0.0,0.0,20,4,False,5.926687911940631,False,False,,False,5.92668791194063,4,4,2.997216768950133e-16,5.926687911940632,True,271828,5.92668791194063,3653946975,4,caceb47c115108df44ac6d3eb337af48cbd96a6e0eabd39be0f9fa5a30f68ef0,10.009555117998389,pyvrp,10.0,1.4986083844750663e-16,cvrp20_10302.json,0
"[""accepted""]",not_selected,True,0.0005592783651966471,cvrp_s7799_n20-50-100_x66667_cvrp20_1089,0.0,True,True,0.0,0.0,0.0,20,4,False,5.833773014894825,False,False,,False,5.833213736529628,4,4,9.5878256902085e-05,5.833773014894824,True,271829,5.833213736529628,2120036552,3,1c2fc01dbd3b1467796afd4a404ac030d2ba1c61d165ef7d3fb3e9d0873c9c6f,10.009225642003003,pyvrp,10.0,9.586906514338048e-05,cvrp20_1089.json,0
"[""accepted""]",not_selected,True,8.881784197001252e-16,cvrp_s7799_n20-50-100_x66667_cvrp20_10891,0.0,True,True,0.0,0.0,0.0,20,4,False,6.307433180347645,False,False,,False,6.307433180347644,4,4,1.408145586809327e-16,6.307433180347645,True,271829,6.307433180347644,1487396599,4,6c9c78bbd18701f81a0394aca053a10cf0aa4b6a675f1d824637c3b855bed23c,10.01144722599929,pyvrp,10.0,1.4081455868093267e-16,cvrp20_10891.json,0
"[""accepted""]",not_selected,True,8.881784197001252e-16,cvrp_s7799_n20-50-100_x66667_cvrp20_11055,0.0,True,True,0.0,0.0,0.0,20,4,False,6.702052320808223,False,False,,False,6.702052320808222,4,4,1.3252334914523869e-16,6.702052320808223,True,271830,6.702052320808222,2944286239,4,de40bf9c4198da7c3a50681395a7fecda995798cc667129ae88b76251b42900e,10.01193980500102,pyvrp,10.0,1.3252334914523866e-16,cvrp20_11055.json,0
"[""accepted""]",not_selected,True,0.0,cvrp_s7799_n20-50-100_x66667_cvrp20_11112,0.0,True,True,0.0,0.0,0.0,20,4,False,6.130888322342566,False,False,,False,6.130888322342566,4,4,1.4486945007028916e-16,6.1308883223425665,True,271828,6.130888322342566,2171560364,4,084bad8ac2381cf2236e1b3295dbf19364b9206722939bc2afbfb163490e6457,10.010091565000039,pyvrp,10.0,0.0,cvrp20_11112.json,0
"[""route_membership_ambiguous""]",unstable_matrix,True,0.0002369767743948259,cvrp_s7799_n20-50-100_x66667_cvrp20_11228,0.24210526315789474,False,False,0.55,0.24210526315789474,0.12105263157894737,20,4,True,6.12143296270831,False,True,6.121432962708311,True,6.121195985933915,4,4,3.871412954952703e-05,6.121432962708313,True,271831,6.121195985933915,2960219977,4,018dd81bcb7d50d3ed13d8a73a2337ed8e087f7506867c5f36e056366f1b7787,10.011446819997218,pyvrp,10.0,3.8712630823286854e-05,cvrp20_11228.json,0
"[""accepted""]",stable_control,True,8.881784197001252e-16,cvrp_s7799_n20-50-100_x66667_cvrp20_11373,0.0,True,True,0.0,0.0,0.0,20,4,False,5.800505950363862,False,True,5.800505950363861,True,5.800505950363861,4,4,3.062417062581965e-16,5.8005059503638625,True,271829,5.800505950363861,1307107591,4,fbbd13de85b62d6a97260b746c155a05798dad99a76b6a642e54a0ebaa47fc3c,10.01002055799836,pyvrp,10.0,1.5312085312909824e-16,cvrp20_11373.json,0
"[""accepted""]",not_selected,True,1.7763568394002505e-15,cvrp_s7799_n20-50-100_x66667_cvrp20_11394,0.0,True,True,0.0,0.0,0.0,20,4,False,5.834223243866015,False,False,,False,5.834223243866013,4,4,3.044718662879205e-16,5.834223243866015,True,271831,5.834223243866013,3014857163,4,7c0eb90ea95a0071fbdbcee03c2083fd474858ec33ee5e99deab3b254a2810c3,10.011026895001123,pyvrp,10.0,3.044718662879204e-16,cvrp20_11394.json,0
"[""accepted""]",not_selected,True,8.881784197001252e-16,cvrp_s7799_n20-50-100_x66667_cvrp20_11404,0.0,True,True,0.0,0.0,0.0,20,4,False,5.097785247787314,False,False,,False,5.097785247787313,4,4,1.742282925875777e-16,5.097785247787314,True,271828,5.097785247787313,1813695217,3,47d8a7011a34540464773e7ad5b4d1b2ed75449a8b8ff748ef42abadb5544e26,10.009944314999302,pyvrp,10.0,1.7422829258757765e-16,cvrp20_11404.json,0
"[""accepted""]",stable_control,True,0.0,cvrp_s7799_n20-50-100_x66667_cvrp20_11413,0.0,True,True,0.0,0.0,0.0,20,4,False,4.776392576805974,False,True,4.776392576805975,True,4.776392576805974,4,4,0.0,4.776392576805974,True,271828,4.776392576805974,2729215746,3,6576be0ebed76ec1361f9054c10f572e578e3b229cc5a47ffbda9f081d176262,10.011083995999797,pyvrp,10.0,0.0,cvrp20_11413.json,0
"[""route_membership_ambiguous""]",unstable_matrix,True,0.00013159616264690754,cvrp_s7799_n20-50-100_x66667_cvrp20_11416,0.14736842105263157,False,False,0.7,0.14736842105263157,0.07368421052631578,20,4,True,5.307631555035869,False,True,5.307499958873222,True,5.307499958873222,4,4,2.4794378458482676e-05,5.30763155503587,True,271829,5.307499958873222,2677781514,3,4c87339d4f4d613ec874bed2c51548b334a25219bc4cbf8a0d77af359a508218,10.012353646998235,pyvrp,10.0,2.4793763712187106e-05,cvrp20_11416.json,0
"[""accepted""]",not_selected,True,0.0,cvrp_s7799_n20-50-100_x66667_cvrp20_11574,0.0,True,True,0.0,0.0,0.0,20,4,False,5.951150810547348,False,False,,False,5.951150810547348,4,4,2.98489636030056e-16,5.951150810547349,True,271828,5.951150810547348,3452390578,4,cab0fec5d20d14bef8aedfbf4ac82acd867174a40631ecfc27c2640e2900b268,10.01134389300205,pyvrp,10.0,0.0,cvrp20_11574.json,0
"[""accepted""]",not_selected,True,0.0,cvrp_s7799_n20-50-100_x66667_cvrp20_11672,0.0,True,True,0.0,0.0,0.0,20,4,False,5.572753131183007,False,False,,False,5.572753131183007,4,4,0.0,5.572753131183007,True,271828,5.572753131183007,2937352785,4,b8ffa89b40400001d64ecaf50d659cc1b95f21e31b21bb0838b4cfd1e728bf24,10.011459266999736,pyvrp,10.0,0.0,cvrp20_11672.json,0
"[""accepted""]",not_selected,True,-0.0002486070249423378,cvrp_s7799_n20-50-100_x66667_cvrp20_11939,0.0,True,True,0.0,0.0,0.0,20,4,False,6.15949303480988,False,False,,False,6.159741641834822,4,4,0.0,6.159741641834822,True,271828,6.159741641834822,4274428658,4,8b1b247be909b54abfbaae83908b78b14330b805525061a9b935c5b1c5a6324b,10.01015376199939,pyvrp,10.0,-4.036160501154156e-05,cvrp20_11939.json,0
"[""accepted""]",not_selected,True,0.0,cvrp_s7799_n20-50-100_x66667_cvrp20_11952,0.0,True,True,0.0,0.0,0.0,20,4,False,4.992818625724909,False,False,,False,4.992818625724909,4,4,1.7789118457536005e-16,4.99281862572491,True,271829,4.992818625724909,1708922461,3,e41bfadba1f76d7ee4cc93d834a5db87afa56156eaf8187b1c8268dde913da94,10.011381877000531,pyvrp,10.0,0.0,cvrp20_11952.json,0
"[""accepted""]",not_selected,True,0.0,cvrp_s7799_n20-50-100_x66667_cvrp20_11985,0.0,True,True,0.0,0.0,0.0,20,4,False,5.986063135092501,False,False,,False,5.986063135092501,4,4,2.967487644736979e-16,5.986063135092503,True,271830,5.986063135092501,638006623,4,e026e3650b2144af1b40e40b6bab7c82137da1c346d99c8604e089686d7d3cbc,10.00943284999812,pyvrp,10.0,0.0,cvrp20_11985.json,0
"[""accepted""]",not_selected,True,8.881784197001252e-16,cvrp_s7799_n20-50-100_x66667_cvrp20_12204,0.0,True,True,0.0,0.0,0.0,20,4,False,6.069420629474226,False,False,,False,6.069420629474225,4,4,2.9267321344873254e-16,6.069420629474227,True,271830,6.069420629474225,2488042675,4,ff08dcd091db1b57f7be9f973a99f051705103838d1fbb292d4816308722c560,10.010852884999622,pyvrp,10.0,1.4633660672436624e-16,cvrp20_12204.json,0
"[""accepted""]",not_selected,True,8.881784197001252e-16,cvrp_s7799_n20-50-100_x66667_cvrp20_12449,0.0,True,True,0.0,0.0,0.0,20,4,False,5.5898603648418455,False,False,,False,5.589860364841845,4,4,1.5889098505687892e-16,5.5898603648418455,True,271829,5.589860364841845,365421922,3,e34d065f50cef3a566344b351b5340c6c30afa463a76df3fa6eafbbaa74ac5da,10.011002408002241,pyvrp,10.0,1.588909850568789e-16,cvrp20_12449.json,0
"[""accepted""]",stable_control,True,0.0,cvrp_s7799_n20-50-100_x66667_cvrp20_1262,0.0,True,True,0.0,0.0,0.0,20,4,False,4.091795878812153,False,True,4.091795878812153,True,4.091795878812153,4,4,2.1706322749363614e-16,4.091795878812154,True,271828,4.091795878812153,2253501844,4,f31e08db93660f66c1f0c0ab13f69a91ef9fe778b9ec8019c569ff690fb66cb3,10.010322297999664,pyvrp,10.0,0.0,cvrp20_1262.json,0
"[""accepted""]",not_selected,True,0.0,cvrp_s7799_n20-50-100_x66667_cvrp20_12638,0.0,True,True,0.0,0.0,0.0,20,4,False,8.568287021003915,False,False,,False,8.568287021003915,4,4,2.0731761611694016e-16,8.568287021003917,True,271829,8.568287021003915,990502187,4,d092e928034eb96ed4ef3f3132cf9d127244e228a1350fdf6ae2efe0ab52e9c9,10.010425553002278,pyvrp,10.0,0.0,cvrp20_12638.json,0
"[""accepted""]",not_selected,True,8.881784197001252e-16,cvrp_s7799_n20-50-100_x66667_cvrp20_12692,0.0,True,True,0.0,0.0,0.0,20,4,False,5.6732291619790525,False,False,,False,5.673229161979052,4,4,1.5655606257764718e-16,5.6732291619790525,True,271830,5.673229161979052,1440867889,4,062e31a3a900404008b5c571d42ccd768c57ff0e993e73845393400a70b75970,10.009696376000647,pyvrp,10.0,1.5655606257764715e-16,cvrp20_12692.json,0
"[""accepted""]",not_selected,True,1.7763568394002505e-15,cvrp_s7799_n20-50-100_x66667_cvrp20_12731,0.0,True,True,0.0,0.0,0.0,20,4,False,7.286100544942708,False,False,,False,7.286100544942706,4,4,2.438007585049348e-16,7.286100544942708,True,271830,7.286100544942706,3430094667,4,49e1908d9eeb4864834ce77b91fa1f61ee0a3e95c587d80e4fda4733714ce7d9,10.010472374000528,pyvrp,10.0,2.4380075850493474e-16,cvrp20_12731.json,0
"[""accepted""]",not_selected,True,1.7763568394002505e-15,cvrp_s7799_n20-50-100_x66667_cvrp20_12872,0.0,True,True,0.0,0.0,0.0,20,4,False,7.369063365024064,False,False,,False,7.369063365024062,4,4,1.205279932746548e-16,7.369063365024063,True,271828,7.369063365024062,553202315,4,19d3f37d1f95e1a40873b5900828a4cf61400d3c929e291e4b327ba039c32e04,10.007546518001618,pyvrp,10.0,2.4105598654930955e-16,cvrp20_12872.json,0
"[""accepted""]",not_selected,True,8.881784197001252e-16,cvrp_s7799_n20-50-100_x66667_cvrp20_12878,0.0,True,True,0.0,0.0,0.0,20,4,False,6.433462164220325,False,False,,False,6.433462164220324,4,4,4.141681712094584e-16,6.433462164220327,True,271830,6.433462164220324,872762777,4,e8bbb5d79f7dc4204afdac0efd32b90213805f846ab969d8ced8b801dbda01c6,10.010079766001581,pyvrp,10.0,1.3805605706981944e-16,cvrp20_12878.json,0
"[""accepted""]",not_selected,True,0.0,cvrp_s7799_n20-50-100_x66667_cvrp20_12901,0.0,True,True,0.0,0.0,0.0,20,4,False,4.756055071463086,False,False,,False,4.756055071463086,4,4,1.8674687453248905e-16,4.756055071463087,True,271828,4.756055071463086,143819955,3,6843ee5a87dd3f23a6ff8662cdaa76494204f7486cdad59f718e3dd2f95c2317,10.010612000998663,pyvrp,10.0,0.0,cvrp20_12901.json,0
"[""accepted""]",not_selected,True,8.881784197001252e-16,cvrp_s7799_n20-50-100_x66667_cvrp20_12969,0.0,True,True,0.0,0.0,0.0,20,4,False,5.983196609364543,False,False,,False,5.983196609364542,4,4,1.4844546781397779e-16,5.983196609364543,True,271829,5.983196609364542,3940849361,4,0107ee9e7b0468055e6153f84641cfb659caab7748c17c2d8e3b40b75506a43d,10.012113168999349,pyvrp,10.0,1.4844546781397776e-16,cvrp20_12969.json,0
"[""accepted""]",not_selected,True,0.0,cvrp_s7799_n20-50-100_x66667_cvrp20_1322,0.0,True,True,0.0,0.0,0.0,20,4,False,7.289045738711548,False,False,,False,7.289045738711548,4,4,0.0,7.289045738711548,True,271828,7.289045738711548,3283139811,4,43a980f417e7b3ccdbd5c162dccb0fd9897c6c5714e6be649360a5dcfb1a996e,10.010437855002237,pyvrp,10.0,0.0,cvrp20_1322.json,0
"[""accepted""]",not_selected,True,1.7763568394002505e-15,cvrp_s7799_n20-50-100_x66667_cvrp20_13250,0.0,True,True,0.0,0.0,0.0,20,4,False,5.202180648699987,False,False,,False,5.2021806486999855,4,4,1.7073194486663573e-16,5.202180648699986,True,271829,5.2021806486999855,2478948754,3,bb3276e1b390728041de123becf61cf00f8e42b63a3ecf90492098945b0d4215,10.009523558997898,pyvrp,10.0,3.4146388973327136e-16,cvrp20_13250.json,0
"[""accepted""]",not_selected,True,-8.881784197001252e-16,cvrp_s7799_n20-50-100_x66667_cvrp20_13392,0.0,True,True,0.0,0.0,0.0,20,4,False,7.111415328029409,False,False,,False,7.11141532802941,4,4,1.2489474721008055e-16,7.111415328029411,True,271829,7.11141532802941,3073246100,4,fc6f1aeed8d5a9f5900b2a7ae91b39d8c85e470992c1c56df7d90e46c31adee5,10.012504949001595,pyvrp,10.0,-1.2489474721008058e-16,cvrp20_13392.json,0
"[""accepted""]",not_selected,True,0.0,cvrp_s7799_n20-50-100_x66667_cvrp20_1342,0.0,True,True,0.0,0.0,0.0,20,4,False,5.688968625960873,False,False,,False,5.688968625960873,4,4,0.0,5.688968625960873,True,271828,5.688968625960873,2805530528,3,da1cb49e055ebbd6afc6069655355d57974586872aa5dc86c00da2d9db5108ae,10.011274222000793,pyvrp,10.0,0.0,cvrp20_1342.json,0
"[""accepted""]",not_selected,True,8.881784197001252e-16,cvrp_s7799_n20-50-100_x66667_cvrp20_13485,0.0,True,True,0.0,0.0,0.0,20,4,False,6.16817004703883,False,False,,False,6.168170047038829,4,4,2.879876569312533e-16,6.1681700470388305,True,271828,6.168170047038829,1347894337,4,7950012278e8b455690d32ba3c22b5a97c62f094a6c3f2ef28410818bbbe02b2,10.011127298999781,pyvrp,10.0,1.4399382846562661e-16,cvrp20_13485.json,0
"[""accepted""]",not_selected,True,8.881784197001252e-16,cvrp_s7799_n20-50-100_x66667_cvrp20_13641,0.0,True,True,0.0,0.0,0.0,20,4,False,5.287876745569155,False,False,,False,5.287876745569154,4,4,3.359300764505725e-16,5.2878767455691555,True,271830,5.287876745569154,4146829212,4,5fa63afd1011fb23cf71497e8fe02c55378534a14ccc836ebcfe3e27a5879b80,10.008946235000622,pyvrp,10.0,1.6796503822528624e-16,cvrp20_13641.json,0
"[""accepted""]",not_selected,True,0.0,cvrp_s7799_n20-50-100_x66667_cvrp20_13820,0.0,True,True,0.0,0.0,0.0,20,4,False,6.017636525170529,False,False,,False,6.017636525170529,4,4,2.9519178035597816e-16,6.017636525170531,True,271831,6.017636525170529,2717971432,3,af60a7563045e5c4fa461f7bc1b066953f79da424091dbdfe977c6d2d3dcf1bb,10.01148517099864,pyvrp,10.0,0.0,cvrp20_13820.json,0
"[""accepted""]",not_selected,True,-8.881784197001252e-16,cvrp_s7799_n20-50-100_x66667_cvrp20_13869,0.0,True,True,0.0,0.0,0.0,20,4,False,5.740356943536174,False,False,,False,5.740356943536175,4,4,1.5472529468750938e-16,5.740356943536176,True,271829,5.740356943536175,2250864193,4,1f30a45e0958e1ce24ad1d1f016f9f79e99ae20c4f61ef7eb466c50bdbda509f,10.009221667001839,pyvrp,10.0,-1.547252946875094e-16,cvrp20_13869.json,0
"[""accepted""]",stable_control,True,1.7763568394002505e-15,cvrp_s7799_n20-50-100_x66667_cvrp20_13943,0.0,True,True,0.0,0.0,0.0,20,4,False,6.5985982835287915,False,True,6.598598283528792,True,6.59859828352879,4,4,4.038032237470045e-16,6.598598283528792,True,271831,6.59859828352879,3725153452,4,56cecfe1aef73c8ea3df75359ee2e5797e28a8210e92297ff5dd5869a2434d7e,10.009189205997245,pyvrp,10.0,2.692021491646696e-16,cvrp20_13943.json,0
"[""accepted""]",not_selected,True,1.7763568394002505e-15,cvrp_s7799_n20-50-100_x66667_cvrp20_1420,0.0,True,True,0.0,0.0,0.0,20,4,False,5.853756378184828,False,False,,False,5.853756378184826,4,4,3.0345588791843017e-16,5.853756378184828,True,271831,5.853756378184826,78008911,4,0afcd28b5ebf3669f9814ea9d59e7bc3809c03345a3399de8da120eb4bcd7c85,10.011809037001512,pyvrp,10.0,3.0345588791843007e-16,cvrp20_1420.json,0
"[""route_membership_ambiguous""]",unstable_matrix,True,0.0005759026368030717,cvrp_s7799_n20-50-100_x66667_cvrp20_14205,0.39473684210526316,False,False,0.6,0.39473684210526316,0.19736842105263155,20,4,True,5.248666711113564,False,True,5.248666711113563,True,5.248090808476761,4,4,0.00010973564631803953,5.2486667111135645,True,271829,5.248090808476761,2996452376,3,cd6484c017cb32589a7db71e6d1fb59a3bceb5a9794ddc9a7e71c81b8f09f015,10.010901370002102,pyvrp,10.0,0.0001097236057270795,cvrp20_14205.json,0
"[""accepted""]",not_selected,True,8.881784197001252e-16,cvrp_s7799_n20-50-100_x66667_cvrp20_14281,0.0,True,True,0.0,0.0,0.0,20,4,False,6.4679113584122145,False,False,,False,6.467911358412214,4,4,2.74641494133946e-16,6.467911358412215,True,271828,6.467911358412214,2456485429,4,fb95adca0bdb25cbb1e5bfe14f0bef077e883a75b71a147fd4bcfe4da74b27f8,10.012909572000353,pyvrp,10.0,1.3732074706697297e-16,cvrp20_14281.json,0
"[""accepted""]",not_selected,True,0.0,cvrp_s7799_n20-50-100_x66667_cvrp20_14387,0.0,True,True,0.0,0.0,0.0,20,4,False,5.626511988178092,False,False,,False,5.626511988178092,4,4,1.5785595437569203e-16,5.626511988178093,True,271828,5.626511988178092,1267050037,4,f052b01eba8239ffacf3ca978d508904fe02ffda044d93bac8411a1d2fe83588,10.01120193799943,pyvrp,10.0,0.0,cvrp20_14387.json,0
"[""accepted""]",not_selected,True,8.881784197001252e-16,cvrp_s7799_n20-50-100_x66667_cvrp20_14510,0.0,True,True,0.0,0.0,0.0,20,4,False,7.295769796875473,False,False,,False,7.295769796875472,4,4,1.217388218691469e-16,7.295769796875473,True,271830,7.295769796875472,378607311,4,46bd57fa01fb3db702552dab07cff0fc16c8c6bac3e768b4d0276c933a1cf157,10.012897585002065,pyvrp,10.0,1.217388218691469e-16,cvrp20_14510.json,0
"[""accepted""]",not_selected,True,0.0,cvrp_s7799_n20-50-100_x66667_cvrp20_14571,0.0,True,True,0.0,0.0,0.0,20,4,False,5.401027583985312,False,False,,False,5.401027583985312,4,4,1.644461921160484e-16,5.401027583985313,True,271828,5.401027583985312,2977205547,4,e3ca9442d6ffbf0c1a19ddd1b8b396862c8d807ff388d961f0bbe2aa0442c491,10.010507781000342,pyvrp,10.0,0.0,cvrp20_14571.json,0
"[""accepted""]",not_selected,True,0.0,cvrp_s7799_n20-50-100_x66667_cvrp20_14805,0.0,True,True,0.0,0.0,0.0,20,4,False,6.901159832207299,False,False,,False,6.901159832207299,4,4,2.573997534602951e-16,6.901159832207301,True,271830,6.901159832207299,109313323,4,98f802d055cf01e673781ff124ebf6292ac6d1b58ecc7e1d52664002a4ba862e,10.011193382000783,pyvrp,10.0,0.0,cvrp20_14805.json,0
"[""accepted""]",not_selected,True,1.7763568394002505e-15,cvrp_s7799_n20-50-100_x66667_cvrp20_14868,0.0,True,True,0.0,0.0,0.0,20,4,False,7.788848511357053,False,False,,False,7.788848511357052,4,4,2.280641145876845e-16,7.788848511357053,True,271828,7.788848511357052,1279089462,4,1cace926efcb654a7a7667b303f4fb8d55f10e1249caf7684d14723441a14635,10.011118390000775,pyvrp,10.0,2.2806411458768444e-16,cvrp20_14868.json,0
"[""accepted""]",not_selected,True,8.881784197001252e-16,cvrp_s7799_n20-50-100_x66667_cvrp20_14904,0.0,True,True,0.0,0.0,0.0,20,4,False,5.312410641207058,False,False,,False,5.312410641207057,4,4,1.6718933826589848e-16,5.312410641207058,True,271828,5.312410641207057,1658627833,4,ff5fd8a0f53d647c28ff18fbc2b397fcaaa0fa92038c3c471b666e227c4f0444,10.011315169002046,pyvrp,10.0,1.6718933826589843e-16,cvrp20_14904.json,0
"[""accepted""]",not_selected,True,1.7763568394002505e-15,cvrp_s7799_n20-50-100_x66667_cvrp20_1497,0.0,True,True,0.0,0.0,0.0,20,4,False,8.197997607437303,False,False,,False,8.197997607437301,4,4,4.3336359058917576e-16,8.197997607437305,True,271831,8.197997607437301,763711493,4,9b8984cee06604226bfba91bcd2207dddc3c9094040ae7fcc79a7ceb9b21369d,10.01141165199806,pyvrp,10.0,2.1668179529458783e-16,cvrp20_1497.json,0
"[""accepted""]",not_selected,True,1.7763568394002505e-15,cvrp_s7799_n20-50-100_x66667_cvrp20_15054,0.0,True,True,0.0,0.0,0.0,20,4,False,6.209251698441924,False,False,,False,6.209251698441922,4,4,1.4304113649040745e-16,6.209251698441923,True,271829,6.209251698441922,2027893001,4,8b12d8f6044cf4d1c1a41978ee769b7eba37c0f29c8738fedbe04ff639b3c98a,10.01144091400056,pyvrp,10.0,2.860822729808148e-16,cvrp20_15054.json,0
"[""accepted""]",not_selected,True,8.881784197001252e-16,cvrp_s7799_n20-50-100_x66667_cvrp20_15152,0.0,True,True,0.0,0.0,0.0,20,4,False,5.82278389442746,False,False,,False,5.8227838944274595,4,4,4.576050403743128e-16,5.822783894427462,True,271828,5.8227838944274595,3900433806,4,66b109ad4eda79e8e64c394bd2cafe1b2bfd6b70f2b5d4d361aaa5cb95b485f9,10.011457014999905,pyvrp,10.0,1.5253501345810423e-16,cvrp20_15152.json,0
"[""accepted""]",not_selected,True,8.881784197001252e-16,cvrp_s7799_n20-50-100_x66667_cvrp20_15264,0.0,True,True,0.0,0.0,0.0,20,4,False,6.614693746897917,False,False,,False,6.614693746897916,4,4,2.685471024615926e-16,6.614693746897918,True,271828,6.614693746897916,134836568,4,bab348d7ab4707caf4b8799ddea6a1ac1bf5553e33c4024cab78c85e5c44e35c,10.009502733999398,pyvrp,10.0,1.3427355123079628e-16,cvrp20_15264.json,0
"[""accepted""]",not_selected,True,-8.881784197001252e-16,cvrp_s7799_n20-50-100_x66667_cvrp20_15429,0.0,True,True,0.0,0.0,0.0,20,4,False,5.726225111114271,False,False,,False,5.726225111114272,4,4,0.0,5.726225111114272,True,271828,5.726225111114272,355016943,4,024e404207ae83ab1252918bcdd8caabcbbcdb6c5a47ca5ffbef11f151caa7be,10.011614658000326,pyvrp,10.0,-1.5510714344363136e-16,cvrp20_15429.json,0
"[""accepted""]",not_selected,True,1.7763568394002505e-15,cvrp_s7799_n20-50-100_x66667_cvrp20_15507,0.0,True,True,0.0,0.0,0.0,20,4,False,6.793634568655151,False,False,,False,6.79363456865515,4,4,3.9221056596040025e-16,6.793634568655152,True,271828,6.79363456865515,4094347115,4,346e4e2725a31856b7cf14eedf0f8dacc85559ec99a722b2a4e815de76f2ba97,10.010292926999682,pyvrp,10.0,2.6147371064026674e-16,cvrp20_15507.json,0
"[""accepted""]",not_selected,True,0.0,cvrp_s7799_n20-50-100_x66667_cvrp20_15641,0.0,True,True,0.0,0.0,0.0,20,4,False,6.2205297268079045,False,False,,False,6.2205297268079045,4,4,0.0,6.2205297268079045,True,271828,6.2205297268079045,1594725887,3,7f7fa7e169e4f8771d20fc35d33e995f6d7e230489d9a566560968eab7f3a395,10.008162821999576,pyvrp,10.0,0.0,cvrp20_15641.json,0
"[""accepted""]",not_selected,True,0.0,cvrp_s7799_n20-50-100_x66667_cvrp20_15673,0.0,True,True,0.0,0.0,0.0,20,4,False,6.041559596123737,False,False,,False,6.041559596123737,4,4,5.880457888853602e-16,6.041559596123741,True,271828,6.041559596123737,3107144662,4,076e8eae00ba64d51d4231db3ae0aaaa7aaeb62b146de5301fb4adbc0ec4f4f0,10.010231264997856,pyvrp,10.0,0.0,cvrp20_15673.json,0
"[""accepted""]",not_selected,True,8.881784197001252e-16,cvrp_s7799_n20-50-100_x66667_cvrp20_15690,0.0,True,True,0.0,0.0,0.0,20,4,False,7.422264252175558,False,False,,False,7.422264252175557,4,4,4.786563180850313e-16,7.422264252175561,True,271828,7.422264252175557,3136665075,5,388616a604428e3f9bcee6753f1a15a9346c9aa8485ae0791065f35978e5a250,10.011113577998913,pyvrp,10.0,1.1966407952125783e-16,cvrp20_15690.json,0
"[""accepted""]",not_selected,True,-1.7763568394002505e-15,cvrp_s7799_n20-50-100_x66667_cvrp20_1581,0.0,True,True,0.0,0.0,0.0,20,4,False,5.5527741096485554,False,False,,False,5.552774109648557,4,4,0.0,5.552774109648557,True,271828,5.552774109648557,2751387255,3,4ba25626bc5f076b249b5672ae6b3d31593f33eb92e501b8912365c70f2d658d,10.009777518000192,pyvrp,10.0,-3.199043945104187e-16,cvrp20_1581.json,0
"[""accepted""]",not_selected,True,1.7763568394002505e-15,cvrp_s7799_n20-50-100_x66667_cvrp20_16049,0.0,True,True,0.0,0.0,0.0,20,4,False,5.9014892278482645,False,False,,False,5.901489227848263,4,4,1.505007270891797e-16,5.901489227848264,True,271829,5.901489227848263,3321044045,4,00ea4c2a85c9f979867946315035fcebf6102b87cdced88197fd0b80be2062bf,10.010605062998366,pyvrp,10.0,3.010014541783593e-16,cvrp20_16049.json,0
"[""accepted""]",stable_control,True,8.881784197001252e-16,cvrp_s7799_n20-50-100_x66667_cvrp20_16061,0.0,True,True,0.0,0.0,0.0,20,4,False,4.886579675480273,False,True,4.886579675480273,True,4.886579675480272,4,4,3.6351742064364543e-16,4.886579675480274,True,271831,4.886579675480272,3911572668,3,73266e03b9b9dcd2eddb4a889403d912602d2847767c42609568846ee57e9acc,10.010065252001368,pyvrp,10.0,1.817587103218227e-16,cvrp20_16061.json,0
"[""accepted""]",not_selected,True,8.881784197001252e-16,cvrp_s7799_n20-50-100_x66667_cvrp20_16260,0.0,True,True,0.0,0.0,0.0,20,4,False,6.212895549097751,False,False,,False,6.21289554909775,4,4,1.4295724315357408e-16,6.212895549097751,True,271828,6.21289554909775,2249641297,4,cccc55eb7e8032d06573e2bf88635a9aabf5a4c3647d5d4de0db41ed236c03e4,10.010522261996812,pyvrp,10.0,1.4295724315357406e-16,cvrp20_16260.json,0
"[""accepted""]",stable_control,True,8.881784197001252e-16,cvrp_s7799_n20-50-100_x66667_cvrp20_16369,0.0,True,True,0.0,0.0,0.0,20,4,False,6.7661532259041195,False,True,6.807909604019128,True,6.766153225904119,4,4,1.3126785487206338e-16,6.7661532259041195,True,271828,6.766153225904119,148010987,4,57f5bd28b6959f5af1661eeeb21b00ecd6e817745e7ced16eeffcc081987d393,10.010518893999688,pyvrp,10.0,1.3126785487206335e-16,cvrp20_16369.json,0
"[""accepted""]",not_selected,True,0.0,cvrp_s7799_n20-50-100_x66667_cvrp20_16399,0.0,True,True,0.0,0.0,0.0,20,4,False,5.324216327994036,False,False,,False,5.324216327994036,4,4,1.6681861986527458e-16,5.324216327994037,True,271830,5.324216327994036,4100849244,4,7ec8a1a665a0a74f983548910799565aeed19d7e424b8000cd6d7eadc2cdd637,10.011155792999489,pyvrp,10.0,0.0,cvrp20_16399.json,0
"[""accepted""]",not_selected,True,1.7763568394002505e-15,cvrp_s7799_n20-50-100_x66667_cvrp20_16602,0.0,True,True,0.0,0.0,0.0,20,4,False,6.851180808983315,False,False,,False,6.8511808089833135,4,4,3.8891620778809684e-16,6.851180808983316,True,271828,6.8511808089833135,309973297,4,b0fc116a8f2948aff388e572a9fc8361fb98a4618a3efc91d7ab6cf9f653d988,10.010615530001814,pyvrp,10.0,2.5927747185873113e-16,cvrp20_16602.json,0
"[""accepted""]",not_selected,True,0.0,cvrp_s7799_n20-50-100_x66667_cvrp20_16672,0.0,True,True,0.0,0.0,0.0,20,4,False,4.919124558823228,False,False,,False,4.919124558823228,4,4,0.0,4.919124558823228,True,271828,4.919124558823228,2542735504,4,0abc8e76d693eb292f2e44eb1b6178f3a8149d7d32506626c8a679584e5749c0,10.009962482999981,pyvrp,10.0,0.0,cvrp20_16672.json,0
"[""accepted""]",not_selected,True,8.881784197001252e-16,cvrp_s7799_n20-50-100_x66667_cvrp20_1677,0.0,True,True,0.0,0.0,0.0,20,4,False,6.559812210097945,False,False,,False,6.559812210097944,4,4,4.0619078317496404e-16,6.559812210097947,True,271830,6.559812210097944,1145862401,4,8c252fc2c84cb9f2879e09ecd69d5239d8343e7b0e0202cf411937de9b257dc3,10.011133211002743,pyvrp,10.0,1.35396927724988e-16,cvrp20_1677.json,0
"[""accepted""]",not_selected,True,0.0,cvrp_s7799_n20-50-100_x66667_cvrp20_16786,0.0,True,True,0.0,0.0,0.0,20,4,False,8.302564227393617,False,False,,False,8.302564227393617,4,4,0.0,8.302564227393617,True,271828,8.302564227393617,3578448481,4,8ec939976e9a89710574a2fcf18b26f0bc6b9292aed1dbb285f874293ed676d4,10.011341165001795,pyvrp,10.0,0.0,cvrp20_16786.json,0
"[""accepted""]",not_selected,True,0.0,cvrp_s7799_n20-50-100_x66667_cvrp20_17187,0.0,True,True,0.0,0.0,0.0,20,4,False,4.343462052725954,False,False,,False,4.343462052725954,4,4,4.0897257023010254e-16,4.343462052725956,True,271828,4.343462052725954,2113286771,3,1154af8afebcdbfb3548a6130b855c4fed5690a8c59245d440ad1c236df0c29d,10.010163529001147,pyvrp,10.0,0.0,cvrp20_17187.json,0
"[""accepted""]",not_selected,True,0.0,cvrp_s7799_n20-50-100_x66667_cvrp20_17504,0.0,True,True,0.0,0.0,0.0,20,4,False,5.764061345052778,False,False,,False,5.764061345052778,4,4,0.0,5.764061345052778,True,271828,5.764061345052778,3602984078,3,10dc4fba08e3364a40a1f78e8c1cd92f1014319b7f88bff8abf4a5a44ebbc26c,10.010739842000476,pyvrp,10.0,0.0,cvrp20_17504.json,0
"[""accepted""]",not_selected,True,8.881784197001252e-16,cvrp_s7799_n20-50-100_x66667_cvrp20_17633,0.0,True,True,0.0,0.0,0.0,20,4,False,5.641400355812132,False,False,,False,5.641400355812131,4,4,0.0,5.641400355812131,True,271828,5.641400355812131,2434137051,4,509abd2cfc7b2a31ff61d6786cd4af4bc2b3c81257406fb04f2e19927e55c3c8,10.011161292000907,pyvrp,10.0,1.5743935258646677e-16,cvrp20_17633.json,0
"[""accepted""]",not_selected,True,-8.881784197001252e-16,cvrp_s7799_n20-50-100_x66667_cvrp20_17826,0.0,True,True,0.0,0.0,0.0,20,4,False,5.7638534449570615,False,False,,False,5.763853444957062,4,4,1.5409455292053174e-16,5.763853444957063,True,271828,5.763853444957062,890214361,4,e9a3e44b3fc9631656b3ead3ddf2d8d9b0082f2d4d9e6e440aca778b63276962,10.010981054001604,pyvrp,10.0,-1.5409455292053176e-16,cvrp20_17826.json,0
"[""accepted""]",stable_control,True,-8.881784197001252e-16,cvrp_s7799_n20-50-100_x66667_cvrp20_17874,0.0,True,True,0.0,0.0,0.0,20,4,False,6.617538857770313,False,True,6.617538857770314,True,6.617538857770314,4,4,0.0,6.617538857770314,True,271829,6.617538857770314,3991026218,4,3b15850f2d5748471a2d5beeb837dcbba6511d62af63aa29c845135df83b56cd,10.01088959900153,pyvrp,10.0,-1.342158223456786e-16,cvrp20_17874.json,0
"[""accepted""]",not_selected,True,1.7763568394002505e-15,cvrp_s7799_n20-50-100_x66667_cvrp20_17985,0.0,True,True,0.0,0.0,0.0,20,4,False,6.457554333974505,False,False,,False,6.457554333974503,4,4,1.3754099056158745e-16,6.457554333974504,True,271831,6.457554333974503,2611049710,4,5f2cf70394f9d42bf0e12ebc100ac4ef62877c468ec61cee40bd463786f63e18,10.010707299999922,pyvrp,10.0,2.750819811231748e-16,cvrp20_17985.json,0
"[""accepted""]",not_selected,True,8.881784197001252e-16,cvrp_s7799_n20-50-100_x66667_cvrp20_18073,0.0,True,True,0.0,0.0,0.0,20,4,False,7.808404950680383,False,False,,False,7.808404950680382,4,4,3.4123937935214316e-16,7.8084049506803845,True,271829,7.808404950680382,1054528224,5,acf60317c2073eee0021d345b29f4ca7ba5f0c056b1a0afa3ed1712b5cbed295,10.010382538002887,pyvrp,10.0,1.1374645978404772e-16,cvrp20_18073.json,0
"[""accepted""]",not_selected,True,8.881784197001252e-16,cvrp_s7799_n20-50-100_x66667_cvrp20_18261,0.0,True,True,0.0,0.0,0.0,20,4,False,6.149920892745407,False,False,,False,6.149920892745406,4,4,1.4442111291997947e-16,6.149920892745407,True,271829,6.149920892745406,2895417886,4,8d244efe92c0aa8c1dc5d8808905edc32a4c373d53e459a10f0b4e65ca9c4a4f,10.01158659900102,pyvrp,10.0,1.4442111291997945e-16,cvrp20_18261.json,0
"[""accepted""]",not_selected,True,0.0,cvrp_s7799_n20-50-100_x66667_cvrp20_18323,0.0,True,True,0.0,0.0,0.0,20,4,False,6.369861908913794,False,False,,False,6.369861908913794,4,4,4.1830345731226997e-16,6.369861908913797,True,271830,6.369861908913794,4268736676,4,e267cbeb7819cc510fb77d802ccca97126154afb4cd8c20ad36463935b1b12b6,10.00799976000053,pyvrp,10.0,0.0,cvrp20_18323.json,0
"[""accepted""]",not_selected,True,-8.881784197001252e-16,cvrp_s7799_n20-50-100_x66667_cvrp20_18404,0.0,True,True,0.0,0.0,0.0,20,4,False,5.646277985331545,False,False,,False,5.646277985331546,4,4,1.5730334602857355e-16,5.646277985331547,True,271828,5.646277985331546,430822720,4,3690f4258e71d4a4651b9845e455e02ced33eae61b00c2b6790f59961375640c,10.010658671002602,pyvrp,10.0,-1.5730334602857357e-16,cvrp20_18404.json,0
"[""accepted""]",not_selected,True,0.0,cvrp_s7799_n20-50-100_x66667_cvrp20_18710,0.0,True,True,0.0,0.0,0.0,20,4,False,5.131204086066644,False,False,,False,5.131204086066644,4,4,1.7309356728022172e-16,5.131204086066645,True,271830,5.131204086066644,1514758351,4,37ae36693ef132ec4351e8454453ffe21c73c9cb2b2d6a99ae337df4db1874c2,10.011249749000854,pyvrp,10.0,0.0,cvrp20_18710.json,0
"[""accepted""]",not_selected,True,8.881784197001252e-16,cvrp_s7799_n20-50-100_x66667_cvrp20_18835,0.0,True,True,0.0,0.0,0.0,20,4,False,6.653502950595984,False,False,,False,6.653502950595983,4,4,1.3349034730954276e-16,6.653502950595984,True,271828,6.653502950595983,3953094778,3,6265a6e35aaeac73b16a6f89a178765ae9dca2c91e202a6337a312fcca8f72b1,10.01126454900077,pyvrp,10.0,1.3349034730954274e-16,cvrp20_18835.json,0
"[""accepted""]",not_selected,True,0.0,cvrp_s7799_n20-50-100_x66667_cvrp20_19179,0.0,True,True,0.0,0.0,0.0,20,4,False,6.285185814051799,False,False,,False,6.285185814051799,4,4,1.413129931201753e-16,6.2851858140517995,True,271830,6.285185814051799,3140714023,4,ecd6abefec874e10dbca7bab567d117c268966c9bc16f9f9bb3d9b1468ff9d9f,10.008757929001149,pyvrp,10.0,0.0,cvrp20_19179.json,0
"[""accepted""]",not_selected,True,0.0,cvrp_s7799_n20-50-100_x66667_cvrp20_19196,0.0,True,True,0.0,0.0,0.0,20,4,False,6.6293002244925505,False,False,,False,6.6293002244925505,4,4,1.3397770347142667e-16,6.629300224492551,True,271829,6.6293002244925505,1029053621,4,fd83a578b760577cf42da8c6c9139eafe3ddb7c8cf4fb897abcab444258a67b9,10.011756928000977,pyvrp,10.0,0.0,cvrp20_19196.json,0
"[""accepted""]",not_selected,True,0.0,cvrp_s7799_n20-50-100_x66667_cvrp20_19368,0.0,True,True,0.0,0.0,0.0,20,4,False,6.81016342450123,False,False,,False,6.81016342450123,4,4,3.9125863698278633e-16,6.810163424501233,True,271829,6.81016342450123,1422771712,4,de75e92260e5970802379aaa268ac5905e6d31548c37c17250f2422f3318a328,10.012147072000516,pyvrp,10.0,0.0,cvrp20_19368.json,0
"[""accepted""]",not_selected,True,0.0,cvrp_s7799_n20-50-100_x66667_cvrp20_19512,0.0,True,True,0.0,0.0,0.0,20,4,False,6.692857728797627,False,False,,False,6.692857728797627,4,4,2.65410817229395e-16,6.6928577287976285,True,271829,6.692857728797627,3057591276,4,3f938e59fc9e62c47ba894d33b53e59a4aa135ac93470592e545bc6ff83567e6,10.010897405001742,pyvrp,10.0,0.0,cvrp20_19512.json,0
"[""accepted""]",not_selected,True,1.7763568394002505e-15,cvrp_s7799_n20-50-100_x66667_cvrp20_19535,0.0,True,True,0.0,0.0,0.0,20,4,False,5.6461837732107,False,False,,False,5.646183773210698,4,4,6.292238831575001e-16,5.646183773210701,True,271831,5.646183773210698,972737177,4,249a034a125600b0bbc05fb885d7878905ab8fbb8171f80f694ef19334775da7,10.010460935001902,pyvrp,10.0,3.1461194157874994e-16,cvrp20_19535.json,0
"[""accepted""]",not_selected,True,8.881784197001252e-16,cvrp_s7799_n20-50-100_x66667_cvrp20_19656,0.0,True,True,0.0,0.0,0.0,20,4,False,5.455829614764447,False,False,,False,5.455829614764446,4,4,1.6279438369859578e-16,5.455829614764447,True,271828,5.455829614764446,1653270220,4,83d60095459414f58c8f6d37f61f23287bb6b967d2beaa62e56b415527b07d3b,10.010887689997617,pyvrp,10.0,1.6279438369859576e-16,cvrp20_19656.json,0
"[""accepted""]",not_selected,True,8.881784197001252e-16,cvrp_s7799_n20-50-100_x66667_cvrp20_19682,0.0,True,True,0.0,0.0,0.0,20,4,False,5.918725481792962,False,False,,False,5.918725481792961,4,4,3.001248908848089e-16,5.918725481792963,True,271829,5.918725481792961,1097011895,3,9a1fa08806a7cc261ddaed2ba0f5eca167f39ac3d97b8bd95fbe45fa21f26b7d,10.009390291001182,pyvrp,10.0,1.5006244544240443e-16,cvrp20_19682.json,0
"[""accepted""]",stable_control,True,0.0,cvrp_s7799_n20-50-100_x66667_cvrp20_19685,0.0,True,True,0.0,0.0,0.0,20,4,False,4.360516648753309,False,True,4.360516648753309,True,4.360516648753309,4,4,2.0368651039414316e-16,4.36051664875331,True,271828,4.360516648753309,2849406057,3,769a52dd5bb6e1b7797737b80b9f89598c728d9aa0d565245cd74836576f43ea,10.011771647001297,pyvrp,10.0,0.0,cvrp20_19685.json,0
"[""accepted""]",not_selected,True,8.881784197001252e-16,cvrp_s7799_n20-50-100_x66667_cvrp20_1985,0.0,True,True,0.0,0.0,0.0,20,4,False,5.9707915914954635,False,False,,False,5.970791591495463,4,4,2.975077612707863e-16,5.970791591495464,True,271830,5.970791591495463,2944856077,4,84a3fe380cafecc0cc214ecf6bb36e515ab3bfc5f16df4032007763409dc4bb9,10.011057823001465,pyvrp,10.0,1.4875388063539314e-16,cvrp20_1985.json,0
"[""accepted""]",not_selected,True,0.0,cvrp_s7799_n20-50-100_x66667_cvrp20_19895,0.0,True,True,0.0,0.0,0.0,20,4,False,6.066737161715766,False,False,,False,6.066737161715766,4,4,1.464013350215645e-16,6.066737161715767,True,271828,6.066737161715766,3440367031,4,3115b5cf29ba1e4c4d429181151d19f87c7a6b95054e9abed52fd84a96140298,10.011246174999542,pyvrp,10.0,0.0,cvrp20_19895.json,0
"[""accepted""]",not_selected,True,0.0,cvrp_s7799_n20-50-100_x66667_cvrp20_19924,0.0,True,True,0.0,0.0,0.0,20,4,False,5.073049719395378,False,False,,False,5.073049719395378,4,4,3.5015561401041467e-16,5.07304971939538,True,271829,5.073049719395378,3366360878,4,416b6f8227cb686d9a33632faf91481e750c948f71e330054dca1d894ce87483,10.01203784899917,pyvrp,10.0,0.0,cvrp20_19924.json,0
"[""accepted""]",not_selected,True,8.881784197001252e-16,cvrp_s7799_n20-50-100_x66667_cvrp20_20180,0.0,True,True,0.0,0.0,0.0,20,4,False,6.333974565919383,False,False,,False,6.333974565919382,4,4,2.804490010045392e-16,6.333974565919384,True,271830,6.333974565919382,2283141656,4,6f2c7a62903d51fc4a045ea56c76fe14b91daf3c47a5655ce861dec9e854cadc,10.01051584599918,pyvrp,10.0,1.4022450050226958e-16,cvrp20_20180.json,0
"[""accepted""]",not_selected,True,1.7763568394002505e-15,cvrp_s7799_n20-50-100_x66667_cvrp20_20187,0.0,True,True,0.0,0.0,0.0,20,4,False,8.182881959379214,False,False,,False,8.182881959379213,4,4,4.34164111915165e-16,8.182881959379216,True,271831,8.182881959379213,171047388,5,1551193f94763ee5cca1856f4c669e9814d92fbb7c474d6f3a45c09270eced62,10.007889705997513,pyvrp,10.0,2.1708205595758245e-16,cvrp20_20187.json,0
"[""accepted""]",not_selected,True,0.0,cvrp_s7799_n20-50-100_x66667_cvrp20_20266,0.0,True,True,0.0,0.0,0.0,20,4,False,7.244524870357052,False,False,,False,7.244524870357052,4,4,1.2259995453039982e-16,7.244524870357053,True,271828,7.244524870357052,497617497,4,a53a8d73c40c6c0415fa4ec10d381cb8a85530a6fe8fcf18edea4ca4fef8a9bd,10.010657375998562,pyvrp,10.0,0.0,cvrp20_20266.json,0
"[""accepted""]",not_selected,True,1.7763568394002505e-15,cvrp_s7799_n20-50-100_x66667_cvrp20_20435,0.0,True,True,0.0,0.0,0.0,20,4,False,7.399417881124263,False,False,,False,7.399417881124261,4,4,2.4006710635058125e-16,7.399417881124263,True,271828,7.399417881124261,3647756776,5,36bdfa3e71129a0fc7af4cab0f7b72373019ccad24d1463394b61668e66c97da,10.008183594000002,pyvrp,10.0,2.400671063505812e-16,cvrp20_20435.json,0
"[""accepted""]",not_selected,True,8.881784197001252e-16,cvrp_s7799_n20-50-100_x66667_cvrp20_20642,0.0,True,True,0.0,0.0,0.0,20,4,False,6.175078104534321,False,False,,False,6.17507810453432,4,4,1.4383274262522147e-16,6.175078104534321,True,271830,6.17507810453432,3830659837,4,66a4fc2f869ee7a69e51a2e7029872c65cc7b175452a5078b9d3eaaed395268d,10.011293271996692,pyvrp,10.0,1.4383274262522145e-16,cvrp20_20642.json,0
"[""accepted""]",not_selected,True,8.881784197001252e-16,cvrp_s7799_n20-50-100_x66667_cvrp20_20992,0.0,True,True,0.0,0.0,0.0,20,4,False,5.294337151694297,False,False,,False,5.294337151694296,4,4,5.032802374982239e-16,5.2943371516942985,True,271830,5.294337151694296,248624848,4,efffea6d3db4a9fa3c222504113ba9e3f37b5d135892f78d78dc0c38377e2481,10.009066089998669,pyvrp,10.0,1.6776007916607463e-16,cvrp20_20992.json,0
"[""accepted""]",not_selected,True,-8.881784197001252e-16,cvrp_s7799_n20-50-100_x66667_cvrp20_21069,0.0,True,True,0.0,0.0,0.0,20,4,False,7.131205636959967,False,False,,False,7.131205636959968,4,4,0.0,7.131205636959968,True,271828,7.131205636959968,3627643628,4,38e2e5e7454a2ce95933c7cdba781e13a29ae683756c2764d2bee1325acc6664,10.010515327001485,pyvrp,10.0,-1.2454814303724885e-16,cvrp20_21069.json,0
"[""accepted""]",not_selected,True,8.881784197001252e-16,cvrp_s7799_n20-50-100_x66667_cvrp20_21139,0.0,True,True,0.0,0.0,0.0,20,4,False,5.394282609396769,False,False,,False,5.394282609396768,4,4,1.6465181452542556e-16,5.394282609396769,True,271830,5.394282609396768,2991612911,4,458fd04bd7836e7f696b52f801557c7743dceb2e467084f2b3aa1c8ffcf32fab,10.010363039000367,pyvrp,10.0,1.646518145254255e-16,cvrp20_21139.json,0
"[""accepted""]",not_selected,True,8.881784197001252e-16,cvrp_s7799_n20-50-100_x66667_cvrp20_21172,0.0,True,True,0.0,0.0,0.0,20,4,False,6.542630324495816,False,False,,False,6.542630324495815,4,4,4.0725749842907545e-16,6.542630324495818,True,271830,6.542630324495815,98263592,4,c233d58e845d7ebea1f3c3426d44549396d4d0d4a442ba3b0edf675fdc34d463,10.01117782700021,pyvrp,10.0,1.3575249947635845e-16,cvrp20_21172.json,0
"[""accepted""]",not_selected,True,8.881784197001252e-16,cvrp_s7799_n20-50-100_x66667_cvrp20_21198,0.0,True,True,0.0,0.0,0.0,20,4,False,5.655116843393456,False,False,,False,5.655116843393455,4,4,1.5705748339006162e-16,5.655116843393456,True,271830,5.655116843393455,3396125469,4,1ddaa8859e3c428316212a86d22455a220aaf1bffe4d3b9e6c03dbe3ec160281,10.009977847999835,pyvrp,10.0,1.570574833900616e-16,cvrp20_21198.json,0
"[""accepted""]",not_selected,True,8.881784197001252e-16,cvrp_s7799_n20-50-100_x66667_cvrp20_21237,0.0,True,True,0.0,0.0,0.0,20,4,False,6.0181004628349495,False,False,,False,6.018100462834949,4,4,1.475845119544134e-16,6.0181004628349495,True,271828,6.018100462834949,3118803518,4,2c696a2305d5efb9be6a1b7a72ff18fc0ece7f0804ea8b574a2c8a1530908641,10.008557691999158,pyvrp,10.0,1.4758451195441337e-16,cvrp20_21237.json,0
"[""accepted""]",not_selected,True,1.7763568394002505e-15,cvrp_s7799_n20-50-100_x66667_cvrp20_21576,0.0,True,True,0.0,0.0,0.0,20,4,False,5.115643479613445,False,False,,False,5.115643479613444,4,4,3.4724015590204467e-16,5.115643479613445,True,271829,5.115643479613444,737248563,4,af43da0f4939996acd6f9457c7802746ec129f0e7371114780dc603b8061a08c,10.011471839003207,pyvrp,10.0,3.4724015590204457e-16,cvrp20_21576.json,0
"[""accepted""]",not_selected,True,8.881784197001252e-16,cvrp_s7799_n20-50-100_x66667_cvrp20_21681,0.0,True,True,0.0,0.0,0.0,20,4,False,6.147399058867467,False,False,,False,6.1473990588674665,4,4,1.4448035847273498e-16,6.147399058867467,True,271828,6.1473990588674665,4010315932,5,2c9228ebf5353f0e7afc305d5c472772f3cf8ad3e9fb83f1d8d7a419277e4c40,10.010263706997648,pyvrp,10.0,1.4448035847273496e-16,cvrp20_21681.json,0
"[""accepted""]",not_selected,True,0.0,cvrp_s7799_n20-50-100_x66667_cvrp20_21899,0.0,True,True,0.0,0.0,0.0,20,4,False,5.99812209895213,False,False,,False,5.99812209895213,4,4,1.480760819882759e-16,5.998122098952131,True,271828,5.99812209895213,928698193,3,806a35cbb17aedffd306a733d4fdc6cc9a637b985b9961a4293d58757af7f93f,10.010581865997665,pyvrp,10.0,0.0,cvrp20_21899.json,0
"[""accepted""]",not_selected,True,8.881784197001252e-16,cvrp_s7799_n20-50-100_x66667_cvrp20_22045,0.0,True,True,0.0,0.0,0.0,20,4,False,5.930698456236408,False,False,,False,5.930698456236407,4,4,2.9951899468642317e-16,5.930698456236409,True,271828,5.930698456236407,3450801616,4,3c6837158cea235a01ff58dc9f22ea63ed24ef0fab055a378e5ac44b29ad8f1e,10.010074600002554,pyvrp,10.0,1.4975949734321156e-16,cvrp20_22045.json,0
"[""accepted""]",not_selected,True,8.881784197001252e-16,cvrp_s7799_n20-50-100_x66667_cvrp20_22104,0.0,True,True,0.0,0.0,0.0,20,4,False,6.726342914425638,False,False,,False,6.726342914425637,4,4,1.3204477247142652e-16,6.726342914425638,True,271828,6.726342914425637,3797535011,4,2d6a53c395469c338653dbad6f7116a1d38365722a15c008db59ff3475a25a30,10.01007728300101,pyvrp,10.0,1.320447724714265e-16,cvrp20_22104.json,0
"[""accepted""]",not_selected,True,0.0,cvrp_s7799_n20-50-100_x66667_cvrp20_2214,0.0,True,True,0.0,0.0,0.0,20,4,False,5.848156546779545,False,False,,False,5.848156546779545,4,4,1.518732292125843e-16,5.8481565467795456,True,271828,5.848156546779545,1163749700,5,e9d8ada3ab6753368be44ad0b7fa1d8d3588a634879842665c52e0b559dde30d,10.011654415000521,pyvrp,10.0,0.0,cvrp20_2214.json,0
"[""accepted""]",not_selected,True,1.7763568394002505e-15,cvrp_s7799_n20-50-100_x66667_cvrp20_2238,0.0,True,True,0.0,0.0,0.0,20,4,False,6.26136663519378,False,False,,False,6.261366635193778,4,4,2.837011379298148e-16,6.26136663519378,True,271828,6.261366635193778,1167119715,4,7ef8ce5b39f5c645bfa68214c93888823e4808427e2d12d5ec0ceb8f3b70b2bf,10.012388150000334,pyvrp,10.0,2.837011379298147e-16,cvrp20_2238.json,0
"[""accepted""]",not_selected,True,8.881784197001252e-16,cvrp_s7799_n20-50-100_x66667_cvrp20_22527,0.0,True,True,0.0,0.0,0.0,20,4,False,6.136208936539601,False,False,,False,6.1362089365396,4,4,1.4474383595565712e-16,6.136208936539601,True,271828,6.1362089365396,2855649015,4,4c6fc265e940ce4d53aeb84ce6cf5900fc29043afad4647f4fc071f731abb95b,10.010838482998224,pyvrp,10.0,1.4474383595565712e-16,cvrp20_22527.json,0
"[""accepted""]",stable_control,True,0.0,cvrp_s7799_n20-50-100_x66667_cvrp20_2253,0.0,True,True,0.0,0.0,0.0,20,4,False,5.251942916408604,False,True,5.2519429164086056,True,5.251942916408604,4,4,1.6911425615941034e-16,5.251942916408605,True,271828,5.251942916408604,1764445980,4,cb451737035b8fb47e15481290b7a9e7f37e21687f1b8454c23bec671e450b9e,10.010264935001032,pyvrp,10.0,0.0,cvrp20_2253.json,0
"[""accepted""]",not_selected,True,1.7763568394002505e-15,cvrp_s7799_n20-50-100_x66667_cvrp20_22726,0.0,True,True,0.0,0.0,0.0,20,4,False,5.45044199687164,False,False,,False,5.450441996871638,4,4,6.51821206580977e-16,5.450441996871642,True,271829,5.450441996871638,2070103930,4,5930055696f680467906d9ff0ba7d25d2f1a413c65d36a27ae2f13a1a098dc87,10.010749025001132,pyvrp,10.0,3.259106032904884e-16,cvrp20_22726.json,0
"[""accepted""]",not_selected,True,0.0,cvrp_s7799_n20-50-100_x66667_cvrp20_22985,0.0,True,True,0.0,0.0,0.0,20,4,False,6.744625876075963,False,False,,False,6.744625876075963,4,4,1.316868327494051e-16,6.744625876075964,True,271828,6.744625876075963,1173977424,4,e2509bfb2d931a355cf70f023f8521c521854e544a5e758e5cb16cdf51fa5a8d,10.011308611999993,pyvrp,10.0,0.0,cvrp20_22985.json,0
"[""accepted""]",not_selected,True,0.0,cvrp_s7799_n20-50-100_x66667_cvrp20_23212,0.0,True,True,0.0,0.0,0.0,20,4,False,5.239258591535083,False,False,,False,5.239258591535083,4,4,3.390473687002696e-16,5.239258591535084,True,271828,5.239258591535083,360945925,3,f1b8d7c7974e87fd10657485aa6f18a492900639c82d739b2921ff56a9663723,10.009557094999764,pyvrp,10.0,0.0,cvrp20_23212.json,0
"[""accepted""]",not_selected,True,1.7763568394002505e-15,cvrp_s7799_n20-50-100_x66667_cvrp20_23240,0.0,True,True,0.0,0.0,0.0,20,4,False,6.701633508857257,False,False,,False,6.701633508857255,4,4,1.3253163106073448e-16,6.701633508857256,True,271828,6.701633508857255,3315991439,4,8d7c8a0a0976902d56614f1f1bf2efe8e97e9969a5ce44c3fa6577cf412b7e1f,10.010121679002623,pyvrp,10.0,2.650632621214689e-16,cvrp20_23240.json,0
"[""accepted""]",not_selected,True,8.881784197001252e-16,cvrp_s7799_n20-50-100_x66667_cvrp20_23642,0.0,True,True,0.0,0.0,0.0,20,4,False,6.638373224086468,False,False,,False,6.638373224086467,4,4,2.6758917876972815e-16,6.638373224086469,True,271830,6.638373224086467,2285582973,4,bcde48dddb72e6f6c3e4085fff219c1b1d8470044a6ebb1d934d0b4a6868f092,10.010894731000008,pyvrp,10.0,1.3379458938486408e-16,cvrp20_23642.json,0
"[""accepted""]",not_selected,True,8.881784197001252e-16,cvrp_s7799_n20-50-100_x66667_cvrp20_23662,0.0,True,True,0.0,0.0,0.0,20,4,False,5.939363749322189,False,False,,False,5.9393637493221885,4,4,1.4954100425344144e-16,5.939363749322189,True,271829,5.9393637493221885,3071393890,5,3cc34abbb4bdd67a9827c5c7f53061a21781673dd5f3acb6edf734ae89d0354d,10.01164267799686,pyvrp,10.0,1.4954100425344142e-16,cvrp20_23662.json,0
"[""accepted""]",not_selected,True,8.881784197001252e-16,cvrp_s7799_n20-50-100_x66667_cvrp20_23686,0.0,True,True,0.0,0.0,0.0,20,4,False,5.549266257401157,False,False,,False,5.549266257401156,4,4,1.600533076810913e-16,5.549266257401157,True,271828,5.549266257401156,1988298615,4,892bb7edcba355455c4a996e0d7b414e0dee4daf54c621feea9fd0d4971d5edf,10.011458484998002,pyvrp,10.0,1.6005330768109128e-16,cvrp20_23686.json,0
"[""accepted""]",not_selected,True,-8.881784197001252e-16,cvrp_s7799_n20-50-100_x66667_cvrp20_23754,0.0,True,True,0.0,0.0,0.0,20,4,False,5.245447417716878,False,False,,False,5.245447417716879,4,4,1.6932367231444132e-16,5.24544741771688,True,271831,5.245447417716879,634580048,3,f1e44965d8ea9e8edafd423425bc5d0ab4d1e7b1ac947e2de6ac212d9e47f7d5,10.01243827700091,pyvrp,10.0,-1.6932367231444134e-16,cvrp20_23754.json,0
"[""accepted""]",not_selected,True,8.881784197001252e-16,cvrp_s7799_n20-50-100_x66667_cvrp20_2378,0.0,True,True,0.0,0.0,0.0,20,4,False,5.934147082656541,False,False,,False,5.93414708265654,4,4,1.496724646910023e-16,5.934147082656541,True,271831,5.93414708265654,1140427013,4,f73daab296925d406c2a8b8c191b447584df85d8e03afc2beb3428e9e0da4a47,10.011857089000841,pyvrp,10.0,1.4967246469100227e-16,cvrp20_2378.json,0
"[""accepted""]",not_selected,True,0.0,cvrp_s7799_n20-50-100_x66667_cvrp20_23869,0.0,True,True,0.0,0.0,0.0,20,4,False,6.193457910453014,False,False,,False,6.193457910453014,4,4,1.4340590225067991e-16,6.193457910453015,True,271828,6.193457910453014,1636371485,4,9f76c395c306ac06fe256ec5092de13f81c8bb82dfa80199e8704de4c29efdf6,10.010044152000773,pyvrp,10.0,0.0,cvrp20_23869.json,0
"[""accepted""]",not_selected,True,1.7763568394002505e-15,cvrp_s7799_n20-50-100_x66667_cvrp20_23874,0.0,True,True,0.0,0.0,0.0,20,4,False,6.164925990579303,False,False,,False,6.1649259905793015,4,4,2.8813919941856936e-16,6.164925990579303,True,271831,6.1649259905793015,1918655487,3,dea478d49e95dc6e04114680b438f3206b5a1add16a2b72ad2d99a49d919f8d7,10.01145344500037,pyvrp,10.0,2.8813919941856926e-16,cvrp20_23874.json,0
"[""accepted""]",not_selected,True,8.881784197001252e-16,cvrp_s7799_n20-50-100_x66667_cvrp20_23918,0.0,True,True,0.0,0.0,0.0,20,4,False,4.836734908704438,False,False,,False,4.836734908704437,4,4,3.672636340278702e-16,4.836734908704439,True,271829,4.836734908704437,627137383,4,6cb34d7402f4e26cc6f4e6f9868ddfe9e0ace02d5715dab8f0ef74add43ea000,10.011227021997911,pyvrp,10.0,1.8363181701393505e-16,cvrp20_23918.json,0
"[""accepted""]",not_selected,True,1.7763568394002505e-15,cvrp_s7799_n20-50-100_x66667_cvrp20_23967,0.0,True,True,0.0,0.0,0.0,20,4,False,7.350323555052055,False,False,,False,7.350323555052054,4,4,2.4167056403650663e-16,7.350323555052055,True,271828,7.350323555052054,1000083988,4,a8c087bb5649d3cabd4d93af908cd7da8a7197f0e30d4d878602c1166e70de22,10.010856000997592,pyvrp,10.0,2.416705640365066e-16,cvrp20_23967.json,0
"[""accepted""]",not_selected,True,8.881784197001252e-16,cvrp_s7799_n20-50-100_x66667_cvrp20_2411,0.0,True,True,0.0,0.0,0.0,20,4,False,6.198269035693081,False,False,,False,6.19826903569308,4,4,4.298837697680594e-16,6.198269035693083,True,271829,6.19826903569308,684916301,4,e85f52196eef1707ccc6018b2bdf9198aff83980403d83e9539c33f4f0910ef0,10.009761360000994,pyvrp,10.0,1.4329458992268645e-16,cvrp20_2411.json,0
"[""accepted""]",not_selected,True,8.881784197001252e-16,cvrp_s7799_n20-50-100_x66667_cvrp20_24149,0.0,True,True,0.0,0.0,0.0,20,4,False,6.02046628717486,False,False,,False,6.020466287174859,4,4,2.950530332151095e-16,6.020466287174861,True,271828,6.020466287174859,3668474342,5,85d031ae7216441419a467568264c9077c4ecfe45a61dff624e7acf2140b1eb2,10.01108129899876,pyvrp,10.0,1.4752651660755472e-16,cvrp20_24149.json,0
"[""accepted""]",not_selected,True,0.0,cvrp_s7799_n20-50-100_x66667_cvrp20_24188,0.0,True,True,0.0,0.0,0.0,20,4,False,7.056675779147488,False,False,,False,7.056675779147488,4,4,2.5172714391234947e-16,7.05667577914749,True,271828,7.056675779147488,2438180651,4,669969575620d68fdeb330e645e3ce5bffc1e26f27aea38303ede7ff72ef014c,10.01130148899756,pyvrp,10.0,0.0,cvrp20_24188.json,0
"[""accepted""]",stable_control,True,8.881784197001252e-16,cvrp_s7799_n20-50-100_x66667_cvrp20_24195,0.0,True,True,0.0,0.0,0.0,20,4,False,5.7577674325075305,False,True,5.7577674325075305,True,5.75776743250753,4,4,3.085148645239115e-16,5.757767432507531,True,271830,5.75776743250753,1548139871,4,3720133b7f0c47729acec8ad68183107dc5d253e6bd678e91b148bd3f02eb968,10.011613672999374,pyvrp,10.0,1.5425743226195573e-16,cvrp20_24195.json,0
"[""accepted""]",not_selected,True,8.881784197001252e-16,cvrp_s7799_n20-50-100_x66667_cvrp20_24339,0.0,True,True,0.0,0.0,0.0,20,4,False,5.286996252526068,False,False,,False,5.286996252526067,4,4,0.0,5.286996252526067,True,271829,5.286996252526067,557587613,4,c1874d79abb069eb1c553b07cb2e50cf44fea977ca7755115ea1a2e034300c56,10.009224770998117,pyvrp,10.0,1.6799301101750612e-16,cvrp20_24339.json,0
"[""accepted""]",not_selected,True,8.881784197001252e-16,cvrp_s7799_n20-50-100_x66667_cvrp20_24417,0.0,True,True,0.0,0.0,0.0,20,4,False,7.340872436054259,False,False,,False,7.3408724360542585,4,4,1.2099085325851593e-16,7.340872436054259,True,271828,7.3408724360542585,3524725065,4,6f15b8806ac4446ba7c731f49a85d7053c2d95534e2874b3ec244ed467569eb7,10.01066209900091,pyvrp,10.0,1.2099085325851593e-16,cvrp20_24417.json,0
"[""accepted""]",not_selected,True,8.881784197001252e-16,cvrp_s7799_n20-50-100_x66667_cvrp20_24940,0.0,True,True,0.0,0.0,0.0,20,4,False,5.736606488367702,False,False,,False,5.736606488367701,4,4,1.5482645035895574e-16,5.736606488367702,True,271829,5.736606488367701,2507461634,3,3b8ff4c8efbd38a01a744dd10cdfb9533fad27a7ce94ca88e2b763ea4ab805a8,10.011040676999983,pyvrp,10.0,1.5482645035895571e-16,cvrp20_24940.json,0
"[""accepted""]",not_selected,True,-8.881784197001252e-16,cvrp_s7799_n20-50-100_x66667_cvrp20_25209,0.0,True,True,0.0,0.0,0.0,20,4,False,7.117321035847485,False,False,,False,7.117321035847486,4,4,0.0,7.117321035847486,True,271828,7.117321035847486,123934929,4,5124a55a7036c46d7fcbab490ca9ed55d454fffde2a165355cc4cd704902f568,10.013059085002169,pyvrp,10.0,-1.247911138512198e-16,cvrp20_25209.json,0
"[""accepted""]",not_selected,True,8.881784197001252e-16,cvrp_s7799_n20-50-100_x66667_cvrp20_25223,0.0,True,True,0.0,0.0,0.0,20,4,False,6.140426269013112,False,False,,False,6.140426269013111,4,4,2.892888476431045e-16,6.140426269013113,True,271830,6.140426269013111,1576450674,4,79077977176ae7d6546046071302c816b5e80b0f141497f23d794789afdfe06a,10.009561842001858,pyvrp,10.0,1.4464442382155223e-16,cvrp20_25223.json,0
"[""accepted""]",not_selected,True,0.0,cvrp_s7799_n20-50-100_x66667_cvrp20_25465,0.0,True,True,0.0,0.0,0.0,20,4,False,6.113284329017832,False,False,,False,6.113284329017832,4,4,5.81146481595317e-16,6.113284329017835,True,271830,6.113284329017832,688467555,4,a1518ee80567829766329ec89e21aabf388eb32efc3d04eb5c2cbab75118da06,10.01024763699752,pyvrp,10.0,0.0,cvrp20_25465.json,0
"[""accepted""]",stable_control,True,8.881784197001252e-16,cvrp_s7799_n20-50-100_x66667_cvrp20_25579,0.0,True,True,0.0,0.0,0.0,20,4,False,6.664007616653629,False,True,6.664007616653628,True,6.664007616653628,4,4,3.998397679560859e-16,6.664007616653631,True,271828,6.664007616653628,41466150,4,d0ed9fc2ee74b382ed241b45ee19fa5d59314989769a8ef0fc6ed996d424e1df,10.01114083200082,pyvrp,10.0,1.3327992265202862e-16,cvrp20_25579.json,0
"[""accepted""]",not_selected,True,8.881784197001252e-16,cvrp_s7799_n20-50-100_x66667_cvrp20_25662,0.0,True,True,0.0,0.0,0.0,20,4,False,5.668857798111015,False,False,,False,5.668857798111014,4,4,0.0,5.668857798111014,True,271828,5.668857798111014,1401827068,3,34a8e681e8cc2e05dbf48eb6162ccb833415d942913a23444b0c257f6a45e93b,10.01132865800173,pyvrp,10.0,1.5667678592962507e-16,cvrp20_25662.json,0
"[""accepted""]",not_selected,True,0.0,cvrp_s7799_n20-50-100_x66667_cvrp20_25736,0.0,True,True,0.0,0.0,0.0,20,4,False,6.162424211340621,False,False,,False,6.162424211340621,4,4,1.441280881094851e-16,6.162424211340622,True,271830,6.162424211340621,1635949425,4,0c74c1c8b2f2d2fdd816542bf9182705ade061c089bfd3c0b9aae58f4346a7c7,10.011362167999323,pyvrp,10.0,0.0,cvrp20_25736.json,0
"[""accepted""]",not_selected,True,0.0,cvrp_s7799_n20-50-100_x66667_cvrp20_25788,0.0,True,True,0.0,0.0,0.0,20,4,False,6.024338282897075,False,False,,False,6.024338282897075,4,4,0.0,6.024338282897075,True,271828,6.024338282897075,1611486176,4,d460ccc4086d800d3fa3f20152b821d4b7be6735db808d82331314ab6257c7e5,10.008847432000039,pyvrp,10.0,0.0,cvrp20_25788.json,0
"[""accepted""]",not_selected,True,8.881784197001252e-16,cvrp_s7799_n20-50-100_x66667_cvrp20_26513,0.0,True,True,0.0,0.0,0.0,20,4,False,5.982889381714389,False,False,,False,5.982889381714388,4,4,1.4845309064457732e-16,5.982889381714389,True,271829,5.982889381714388,3001966854,4,78f2e1ae235a7e4fc42f3b0e2068707800b68a41292b82d4d6c955aab91146ca,10.010690502000216,pyvrp,10.0,1.484530906445773e-16,cvrp20_26513.json,0
"[""accepted""]",stable_control,True,1.7763568394002505e-15,cvrp_s7799_n20-50-100_x66667_cvrp20_26731,0.0,True,True,0.0,0.0,0.0,20,4,False,5.896448033972096,False,True,5.896448033972094,True,5.896448033972094,4,4,3.012587966799433e-16,5.896448033972096,True,271829,5.896448033972094,999596620,3,770636b0779834b9bb930bfb40c5903d5de47b9b40ac28a39f6e01c8a17d1609,10.007071529998939,pyvrp,10.0,3.012587966799432e-16,cvrp20_26731.json,0
"[""accepted""]",not_selected,True,2.6645352591003757e-15,cvrp_s7799_n20-50-100_x66667_cvrp20_2684,0.0,True,True,0.0,0.0,0.0,20,4,False,5.475725636210573,False,False,,False,5.47572563621057,4,4,4.866086133826721e-16,5.475725636210573,True,271830,5.47572563621057,291013854,4,9ea0174f828adeb1560f585a07e75b650d231f21b6fb8aa666b6a42d1eb89f80,10.011008443001629,pyvrp,10.0,4.866086133826719e-16,cvrp20_2684.json,0
"[""accepted""]",not_selected,True,0.0,cvrp_s7799_n20-50-100_x66667_cvrp20_26894,0.0,True,True,0.0,0.0,0.0,20,4,False,6.2669907568130965,False,False,,False,6.2669907568130965,4,4,2.834465389100984e-16,6.266990756813098,True,271829,6.2669907568130965,897608216,4,d9eb48d42f5582fab1d0e6c0c55c38b9e42e8157a9fe48f131a816d59e006527,10.010348742998758,pyvrp,10.0,0.0,cvrp20_26894.json,0
"[""accepted""]",not_selected,True,0.0,cvrp_s7799_n20-50-100_x66667_cvrp20_2708,0.0,True,True,0.0,0.0,0.0,20,4,False,5.33823557031529,False,False,,False,5.33823557031529,4,4,0.0,5.33823557031529,True,271828,5.33823557031529,1601429550,3,f1bf3c54c13031b14c332355911db8f40e6d14fe3d2b5086fc3ffd818b544890,10.011551008999959,pyvrp,10.0,0.0,cvrp20_2708.json,0
"[""accepted""]",not_selected,True,8.881784197001252e-16,cvrp_s7799_n20-50-100_x66667_cvrp20_27583,0.0,True,True,0.0,0.0,0.0,20,4,False,5.753856112281234,False,False,,False,5.753856112281233,4,4,1.5436229241192978e-16,5.753856112281234,True,271831,5.753856112281233,3444373038,4,ba662fdd1e03104de092892af7b43f6930cef875df704802d4babbec5d4fac24,10.011844591997942,pyvrp,10.0,1.5436229241192976e-16,cvrp20_27583.json,0
"[""accepted""]",not_selected,True,1.7763568394002505e-15,cvrp_s7799_n20-50-100_x66667_cvrp20_27608,0.0,True,True,0.0,0.0,0.0,20,4,False,6.370542046857443,False,False,,False,6.370542046857441,4,4,2.7883919866387493e-16,6.370542046857443,True,271828,6.370542046857441,200633733,4,4f141ebd48ac770c982263ce82a4eb571d9b2ddbaa8652a1e5345c64b29af792,10.008891023000615,pyvrp,10.0,2.7883919866387484e-16,cvrp20_27608.json,0
"[""accepted""]",stable_control,True,2.6645352591003757e-15,cvrp_s7799_n20-50-100_x66667_cvrp20_27701,0.0,True,True,0.0,0.0,0.0,20,4,False,5.993706864736723,False,True,5.993706864736723,True,5.99370686473672,4,4,4.445554844827097e-16,5.993706864736723,True,271828,5.99370686473672,4057583301,4,0821140443a669af25c21480ba31258ff27a4c7f50678009d32327cacd050901,10.009772468001756,pyvrp,10.0,4.445554844827095e-16,cvrp20_27701.json,0
"[""accepted""]",not_selected,True,1.7763568394002505e-15,cvrp_s7799_n20-50-100_x66667_cvrp20_2774,0.0,True,True,0.0,0.0,0.0,20,4,False,6.225748389239191,False,False,,False,6.22574838923919,4,4,4.279863387517966e-16,6.225748389239192,True,271829,6.22574838923919,2317404655,4,bd3826c105c45bc5576aefa432cb81f7b509b4344022cc3e520090bb359ed522,10.012015291998978,pyvrp,10.0,2.8532422583453097e-16,cvrp20_2774.json,0
"[""accepted""]",not_selected,True,8.881784197001252e-16,cvrp_s7799_n20-50-100_x66667_cvrp20_27935,0.0,True,True,0.0,0.0,0.0,20,4,False,6.106352224896388,False,False,,False,6.106352224896387,4,4,1.454515538882456e-16,6.106352224896388,True,271828,6.106352224896387,1482493033,4,752f6eef3735ceb619e40e93d7875a269cbd0b4f2a8df65dae3868354629947e,10.011825664001663,pyvrp,10.0,1.4545155388824557e-16,cvrp20_27935.json,0
"[""accepted""]",not_selected,True,8.881784197001252e-16,cvrp_s7799_n20-50-100_x66667_cvrp20_27965,0.0,True,True,0.0,0.0,0.0,20,4,False,6.506624624093643,False,False,,False,6.506624624093642,4,4,1.3650371290995543e-16,6.506624624093643,True,271828,6.506624624093642,4185584132,4,889079777d05d9904fc4fb171a92be5a7d8c4830b1d0ce637883b0301b6fe470,10.010861906997889,pyvrp,10.0,1.3650371290995543e-16,cvrp20_27965.json,0
"[""accepted""]",not_selected,True,1.7763568394002505e-15,cvrp_s7799_n20-50-100_x66667_cvrp20_28000,0.0,True,True,0.0,0.0,0.0,20,4,False,5.648441290191075,False,False,,False,5.648441290191073,4,4,3.144862003762034e-16,5.648441290191075,True,271831,5.648441290191073,2478162390,4,c92772c7a3dd60a58f3724325169964406129ad447b07d1cfd49fcfc35721037,10.009681578001619,pyvrp,10.0,3.144862003762033e-16,cvrp20_28000.json,0
"[""accepted""]",not_selected,True,-8.881784197001252e-16,cvrp_s7799_n20-50-100_x66667_cvrp20_28207,0.0,True,True,0.0,0.0,0.0,20,4,False,7.231703790256054,False,False,,False,7.231703790256055,4,4,2.4563462372362386e-16,7.231703790256057,True,271829,7.231703790256055,1303858959,4,4b07ad21fef268c332d7309b52e3d082429e1891ac377cf1161975af4c1e0e89,10.00873664000028,pyvrp,10.0,-1.2281731186181195e-16,cvrp20_28207.json,0
"[""accepted""]",not_selected,True,0.0,cvrp_s7799_n20-50-100_x66667_cvrp20_28287,0.0,True,True,0.0,0.0,0.0,20,4,False,6.605743745737844,False,False,,False,6.605743745737844,4,4,1.344554760049836e-16,6.605743745737845,True,271828,6.605743745737844,718344436,4,0db2e8ab177b6c84161190ee1b1777076bae6dd82765dca6dd4898f86b89da9d,10.011857173001772,pyvrp,10.0,0.0,cvrp20_28287.json,0
"[""accepted""]",not_selected,True,0.0,cvrp_s7799_n20-50-100_x66667_cvrp20_2847,0.0,True,True,0.0,0.0,0.0,20,4,False,6.04578661403768,False,False,,False,6.04578661403768,4,4,2.938173231711051e-16,6.045786614037682,True,271828,6.04578661403768,298140095,4,fbfdf82855544366f97c2b106dfa0c84533a44437d31615f12a3494c0a0ecd5c,10.011258955000812,pyvrp,10.0,0.0,cvrp20_2847.json,0
"[""accepted""]",not_selected,True,8.881784197001252e-16,cvrp_s7799_n20-50-100_x66667_cvrp20_28545,0.0,True,True,0.0,0.0,0.0,20,4,False,5.7101242795922165,False,False,,False,5.710124279592216,4,4,3.1108899779097413e-16,5.710124279592217,True,271828,5.710124279592216,4266556478,3,9d870a1edb712278baaa689f4b227ecf13b2918acc8ffe439fc2746edba43746,10.011084324003605,pyvrp,10.0,1.5554449889548704e-16,cvrp20_28545.json,0
"[""accepted""]",not_selected,True,1.7763568394002505e-15,cvrp_s7799_n20-50-100_x66667_cvrp20_28579,0.0,True,True,0.0,0.0,0.0,20,4,False,5.6556658471184775,False,False,,False,5.655665847118476,4,4,4.711267127738706e-16,5.655665847118478,True,271829,5.655665847118476,3465660301,3,e5c323c3543ecac5914f74f6190c102eb945e5d8b606563d5f00d526e3df2198,10.012008778998279,pyvrp,10.0,3.140844751825803e-16,cvrp20_28579.json,0
"[""accepted""]",not_selected,True,1.7763568394002505e-15,cvrp_s7799_n20-50-100_x66667_cvrp20_2883,0.0,True,True,0.0,0.0,0.0,20,4,False,5.939727723997174,False,False,,False,5.939727723997172,4,4,4.48595522036364e-16,5.939727723997175,True,271828,5.939727723997172,1292330906,4,8433881ff4376381bda2059e5c7112b72eb1d2fa9c663693fa6057f198e75741,10.011386545000278,pyvrp,10.0,2.9906368135757593e-16,cvrp20_2883.json,0
"[""accepted""]",not_selected,True,1.7763568394002505e-15,cvrp_s7799_n20-50-100_x66667_cvrp20_28881,0.0,True,True,0.0,0.0,0.0,20,4,False,6.610573920287463,False,False,,False,6.610573920287461,4,4,2.687144657665375e-16,6.610573920287463,True,271831,6.610573920287461,1360443566,4,196bd02b14e46dbce3073daba82b28c23c91a0793f9bf2946d7502db34de20d3,10.00977567299924,pyvrp,10.0,2.6871446576653744e-16,cvrp20_28881.json,0
"[""accepted""]",not_selected,True,8.881784197001252e-16,cvrp_s7799_n20-50-100_x66667_cvrp20_28937,0.0,True,True,0.0,0.0,0.0,20,4,False,5.32396060293885,False,False,,False,5.3239606029388495,4,4,3.3365326528143235e-16,5.323960602938851,True,271829,5.3239606029388495,2746105193,4,2554ba867278184947205ed213584674c12459d1476af9a93af5d3f4c8774c0c,10.011751736998121,pyvrp,10.0,1.6682663264071615e-16,cvrp20_28937.json,0
"[""accepted""]",not_selected,True,1.7763568394002505e-15,cvrp_s7799_n20-50-100_x66667_cvrp20_28995,0.0,True,True,0.0,0.0,0.0,20,4,False,5.917595876805503,False,False,,False,5.9175958768055015,4,4,3.0018218147724916e-16,5.917595876805503,True,271831,5.9175958768055015,3093198660,3,a8293c5d434bfce56337cff042d3b5e38b4fbafe7b72a1e9ade5ecbf149fdabb,10.011346957999194,pyvrp,10.0,3.0018218147724906e-16,cvrp20_28995.json,0
"[""accepted""]",not_selected,True,0.0,cvrp_s7799_n20-50-100_x66667_cvrp20_29158,0.0,True,True,0.0,0.0,0.0,20,4,False,6.46830059487035,False,False,,False,6.46830059487035,4,4,1.373124836536648e-16,6.4683005948703505,True,271828,6.46830059487035,3916104556,4,63f46239a7c8b46f1282204d0ea6e20b50e819946beb8319811114ac2742c256,10.012045080999087,pyvrp,10.0,0.0,cvrp20_29158.json,0
"[""accepted""]",not_selected,True,1.7763568394002505e-15,cvrp_s7799_n20-50-100_x66667_cvrp20_29220,0.0,True,True,0.0,0.0,0.0,20,4,False,5.509188797450451,False,False,,False,5.50918879745045,4,4,3.2243528125634676e-16,5.509188797450451,True,271829,5.50918879745045,3099520116,4,23fcfde661b3e8cb7c3112a5ec2b0652a8b4de329c6e56845682915aa4be9259,10.009582399001374,pyvrp,10.0,3.2243528125634666e-16,cvrp20_29220.json,0
"[""accepted""]",not_selected,True,0.0,cvrp_s7799_n20-50-100_x66667_cvrp20_29225,0.0,True,True,0.0,0.0,0.0,20,4,False,5.613182504759239,False,False,,False,5.613182504759239,4,4,0.0,5.613182504759239,True,271828,5.613182504759239,3667589289,4,814981cc9002dee0c71adc3e7097f5351fccf0f95bddf07ec1b76a63f291c948,10.011258850001468,pyvrp,10.0,0.0,cvrp20_29225.json,0
"[""accepted""]",not_selected,True,8.881784197001252e-16,cvrp_s7799_n20-50-100_x66667_cvrp20_29255,0.0,True,True,0.0,0.0,0.0,20,4,False,5.755688490434832,False,False,,False,5.7556884904348316,4,4,3.0862629941705725e-16,5.755688490434833,True,271831,5.7556884904348316,3503293756,4,ee5688da5ec0c83c79b32e7bd7fa7da7b3a00982aa16cfeca7b770cb4d56a1b7,10.01114894100101,pyvrp,10.0,1.543131497085286e-16,cvrp20_29255.json,0
"[""accepted""]",not_selected,True,0.0,cvrp_s7799_n20-50-100_x66667_cvrp20_29337,0.0,True,True,0.0,0.0,0.0,20,4,False,5.236997583513681,False,False,,False,5.236997583513681,4,4,0.0,5.236997583513681,True,271828,5.236997583513681,2398576511,3,306f4c4e612777e2637ed02f53a27ec14c938edf405a02f934adf141d4edfc84,10.009224984998582,pyvrp,10.0,0.0,cvrp20_29337.json,0
"[""accepted""]",not_selected,True,8.881784197001252e-16,cvrp_s7799_n20-50-100_x66667_cvrp20_29478,0.0,True,True,0.0,0.0,0.0,20,4,False,5.807824174053867,False,False,,False,5.8078241740538665,4,4,3.0585582245000226e-16,5.807824174053868,True,271830,5.8078241740538665,2166124757,4,e22b62b68fd977d734527dc1a11adf3916f6ac7d6ab10a6775f67f4242201b1d,10.008963978998509,pyvrp,10.0,1.529279112250011e-16,cvrp20_29478.json,0
"[""accepted""]",not_selected,True,-8.881784197001252e-16,cvrp_s7799_n20-50-100_x66667_cvrp20_29530,0.0,True,True,0.0,0.0,0.0,20,4,False,5.994374466830789,False,False,,False,5.99437446683079,4,4,1.4816865789996315e-16,5.994374466830791,True,271831,5.99437446683079,2262013923,4,6c89b590748fc44a0742072db536ec8f1ac8b036473303a4b8389ffd46068fe1,10.0119887869987,pyvrp,10.0,-1.4816865789996317e-16,cvrp20_29530.json,0
"[""accepted""]",not_selected,True,-8.881784197001252e-16,cvrp_s7799_n20-50-100_x66667_cvrp20_2967,0.0,True,True,0.0,0.0,0.0,20,4,False,5.450970772113942,False,False,,False,5.450970772113943,4,4,0.0,5.450970772113943,True,271828,5.450970772113943,1052704970,4,8fe1f7f174d254cc4f08a129508c3bdc8cb5766ca2f8a7b56ada992a257c81c6,10.01116028099932,pyvrp,10.0,-1.629394940519339e-16,cvrp20_2967.json,0
"[""accepted""]",not_selected,True,1.7763568394002505e-15,cvrp_s7799_n20-50-100_x66667_cvrp20_29693,0.0,True,True,0.0,0.0,0.0,20,4,False,5.618401204567276,False,False,,False,5.618401204567275,4,4,3.161676738137223e-16,5.618401204567276,True,271828,5.618401204567275,498814191,4,f2e81c7c208b371416d2342545b7a37794de998df78ac652d461b5b58839ab7a,10.01226547299666,pyvrp,10.0,3.161676738137222e-16,cvrp20_29693.json,0
"[""accepted""]",not_selected,True,1.7763568394002505e-15,cvrp_s7799_n20-50-100_x66667_cvrp20_29778,0.0,True,True,0.0,0.0,0.0,20,4,False,6.075217578944217,False,False,,False,6.0752175789442155,4,4,1.4619697289170634e-16,6.075217578944216,True,271828,6.0752175789442155,2290622966,4,959c96f18f267f2f2d39bd8aacc1f9a1e89d4ff2b500476980afbca040d9da32,10.009114172997215,pyvrp,10.0,2.9239394578341257e-16,cvrp20_29778.json,0
"[""accepted""]",not_selected,True,3.552713678800501e-15,cvrp_s7799_n20-50-100_x66667_cvrp20_29802,0.0,True,True,0.0,0.0,0.0,20,4,False,6.727933313789405,False,False,,False,6.727933313789402,4,4,1.320135587372332e-16,6.727933313789403,True,271829,6.727933313789402,1775539448,4,a0a96ed152d0f58445acd36951e1db4b9c9e23ad7433d1ed883f6a6f307305a9,10.010583589999442,pyvrp,10.0,5.280542349489325e-16,cvrp20_29802.json,0
"[""accepted""]",not_selected,True,8.881784197001252e-16,cvrp_s7799_n20-50-100_x66667_cvrp20_30079,0.0,True,True,0.0,0.0,0.0,20,4,False,6.24373318856443,False,False,,False,6.243733188564429,4,4,4.26753542893304e-16,6.243733188564431,True,271829,6.243733188564429,3510174093,4,cf085652d6a28a3ade3fde84332cd4b61ca64840f7c66ffd3d7593bc515e1938,10.010779225998704,pyvrp,10.0,1.4225118096443465e-16,cvrp20_30079.json,0
"[""accepted""]",not_selected,True,8.881784197001252e-16,cvrp_s7799_n20-50-100_x66667_cvrp20_30090,0.0,True,True,0.0,0.0,0.0,20,4,False,7.924858076647885,False,False,,False,7.924858076647884,4,4,2.24149987573232e-16,7.924858076647886,True,271830,7.924858076647884,1739064396,4,87ee0301b3de9035f1cdd89f069610bad48c28c9dfa97b11330b66e3cf484482,10.009954583998478,pyvrp,10.0,1.12074993786616e-16,cvrp20_30090.json,0
"[""accepted""]",not_selected,True,-8.881784197001252e-16,cvrp_s7799_n20-50-100_x66667_cvrp20_30190,0.0,True,True,0.0,0.0,0.0,20,4,False,6.420483065182374,False,False,,False,6.420483065182375,4,4,2.766702787572562e-16,6.420483065182377,True,271828,6.420483065182375,958713709,4,d206af4af93117a21e3e9a8312932965c9eaa9b9a55ec0d3dfda5c7e3b0a5222,10.00976089499818,pyvrp,10.0,-1.3833513937862813e-16,cvrp20_30190.json,0
"[""accepted""]",not_selected,True,8.881784197001252e-16,cvrp_s7799_n20-50-100_x66667_cvrp20_30206,0.0,True,True,0.0,0.0,0.0,20,4,False,6.155787446035556,False,False,,False,6.155787446035555,4,4,2.885669550764392e-16,6.155787446035557,True,271831,6.155787446035555,2371722795,4,0c521a479a4ab1263de6ad957992cbc678beaa560da4ba4c58d63af820f46aa1,10.01119564000328,pyvrp,10.0,1.4428347753821959e-16,cvrp20_30206.json,0
"[""accepted""]",not_selected,True,0.0,cvrp_s7799_n20-50-100_x66667_cvrp20_30250,0.0,True,True,0.0,0.0,0.0,20,4,False,6.255997946026007,False,False,,False,6.255997946026007,4,4,4.2591690120246388e-16,6.255997946026009,True,271828,6.255997946026007,2854670997,4,cd0d163adb778b57e7d007e7498beb8dca6bae0b8eb60eeb9a1b1b3980f99024,10.009549073998642,pyvrp,10.0,0.0,cvrp20_30250.json,0
"[""accepted""]",not_selected,True,0.0,cvrp_s7799_n20-50-100_x66667_cvrp20_3026,0.0,True,True,0.0,0.0,0.0,20,4,False,6.791181200878425,False,False,,False,6.791181200878425,4,4,1.3078408504035221e-16,6.791181200878426,True,271830,6.791181200878425,3722839173,4,f71d00b0932002464ed6dac761b8bc368cf0733b04647efe9c87df38366f6233,10.012493985999754,pyvrp,10.0,0.0,cvrp20_3026.json,0
"[""accepted""]",not_selected,True,8.881784197001252e-16,cvrp_s7799_n20-50-100_x66667_cvrp20_30383,0.0,True,True,0.0,0.0,0.0,20,4,False,6.171726519915523,False,False,,False,6.171726519915522,4,4,2.8782170332209813e-16,6.171726519915524,True,271829,6.171726519915522,860990878,4,441ebd336e0060f20901971d6082dfc75b021b3d43f3f06f3be6b2753f0a765c,10.009954275999917,pyvrp,10.0,1.4391085166104904e-16,cvrp20_30383.json,0
"[""accepted""]",not_selected,True,1.7763568394002505e-15,cvrp_s7799_n20-50-100_x66667_cvrp20_30452,0.0,True,True,0.0,0.0,0.0,20,4,False,5.182548521929685,False,False,,False,5.182548521929683,4,4,5.141360949782783e-16,5.182548521929686,True,271829,5.182548521929683,3709706359,3,da85c26ec302fcf3a6a379b9b65af7c37cbc694c9f737f614c2aeb56f77d75ce,10.009964327997295,pyvrp,10.0,3.4275739665218545e-16,cvrp20_30452.json,0
"[""accepted""]",not_selected,True,8.881784197001252e-16,cvrp_s7799_n20-50-100_x66667_cvrp20_30547,0.0,True,True,0.0,0.0,0.0,20,4,False,5.399023137626519,False,False,,False,5.399023137626518,4,4,1.6450724456250066e-16,5.399023137626519,True,271829,5.399023137626518,2961265571,4,7c631811f4d553a99e3aab24558b73c7f9e70c00b5f951ee897eaa1b111f3387,10.011362321001798,pyvrp,10.0,1.6450724456250064e-16,cvrp20_30547.json,0
"[""accepted""]",stable_control,True,0.0,cvrp_s7799_n20-50-100_x66667_cvrp20_30552,0.0,True,True,0.0,0.0,0.0,20,4,False,6.051413609758047,False,True,6.051413609758049,True,6.051413609758047,4,4,2.9354411282280113e-16,6.051413609758049,True,271829,6.051413609758047,2297952296,3,c01bb7fef6a74ba9cb03a2e33648abb8ca963bf7ed6bb0debbe3ed016bc3edf6,10.011074781999923,pyvrp,10.0,0.0,cvrp20_30552.json,0
"[""accepted""]",not_selected,True,1.7763568394002505e-15,cvrp_s7799_n20-50-100_x66667_cvrp20_30736,0.0,True,True,0.0,0.0,0.0,20,4,False,6.529806391575777,False,False,,False,6.529806391575775,4,4,2.720382095389477e-16,6.529806391575777,True,271829,6.529806391575775,2461496508,4,e16963f0ec102ad98778257e9fd6101f2b6b6a1b1d3c00ef2c2502f2ac91153c,10.00924471899998,pyvrp,10.0,2.720382095389476e-16,cvrp20_30736.json,0
"[""accepted""]",not_selected,True,0.0,cvrp_s7799_n20-50-100_x66667_cvrp20_30791,0.0,True,True,0.0,0.0,0.0,20,4,False,7.120010080223733,False,False,,False,7.120010080223733,4,4,1.247439834624807e-16,7.120010080223734,True,271831,7.120010080223733,3082643945,4,2e4e82a1e46c8ea59e86190f4eb6d75847dc92f343a0cebf84889a06ae6087c0,10.011361924000084,pyvrp,10.0,0.0,cvrp20_30791.json,0
"[""accepted""]",not_selected,True,0.0004063419320807782,cvrp_s7799_n20-50-100_x66667_cvrp20_31008,0.031578947368421054,True,True,0.3,0.031578947368421054,0.015789473684210527,20,4,False,7.1195716237868245,False,False,,False,7.119165281854744,4,4,5.707718756248831e-05,7.1195716237868245,True,271829,7.119165281854744,1634833481,4,92c13ebbf59e72a15533e2f6454b19b1e4f0d28affa7bc31f87815d6b81a13c3,10.010206295999524,pyvrp,10.0,5.7073929943084026e-05,cvrp20_31008.json,0
"[""accepted""]",not_selected,True,0.0,cvrp_s7799_n20-50-100_x66667_cvrp20_31437,0.0,True,True,0.0,0.0,0.0,20,4,False,5.4782268110593195,False,False,,False,5.4782268110593195,4,4,1.6212881473017708e-16,5.47822681105932,True,271829,5.4782268110593195,1301524473,4,11307a75fb98e621250b9c42b04b5ffc40036006b32d5c6a966f2d281f306c9b,10.010652968001523,pyvrp,10.0,0.0,cvrp20_31437.json,0
"[""accepted""]",not_selected,True,0.0,cvrp_s7799_n20-50-100_x66667_cvrp20_31606,0.0,True,True,0.0,0.0,0.0,20,4,False,5.538205084782641,False,False,,False,5.538205084782641,4,4,3.2074594786696446e-16,5.538205084782643,True,271828,5.538205084782641,3856619907,4,977bf0129b3fb9984beae1d2091cc77d3574ff43debca89bbef320d5482b654f,10.012000319002254,pyvrp,10.0,0.0,cvrp20_31606.json,0
"[""accepted""]",not_selected,True,0.0,cvrp_s7799_n20-50-100_x66667_cvrp20_31715,0.0,True,True,0.0,0.0,0.0,20,4,False,6.180918850396893,False,False,,False,6.180918850396893,4,4,1.4369682585997598e-16,6.1809188503968935,True,271830,6.180918850396893,2985538159,4,02a1f927f905ef5e3b203ca63be6f6a6119022dbb592294afb7b8755b0f3e3f5,10.009765022001375,pyvrp,10.0,0.0,cvrp20_31715.json,0
"[""accepted""]",not_selected,True,8.881784197001252e-16,cvrp_s7799_n20-50-100_x66667_cvrp20_31785,0.0,True,True,0.0,0.0,0.0,20,4,False,6.186376612163203,False,False,,False,6.186376612163202,4,4,1.435700532608787e-16,6.186376612163203,True,271829,6.186376612163202,1788888135,4,1ed3bbfa5a981e667891093eb05af01ded1ad171d3061c3a2dce725f11c775d4,10.01254887200048,pyvrp,10.0,1.4357005326087868e-16,cvrp20_31785.json,0
"[""accepted""]",stable_control,True,-8.881784197001252e-16,cvrp_s7799_n20-50-100_x66667_cvrp20_32008,0.0,True,True,0.0,0.0,0.0,20,4,False,6.007499945079647,False,True,6.007499945079649,True,6.007499945079648,4,4,1.4784493180521364e-16,6.0074999450796485,True,271829,6.007499945079648,1163204872,4,df7f5647f547095faab58d1a4f8fbc8f0363d478eb7632783f27d9ee09dc32f0,10.008340895998117,pyvrp,10.0,-1.4784493180521367e-16,cvrp20_32008.json,0
"[""accepted""]",not_selected,True,1.7763568394002505e-15,cvrp_s7799_n20-50-100_x66667_cvrp20_32077,0.0,True,True,0.0,0.0,0.0,20,4,False,7.143343536978712,False,False,,False,7.14334353697871,4,4,3.7300953612366033e-16,7.143343536978713,True,271830,7.14334353697871,1976859921,4,d105f2cc9859bc95e12ee48afbaca6d332ec52bd8514d773e8f658b30e7800ff,10.011104891000286,pyvrp,10.0,2.4867302408244014e-16,cvrp20_32077.json,0
"[""accepted""]",not_selected,True,0.0,cvrp_s7799_n20-50-100_x66667_cvrp20_32117,0.0,True,True,0.0,0.0,0.0,20,4,False,6.327924288363595,False,False,,False,6.327924288363595,4,4,4.2107571735650873e-16,6.327924288363597,True,271830,6.327924288363595,2251231596,4,4dad5a87b5366369e95d31c7dc048af17a14ad2faa1b47c3ad2545b0b6fc1c98,10.011048926000512,pyvrp,10.0,0.0,cvrp20_32117.json,0
"[""accepted""]",not_selected,True,0.0,cvrp_s7799_n20-50-100_x66667_cvrp20_32262,0.0,True,True,0.0,0.0,0.0,20,4,False,5.494058895390361,False,False,,False,5.494058895390361,4,4,1.6166161240923845e-16,5.494058895390362,True,271829,5.494058895390361,1087285151,4,4d1b39b844e913e152ef81a4d48b7445f0666520b08f42966944e8a45d43815b,10.009862613998848,pyvrp,10.0,0.0,cvrp20_32262.json,0
"[""accepted""]",not_selected,True,1.7763568394002505e-15,cvrp_s7799_n20-50-100_x66667_cvrp20_32281,0.0,True,True,0.0,0.0,0.0,20,4,False,6.103295732174852,False,False,,False,6.103295732174851,4,4,4.3657318537813903e-16,6.103295732174853,True,271830,6.103295732174851,2855542365,4,0d32e0edf7a8c41277b8ea7b42b511b9ff2b29c92e5349eeb99e165287da8152,10.010175102001085,pyvrp,10.0,2.9104879025209257e-16,cvrp20_32281.json,0
"[""accepted""]",stable_control,True,8.881784197001252e-16,cvrp_s7799_n20-50-100_x66667_cvrp20_32357,0.0,True,True,0.0,0.0,0.0,20,4,False,5.127144953753559,False,True,5.127144953753558,True,5.127144953753559,4,4,1.7323060450044306e-16,5.12714495375356,True,271828,5.127144953753558,2287050857,4,fff57981a13b04097fa9416cabc7e202d95796c2fa80d244ce12a2504352fb04,10.006966455999645,ortools,10.0,1.7323060450044306e-16,cvrp20_32357.json,0
"[""accepted""]",not_selected,True,1.7763568394002505e-15,cvrp_s7799_n20-50-100_x66667_cvrp20_32363,0.0,True,True,0.0,0.0,0.0,20,4,False,6.434449444361898,False,False,,False,6.4344494443618965,4,4,2.760697484315088e-16,6.434449444361898,True,271828,6.4344494443618965,1689588252,4,2399be783c253220d941e3463ab736e8151fa8ead167564c33d03329a9ed1e73,10.009743655999046,pyvrp,10.0,2.7606974843150876e-16,cvrp20_32363.json,0
"[""accepted""]",not_selected,True,1.7763568394002505e-15,cvrp_s7799_n20-50-100_x66667_cvrp20_32468,0.0,True,True,0.0,0.0,0.0,20,4,False,7.253213844872064,False,False,,False,7.253213844872063,4,4,2.4490617226956763e-16,7.253213844872064,True,271828,7.253213844872063,2630722270,4,2622ac834fc6fab94993e692535b87dd9e11063918a1a72894dbf1d14c72bc56,10.010447781998664,pyvrp,10.0,2.449061722695676e-16,cvrp20_32468.json,0
"[""accepted""]",not_selected,True,0.0,cvrp_s7799_n20-50-100_x66667_cvrp20_32502,0.0,True,True,0.0,0.0,0.0,20,4,False,6.240804236432422,False,False,,False,6.240804236432422,4,4,2.8463588539282737e-16,6.240804236432424,True,271828,6.240804236432422,384858304,4,5cdd8530ca90d5f3c1bc6dad0c4d8732ad0652217139664a9b633dc72633dc6b,10.0110801180017,pyvrp,10.0,0.0,cvrp20_32502.json,0
"[""accepted""]",not_selected,True,1.7763568394002505e-15,cvrp_s7799_n20-50-100_x66667_cvrp20_32590,0.0,True,True,0.0,0.0,0.0,20,4,False,7.129981850378552,False,False,,False,7.129981850378551,4,4,1.2456952041932188e-16,7.1299818503785515,True,271830,7.129981850378551,3586501453,4,2abd55e9dad92d028e2d6558f997e0169ac7a95084be656a30a92cc3ad01d80b,10.011566924000363,pyvrp,10.0,2.491390408386437e-16,cvrp20_32590.json,0
"[""accepted""]",not_selected,True,1.7763568394002505e-15,cvrp_s7799_n20-50-100_x66667_cvrp20_32949,0.0,True,True,0.0,0.0,0.0,20,4,False,6.280388582604455,False,False,,False,6.280388582604453,4,4,1.4142093407408257e-16,6.280388582604454,True,271829,6.280388582604453,3853816574,4,70a994e602f39e368b9b6d1b6630a870b1ab73f039f997670b674b654d133ed8,10.011517335002281,pyvrp,10.0,2.828418681481651e-16,cvrp20_32949.json,0
"[""accepted""]",not_selected,True,0.0,cvrp_s7799_n20-50-100_x66667_cvrp20_32954,0.0,True,True,0.0,0.0,0.0,20,4,False,5.931451909731477,False,False,,False,5.931451909731477,4,4,2.994809477399384e-16,5.931451909731479,True,271831,5.931451909731477,2989366326,3,2171d36d0ce59d3d22acfa4a6880b6775c68f7c9dda557029e8c0153e1c44899,10.010553328000242,pyvrp,10.0,0.0,cvrp20_32954.json,0
"[""accepted""]",not_selected,True,0.0,cvrp_s7799_n20-50-100_x66667_cvrp20_33091,0.0,True,True,0.0,0.0,0.0,20,4,False,5.321613942276462,False,False,,False,5.321613942276462,4,4,1.6690019782235147e-16,5.321613942276463,True,271828,5.321613942276462,2624417569,4,8f8ca326fe3ea79d021c0ebc58331efa9bda0f253163f1d9f33813bfa5488098,10.011693950000335,pyvrp,10.0,0.0,cvrp20_33091.json,0
"[""accepted""]",not_selected,True,0.0,cvrp_s7799_n20-50-100_x66667_cvrp20_33114,0.0,True,True,0.0,0.0,0.0,20,4,False,6.633798786961815,False,False,,False,6.633798786961815,4,4,2.677736989689126e-16,6.633798786961817,True,271829,6.633798786961815,4046916383,4,06f2584d1dc84880b2d57d89ff5b9979412b82277aa38f52adcbad0dea5072c6,10.008350107000297,pyvrp,10.0,0.0,cvrp20_33114.json,0
"[""accepted""]",not_selected,True,0.0,cvrp_s7799_n20-50-100_x66667_cvrp20_33313,0.0,True,True,0.0,0.0,0.0,20,4,False,6.51775712330181,False,False,,False,6.51775712330181,4,4,1.36270561007064e-16,6.517757123301811,True,271829,6.51775712330181,3192670289,4,289a0cfb2d5c1f8f1d8399c41e97a4c77c779cdcd176f3c98a85d651a170dada,10.009810552001,pyvrp,10.0,0.0,cvrp20_33313.json,0
"[""accepted""]",not_selected,True,0.0,cvrp_s7799_n20-50-100_x66667_cvrp20_33566,0.0,True,True,0.0,0.0,0.0,20,4,False,5.520878501272994,False,False,,False,5.520878501272994,4,4,0.0,5.520878501272994,True,271828,5.520878501272994,742100482,4,e4b77c551fea474a7440f61d9a713c05ba8d444ab2c77f4e76165bc9e03797ae,10.0111866690022,pyvrp,10.0,0.0,cvrp20_33566.json,0
"[""accepted""]",not_selected,True,8.881784197001252e-16,cvrp_s7799_n20-50-100_x66667_cvrp20_33735,0.0,True,True,0.0,0.0,0.0,20,4,False,5.987935637763691,False,False,,False,5.98793563776369,4,4,1.4832798370421908e-16,5.987935637763691,True,271829,5.98793563776369,2362703539,4,5d6ba05c92810b749df241abf84f0d3ab03b4b074d81654a72f25976f779d11e,10.011158631001308,pyvrp,10.0,1.4832798370421905e-16,cvrp20_33735.json,0
"[""accepted""]",stable_control,True,8.881784197001252e-16,cvrp_s7799_n20-50-100_x66667_cvrp20_33908,0.0,True,True,0.0,0.0,0.0,20,4,False,4.899645844320494,False,True,4.899645844320493,True,4.899645844320493,4,4,1.812740038608448e-16,4.899645844320494,True,271828,4.899645844320493,4263587780,3,fb95e44709421deb26398ad85393fa0edacd36401b2418c7f39c9e7ddb634eb2,10.011236430000281,pyvrp,10.0,1.8127400386084477e-16,cvrp20_33908.json,0
"[""accepted""]",not_selected,True,-8.881784197001252e-16,cvrp_s7799_n20-50-100_x66667_cvrp20_33921,0.0,True,True,0.0,0.0,0.0,20,4,False,4.808614655564804,False,False,,False,4.808614655564805,4,4,0.0,4.808614655564805,True,271828,4.808614655564805,190730586,4,2783c45dc4c96977336fca487f235765e0758dd3364f1c7c30e0980f82246818,10.011217582999961,pyvrp,10.0,-1.8470567581710344e-16,cvrp20_33921.json,0
"[""accepted""]",not_selected,True,0.0,cvrp_s7799_n20-50-100_x66667_cvrp20_34008,0.0,True,True,0.0,0.0,0.0,20,4,False,7.056050060979045,False,False,,False,7.056050060979045,4,4,1.2587473331742324e-16,7.056050060979046,True,271828,7.056050060979045,1983824593,5,9ebd8aeef5f4414448851863bc321c6d6e199e837d597a0e4a40b9b4d9a6f861,10.011472726000648,pyvrp,10.0,0.0,cvrp20_34008.json,0
"[""accepted""]",not_selected,True,8.881784197001252e-16,cvrp_s7799_n20-50-100_x66667_cvrp20_34113,0.0,True,True,0.0,0.0,0.0,20,4,False,7.078785208296827,False,False,,False,7.078785208296826,4,4,3.764113729538447e-16,7.078785208296829,True,271828,7.078785208296826,3726088863,4,e0ed5615fe97899c70720e5358084cc3f5daba62f6ef349cc9a45c2bf7e9aed0,10.011869393998495,pyvrp,10.0,1.2547045765128154e-16,cvrp20_34113.json,0
"[""accepted""]",not_selected,True,-1.7763568394002505e-15,cvrp_s7799_n20-50-100_x66667_cvrp20_34299,0.0,True,True,0.0,0.0,0.0,20,4,False,5.154142710729937,False,False,,False,5.154142710729939,4,4,0.0,5.154142710729939,True,271829,5.154142710729939,3523945762,3,602ce453dc5943be28008382779f401ee5445f0f4823ad9114bd84580f36cd9e,10.008323882997502,pyvrp,10.0,-3.446464211598596e-16,cvrp20_34299.json,0
"[""accepted""]",not_selected,True,0.0,cvrp_s7799_n20-50-100_x66667_cvrp20_34787,0.0,True,True,0.0,0.0,0.0,20,4,False,6.733478761445232,False,False,,False,6.733478761445232,4,4,2.6380967436496145e-16,6.733478761445234,True,271828,6.733478761445232,833535215,4,bafae02e5ac9a7d05d9b307b3db729acac201155fe91dfc1a9f2fb874473647d,10.010212750999926,pyvrp,10.0,0.0,cvrp20_34787.json,0
"[""accepted""]",stable_control,True,1.7763568394002505e-15,cvrp_s7799_n20-50-100_x66667_cvrp20_35654,0.0,True,True,0.0,0.0,0.0,20,4,False,5.289895163914064,False,True,5.289895163914063,True,5.289895163914062,4,4,5.037028478894941e-16,5.289895163914065,True,271830,5.289895163914062,1295651923,4,73a38722f5232c07ca05c917de700819e66a2ab76823b8da660d9c3daa2a848c,10.011463482998806,pyvrp,10.0,3.35801898592996e-16,cvrp20_35654.json,0
"[""accepted""]",not_selected,True,8.881784197001252e-16,cvrp_s7799_n20-50-100_x66667_cvrp20_35718,0.0,True,True,0.0,0.0,0.0,20,4,False,5.924681665325158,False,False,,False,5.924681665325157,4,4,4.497347553194052e-16,5.92468166532516,True,271828,5.924681665325157,1417892733,4,d15532a6a79b2047a51316560fdeb1f1cf134bf725fdd67359ebbb0f67757cd2,10.011189144999662,pyvrp,10.0,1.4991158510646838e-16,cvrp20_35718.json,0
"[""accepted""]",not_selected,True,0.0,cvrp_s7799_n20-50-100_x66667_cvrp20_3599,0.0,True,True,0.0,0.0,0.0,20,4,False,5.8592903495435085,False,False,,False,5.8592903495435085,4,4,1.515846402404896e-16,5.859290349543509,True,271828,5.8592903495435085,2711877185,3,952a052123b71cc25c655eb8f9f4e862f540409ac86e5167b90a3e38aec72eeb,10.007937120997667,pyvrp,10.0,0.0,cvrp20_3599.json,0
"[""accepted""]",not_selected,True,0.0,cvrp_s7799_n20-50-100_x66667_cvrp20_36008,0.0,True,True,0.0,0.0,0.0,20,4,False,5.34872963578607,False,False,,False,5.34872963578607,4,4,3.3210817527874363e-16,5.348729635786071,True,271829,5.34872963578607,2904574631,3,20514bfc0653a5920864f226429795dc60e5e1a0cfd92d13cde4951602576212,10.012938864998432,pyvrp,10.0,0.0,cvrp20_36008.json,0
"[""accepted""]",not_selected,True,-8.881784197001252e-16,cvrp_s7799_n20-50-100_x66667_cvrp20_36484,0.0,True,True,0.0,0.0,0.0,20,4,False,5.641888785770353,False,False,,False,5.6418887857703535,4,4,3.1485144547345126e-16,5.641888785770355,True,271830,5.6418887857703535,3803927632,3,ebe6ec2b42874952e4421847803476cbac16251fe8a67a6ce6edf07a93993e14,10.011138098001538,pyvrp,10.0,-1.5742572273672565e-16,cvrp20_36484.json,0
"[""accepted""]",not_selected,True,8.881784197001252e-16,cvrp_s7799_n20-50-100_x66667_cvrp20_36493,0.0,True,True,0.0,0.0,0.0,20,4,False,6.860586869969569,False,False,,False,6.860586869969568,4,4,1.2946099751143666e-16,6.860586869969569,True,271830,6.860586869969568,3791026979,4,9480bc654c17bfd662745c6d5eb001ceb82b313757785f7b3bf80984b693a47f,10.007985754000401,pyvrp,10.0,1.2946099751143664e-16,cvrp20_36493.json,0
"[""accepted""]",not_selected,True,0.0,cvrp_s7799_n20-50-100_x66667_cvrp20_36697,0.0,True,True,0.0,0.0,0.0,20,4,False,6.394890314208443,False,False,,False,6.394890314208443,4,4,0.0,6.394890314208443,True,271828,6.394890314208443,3995851996,4,3d35bbbf05023e0e9a571a14f2b6060e717ab30172e8973c3ffa3edc1a5cbf9b,10.011245928999415,pyvrp,10.0,0.0,cvrp20_36697.json,0
"[""accepted""]",not_selected,True,0.0,cvrp_s7799_n20-50-100_x66667_cvrp20_36767,0.0,True,True,0.0,0.0,0.0,20,4,False,6.128545854035148,False,False,,False,6.128545854035148,4,4,2.8984964487630684e-16,6.12854585403515,True,271828,6.128545854035148,3218567837,3,3b41b36254954177541d32f2eadf1db9909b8b6d149bc859c0a0d38f992daa22,10.010721834001743,pyvrp,10.0,0.0,cvrp20_36767.json,0
"[""accepted""]",not_selected,True,0.0,cvrp_s7799_n20-50-100_x66667_cvrp20_36800,0.0,True,True,0.0,0.0,0.0,20,4,False,6.010932250201505,False,False,,False,6.010932250201505,4,4,4.432815324130549e-16,6.010932250201508,True,271829,6.010932250201505,3199855167,4,7036ce66110ad3f8c43e65584c9f33628874c12e9aaf569287b836a1f98c5641,10.007550983002147,pyvrp,10.0,0.0,cvrp20_36800.json,0
"[""accepted""]",not_selected,True,-1.7763568394002505e-15,cvrp_s7799_n20-50-100_x66667_cvrp20_37039,0.0,True,True,0.0,0.0,0.0,20,4,False,7.180129742283101,False,False,,False,7.1801297422831025,4,4,1.2369949451884231e-16,7.180129742283103,True,271828,7.1801297422831025,3509706557,4,25f83056844f04016a3bafd609392b26ce2f291795d01f7ab4abef2ea753652e,10.010884895000345,pyvrp,10.0,-2.473989890376847e-16,cvrp20_37039.json,0
"[""accepted""]",not_selected,True,1.7763568394002505e-15,cvrp_s7799_n20-50-100_x66667_cvrp20_37078,0.0,True,True,0.0,0.0,0.0,20,4,False,5.282182122160475,False,False,,False,5.2821821221604734,4,4,1.6814611824418694e-16,5.282182122160474,True,271830,5.2821821221604734,2979891110,3,dab81af42362238b143492b2a47f9e6806f2211ea6e329c8b4efae3dea877e59,10.011979595001321,pyvrp,10.0,3.3629223648837373e-16,cvrp20_37078.json,0
"[""accepted""]",not_selected,True,0.0005315688850453526,cvrp_s7799_n20-50-100_x66667_cvrp20_37168,0.04736842105263158,True,True,0.45,0.04736842105263158,0.031578947368421054,20,4,False,5.406955590570198,False,False,,False,5.406424021685153,4,4,9.832171559486107e-05,5.406955590570198,True,271830,5.406424021685153,4060940940,4,50da549e09e94fd40c51d61ba4df13be53507e0c7a04331b56debf258a4fa11e,10.01228437700047,pyvrp,10.0,9.831204938550185e-05,cvrp20_37168.json,0
"[""accepted""]",not_selected,True,-8.881784197001252e-16,cvrp_s7799_n20-50-100_x66667_cvrp20_37735,0.0,True,True,0.0,0.0,0.0,20,4,False,6.768376998624277,False,False,,False,6.768376998624278,4,4,0.0,6.768376998624278,True,271828,6.768376998624278,3370342321,4,00d9a20d905ec0c1f57c0e22d4b6efd20e053cc759dadb6f1d95d6438de0f4f5,10.011137738001707,pyvrp,10.0,-1.3122472638280257e-16,cvrp20_37735.json,0
"[""accepted""]",stable_control,True,-1.7763568394002505e-15,cvrp_s7799_n20-50-100_x66667_cvrp20_37899,0.0,True,True,0.0,0.0,0.0,20,4,False,5.3506572273966,False,True,5.350657227396602,True,5.350657227396602,4,4,0.0,5.350657227396602,True,271828,5.350657227396602,270975331,3,8d2d97db8bb8581bbdcfbafe06d0ba34d5fc415f62b3b4005213d141bb7a8bd9,10.012409551000019,pyvrp,10.0,-3.3198853223205803e-16,cvrp20_37899.json,0
"[""accepted""]",not_selected,True,7.093315835060565e-05,cvrp_s7799_n20-50-100_x66667_cvrp20_38272,0.04736842105263158,True,True,0.45,0.04736842105263158,0.031578947368421054,20,4,False,7.487760564490107,False,False,,False,7.487689631331756,4,4,9.473303761892956e-06,7.487760564490109,True,271829,7.487689631331756,602628140,4,d57e94acda7bb2d402c22a591887b650e424c8ed05acee24d2b3af13561c8476,10.012890398000309,pyvrp,10.0,9.473214019021718e-06,cvrp20_38272.json,0
"[""accepted""]",not_selected,True,0.00046901329062709607,cvrp_s7799_n20-50-100_x66667_cvrp20_38323,0.0,True,True,0.0,0.0,0.0,20,4,False,7.169455903741408,False,False,,False,7.168986890450781,4,4,6.542253428494987e-05,7.16945590374141,True,271829,7.168986890450781,154378507,4,12aa95c37646edd136e17d6f875b5dae2b41ccde529c33362276783eff6713f2,10.009491654000158,pyvrp,10.0,6.541825445670705e-05,cvrp20_38323.json,0
"[""accepted""]",not_selected,True,0.0,cvrp_s7799_n20-50-100_x66667_cvrp20_38423,0.0,True,True,0.0,0.0,0.0,20,4,False,5.177520969485087,False,False,,False,5.177520969485087,4,4,0.0,5.177520969485087,True,271828,5.177520969485087,433161321,4,32d88eec05bc58014b7a6eb1a6eec0e3f07184839853730e8a2d139b2b31f53d,10.009755372000654,pyvrp,10.0,0.0,cvrp20_38423.json,0
"[""accepted""]",not_selected,True,8.881784197001252e-16,cvrp_s7799_n20-50-100_x66667_cvrp20_38515,0.0,True,True,0.0,0.0,0.0,20,4,False,5.744757820413888,False,False,,False,5.744757820413887,4,4,3.0921352908698787e-16,5.744757820413889,True,271830,5.744757820413887,3242270591,4,45ce070c9746430b1687a41dbf33a02e459c6bec99667488ccc51b67eafd5d79,10.011454075000074,pyvrp,10.0,1.5460676454349391e-16,cvrp20_38515.json,0
"[""accepted""]",not_selected,True,0.0005392423504204658,cvrp_s7799_n20-50-100_x66667_cvrp20_38566,0.0,True,True,0.0,0.0,0.0,20,4,False,8.170149670962271,False,False,,False,8.16961042861185,4,4,6.600588303842682e-05,8.170149670962271,True,271828,8.16961042861185,1343454040,4,b2854210b2e7951f898f69238a4c37f292e346e5ee2fe88c439ac602caa146ea,10.00822999400043,pyvrp,10.0,6.600152654938503e-05,cvrp20_38566.json,0
"[""accepted""]",not_selected,True,0.0,cvrp_s7799_n20-50-100_x66667_cvrp20_3871,0.0,True,True,0.0,0.0,0.0,20,4,False,4.565275586300749,False,False,,False,4.565275586300749,4,4,1.9455088809212892e-16,4.56527558630075,True,271830,4.565275586300749,772427116,4,70416a364651959ff31ce73bf065d08a67107da299c86424a8daff0f3b785f9a,10.01324353200107,pyvrp,10.0,0.0,cvrp20_3871.json,0
"[""accepted""]",not_selected,True,8.881784197001252e-16,cvrp_s7799_n20-50-100_x66667_cvrp20_38770,0.0,True,True,0.0,0.0,0.0,20,4,False,5.384077871405829,False,False,,False,5.384077871405828,4,4,1.6496388813711835e-16,5.384077871405829,True,271829,5.384077871405828,4127393952,4,f0a97844dc6c6b9214ee87e7be77140a7e793fdcdfdbb8a858fd3538e9ed5fc8,10.011934124999243,pyvrp,10.0,1.6496388813711832e-16,cvrp20_38770.json,0
"[""accepted""]",not_selected,True,8.881784197001252e-16,cvrp_s7799_n20-50-100_x66667_cvrp20_38863,0.0,True,True,0.0,0.0,0.0,20,4,False,5.952106412510338,False,False,,False,5.952106412510337,4,4,4.476625709345462e-16,5.952106412510339,True,271831,5.952106412510337,4036603384,4,833929994ba706d44c759800455122e1694c4c77806af6d0451802a9d7a3ef85,10.012719336002192,pyvrp,10.0,1.4922085697818203e-16,cvrp20_38863.json,0
"[""accepted""]",not_selected,True,-8.881784197001252e-16,cvrp_s7799_n20-50-100_x66667_cvrp20_38907,0.0,True,True,0.0,0.0,0.0,20,4,False,5.76801038849372,False,False,,False,5.768010388493721,4,4,1.5398349862058195e-16,5.768010388493722,True,271830,5.768010388493721,3672400824,4,602d35e4cbc2fcc7f9886a6f79e2292b3565b0f2f30623dd365e40422fe59dee,10.009744570001203,pyvrp,10.0,-1.5398349862058197e-16,cvrp20_38907.json,0
"[""accepted""]",stable_control,True,8.881784197001252e-16,cvrp_s7799_n20-50-100_x66667_cvrp20_38996,0.0,True,True,0.0,0.0,0.0,20,4,False,6.073698470202488,False,True,6.073698470202488,True,6.073698470202487,4,4,2.924670772042837e-16,6.073698470202489,True,271830,6.073698470202487,3660487387,4,24788453fb91e30cd2f4e73b6e3fcbf6ecbcc1e5ea1303b69c5f1dd6a9a1f4d5,10.012699342001724,pyvrp,10.0,1.4623353860214182e-16,cvrp20_38996.json,0
"[""accepted""]",not_selected,True,0.0,cvrp_s7799_n20-50-100_x66667_cvrp20_39026,0.0,True,True,0.0,0.0,0.0,20,4,False,4.806078268209445,False,False,,False,4.806078268209445,4,4,3.6960630690312307e-16,4.806078268209447,True,271830,4.806078268209445,3907412383,4,e53596c07b83c201d7a92c86b8bcb4f81c604803b973e5b2916282bef1582397,10.01173466200271,pyvrp,10.0,0.0,cvrp20_39026.json,0
"[""accepted""]",not_selected,True,0.0,cvrp_s7799_n20-50-100_x66667_cvrp20_39235,0.0,True,True,0.0,0.0,0.0,20,4,False,6.012185545376982,False,False,,False,6.012185545376982,4,4,2.95459417543453e-16,6.012185545376984,True,271829,6.012185545376982,1350541804,4,398cb9c155a543007e04db8fc2d3543219a05cc92445e7114ef483120c54c1cf,10.009454409002501,pyvrp,10.0,0.0,cvrp20_39235.json,0
"[""accepted""]",not_selected,True,0.0,cvrp_s7799_n20-50-100_x66667_cvrp20_39237,0.0,True,True,0.0,0.0,0.0,20,4,False,6.884147446741324,False,False,,False,6.884147446741324,4,4,1.2901792510567926e-16,6.884147446741325,True,271828,6.884147446741324,3787712842,4,471f362b462103fef39f97deeaec9489adc67c403f1d33a696ca9a158dd3a0b2,10.010728941000707,pyvrp,10.0,0.0,cvrp20_39237.json,0
"[""accepted""]",not_selected,True,1.7763568394002505e-15,cvrp_s7799_n20-50-100_x66667_cvrp20_39585,0.0,True,True,0.0,0.0,0.0,20,4,False,5.727347919699313,False,False,,False,5.727347919699311,4,4,1.550767357165819e-16,5.727347919699312,True,271828,5.727347919699311,2411433861,4,2b4fc82bae506f0914d5f78e7ae70bac6687a4dcbcd069617178b4e841d83652,10.013286478999362,pyvrp,10.0,3.101534714331637e-16,cvrp20_39585.json,0
"[""accepted""]",stable_control,True,8.881784197001252e-16,cvrp_s7799_n20-50-100_x66667_cvrp20_39897,0.0,True,True,0.0,0.0,0.0,20,4,False,6.0470156599420175,False,True,6.148463587252731,True,6.047015659942017,4,4,4.406364079311687e-16,6.047015659942019,True,271830,6.047015659942017,1393610168,4,c0cb7a16f0c19325f04dd8064efced061c717ced4eb4f3d4484e5efc02c06487,10.010414178999781,pyvrp,10.0,1.4687880264372287e-16,cvrp20_39897.json,0
"[""accepted""]",not_selected,True,0.0,cvrp_s7799_n20-50-100_x66667_cvrp20_39902,0.0,True,True,0.0,0.0,0.0,20,4,False,6.103125486184743,False,False,,False,6.103125486184743,4,4,1.4552845451246878e-16,6.1031254861847435,True,271828,6.103125486184743,1688478778,3,931e6d6631e8ff708110c47450298255dc83b0bbb3e6e715ef8ded7f4ce4a039,10.011322818998451,pyvrp,10.0,0.0,cvrp20_39902.json,0
"[""accepted""]",not_selected,True,0.0,cvrp_s7799_n20-50-100_x66667_cvrp20_40245,0.0,True,True,0.0,0.0,0.0,20,4,False,4.370690272295058,False,False,,False,4.370690272295058,4,4,0.0,4.370690272295058,True,271830,4.370690272295058,3505998231,3,99ae73d07993078c67537982591c46ce31652bdb1cc2d8b8d12e4020ee663066,10.009672505999333,pyvrp,10.0,0.0,cvrp20_40245.json,0
"[""accepted""]",not_selected,True,1.7763568394002505e-15,cvrp_s7799_n20-50-100_x66667_cvrp20_40269,0.0,True,True,0.0,0.0,0.0,20,4,False,6.509502191530391,False,False,,False,6.509502191530389,4,4,2.728867411261486e-16,6.509502191530391,True,271831,6.509502191530389,1585157902,5,cb7992a03110feaf3eb5cde1be2217f6383f812ff9f7df1ef8c51833dd99f377,10.010996648998116,pyvrp,10.0,2.7288674112614857e-16,cvrp20_40269.json,0
"[""accepted""]",not_selected,True,-8.881784197001252e-16,cvrp_s7799_n20-50-100_x66667_cvrp20_40360,0.0,True,True,0.0,0.0,0.0,20,4,False,6.743078214183432,False,False,,False,6.7430782141834325,4,4,1.3171705732730865e-16,6.743078214183433,True,271828,6.7430782141834325,2909653631,5,f0c91bf26d50b890252c2cc45e228a42bff3d17051fb398f265cb816c2b6a827,10.010985979999532,pyvrp,10.0,-1.3171705732730867e-16,cvrp20_40360.json,0
"[""accepted""]",stable_control,True,-8.881784197001252e-16,cvrp_s7799_n20-50-100_x66667_cvrp20_4048,0.0,True,True,0.0,0.0,0.0,20,4,False,6.423064924210748,False,True,6.423064924210749,True,6.423064924210749,4,4,0.0,6.423064924210749,True,271828,6.423064924210749,1207007041,4,0197af88bd16272f147ff0343ddabcf7f69f2d02d1e86a920eb2f481d844980a,10.01110278499982,pyvrp,10.0,-1.3827953324156422e-16,cvrp20_4048.json,0
"[""accepted""]",not_selected,True,8.881784197001252e-16,cvrp_s7799_n20-50-100_x66667_cvrp20_40539,0.0,True,True,0.0,0.0,0.0,20,4,False,5.890528148459213,False,False,,False,5.890528148459212,4,4,1.5078077844894885e-16,5.890528148459213,True,271828,5.890528148459212,894853919,4,2df0ab13a28b5a0f969f2e5978ef0ddd139d81e0489e619d7601ffd7d2761625,10.011188840999239,pyvrp,10.0,1.5078077844894883e-16,cvrp20_40539.json,0
"[""accepted""]",not_selected,True,8.881784197001252e-16,cvrp_s7799_n20-50-100_x66667_cvrp20_40828,0.0,True,True,0.0,0.0,0.0,20,4,False,5.327960121909409,False,False,,False,5.327960121909408,4,4,3.3340280309073493e-16,5.32796012190941,True,271828,5.327960121909408,682151484,4,9efc775eea09cf78ebba67affbd6e491373ef2466ad0c588b528b54261d911bb,10.011209367999982,pyvrp,10.0,1.6670140154536744e-16,cvrp20_40828.json,0
"[""accepted""]",not_selected,True,8.881784197001252e-16,cvrp_s7799_n20-50-100_x66667_cvrp20_40927,0.0,True,True,0.0,0.0,0.0,20,4,False,6.485892727300952,False,False,,False,6.485892727300951,4,4,1.3694004157076665e-16,6.485892727300952,True,271829,6.485892727300951,3799004636,3,b2b8aee43b672c33f23ae6daf0600bd0689e5c93ae5f8afd64e44b9212e5b564,10.009027615000377,pyvrp,10.0,1.3694004157076663e-16,cvrp20_40927.json,0
"[""accepted""]",stable_control,True,0.0,cvrp_s7799_n20-50-100_x66667_cvrp20_41083,0.0,True,True,0.0,0.0,0.0,20,4,False,5.722722732161889,False,True,5.722722732161892,True,5.722722732161889,4,4,4.656062129527262e-16,5.722722732161892,True,271830,5.722722732161889,441374658,3,b50d10fc82051337a9ed159c6a40bfe7c2263cc0df31b8fcef5ce1363b03b860,10.011162584996782,pyvrp,10.0,0.0,cvrp20_41083.json,0
"[""accepted""]",not_selected,True,8.881784197001252e-16,cvrp_s7799_n20-50-100_x66667_cvrp20_41106,0.0,True,True,0.0,0.0,0.0,20,4,False,5.648726852767108,False,False,,False,5.6487268527671075,4,4,1.5723515100841505e-16,5.648726852767108,True,271830,5.6487268527671075,1421823577,4,4ec568a7902f88c7cb0e04e6c143499078a1bababe1f39d3a5fdbe4b1300572a,10.011864701002196,pyvrp,10.0,1.5723515100841502e-16,cvrp20_41106.json,0
"[""accepted""]",not_selected,True,8.881784197001252e-16,cvrp_s7799_n20-50-100_x66667_cvrp20_41146,0.0,True,True,0.0,0.0,0.0,20,4,False,5.924397606349998,False,False,,False,5.924397606349997,4,4,4.497563188946712e-16,5.9243976063499995,True,271830,5.924397606349997,1413510900,3,780b68d28ed73ac4420294e5ce3587beeae1c524e0813d5467c430af3ce3360a,10.009356516002299,pyvrp,10.0,1.4991877296489038e-16,cvrp20_41146.json,0
"[""accepted""]",not_selected,True,8.881784197001252e-16,cvrp_s7799_n20-50-100_x66667_cvrp20_41227,0.0,True,True,0.0,0.0,0.0,20,4,False,5.6373383744044645,False,False,,False,5.637338374404464,4,4,1.5755279543494737e-16,5.6373383744044645,True,271828,5.637338374404464,1577984806,3,a3aa0c91b5317776fd3333fd0715665fbbb67309b341e1a2779e6c1e5de964be,10.015111794000404,pyvrp,10.0,1.5755279543494734e-16,cvrp20_41227.json,0
"[""accepted""]",stable_control,True,-8.881784197001252e-16,cvrp_s7799_n20-50-100_x66667_cvrp20_41244,0.0,True,True,0.0,0.0,0.0,20,4,False,5.9380903753246015,False,True,5.938090375324603,True,5.938090375324602,4,4,1.4957307207564578e-16,5.938090375324603,True,271830,5.938090375324602,3448169182,4,6e5f890d11313b37ad0b4cccc1e3b7466032773901de9f4fe80631d7f37d2afa,10.0105150399977,pyvrp,10.0,-1.495730720756458e-16,cvrp20_41244.json,0
"[""accepted""]",not_selected,True,8.881784197001252e-16,cvrp_s7799_n20-50-100_x66667_cvrp20_41291,0.0,True,True,0.0,0.0,0.0,20,4,False,5.891521200239316,False,False,,False,5.891521200239315,4,4,3.0151072686084785e-16,5.891521200239317,True,271830,5.891521200239315,2177364544,3,450fb41115d7f236435d2e6e1e6ce684ca730bebf395334acbc56aff76c265cb,10.009947472000931,pyvrp,10.0,1.507553634304239e-16,cvrp20_41291.json,0
"[""accepted""]",not_selected,True,0.0,cvrp_s7799_n20-50-100_x66667_cvrp20_41846,0.0,True,True,0.0,0.0,0.0,20,4,False,5.690673849906242,False,False,,False,5.690673849906242,4,4,1.560761419695066e-16,5.690673849906243,True,271829,5.690673849906242,1982771663,4,5cd92d7e111e1f63479ebbde86e94f8647c8fba9440d8c0ee009e9ac8c65a7d7,10.010748012002296,pyvrp,10.0,0.0,cvrp20_41846.json,0
"[""accepted""]",not_selected,True,0.0,cvrp_s7799_n20-50-100_x66667_cvrp20_42051,0.0,True,True,0.0,0.0,0.0,20,4,False,4.962917242033144,False,False,,False,4.962917242033144,4,4,1.789629720555783e-16,4.962917242033145,True,271828,4.962917242033144,2168458322,4,cead680a91f1d8af64caf933e64f369b4e2a7b712594c13b669abef679517e20,10.011731841997971,pyvrp,10.0,0.0,cvrp20_42051.json,0
"[""accepted""]",not_selected,True,0.0005579758642451083,cvrp_s7799_n20-50-100_x66667_cvrp20_42098,0.0,True,True,0.0,0.0,0.0,20,4,False,5.635067775308563,False,False,,False,5.634509799444318,4,4,9.902828890297159e-05,5.635067775308564,True,271828,5.634509799444318,1052988560,4,4741c11f5f1ebb99297f2ea154005f4623841cf0fa4ea4572517a91dd347fd5a,10.010432944000058,pyvrp,10.0,9.901848327184579e-05,cvrp20_42098.json,0
"[""accepted""]",not_selected,True,-8.881784197001252e-16,cvrp_s7799_n20-50-100_x66667_cvrp20_42147,0.0,True,True,0.0,0.0,0.0,20,4,False,6.03334166431271,False,False,,False,6.033341664312711,4,4,2.944233789886992e-16,6.0333416643127125,True,271831,6.033341664312711,3156231562,4,7b2cbc9a21ab9142a8f33a1ccb856d30db14a2523aeb57bb1634b69d2c6572b9,10.010494341000594,pyvrp,10.0,-1.4721168949434962e-16,cvrp20_42147.json,0
"[""accepted""]",not_selected,True,0.0,cvrp_s7799_n20-50-100_x66667_cvrp20_42324,0.0,True,True,0.0,0.0,0.0,20,4,False,5.415532181479932,False,False,,False,5.415532181479932,4,4,1.6400575048515506e-16,5.415532181479933,True,271829,5.415532181479932,970440490,3,1724ea1e5511021ad669e4c56a5a97bdb0904390cda1dc21dc7cb6fc222deea6,10.012462917002267,pyvrp,10.0,0.0,cvrp20_42324.json,0
"[""accepted""]",not_selected,True,1.7763568394002505e-15,cvrp_s7799_n20-50-100_x66667_cvrp20_42326,0.0,True,True,0.0,0.0,0.0,20,4,False,5.51829136163539,False,False,,False,5.518291361635388,4,4,1.6095170796434837e-16,5.518291361635389,True,271828,5.518291361635388,1445272309,3,64f717c53195e98f439a708144b7d79cbc242d42b38ea70bb0e0610975f53d8e,10.010525343001063,pyvrp,10.0,3.219034159286966e-16,cvrp20_42326.json,0
"[""accepted""]",stable_control,True,8.881784197001252e-16,cvrp_s7799_n20-50-100_x66667_cvrp20_42435,0.0,True,True,0.0,0.0,0.0,20,4,False,6.186333883980518,False,True,6.186333883980518,True,6.1863338839805175,4,4,1.435710448800798e-16,6.186333883980518,True,271828,6.1863338839805175,1558213717,4,35f8f844011db047ff4be82acdd80cb2ae0fa57f4fb2cfe873fc1bf1ae91c758,10.010623018999468,pyvrp,10.0,1.4357104488007977e-16,cvrp20_42435.json,0
"[""accepted""]",not_selected,True,-8.881784197001252e-16,cvrp_s7799_n20-50-100_x66667_cvrp20_42441,0.0,True,True,0.0,0.0,0.0,20,4,False,5.644612335151367,False,False,,False,5.6446123351513675,4,4,6.0687456711204754e-05,5.6449548923181085,True,271829,5.6446123351513675,1951360113,4,c6472a2da79195ec415da510256747d89f796f1338c16a358ea7850ea2a8f10d,10.010215480000625,pyvrp,10.0,-1.5734976415812757e-16,cvrp20_42441.json,0
"[""accepted""]",not_selected,True,0.0,cvrp_s7799_n20-50-100_x66667_cvrp20_42462,0.0,True,True,0.0,0.0,0.0,20,4,False,6.891792067027151,False,False,,False,6.891792067027151,4,4,0.0,6.891792067027151,True,271828,6.891792067027151,1503751124,3,fdfeb1f39a96733e4d0a06cc99187cf4e7f7376569b40239aaebd1c7ff9fad74,10.00985768100145,pyvrp,10.0,0.0,cvrp20_42462.json,0
"[""accepted""]",not_selected,True,0.0,cvrp_s7799_n20-50-100_x66667_cvrp20_4251,0.0,True,True,0.0,0.0,0.0,20,4,False,4.5998835630701125,False,False,,False,4.5998835630701125,4,4,1.9308715264682177e-16,4.599883563070113,True,271828,4.5998835630701125,3516191720,4,a7f46c3f61eb4357fb523f1c7992766a9eced598b6413ed6beaadb35aa40a6bb,10.010881543999858,pyvrp,10.0,0.0,cvrp20_4251.json,0
"[""accepted""]",not_selected,True,8.881784197001252e-16,cvrp_s7799_n20-50-100_x66667_cvrp20_42596,0.0,True,True,0.0,0.0,0.0,20,4,False,7.004485658922206,False,False,,False,7.0044856589222055,4,4,1.2680137599664828e-16,7.004485658922206,True,271829,7.0044856589222055,40020838,4,b4bb3c10f6a10d4f4a9a8b8c373b270e2e78e8c9b730c23ab6b9c9606a1898ad,10.01073018399984,pyvrp,10.0,1.2680137599664826e-16,cvrp20_42596.json,0
"[""accepted""]",not_selected,True,0.0,cvrp_s7799_n20-50-100_x66667_cvrp20_42638,0.0,True,True,0.0,0.0,0.0,20,4,False,6.184014966509358,False,False,,False,6.184014966509358,4,4,1.4362488197557973e-16,6.184014966509359,True,271829,6.184014966509358,2165559161,4,18634dd78978244d2d87e8936cce453019c3f1cb8c645666d3d9d66cea5df0dd,10.011133260999486,pyvrp,10.0,0.0,cvrp20_42638.json,0
"[""accepted""]",not_selected,True,8.881784197001252e-16,cvrp_s7799_n20-50-100_x66667_cvrp20_42729,0.0,True,True,0.0,0.0,0.0,20,4,False,6.11885948717085,False,False,,False,6.118859487170849,4,4,4.3546273038088106e-16,6.118859487170852,True,271831,6.118859487170849,2673367667,4,780f3e78c26f32f27600eda64f7ff51647185fbcb22ef0ae7b3b0ea38e699464,10.011273387000983,pyvrp,10.0,1.4515424346029367e-16,cvrp20_42729.json,0
"[""accepted""]",not_selected,True,8.881784197001252e-16,cvrp_s7799_n20-50-100_x66667_cvrp20_42787,0.0,True,True,0.0,0.0,0.0,20,4,False,7.036233803087838,False,False,,False,7.036233803087837,4,4,1.2622923634378804e-16,7.036233803087838,True,271828,7.036233803087837,2400087526,4,588cd52d5012dd946b43652d2fbfd64a4ff24c83d7ad3dd5ee4d38b24e7cf00a,10.010746788000688,pyvrp,10.0,1.2622923634378804e-16,cvrp20_42787.json,0
"[""accepted""]",not_selected,True,1.7763568394002505e-15,cvrp_s7799_n20-50-100_x66667_cvrp20_43057,0.0,True,True,0.0,0.0,0.0,20,4,False,6.8246470001891275,False,False,,False,6.824647000189126,4,4,1.3014276338036414e-16,6.824647000189127,True,271828,6.824647000189126,1661666086,4,c8ce7bc724987fa465b019cf7eb723cb66e70ff6ded777ef5949b21f5e4602f4,10.009998908000853,pyvrp,10.0,2.6028552676072818e-16,cvrp20_43057.json,0
"[""accepted""]",not_selected,True,0.0,cvrp_s7799_n20-50-100_x66667_cvrp20_43213,0.0,True,True,0.0,0.0,0.0,20,4,False,6.20775739017101,False,False,,False,6.20775739017101,4,4,1.4307556882078117e-16,6.207757390171011,True,271831,6.20775739017101,1964106332,4,46aaf72be5c34302c43e7b30ada215d56f7da4305835510f4e2541e2aa89174a,10.011057334002544,pyvrp,10.0,0.0,cvrp20_43213.json,0
"[""accepted""]",not_selected,True,0.0,cvrp_s7799_n20-50-100_x66667_cvrp20_43467,0.0,True,True,0.0,0.0,0.0,20,4,False,5.463710423561484,False,False,,False,5.463710423561484,4,4,3.2511914096690795e-16,5.463710423561486,True,271828,5.463710423561484,1165203743,4,ba19f4235beccf453e7b6cd4169cdca4b54c3aa816c4bfca80cf9248dce853d0,10.011095144000137,pyvrp,10.0,0.0,cvrp20_43467.json,0
"[""accepted""]",not_selected,True,0.0,cvrp_s7799_n20-50-100_x66667_cvrp20_43543,0.0,True,True,0.0,0.0,0.0,20,4,False,6.605874738417773,False,False,,False,6.605874738417773,4,4,1.3445280978985989e-16,6.605874738417774,True,271829,6.605874738417773,2199781327,4,d1bad2bd8d8a7e1a851f923b96201d87c4e8da364ca7bc1b95b4b7ce54c436da,10.009688610996818,pyvrp,10.0,0.0,cvrp20_43543.json,0
"[""accepted""]",not_selected,True,1.7763568394002505e-15,cvrp_s7799_n20-50-100_x66667_cvrp20_43553,0.0,True,True,0.0,0.0,0.0,20,4,False,6.647133757085738,False,False,,False,6.6471337570857365,4,4,2.67236511903598e-16,6.647133757085738,True,271828,6.6471337570857365,2602955,4,579d0f8b2daa4654f23777e185fb96dc7f5bd0d0e6278318f4432c1991da2dd6,10.008861808000802,pyvrp,10.0,2.672365119035979e-16,cvrp20_43553.json,0
"[""accepted""]",not_selected,True,-8.881784197001252e-16,cvrp_s7799_n20-50-100_x66667_cvrp20_43675,0.0,True,True,0.0,0.0,0.0,20,4,False,5.46653574620414,False,False,,False,5.466535746204141,4,4,0.0,5.466535746204141,True,271830,5.466535746204141,1567648404,3,f45d1e1e98ea38dfc9c224cf58f197cfd3d2f66b34bc5c531a7bafa359114247,10.010055837999971,pyvrp,10.0,-1.6247555324537294e-16,cvrp20_43675.json,0
"[""accepted""]",not_selected,True,1.7763568394002505e-15,cvrp_s7799_n20-50-100_x66667_cvrp20_4376,0.0,True,True,0.0,0.0,0.0,20,4,False,8.403972094286745,False,False,,False,8.403972094286743,4,4,2.1137110160180896e-16,8.403972094286745,True,271830,8.403972094286743,327041566,4,bf0952aea003b433a47d0c834b200ef41c8d07ac68dd256fe4803ebc69bf9aeb,10.012523433000752,pyvrp,10.0,2.113711016018089e-16,cvrp20_4376.json,0
"[""accepted""]",not_selected,True,0.0,cvrp_s7799_n20-50-100_x66667_cvrp20_43831,0.0,True,True,0.0,0.0,0.0,20,4,False,6.503800272871011,False,False,,False,6.503800272871011,4,4,2.7312598248286964e-16,6.503800272871013,True,271828,6.503800272871011,3133342009,3,c34bd520609989616427add0743892d60e06478ebf8d56134ed18dea2d447e3b,10.00957919099892,pyvrp,10.0,0.0,cvrp20_43831.json,0
"[""accepted""]",not_selected,True,8.881784197001252e-16,cvrp_s7799_n20-50-100_x66667_cvrp20_43965,0.0,True,True,0.0,0.0,0.0,20,4,False,4.742262954158943,False,False,,False,4.742262954158942,4,4,3.745799962109638e-16,4.742262954158944,True,271829,4.742262954158942,3631489234,3,c40fc640786e5d17278eae9b67a8537509d4ac132ac270238e9aed42ddee70b5,10.010030917001131,pyvrp,10.0,1.8728999810548186e-16,cvrp20_43965.json,0
"[""accepted""]",not_selected,True,0.0012859238497089365,cvrp_s7799_n20-50-100_x66667_cvrp20_44097,0.0,True,True,0.0,0.0,0.0,20,4,False,6.45248162891627,False,False,,False,6.451195705066561,4,4,0.00019933108659219586,6.452481628916271,True,271828,6.451195705066561,3550711699,4,e626f0da42b6dfed8d06ae104b30fb223b5d77c790efbf52c30288f3690996f4,10.011518952000188,pyvrp,10.0,0.00019929136162839638,cvrp20_44097.json,0
"[""accepted""]",not_selected,True,1.7763568394002505e-15,cvrp_s7799_n20-50-100_x66667_cvrp20_44282,0.0,True,True,0.0,0.0,0.0,20,4,False,6.610387063367208,False,False,,False,6.610387063367206,4,4,2.6872206156342803e-16,6.610387063367208,True,271830,6.610387063367206,2320513099,4,82387c86b6b7b1e26ce121d880f8f9447dc9733dc25c35a7383f175e88526b3b,10.011717160999979,pyvrp,10.0,2.6872206156342793e-16,cvrp20_44282.json,0
"[""accepted""]",not_selected,True,8.881784197001252e-16,cvrp_s7799_n20-50-100_x66667_cvrp20_44327,0.0,True,True,0.0,0.0,0.0,20,4,False,6.026273346548208,False,False,,False,6.026273346548207,4,4,4.4215306971207946e-16,6.0262733465482095,True,271828,6.026273346548207,1658039863,4,e8a3f16725c418fd4e18102adf87988dfeaf2eaa40fcd905c7a6ed655ddef8d0,10.010682465999707,pyvrp,10.0,1.4738435657069313e-16,cvrp20_44327.json,0
"[""accepted""]",not_selected,True,8.881784197001252e-16,cvrp_s7799_n20-50-100_x66667_cvrp20_44594,0.0,True,True,0.0,0.0,0.0,20,4,False,5.936398993559486,False,False,,False,5.936398993559485,4,4,0.0,5.936398993559485,True,271828,5.936398993559485,3634218024,4,dec35fe36de7494ba5a26c8526896b112937af906652a0773367631a62cb628a,10.013546245001635,pyvrp,10.0,1.4961568800610053e-16,cvrp20_44594.json,0
"[""accepted""]",not_selected,True,8.881784197001252e-16,cvrp_s7799_n20-50-100_x66667_cvrp20_44603,0.0,True,True,0.0,0.0,0.0,20,4,False,6.104461511942134,False,False,,False,6.104461511942133,4,4,2.9099320815196734e-16,6.104461511942135,True,271831,6.104461511942133,1549907859,4,22deb7d0d4370039001df43fbed79f18179a1b91b9fd7e7606855ec99a06fc45,10.0114327400006,pyvrp,10.0,1.4549660407598367e-16,cvrp20_44603.json,0
"[""accepted""]",not_selected,True,8.881784197001252e-16,cvrp_s7799_n20-50-100_x66667_cvrp20_44662,0.0,True,True,0.0,0.0,0.0,20,4,False,5.5324990590387815,False,False,,False,5.532499059038781,4,4,4.816151310043446e-16,5.532499059038783,True,271829,5.532499059038781,1600716637,4,548f987cb7e7d17b9191e631bf7c788287bb02d3d29c676959dc9094c26ef6cd,10.009712515999126,pyvrp,10.0,1.6053837700144818e-16,cvrp20_44662.json,0
"[""accepted""]",not_selected,True,0.0,cvrp_s7799_n20-50-100_x66667_cvrp20_44664,0.0,True,True,0.0,0.0,0.0,20,4,False,6.109974852238838,False,False,,False,6.109974852238838,4,4,2.907306302168088e-16,6.10997485223884,True,271828,6.109974852238838,1836679124,4,33e674754447f273bea3cadbf1f1a74dd8e9163ae97165148695db0d0986a777,10.011407890000555,pyvrp,10.0,0.0,cvrp20_44664.json,0
"[""accepted""]",not_selected,True,1.7763568394002505e-15,cvrp_s7799_n20-50-100_x66667_cvrp20_44944,0.0,True,True,0.0,0.0,0.0,20,4,False,7.163167114198956,False,False,,False,7.163167114198954,4,4,2.479848384214191e-16,7.163167114198956,True,271830,7.163167114198954,559327541,4,54b9118e73dab3f0ef38ea5b5c21ce0840bc7fb02aea8e63a5b6071ee866a985,10.008917058999941,pyvrp,10.0,2.4798483842141903e-16,cvrp20_44944.json,0
"[""accepted""]",not_selected,True,1.7763568394002505e-15,cvrp_s7799_n20-50-100_x66667_cvrp20_45008,0.0,True,True,0.0,0.0,0.0,20,4,False,5.890956634825244,False,False,,False,5.890956634825242,4,4,1.5076981121360323e-16,5.890956634825243,True,271830,5.890956634825242,2394893617,4,6d2114e73afa2e576a6cc8e4c6e1bbc98e54888a2efd87d513de3da620a99a79,10.007528590998845,pyvrp,10.0,3.015396224272064e-16,cvrp20_45008.json,0
"[""accepted""]",not_selected,True,8.881784197001252e-16,cvrp_s7799_n20-50-100_x66667_cvrp20_45023,0.0,True,True,0.0,0.0,0.0,20,4,False,5.603090438394843,False,False,,False,5.603090438394842,4,4,1.5851581006330643e-16,5.603090438394843,True,271828,5.603090438394842,247021790,4,108f513606988d580e627b89f3c19b1e71de18baaa684877ae872f070783c64a,10.009686835997854,pyvrp,10.0,1.585158100633064e-16,cvrp20_45023.json,0
"[""accepted""]",not_selected,True,-2.6645352591003757e-15,cvrp_s7799_n20-50-100_x66667_cvrp20_45071,0.0,True,True,0.0,0.0,0.0,20,4,False,5.865452373036237,False,False,,False,5.86545237303624,4,4,1.514253911229632e-16,5.8654523730362405,True,271828,5.86545237303624,920841097,4,9bb896cbc7ff8bbf52921e2fb3c201b49c71f5deec60d3299ef5a33413b09a4c,10.011437664998084,pyvrp,10.0,-4.542761733688898e-16,cvrp20_45071.json,0
"[""accepted""]",not_selected,True,0.0015506439602193112,cvrp_s7799_n20-50-100_x66667_cvrp20_45149,0.042105263157894736,True,True,0.4,0.042105263157894736,0.028070175438596492,20,4,False,7.823444494560334,False,False,,False,7.821893850600115,4,4,0.00019824405570296997,7.823444494560336,True,271829,7.821893850600115,2260446857,4,604625bb6d5dfdfaa246fba2157207acb74e31bef55e85be73fe9139cae292ad,10.011437291999755,pyvrp,10.0,0.00019820476278670845,cvrp20_45149.json,0
"[""accepted""]",stable_control,True,1.7763568394002505e-15,cvrp_s7799_n20-50-100_x66667_cvrp20_45155,0.0,True,True,0.0,0.0,0.0,20,4,False,7.187765229033366,False,True,7.187765229033365,True,7.1877652290333645,4,4,2.4713617971620103e-16,7.187765229033366,True,271829,7.1877652290333645,4052794351,4,ed1b66735df0f3631642bf4a6df72c3b739b71ae4c5cd18116c9dc097b8f4a0d,10.011002924999048,pyvrp,10.0,2.47136179716201e-16,cvrp20_45155.json,0
"[""accepted""]",not_selected,True,1.7763568394002505e-15,cvrp_s7799_n20-50-100_x66667_cvrp20_45347,0.0,True,True,0.0,0.0,0.0,20,4,False,6.597746309495395,False,False,,False,6.597746309495394,4,4,1.346184557629732e-16,6.5977463094953945,True,271828,6.597746309495394,554839410,4,246ef8446fb6166a3bcbbaf5f83dff0e366fbe4ee81ea9d447a72225bcdb53f1,10.011829274000775,pyvrp,10.0,2.692369115259463e-16,cvrp20_45347.json,0
"[""accepted""]",not_selected,True,-8.881784197001252e-16,cvrp_s7799_n20-50-100_x66667_cvrp20_45499,0.0,True,True,0.0,0.0,0.0,20,4,False,6.467133762043415,False,False,,False,6.4671337620434155,4,4,0.0,6.4671337620434155,True,271828,6.4671337620434155,1062663070,4,c32df30073f62de7804ec5503ea5c8d69dcf254c543bc9b4c9a0e01eba66bbea,10.010784516001877,pyvrp,10.0,-1.3733725826315494e-16,cvrp20_45499.json,0
"[""accepted""]",not_selected,True,8.881784197001252e-16,cvrp_s7799_n20-50-100_x66667_cvrp20_45581,0.0,True,True,0.0,0.0,0.0,20,4,False,5.395792013569954,False,False,,False,5.395792013569953,4,4,4.938172658247943e-16,5.395792013569956,True,271828,5.395792013569953,1898041934,4,169ccd51d58d66b23dba938191972f1ee482955161a9fe3cfa8bc322a90d3da4,10.006940680003027,pyvrp,10.0,1.6460575527493141e-16,cvrp20_45581.json,0
"[""accepted""]",stable_control,True,8.881784197001252e-16,cvrp_s7799_n20-50-100_x66667_cvrp20_45757,0.0,True,True,0.0,0.0,0.0,20,4,False,5.552337360083537,False,True,5.631826140323644,True,5.552337360083536,4,4,1.5996477917306568e-16,5.552337360083537,True,271830,5.552337360083536,2170827836,4,f01e268ac5402c7418572547448b62a29db0d3b72205cb906ec1d9732cd6a99a,10.010292298000422,pyvrp,10.0,1.5996477917306565e-16,cvrp20_45757.json,0
"[""accepted""]",not_selected,True,8.881784197001252e-16,cvrp_s7799_n20-50-100_x66667_cvrp20_45795,0.0,True,True,0.0,0.0,0.0,20,4,False,5.084344043267256,False,False,,False,5.084344043267255,4,4,3.493777809455129e-16,5.084344043267257,True,271828,5.084344043267255,1721653837,4,dc73da5c1bd36a96ec7406fe9d0cfa27dd0c3c0cd323da972e5531ba1d716905,10.01173003400254,pyvrp,10.0,1.7468889047275641e-16,cvrp20_45795.json,0
"[""accepted""]",not_selected,True,8.881784197001252e-16,cvrp_s7799_n20-50-100_x66667_cvrp20_45851,0.0,True,True,0.0,0.0,0.0,20,4,False,5.412326784256402,False,False,,False,5.412326784256401,4,4,1.6410288127533155e-16,5.412326784256402,True,271828,5.412326784256401,3883608205,3,36ac8e52639d51e053c957580ba1ea0a14459483893925d1e52c17cc98a104ac,10.012739191999572,pyvrp,10.0,1.6410288127533152e-16,cvrp20_45851.json,0
"[""accepted""]",not_selected,True,8.881784197001252e-16,cvrp_s7799_n20-50-100_x66667_cvrp20_45913,0.0,True,True,0.0,0.0,0.0,20,4,False,5.206256248181249,False,False,,False,5.206256248181248,4,4,1.7059829124054376e-16,5.206256248181249,True,271829,5.206256248181248,1155698224,3,353cbd04b509bc9e59ab921a073218404391bfdcd75600a24c5442085357c05d,10.01096422000046,pyvrp,10.0,1.7059829124054374e-16,cvrp20_45913.json,0
"[""accepted""]",not_selected,True,8.881784197001252e-16,cvrp_s7799_n20-50-100_x66667_cvrp20_45999,0.0,True,True,0.0,0.0,0.0,20,4,False,5.99886342515787,False,False,,False,5.998863425157869,4,4,1.480577830752584e-16,5.99886342515787,True,271829,5.998863425157869,907174281,4,ac309ad6cfa56c201011b4b4d50436b825682f0ff3b482890d94ed2fdbbf461f,10.010223021999991,pyvrp,10.0,1.4805778307525836e-16,cvrp20_45999.json,0
"[""accepted""]",not_selected,True,-8.881784197001252e-16,cvrp_s7799_n20-50-100_x66667_cvrp20_46186,0.0,True,True,0.0,0.0,0.0,20,4,False,6.1254370306558075,False,False,,False,6.125437030655808,4,4,2.8999675133548276e-16,6.12543703065581,True,271828,6.125437030655808,2054275509,4,1684efb11e9e0601f42951607d2b5c6694546f72bdaf3295d3ae1077287659c4,10.010586486998363,pyvrp,10.0,-1.449983756677414e-16,cvrp20_46186.json,0
"[""accepted""]",not_selected,True,0.0,cvrp_s7799_n20-50-100_x66667_cvrp20_46200,0.0,True,True,0.0,0.0,0.0,20,4,False,6.564674558888976,False,False,,False,6.564674558888976,4,4,1.3529664139975936e-16,6.564674558888977,True,271828,6.564674558888976,900652865,5,f3d82e9bb0bd4ff664344d1afc94b198abb521b71026e90d838ded267ba9e394,10.01188566700148,pyvrp,10.0,0.0,cvrp20_46200.json,0
"[""accepted""]",not_selected,True,8.881784197001252e-16,cvrp_s7799_n20-50-100_x66667_cvrp20_46303,0.0,True,True,0.0,0.0,0.0,20,4,False,7.056118857347817,False,False,,False,7.056118857347816,4,4,2.5174701210573565e-16,7.056118857347818,True,271828,7.056118857347816,2442193619,5,788720efaac22136d64ddb0a941db5a594164201c7fb99fe7e7e01d67613d482,10.009579685000062,pyvrp,10.0,1.2587350605286782e-16,cvrp20_46303.json,0
"[""accepted""]",not_selected,True,8.881784197001252e-16,cvrp_s7799_n20-50-100_x66667_cvrp20_4631,0.0,True,True,0.0,0.0,0.0,20,4,False,5.882469221038258,False,False,,False,5.882469221038257,4,4,3.019746933901888e-16,5.882469221038259,True,271829,5.882469221038257,2611231337,4,c51e29190d3d3f585b50054ad194b380f0e828493c899a3e04e8fdd000480076,10.011404718999984,pyvrp,10.0,1.5098734669509438e-16,cvrp20_4631.json,0
"[""accepted""]",not_selected,True,1.7763568394002505e-15,cvrp_s7799_n20-50-100_x66667_cvrp20_46368,0.0,True,True,0.0,0.0,0.0,20,4,False,6.10872372804611,False,False,,False,6.108723728046108,4,4,1.453950872949711e-16,6.108723728046109,True,271829,6.108723728046108,1682579800,4,d61da769f6b0f66537f29bba5e6f0e25b6ac768ec9de062ab97f14a8c5d1ee4f,10.008358016002603,pyvrp,10.0,2.907901745899421e-16,cvrp20_46368.json,0
"[""accepted""]",not_selected,True,0.0,cvrp_s7799_n20-50-100_x66667_cvrp20_46736,0.0,True,True,0.0,0.0,0.0,20,4,False,5.855540017380541,False,False,,False,5.855540017380541,4,4,1.5168172654679412e-16,5.855540017380542,True,271828,5.855540017380541,547620291,4,ebe62d283d7913e70933f315557bb09cc5e1958424db5d258f9191469e8b7a73,10.010787346000143,pyvrp,10.0,0.0,cvrp20_46736.json,0
"[""accepted""]",stable_control,True,1.7763568394002505e-15,cvrp_s7799_n20-50-100_x66667_cvrp20_46833,0.0,True,True,0.0,0.0,0.0,20,4,False,6.0115900375164335,False,True,6.011590037516432,True,6.011590037516432,4,4,4.432330286117074e-16,6.011590037516434,True,271829,6.011590037516432,4229516535,4,ff245454dc11b8e1ce65a7012b8c3c1fcc3906f6fbf42c5b09bc7bfd34d4cd55,10.01149297200027,pyvrp,10.0,2.9548868574113816e-16,cvrp20_46833.json,0
"[""accepted""]",not_selected,True,8.881784197001252e-16,cvrp_s7799_n20-50-100_x66667_cvrp20_47294,0.0,True,True,0.0,0.0,0.0,20,4,False,5.81104751871389,False,False,,False,5.811047518713889,4,4,1.5284308325475514e-16,5.81104751871389,True,271829,5.811047518713889,3202751616,3,c5106d7e99b3f2da99549f347d846e34839d03b1c37b64e9082ebf29f96cc41f,10.009510337000393,pyvrp,10.0,1.5284308325475512e-16,cvrp20_47294.json,0
"[""accepted""]",not_selected,True,1.7763568394002505e-15,cvrp_s7799_n20-50-100_x66667_cvrp20_47349,0.0,True,True,0.0,0.0,0.0,20,4,False,7.210723103145461,False,False,,False,7.210723103145459,4,4,3.695240020987705e-16,7.210723103145462,True,271831,7.210723103145459,4237343357,4,284b4896dc7857a4b387101de3de809ca07fa8c0796ab530623d4c578f6eff84,10.011086376998719,pyvrp,10.0,2.463493347325136e-16,cvrp20_47349.json,0
"[""accepted""]",not_selected,True,0.0,cvrp_s7799_n20-50-100_x66667_cvrp20_47564,0.0,True,True,0.0,0.0,0.0,20,4,False,6.412129073126748,False,False,,False,6.412129073126748,4,4,1.3851536822963897e-16,6.412129073126749,True,271829,6.412129073126748,3554297735,4,ab3cb7b752bb55f3c0ea1a38f39f412f0fa5a6c0a1cada7c4f64533b5e887964,10.011626528001216,pyvrp,10.0,0.0,cvrp20_47564.json,0
"[""accepted""]",not_selected,True,0.0,cvrp_s7799_n20-50-100_x66667_cvrp20_47580,0.0,True,True,0.0,0.0,0.0,20,4,False,6.736258774516932,False,False,,False,6.736258774516932,4,4,2.6370080171506415e-16,6.736258774516934,True,271829,6.736258774516932,1263556619,4,164533a9684c77d46e083dc695cc5cac6b00c45ab5b19a0d4b85b99d603a73e7,10.00880775299811,pyvrp,10.0,0.0,cvrp20_47580.json,0
"[""accepted""]",not_selected,True,-8.881784197001252e-16,cvrp_s7799_n20-50-100_x66667_cvrp20_47745,0.0,True,True,0.0,0.0,0.0,20,4,False,7.86956786032185,False,False,,False,7.869567860321851,4,4,1.1286241321817641e-16,7.869567860321852,True,271830,7.869567860321851,1254914807,4,0b5e232a76617b43f14d212ead5d36db63f2aa9492a63463299656e4b40f91de,10.008581072001107,pyvrp,10.0,-1.1286241321817644e-16,cvrp20_47745.json,0
"[""accepted""]",not_selected,True,0.0,cvrp_s7799_n20-50-100_x66667_cvrp20_47817,0.0,True,True,0.0,0.0,0.0,20,4,False,6.398074790385683,False,False,,False,6.398074790385683,4,4,2.776392739374604e-16,6.398074790385685,True,271828,6.398074790385683,3502751401,3,74437b5f65eb6323f3b55afdc104ac5282422b8b944e7ce8304e1902458e991e,10.009663025000918,pyvrp,10.0,0.0,cvrp20_47817.json,0
"[""accepted""]",not_selected,True,8.881784197001252e-16,cvrp_s7799_n20-50-100_x66667_cvrp20_47863,0.0,True,True,0.0,0.0,0.0,20,4,False,5.4981105370776175,False,False,,False,5.498110537077617,4,4,3.230849629924735e-16,5.498110537077618,True,271829,5.498110537077617,2626642888,4,43993424530e4e767c1f4e561b1b4683477eed253eb9706d57a4941f529d1a7f,10.011612650003372,pyvrp,10.0,1.6154248149623672e-16,cvrp20_47863.json,0
"[""accepted""]",not_selected,True,-1.7763568394002505e-15,cvrp_s7799_n20-50-100_x66667_cvrp20_48010,0.0,True,True,0.0,0.0,0.0,20,4,False,5.440678776128404,False,False,,False,5.440678776128406,4,4,1.6324772261819767e-16,5.440678776128407,True,271831,5.440678776128406,1886414116,4,094a1a291c6ee398744f418458b88bad481ed1079ea4f4af89e6a80a0b4b59a2,10.0084227619991,pyvrp,10.0,-3.2649544523639544e-16,cvrp20_48010.json,0
"[""accepted""]",stable_control,True,0.0,cvrp_s7799_n20-50-100_x66667_cvrp20_48064,0.0,True,True,0.0,0.0,0.0,20,4,False,5.429921195084168,False,True,5.429921195084168,True,5.429921195084168,4,4,1.6357114362989532e-16,5.429921195084169,True,271830,5.429921195084168,4148584046,4,8330ff9d145923df0209bb88591749b660e5ddf4c7f0ce59d03ef5adf6629b64,10.01067097199848,pyvrp,10.0,0.0,cvrp20_48064.json,0
"[""accepted""]",stable_control,True,1.7763568394002505e-15,cvrp_s7799_n20-50-100_x66667_cvrp20_48068,0.0,True,True,0.0,0.0,0.0,20,4,False,6.417867172641506,False,True,6.45375348116501,True,6.417867172641504,4,4,1.3839152413223963e-16,6.417867172641505,True,271828,6.417867172641504,2848630583,4,51b5c444eecc97167a026d60565d8cea343146846a6ff43a28212b2502a1051c,10.011080983000284,pyvrp,10.0,2.7678304826447916e-16,cvrp20_48068.json,0
"[""accepted""]",not_selected,True,0.0,cvrp_s7799_n20-50-100_x66667_cvrp20_48075,0.0,True,True,0.0,0.0,0.0,20,4,False,6.5844129796148305,False,False,,False,6.5844129796148305,4,4,2.6978211192095705e-16,6.584412979614832,True,271831,6.5844129796148305,4088198566,4,0cc0511f511ad07e397a4b0b3401cb9ded0eeb6859a7fa8410e49ad146a775fb,10.00977262699962,pyvrp,10.0,0.0,cvrp20_48075.json,0
"[""route_membership_ambiguous""]",unstable_matrix,True,0.0004772163864297241,cvrp_s7799_n20-50-100_x66667_cvrp20_48089,0.18947368421052632,False,False,0.6,0.18947368421052632,0.09473684210526316,20,4,True,5.123449669674372,False,True,5.123449669674371,True,5.122972453287942,4,4,9.315224525998705e-05,5.123449669674371,True,271831,5.122972453287942,3502093744,3,fc0aacb9b9b4ab72ea717d2f42fbaa2ac177ffd7b4b8977e025f8e56ae541967,10.011164101000759,pyvrp,10.0,9.314356872760189e-05,cvrp20_48089.json,0
"[""accepted""]",not_selected,True,0.0,cvrp_s7799_n20-50-100_x66667_cvrp20_48161,0.0,True,True,0.0,0.0,0.0,20,4,False,5.554446046664037,False,False,,False,5.554446046664037,4,4,4.797121507194543e-16,5.554446046664039,True,271829,5.554446046664037,2573735467,3,6a44eb14d671ece751a63697593cc742149bc14de6841b959d9bb99f0d8d4b40,10.011202715999389,pyvrp,10.0,0.0,cvrp20_48161.json,0
"[""accepted""]",not_selected,True,1.7763568394002505e-15,cvrp_s7799_n20-50-100_x66667_cvrp20_48195,0.0,True,True,0.0,0.0,0.0,20,4,False,6.026604137008562,False,False,,False,6.02660413700856,4,4,0.00010625127825209709,6.027244471401636,True,271828,6.02660413700856,1727906441,5,8d7d1090d3d45b46d547ec6f00a0bc2eff5b90c1f0da1adcddeeffe1cb0386e3,10.011585193999053,pyvrp,10.0,2.947525337680441e-16,cvrp20_48195.json,0
"[""accepted""]",not_selected,True,2.6645352591003757e-15,cvrp_s7799_n20-50-100_x66667_cvrp20_48359,0.0,True,True,0.0,0.0,0.0,20,4,False,4.970247045520154,False,False,,False,4.970247045520152,4,4,5.360971466201081e-16,4.970247045520154,True,271828,4.970247045520152,3691211509,4,faa92827e945e04b537666bb7af602a17e35c5ebd3407c3abc891a390e02e433,10.012494316000812,pyvrp,10.0,5.360971466201078e-16,cvrp20_48359.json,0
"[""accepted""]",not_selected,True,0.0,cvrp_s7799_n20-50-100_x66667_cvrp20_48693,0.0,True,True,0.0,0.0,0.0,20,4,False,5.289378664349176,False,False,,False,5.289378664349176,4,4,1.679173445619458e-16,5.289378664349177,True,271828,5.289378664349176,939877362,4,d7ea788d5e24e74fe45e8aeb976e932ebb8cec6928fc002b56b52f11d2bd9159,10.010619443000905,pyvrp,10.0,0.0,cvrp20_48693.json,0
"[""accepted""]",not_selected,True,8.881784197001252e-16,cvrp_s7799_n20-50-100_x66667_cvrp20_48812,0.0,True,True,0.0,0.0,0.0,20,4,False,6.301864972883703,False,False,,False,6.301864972883702,4,4,2.818779594681475e-16,6.3018649728837035,True,271830,6.301864972883702,4010841758,4,f99058499cf2403fa2eab1c5d353eef31938338f6e1aae37945566dcec98b8fe,10.009559384001477,pyvrp,10.0,1.4093897973407372e-16,cvrp20_48812.json,0
"[""accepted""]",not_selected,True,2.6645352591003757e-15,cvrp_s7799_n20-50-100_x66667_cvrp20_48940,0.0,True,True,0.0,0.0,0.0,20,4,False,6.95830960268691,False,False,,False,6.958309602686907,4,4,1.2764284293374368e-16,6.958309602686908,True,271829,6.958309602686907,2554857640,4,e1de7db281b9868a23d4399cfaee01ebff8e2d901504fe243a6c2dcc44ce9a6a,10.006393676998414,pyvrp,10.0,3.8292852880123086e-16,cvrp20_48940.json,0
"[""accepted""]",not_selected,True,8.881784197001252e-16,cvrp_s7799_n20-50-100_x66667_cvrp20_4902,0.0,True,True,0.0,0.0,0.0,20,4,False,7.209626143933228,False,False,,False,7.209626143933227,4,4,1.2319340864123885e-16,7.209626143933228,True,271829,7.209626143933227,1912181940,4,b0202a7dc403c051662ed9f703cae1ddeb56894fc2b7937f7212ca75f4e8a7f4,10.010371953001595,pyvrp,10.0,1.2319340864123885e-16,cvrp20_4902.json,0
"[""accepted""]",not_selected,True,0.0,cvrp_s7799_n20-50-100_x66667_cvrp20_49061,0.0,True,True,0.0,0.0,0.0,20,4,False,7.034793296893466,False,False,,False,7.034793296893466,4,4,2.525101683065346e-16,7.034793296893468,True,271831,7.034793296893466,992774478,4,eec448987194a995763428d0386df297e37307e060ded53ca88c84dc3ea14011,10.010925100999884,pyvrp,10.0,0.0,cvrp20_49061.json,0
"[""accepted""]",not_selected,True,8.881784197001252e-16,cvrp_s7799_n20-50-100_x66667_cvrp20_49156,0.0,True,True,0.0,0.0,0.0,20,4,False,5.9085625508809,False,False,,False,5.908562550880899,4,4,1.5032055801249122e-16,5.9085625508809,True,271828,5.908562550880899,3552316116,4,d278f3cfe919f769cfeb743658666239df7105df92fe248973cf2f6a9a1b5669,10.009890158002236,pyvrp,10.0,1.503205580124912e-16,cvrp20_49156.json,0
"[""accepted""]",not_selected,True,1.7763568394002505e-15,cvrp_s7799_n20-50-100_x66667_cvrp20_49415,0.0,True,True,0.0,0.0,0.0,20,4,False,5.884295894647279,False,False,,False,5.884295894647277,4,4,3.018809507890546e-16,5.884295894647279,True,271830,5.884295894647277,2448485171,4,d66c59a22c04be2d80ee885dc61c9a05de8d6860f61dd3cd894378bfc0b3351a,10.010572872997727,pyvrp,10.0,3.018809507890545e-16,cvrp20_49415.json,0
"[""accepted""]",not_selected,True,8.881784197001252e-16,cvrp_s7799_n20-50-100_x66667_cvrp20_49429,0.0,True,True,0.0,0.0,0.0,20,4,False,6.830933169183955,False,False,,False,6.830933169183954,4,4,3.9006899835014635e-16,6.8309331691839565,True,271828,6.830933169183954,2210248553,4,c1eb8ee1c81ec75cff0c86c8ba8f321c24cff03f8752c201eea1dfd8074bbd3e,10.010379150000517,pyvrp,10.0,1.3002299945004877e-16,cvrp20_49429.json,0
"[""accepted""]",stable_control,True,8.881784197001252e-16,cvrp_s7799_n20-50-100_x66667_cvrp20_49492,0.0,True,True,0.0,0.0,0.0,20,4,False,6.678107260876432,False,True,6.678107260876432,True,6.678107260876431,4,4,3.9899557689204944e-16,6.678107260876434,True,271829,6.678107260876431,114671944,4,378ea025f086fba67c430330b046a75141363a3fc2cee857a7cc4480281aa8c6,10.008583508999436,pyvrp,10.0,1.3299852563068311e-16,cvrp20_49492.json,0
"[""accepted""]",not_selected,True,0.0,cvrp_s7799_n20-50-100_x66667_cvrp20_49628,0.0,True,True,0.0,0.0,0.0,20,4,False,4.9455812077539,False,False,,False,4.9455812077539,4,4,1.795903014002884e-16,4.945581207753901,True,271829,4.9455812077539,2696363173,4,f729a283899bc1fcfc3deb584cbc4997c1b278e930d2301119c20bf5447d804b,10.011122969001008,pyvrp,10.0,0.0,cvrp20_49628.json,0
"[""accepted""]",not_selected,True,8.881784197001252e-16,cvrp_s7799_n20-50-100_x66667_cvrp20_49668,0.0,True,True,0.0,0.0,0.0,20,4,False,4.9893425691521855,False,False,,False,4.989342569152185,4,4,1.7801512070778678e-16,4.9893425691521855,True,271828,4.989342569152185,815502791,4,a1f906b8b197bb48f92c832a9d94ed71b2af8631fc367adae3388194b2a49e66,10.012076727998647,pyvrp,10.0,1.7801512070778676e-16,cvrp20_49668.json,0
"[""accepted""]",stable_control,True,0.0,cvrp_s7799_n20-50-100_x66667_cvrp20_49682,0.0,True,True,0.0,0.0,0.0,20,4,False,4.384961181365866,False,True,4.384961181365866,True,4.384961181365866,4,4,2.0255103362704518e-16,4.384961181365867,True,271830,4.384961181365866,1521951657,3,b042cbece757dfbbcba6bf2f544c1792aaeedc8183319cdb1eeb2c97eda058c7,10.01322297599836,pyvrp,10.0,0.0,cvrp20_49682.json,0
"[""accepted""]",not_selected,True,1.7763568394002505e-15,cvrp_s7799_n20-50-100_x66667_cvrp20_49687,0.0,True,True,0.0,0.0,0.0,20,4,False,5.867013436330351,False,False,,False,5.86701343633035,4,4,1.5138510067153616e-16,5.8670134363303506,True,271829,5.86701343633035,728940898,5,8fc3a508cab702b7ea48d4320593e4db0993e003e028dca705aee4394c8bbbac,10.00960948699867,pyvrp,10.0,3.0277020134307223e-16,cvrp20_49687.json,0
"[""accepted""]",not_selected,True,0.0,cvrp_s7799_n20-50-100_x66667_cvrp20_50427,0.0,True,True,0.0,0.0,0.0,20,4,False,4.90268978068103,False,False,,False,4.90268978068103,4,4,1.8116145614596665e-16,4.902689780681031,True,271830,4.90268978068103,3735667949,3,0ac3e651bd78e8c0b0635d1681137074162b0482f75938f777a63435a3dd8e48,10.010565864002274,pyvrp,10.0,0.0,cvrp20_50427.json,0
"[""accepted""]",not_selected,True,-8.881784197001252e-16,cvrp_s7799_n20-50-100_x66667_cvrp20_50473,0.0,True,True,0.0,0.0,0.0,20,4,False,7.717165978881299,False,False,,False,7.7171659788813,4,4,1.1509126823638408e-16,7.717165978881301,True,271830,7.7171659788813,215137849,4,e5aa3da7e44e9a00d0f54ecca4781a95d910eb6f8207ac50776dfbf3b8fc766d,10.011099331997684,pyvrp,10.0,-1.1509126823638408e-16,cvrp20_50473.json,0
"[""accepted""]",not_selected,True,0.0,cvrp_s7799_n20-50-100_x66667_cvrp20_50509,0.0,True,True,0.0,0.0,0.0,20,4,False,6.059689932580118,False,False,,False,6.059689932580118,4,4,1.4657159517763532e-16,6.059689932580119,True,271828,6.059689932580118,2939079760,4,d1b7842f6931efbbfecf0d27196d4d9ff827f96f13b42f716cb4704098546ea6,10.008847099001287,pyvrp,10.0,0.0,cvrp20_50509.json,0
"[""accepted""]",not_selected,True,8.881784197001252e-16,cvrp_s7799_n20-50-100_x66667_cvrp20_50554,0.0,True,True,0.0,0.0,0.0,20,4,False,7.508549011276462,False,False,,False,7.508549011276461,4,4,1.1828895547811495e-16,7.508549011276462,True,271828,7.508549011276461,1820483416,5,56f1bb64fd13a9691004b0a69796d88949f2fab7ddd55e96c9fce9a738b9ecb1,10.01086132600176,pyvrp,10.0,1.1828895547811492e-16,cvrp20_50554.json,0
"[""accepted""]",not_selected,True,0.0,cvrp_s7799_n20-50-100_x66667_cvrp20_50637,0.0,True,True,0.0,0.0,0.0,20,4,False,5.715431715151572,False,False,,False,5.715431715151572,4,4,1.5540005794235455e-16,5.715431715151573,True,271830,5.715431715151572,3344318367,4,0ee1efc4511210e7d2cbae018dc3eb5e938db76b951bf70edb1d98ae94ee5aad,10.009407925001142,pyvrp,10.0,0.0,cvrp20_50637.json,0
"[""accepted""]",not_selected,True,1.7763568394002505e-15,cvrp_s7799_n20-50-100_x66667_cvrp20_50663,0.0,True,True,0.0,0.0,0.0,20,4,False,6.115520893895807,False,False,,False,6.115520893895805,4,4,4.3570045877203626e-16,6.115520893895808,True,271830,6.115520893895805,306265903,4,bd48439713a6cf5a778ae15e0df5a185c389c9ff47f87ca3a1c7dcdbc5da0f17,10.010905923998507,pyvrp,10.0,2.904669725146908e-16,cvrp20_50663.json,0
"[""accepted""]",not_selected,True,0.0,cvrp_s7799_n20-50-100_x66667_cvrp20_50820,0.0,True,True,0.0,0.0,0.0,20,4,False,6.825421932590915,False,False,,False,6.825421932590915,4,4,0.0,6.825421932590915,True,271828,6.825421932590915,1950129129,5,fdba88c698d8f398a8c4301c73b93a9feee809755ec4a656a43805967607fb0f,10.012530443000287,pyvrp,10.0,0.0,cvrp20_50820.json,0
"[""accepted""]",not_selected,True,2.6645352591003757e-15,cvrp_s7799_n20-50-100_x66667_cvrp20_51106,0.0,True,True,0.0,0.0,0.0,20,4,False,6.580289848001638,False,False,,False,6.580289848001636,4,4,6.748778854854362e-16,6.58028984800164,True,271828,6.580289848001636,2486176177,5,ecdbe16738cfd3c1017eb44afed9f3049c807ff41897bb280136a9a950d30e81,10.012122735002777,pyvrp,10.0,4.0492673129126157e-16,cvrp20_51106.json,0
"[""accepted""]",stable_control,True,0.0,cvrp_s7799_n20-50-100_x66667_cvrp20_51109,0.0,True,True,0.0,0.0,0.0,20,4,False,5.893368943960309,False,True,5.893368943960309,True,5.893368943960309,4,4,0.0,5.893368943960309,True,271828,5.893368943960309,3307959434,4,318d9f1d36030b9791a15f8462db3ddf5274042a74780c3de64b2a8443cbfb85,10.00992147299985,pyvrp,10.0,0.0,cvrp20_51109.json,0
"[""accepted""]",not_selected,True,-8.881784197001252e-16,cvrp_s7799_n20-50-100_x66667_cvrp20_51200,0.0,True,True,0.0,0.0,0.0,20,4,False,5.410792457728035,False,False,,False,5.410792457728036,4,4,0.0,5.410792457728036,True,271828,5.410792457728036,3360434732,4,aa364909177981b11d8247c36ec5d1149b16497e7f39e7a0dc8d87136f08ea54,10.012290071997995,pyvrp,10.0,-1.641494155687995e-16,cvrp20_51200.json,0
"[""accepted""]",not_selected,True,0.0,cvrp_s7799_n20-50-100_x66667_cvrp20_51207,0.0,True,True,0.0,0.0,0.0,20,4,False,6.718184925033901,False,False,,False,6.718184925033901,4,4,2.644102327075027e-16,6.718184925033903,True,271828,6.718184925033901,2086342293,4,b4305cd938df33d18256f2c69fc0e26f855f823a95d5d20616bd2fa02a8aa491,10.010630273998686,pyvrp,10.0,0.0,cvrp20_51207.json,0
"[""accepted""]",not_selected,True,8.881784197001252e-16,cvrp_s7799_n20-50-100_x66667_cvrp20_51327,0.0,True,True,0.0,0.0,0.0,20,4,False,6.872347087228359,False,False,,False,6.872347087228358,4,4,1.2923945901258762e-16,6.872347087228359,True,271831,6.872347087228358,3896816233,4,b648b66349c09c9d13888dd7f7193ff135493afc6980f32228fd9cf1f11749a8,10.011164034000103,pyvrp,10.0,1.292394590125876e-16,cvrp20_51327.json,0
"[""accepted""]",not_selected,True,8.881784197001252e-16,cvrp_s7799_n20-50-100_x66667_cvrp20_51610,0.0,True,True,0.0,0.0,0.0,20,4,False,6.196716506148344,False,False,,False,6.196716506148343,4,4,1.4333049104616617e-16,6.196716506148344,True,271829,6.196716506148343,2231297573,4,4aa84e7a1ba3b32afb7c379bc275b75d9d305195e5e740868a5ecb210f939658,10.011412706000556,pyvrp,10.0,1.4333049104616615e-16,cvrp20_51610.json,0
"[""accepted""]",not_selected,True,0.0,cvrp_s7799_n20-50-100_x66667_cvrp20_51917,0.0,True,True,0.0,0.0,0.0,20,4,False,5.2675579312753165,False,False,,False,5.2675579312753165,4,4,3.3722587631232387e-16,5.267557931275318,True,271830,5.2675579312753165,152064954,4,9d10fd82e7d3327d568a65af5ee07cc5cf382abcf1492d099bb93d6089ce2c68,10.008856910997565,pyvrp,10.0,0.0,cvrp20_51917.json,0
"[""accepted""]",not_selected,True,0.0,cvrp_s7799_n20-50-100_x66667_cvrp20_51973,0.0,True,True,0.0,0.0,0.0,20,4,False,7.0656479500074925,False,False,,False,7.0656479500074925,4,4,2.51407493264417e-16,7.065647950007494,True,271829,7.0656479500074925,1333590523,4,6d410df27f2415e6c7b3ab8bace9c509d3f0ad9048bcff832f5e514ccff016f1,10.009520564999548,pyvrp,10.0,0.0,cvrp20_51973.json,0
"[""accepted""]",not_selected,True,8.881784197001252e-16,cvrp_s7799_n20-50-100_x66667_cvrp20_52259,0.0,True,True,0.0,0.0,0.0,20,4,False,6.442100735202829,False,False,,False,6.442100735202828,4,4,2.757418600571328e-16,6.44210073520283,True,271828,6.442100735202828,307169248,3,05531413c577af71430b687331dbd6eb61b40eb7ee18af7ad4b541299b4378e7,10.009993498999393,pyvrp,10.0,1.3787093002856637e-16,cvrp20_52259.json,0
"[""accepted""]",stable_control,True,8.881784197001252e-16,cvrp_s7799_n20-50-100_x66667_cvrp20_52270,0.0,True,True,0.0,0.0,0.0,20,4,False,6.713720376975188,False,True,6.848084263249928,True,6.713720376975187,4,4,1.3229303125970922e-16,6.713720376975188,True,271829,6.713720376975187,743744442,4,82cfa767c3fb8da1f201393a4caad020c28bda5ddd7402babbc6af65ee3e1117,10.01081400899784,pyvrp,10.0,1.322930312597092e-16,cvrp20_52270.json,0
"[""accepted""]",stable_control,True,1.7763568394002505e-15,cvrp_s7799_n20-50-100_x66667_cvrp20_52315,0.0,True,True,0.0,0.0,0.0,20,4,False,7.242752259798828,False,True,7.242752259798827,True,7.242752259798826,4,4,2.452599199423108e-16,7.242752259798828,True,271828,7.242752259798826,50684994,4,6900de7c76a34f456bb1db205451957e516dba51a5fa40dc712c0648e8313970,10.011008748002496,pyvrp,10.0,2.452599199423107e-16,cvrp20_52315.json,0
"[""accepted""]",not_selected,True,0.0,cvrp_s7799_n20-50-100_x66667_cvrp20_52383,0.0,True,True,0.0,0.0,0.0,20,4,False,5.975678600136873,False,False,,False,5.975678600136873,4,4,1.4863222725529138e-16,5.975678600136874,True,271829,5.975678600136873,1293027996,4,74de68311a3220ce032546b0424388d4f87d8c7b20e52d638df086c8b275d24f,10.010479602002306,pyvrp,10.0,0.0,cvrp20_52383.json,0
"[""accepted""]",not_selected,True,0.0,cvrp_s7799_n20-50-100_x66667_cvrp20_52408,0.0,True,True,0.0,0.0,0.0,20,4,False,6.977226282741729,False,False,,False,6.977226282741729,4,4,0.0,6.977226282741729,True,271828,6.977226282741729,3270126239,4,cf46f181906676af6e55fde0f867cc1f856a9c013f78ee0504205c78941ce760,10.010798811999848,pyvrp,10.0,0.0,cvrp20_52408.json,0
"[""accepted""]",not_selected,True,0.0,cvrp_s7799_n20-50-100_x66667_cvrp20_52433,0.0,True,True,0.0,0.0,0.0,20,4,False,5.856829487315439,False,False,,False,5.856829487315439,4,4,1.5164833151173647e-16,5.85682948731544,True,271829,5.856829487315439,1625914567,3,2a24a7e325d17c4a7011144c4c1f8fe99866fcffdf98fffcdcfee8481effebc3,10.01046127799782,pyvrp,10.0,0.0,cvrp20_52433.json,0
"[""accepted""]",stable_control,True,1.7763568394002505e-15,cvrp_s7799_n20-50-100_x66667_cvrp20_5247,0.0,True,True,0.0,0.0,0.0,20,4,False,7.159427627829071,False,True,7.389105308690961,True,7.15942762782907,4,4,2.4811436496619623e-16,7.159427627829071,True,271828,7.15942762782907,1203287631,4,d8dae183b8382a2b8be58a7fde162c2de30bfbc09834a327b820d469e42455ff,10.011686063000525,pyvrp,10.0,2.481143649661962e-16,cvrp20_5247.json,0
"[""accepted""]",not_selected,True,0.0,cvrp_s7799_n20-50-100_x66667_cvrp20_52472,0.0,True,True,0.0,0.0,0.0,20,4,False,5.43165256907259,False,False,,False,5.43165256907259,4,4,1.6351900428192785e-16,5.4316525690725905,True,271828,5.43165256907259,4148558989,4,d5f0845e0e705f443fd1d26fbb56afe698e6292289d165be5273290adfae7eba,10.01146567899923,pyvrp,10.0,0.0,cvrp20_52472.json,0
"[""accepted""]",not_selected,True,8.881784197001252e-16,cvrp_s7799_n20-50-100_x66667_cvrp20_52679,0.0,True,True,0.0,0.0,0.0,20,4,False,4.819675673684601,False,False,,False,4.8196756736846,4,4,3.6856356312503517e-16,4.819675673684602,True,271829,4.8196756736846,3419233917,4,ff969f250e4b02f759f8a002687d9fbb015ec3946000dbdce7a4b939f4bfbfdd,10.011536414000147,pyvrp,10.0,1.8428178156251756e-16,cvrp20_52679.json,0
"[""accepted""]",not_selected,True,0.0,cvrp_s7799_n20-50-100_x66667_cvrp20_52964,0.0,True,True,0.0,0.0,0.0,20,4,False,5.929152582394155,False,False,,False,5.929152582394155,4,4,2.9959708655076787e-16,5.929152582394157,True,271829,5.929152582394155,3096641383,4,6bedd9248f2cdd003843f9faff5f72596b621c1013b2d9f636b4da1fae7ba0ec,10.01037721999819,pyvrp,10.0,0.0,cvrp20_52964.json,0
"[""accepted""]",not_selected,True,-8.881784197001252e-16,cvrp_s7799_n20-50-100_x66667_cvrp20_52990,0.0,True,True,0.0,0.0,0.0,20,4,False,4.787942901742553,False,False,,False,4.787942901742554,4,4,0.0,4.787942901742554,True,271828,4.787942901742554,1589876303,3,b041d311d871a32e7e911a9ae9df897f704774f7a4ecd9bb2ec098d7a0120721,10.011848680002004,pyvrp,10.0,-1.8550313525603579e-16,cvrp20_52990.json,0
"[""accepted""]",not_selected,True,8.881784197001252e-16,cvrp_s7799_n20-50-100_x66667_cvrp20_53069,0.0,True,True,0.0,0.0,0.0,20,4,False,6.250308257238488,False,False,,False,6.250308257238487,4,4,1.4210153853956324e-16,6.250308257238488,True,271828,6.250308257238487,4276720652,4,d79201546558b88ae3673ee3f43169b882b7881fe0b89cdfca48fe6e69abc067,10.011848148998979,pyvrp,10.0,1.4210153853956322e-16,cvrp20_53069.json,0
"[""accepted""]",not_selected,True,1.7763568394002505e-15,cvrp_s7799_n20-50-100_x66667_cvrp20_5308,0.0,True,True,0.0,0.0,0.0,20,4,False,7.502575936393483,False,False,,False,7.502575936393481,4,4,1.183831296384154e-16,7.502575936393482,True,271828,7.502575936393481,1643871252,4,d5fb6695f0c20d9e7fabbb0922a15be91703a4972001b6d194760e4c95de82e4,10.010508610001125,pyvrp,10.0,2.3676625927683073e-16,cvrp20_5308.json,0
"[""accepted""]",not_selected,True,1.7763568394002505e-15,cvrp_s7799_n20-50-100_x66667_cvrp20_53251,0.0,True,True,0.0,0.0,0.0,20,4,False,6.016875085528741,False,False,,False,6.016875085528739,4,4,2.952291370769169e-16,6.016875085528741,True,271828,6.016875085528739,2522137704,4,398f0cde6316c21c03e44b8c8ecbe2564ad805a09ab8b86b7225db688cf0e5a8,10.009031918998517,pyvrp,10.0,2.9522913707691686e-16,cvrp20_53251.json,0
"[""accepted""]",not_selected,True,1.7763568394002505e-15,cvrp_s7799_n20-50-100_x66667_cvrp20_53273,0.0,True,True,0.0,0.0,0.0,20,4,False,5.296445425889205,False,False,,False,5.296445425889203,4,4,1.676933015034346e-16,5.296445425889204,True,271828,5.296445425889203,1658246960,3,41c96110889522aed8b631f15b4205e38d5df229e9637de217122ab03af88f6a,10.011576058001083,pyvrp,10.0,3.353866030068691e-16,cvrp20_53273.json,0
"[""accepted""]",stable_control,True,8.881784197001252e-16,cvrp_s7799_n20-50-100_x66667_cvrp20_53487,0.0,True,True,0.0,0.0,0.0,20,4,False,5.929857200132023,False,True,5.979012416561223,True,5.929857200132022,4,4,1.4978074340143484e-16,5.929857200132023,True,271828,5.929857200132022,1938039131,3,5007c22b2d7f36c03f6dc6405842b0eb6f5b70d6d48438c8c4a025f54f9fd51f,10.01182625599904,pyvrp,10.0,1.497807434014348e-16,cvrp20_53487.json,0
"[""accepted""]",not_selected,True,0.0,cvrp_s7799_n20-50-100_x66667_cvrp20_53730,0.0,True,True,0.0,0.0,0.0,20,4,False,6.257862950224981,False,False,,False,6.257862950224981,4,4,2.8385997800357507e-16,6.2578629502249825,True,271828,6.257862950224981,1920762319,4,71d21d7a6e30614faef2bfb5157e36a13b866f7d3638d39ba383523fb53d08d0,10.010527809998166,pyvrp,10.0,0.0,cvrp20_53730.json,0
"[""accepted""]",not_selected,True,1.7763568394002505e-15,cvrp_s7799_n20-50-100_x66667_cvrp20_53875,0.0,True,True,0.0,0.0,0.0,20,4,False,7.05505181623675,False,False,,False,7.055051816236748,4,4,2.517850875754136e-16,7.05505181623675,True,271829,7.055051816236748,3067185268,4,83b34793f792708bda8b881d75c8e7710e4a7e0da4a31446178a8d305d8eddae,10.010930358002952,pyvrp,10.0,2.5178508757541357e-16,cvrp20_53875.json,0
"[""accepted""]",not_selected,True,8.881784197001252e-16,cvrp_s7799_n20-50-100_x66667_cvrp20_53959,0.0,True,True,0.0,0.0,0.0,20,4,False,7.382207390680722,False,False,,False,7.382207390680721,4,4,1.203133930945044e-16,7.382207390680722,True,271828,7.382207390680721,4236985332,4,67cf590a3de7f696b4ea0c44f5d27eb4d31d1f5cffc8f007ef1b68891a24e0ac,10.010843273998034,pyvrp,10.0,1.203133930945044e-16,cvrp20_53959.json,0
"[""accepted""]",stable_control,True,8.881784197001252e-16,cvrp_s7799_n20-50-100_x66667_cvrp20_53961,0.0,True,True,0.0,0.0,0.0,20,4,False,5.000792346171472,False,True,5.000792346171471,True,5.000792346171471,4,4,3.552150772187535e-16,5.0007923461714725,True,271828,5.000792346171471,609550564,4,eda3a731ad9753daf60352918fc2cbc8f8811d06a986a766bb5bc670e3257366,10.01140530399789,pyvrp,10.0,1.776075386093767e-16,cvrp20_53961.json,0
"[""accepted""]",not_selected,True,8.881784197001252e-16,cvrp_s7799_n20-50-100_x66667_cvrp20_53997,0.0,True,True,0.0,0.0,0.0,20,4,False,4.916110771722454,False,False,,False,4.916110771722453,4,4,4.1659413888826697e-05,4.916315574015815,True,271829,4.916110771722453,1946004437,4,e65c80cfc3acbf7ac24d82a9b28b548ebf8f9f08a947183230181b57853fe253,10.01097094099896,pyvrp,10.0,1.806668850524975e-16,cvrp20_53997.json,0
"[""accepted""]",not_selected,True,8.881784197001252e-16,cvrp_s7799_n20-50-100_x66667_cvrp20_54046,0.0,True,True,0.0,0.0,0.0,20,4,False,4.361786140566869,False,False,,False,4.361786140566868,4,4,4.0725445543494506e-16,4.36178614056687,True,271829,4.361786140566868,1104280847,3,755230c8487487839c05aa86ec545053a20f8be942ef8725bb302215494ac16a,10.01133007899989,pyvrp,10.0,2.0362722771747248e-16,cvrp20_54046.json,0
"[""accepted""]",not_selected,True,-8.881784197001252e-16,cvrp_s7799_n20-50-100_x66667_cvrp20_5410,0.0,True,True,0.0,0.0,0.0,20,4,False,5.323839201312465,False,False,,False,5.323839201312466,4,4,1.6683043685488586e-16,5.323839201312467,True,271829,5.323839201312466,1698930789,4,7c185bbd19c340bdcb51862ae977990a114bd8c92a04e471f561f504be2ead3a,10.00982543599821,pyvrp,10.0,-1.6683043685488588e-16,cvrp20_5410.json,0
"[""accepted""]",not_selected,True,0.0,cvrp_s7799_n20-50-100_x66667_cvrp20_54247,0.0,True,True,0.0,0.0,0.0,20,4,False,4.462687533941791,False,False,,False,4.462687533941791,4,4,1.9902321481056446e-16,4.462687533941792,True,271828,4.462687533941791,1745422778,3,5f5f7e6776bde21e9ae13bb33ad434b80f75a4877bc40786906e6050a27547d6,10.00740756000232,pyvrp,10.0,0.0,cvrp20_54247.json,0
"[""accepted""]",stable_control,True,0.0,cvrp_s7799_n20-50-100_x66667_cvrp20_54318,0.0,True,True,0.0,0.0,0.0,20,4,False,5.496888691392812,False,True,5.496888691392813,True,5.496888691392812,4,4,3.2315677815738234e-16,5.496888691392813,True,271831,5.496888691392812,4015471834,4,292d971184f2b16bda0c49b34999b98df5b3d577ea3100435c77436d13e1b959,10.00875184600227,pyvrp,10.0,0.0,cvrp20_54318.json,0
"[""accepted""]",not_selected,True,-0.001051989060065317,cvrp_s7799_n20-50-100_x66667_cvrp20_54474,0.13157894736842105,True,True,0.0,0.0,0.0,20,4,False,5.112739025016888,False,False,,False,5.113791014076953,4,4,1.7368297164573175e-16,5.113791014076954,True,271829,5.113791014076953,2155471841,3,6e190b090bef0daaaedced16b2dec84ab5d0cab49a11168ea76d010089019eb5,10.01200573999813,pyvrp,10.0,-0.00020575841147335743,cvrp20_54474.json,0
"[""accepted""]",not_selected,True,8.881784197001252e-16,cvrp_s7799_n20-50-100_x66667_cvrp20_54778,0.0,True,True,0.0,0.0,0.0,20,4,False,7.487505664783269,False,False,,False,7.487505664783268,4,4,2.3724280406960717e-16,7.48750566478327,True,271828,7.487505664783268,2896220622,4,4394f6190ba8af6d0c992243de62ca3d038f6fc4665094028dc36241c58cddcb,10.008719085999473,pyvrp,10.0,1.1862140203480356e-16,cvrp20_54778.json,0
"[""accepted""]",stable_control,True,-8.881784197001252e-16,cvrp_s7799_n20-50-100_x66667_cvrp20_54825,0.0,True,True,0.0,0.0,0.0,20,4,False,6.684801453842339,False,True,6.68480145384234,True,6.68480145384234,4,4,2.6573068050947463e-16,6.684801453842342,True,271829,6.68480145384234,3632138614,4,365f72f0984e60c279cbbd87ae9486a95634f90b0096459499cb95f16dec5ed3,10.01085764399977,pyvrp,10.0,-1.3286534025473734e-16,cvrp20_54825.json,0
"[""accepted""]",not_selected,True,0.0,cvrp_s7799_n20-50-100_x66667_cvrp20_5490,0.0,True,True,0.0,0.0,0.0,20,4,False,5.447833957278059,False,False,,False,5.447833957278059,4,4,3.2606662635653907e-16,5.4478339572780605,True,271828,5.447833957278059,1724561974,4,b982e4a45053da62427b1a6b71f49c68dec10b971eaeac228e1e5f5734944e52,10.009766883002158,pyvrp,10.0,0.0,cvrp20_5490.json,0
"[""accepted""]",not_selected,True,8.881784197001252e-16,cvrp_s7799_n20-50-100_x66667_cvrp20_54976,0.0,True,True,0.0,0.0,0.0,20,4,False,5.297644579467605,False,False,,False,5.297644579467604,4,4,1.6765534312031638e-16,5.297644579467605,True,271829,5.297644579467604,1297365325,3,bd46537a80e038c1c2b5bc20a4cab35f177d7c1592a76f14227b4d0a96afbdc9,10.011143158997584,pyvrp,10.0,1.6765534312031633e-16,cvrp20_54976.json,0
"[""accepted""]",not_selected,True,0.0,cvrp_s7799_n20-50-100_x66667_cvrp20_55127,0.0,True,True,0.0,0.0,0.0,20,4,False,5.989891514885263,False,False,,False,5.989891514885263,4,4,1.482795502210591e-16,5.989891514885264,True,271828,5.989891514885263,500014680,4,d7b7aa2a4539d4ada90a6bbe33c363de5ec46b183e284c857b9efbc60cfd8401,10.01275699100006,pyvrp,10.0,0.0,cvrp20_55127.json,0
"[""accepted""]",not_selected,True,1.7763568394002505e-15,cvrp_s7799_n20-50-100_x66667_cvrp20_55269,0.0,True,True,0.0,0.0,0.0,20,4,False,5.180303350398059,False,False,,False,5.180303350398058,4,4,0.0,5.180303350398058,True,271828,5.180303350398058,3120214110,2,42e523f96f49be3e211bc70e4fae5165930c3cab54f21b5de5a6aa69641e62fe,10.012991175000934,pyvrp,10.0,3.429059495644697e-16,cvrp20_55269.json,0
"[""accepted""]",not_selected,True,8.881784197001252e-16,cvrp_s7799_n20-50-100_x66667_cvrp20_55273,0.0,True,True,0.0,0.0,0.0,20,4,False,5.013577469997869,False,False,,False,5.013577469997868,4,4,3.5430924325599496e-16,5.01357746999787,True,271828,5.013577469997868,3974163586,3,e150eafad81fd34c73464e5b910ebb36059d2dbf1d14908ce942242f60f8483e,10.01254595499995,pyvrp,10.0,1.7715462162799745e-16,cvrp20_55273.json,0
"[""accepted""]",not_selected,True,8.881784197001252e-16,cvrp_s7799_n20-50-100_x66667_cvrp20_55304,0.0,True,True,0.0,0.0,0.0,20,4,False,6.33740312804505,False,False,,False,6.337403128045049,4,4,2.8029727689868736e-16,6.337403128045051,True,271831,6.337403128045049,3747405703,4,fabb790df024f1df70fc8538c4b347331cfcfa94410aa9a191648ec84151df76,10.011007408000296,pyvrp,10.0,1.4014863844934366e-16,cvrp20_55304.json,0
"[""accepted""]",not_selected,True,-8.881784197001252e-16,cvrp_s7799_n20-50-100_x66667_cvrp20_55357,0.0,True,True,0.0,0.0,0.0,20,4,False,5.1131503864998376,False,False,,False,5.113150386499838,4,4,1.7370473241803472e-16,5.113150386499839,True,271829,5.113150386499838,952571404,3,b8b3bdf1ca876e629301939dfe31fc3b2cb1188a304629cc67783feefcc5b2ec,10.011626592997345,pyvrp,10.0,-1.7370473241803474e-16,cvrp20_55357.json,0
"[""accepted""]",not_selected,True,-8.881784197001252e-16,cvrp_s7799_n20-50-100_x66667_cvrp20_55376,0.0,True,True,0.0,0.0,0.0,20,4,False,5.166368463433642,False,False,,False,5.166368463433643,4,4,1.7191542298743227e-16,5.166368463433644,True,271829,5.166368463433643,1333548020,3,5ca04d69efaeaab0e3ae21de22bb0674a3b27a701cb5b9e57383169adde67b2c,10.013130351002474,pyvrp,10.0,-1.719154229874323e-16,cvrp20_55376.json,0
"[""accepted""]",not_selected,True,1.7763568394002505e-15,cvrp_s7799_n20-50-100_x66667_cvrp20_55439,0.0,True,True,0.0,0.0,0.0,20,4,False,5.810624404399059,False,False,,False,5.810624404399057,4,4,3.057084257683945e-16,5.810624404399059,True,271830,5.810624404399057,3563285056,4,4545e170f2edfd0a6a130dce19bf4ab8d2449e1196ed0f1c96c7955d0df85469,10.01301443400007,pyvrp,10.0,3.057084257683944e-16,cvrp20_55439.json,0
"[""accepted""]",not_selected,True,8.881784197001252e-16,cvrp_s7799_n20-50-100_x66667_cvrp20_5564,0.0,True,True,0.0,0.0,0.0,20,4,False,5.413220912603859,False,False,,False,5.413220912603858,4,4,3.2815155118910347e-16,5.41322091260386,True,271829,5.413220912603858,830316783,4,5f83f2232cfa4998ecaf8ad49a7c1caf7b1d7ece7357bfcaab484305adae2e5a,10.01115418700283,pyvrp,10.0,1.640757755945517e-16,cvrp20_5564.json,0
"[""accepted""]",not_selected,True,1.7763568394002505e-15,cvrp_s7799_n20-50-100_x66667_cvrp20_55711,0.0,True,True,0.0,0.0,0.0,20,4,False,6.855234775082175,False,False,,False,6.855234775082173,4,4,5.182482869462213e-16,6.8552347750821765,True,271831,6.855234775082173,1132799514,5,a6ea17a5f959873df60c619ee87836ba3c4d27a591b2582fdd286b78721ecb08,10.011319637997076,pyvrp,10.0,2.591241434731106e-16,cvrp20_55711.json,0
"[""accepted""]",not_selected,True,2.6645352591003757e-15,cvrp_s7799_n20-50-100_x66667_cvrp20_55928,0.0,True,True,0.0,0.0,0.0,20,4,False,7.991711625999688,False,False,,False,7.991711625999685,4,4,3.3341233815691746e-16,7.991711625999688,True,271829,7.991711625999685,1566541280,4,08c57bf1dca10eb077e9af759f25b565152fee177f098d6c87b56cfacbbe473e,10.009477135998168,pyvrp,10.0,3.334123381569173e-16,cvrp20_55928.json,0
"[""accepted""]",not_selected,True,8.881784197001252e-16,cvrp_s7799_n20-50-100_x66667_cvrp20_56106,0.0,True,True,0.0,0.0,0.0,20,4,False,5.256435251056835,False,False,,False,5.256435251056834,4,4,3.37939450322936e-16,5.2564352510568355,True,271830,5.256435251056834,874359498,4,ab814ca63a3fb11dde4b8db2dab19de6ddb6a01fd6f0c521f7a0870790e7287e,10.009503156001301,pyvrp,10.0,1.6896972516146796e-16,cvrp20_56106.json,0
"[""accepted""]",not_selected,True,0.0,cvrp_s7799_n20-50-100_x66667_cvrp20_56113,0.0,True,True,0.0,0.0,0.0,20,4,False,6.164897546869806,False,False,,False,6.164897546869806,4,4,1.4407026442006212e-16,6.164897546869807,True,271828,6.164897546869806,3631742854,4,fae1a8eb76f708ec6475d33eb556b1f3d2bdc4a9757c18ac603ecf9a506e171d,10.009847809000348,pyvrp,10.0,0.0,cvrp20_56113.json,0
"[""accepted""]",not_selected,True,0.0,cvrp_s7799_n20-50-100_x66667_cvrp20_56185,0.0,True,True,0.0,0.0,0.0,20,4,False,4.8848381080808485,False,False,,False,4.8848381080808485,4,4,0.0,4.8848381080808485,True,271828,4.8848381080808485,3373212415,4,c8a81543223f2b5b26273c0d01ad1cb8e1abc55f330015df94586ec98b4d1e0e,10.01014690699958,pyvrp,10.0,0.0,cvrp20_56185.json,0
"[""accepted""]",not_selected,True,8.881784197001252e-16,cvrp_s7799_n20-50-100_x66667_cvrp20_56297,0.0,True,True,0.0,0.0,0.0,20,4,False,5.817911157334696,False,False,,False,5.817911157334695,4,4,1.526627677324344e-16,5.817911157334696,True,271829,5.817911157334695,2650035584,4,00111c46bea322649cc4eb345c41282078b960fb7480b87f30b8d77d8a245392,10.010849074998987,pyvrp,10.0,1.5266276773243438e-16,cvrp20_56297.json,0
"[""accepted""]",not_selected,True,2.6645352591003757e-15,cvrp_s7799_n20-50-100_x66667_cvrp20_56680,0.0,True,True,0.0,0.0,0.0,20,4,False,7.119931456804692,False,False,,False,7.119931456804689,4,4,1.2474536097552901e-16,7.11993145680469,True,271830,7.119931456804689,3410648808,4,b43af959ef14514c796c59133c064d0ebc88674f17958a8de7710d37f32276ed,10.010817233000125,pyvrp,10.0,3.7423608292658695e-16,cvrp20_56680.json,0
"[""accepted""]",not_selected,True,-8.881784197001252e-16,cvrp_s7799_n20-50-100_x66667_cvrp20_56735,0.0,True,True,0.0,0.0,0.0,20,4,False,7.575341261637151,False,False,,False,7.575341261637152,4,4,1.172459944739408e-16,7.575341261637153,True,271829,7.575341261637152,1656630425,4,2d9d841fec5a0257bb0ad0e7ed24ab532c44b0f68e43c23e785ace5aad7e9838,10.00820743299846,pyvrp,10.0,-1.1724599447394082e-16,cvrp20_56735.json,0
"[""accepted""]",not_selected,True,8.881784197001252e-16,cvrp_s7799_n20-50-100_x66667_cvrp20_56850,0.0,True,True,0.0,0.0,0.0,20,4,False,6.046184941711515,False,False,,False,6.046184941711514,4,4,1.4689898312119867e-16,6.046184941711515,True,271828,6.046184941711514,140362624,4,4b1e7320bc12676d3f9948bbc72b4d097c30c59dffdc4971a3179f4e77b82522,10.010584505002043,pyvrp,10.0,1.4689898312119864e-16,cvrp20_56850.json,0
"[""accepted""]",not_selected,True,8.881784197001252e-16,cvrp_s7799_n20-50-100_x66667_cvrp20_56864,0.0,True,True,0.0,0.0,0.0,20,4,False,6.591684049832957,False,False,,False,6.591684049832956,4,4,2.6948452413238254e-16,6.591684049832958,True,271828,6.591684049832956,3399902177,4,450957b2cfa8130cf28ad46c96b6bb154fae7c48375cb01e230d869f0bfb4427,10.010772073997941,pyvrp,10.0,1.3474226206619125e-16,cvrp20_56864.json,0
"[""accepted""]",not_selected,True,0.0,cvrp_s7799_n20-50-100_x66667_cvrp20_56994,0.0,True,True,0.0,0.0,0.0,20,4,False,5.067594812698716,False,False,,False,5.067594812698716,4,4,1.7526626585741794e-16,5.067594812698717,True,271830,5.067594812698716,2443924608,3,0825acf396b27db074f0a3dba54bccbdd9c8af926567ae89da8458fa83fbf23e,10.009688599999208,pyvrp,10.0,0.0,cvrp20_56994.json,0
"[""accepted""]",not_selected,True,8.881784197001252e-16,cvrp_s7799_n20-50-100_x66667_cvrp20_57055,0.0,True,True,0.0,0.0,0.0,20,4,False,5.07665290048763,False,False,,False,5.0766529004876295,4,4,1.7495354461101973e-16,5.07665290048763,True,271830,5.0766529004876295,1764737328,3,e14f7e73b866d2ae9dd45858c3f9f32d072bf10de884a52e03f24f913b6e8774,10.010209044001385,pyvrp,10.0,1.749535446110197e-16,cvrp20_57055.json,0
"[""accepted""]",not_selected,True,0.0,cvrp_s7799_n20-50-100_x66667_cvrp20_57083,0.0,True,True,0.0,0.0,0.0,20,4,False,5.6133609281503105,False,False,,False,5.6133609281503105,4,4,4.746773445010566e-16,5.613360928150313,True,271829,5.6133609281503105,78436529,4,bdd4315c73b2bd97b602cdde7aec5fb14e9a1b219c9f9332231199b632b464fd,10.011994992000837,pyvrp,10.0,0.0,cvrp20_57083.json,0
"[""accepted""]",stable_control,True,1.7763568394002505e-15,cvrp_s7799_n20-50-100_x66667_cvrp20_57146,0.0,True,True,0.0,0.0,0.0,20,4,False,6.212976261715912,False,True,6.3249034628954135,True,6.2129762617159106,4,4,2.8591077199925644e-16,6.212976261715912,True,271830,6.2129762617159106,523760799,4,0d0e92aa086f5f751db79e87629a5df978598408c9bd0d4291141e1a866c128c,10.010820350998983,pyvrp,10.0,2.859107719992564e-16,cvrp20_57146.json,0
"[""accepted""]",not_selected,True,0.0,cvrp_s7799_n20-50-100_x66667_cvrp20_5715,0.0,True,True,0.0,0.0,0.0,20,4,False,5.396949450259288,False,False,,False,5.396949450259288,4,4,1.6457045371389465e-16,5.396949450259289,True,271828,5.396949450259288,2092298596,4,3fc9d80e6b38b51f67ac0347c186237759d588fad5e3f6872c4d59323f429ed4,10.010812013999384,pyvrp,10.0,0.0,cvrp20_5715.json,0
"[""accepted""]",not_selected,True,8.881784197001252e-16,cvrp_s7799_n20-50-100_x66667_cvrp20_57288,0.0,True,True,0.0,0.0,0.0,20,4,False,5.330778145688242,False,False,,False,5.3307781456882415,4,4,1.6661327772916632e-16,5.330778145688242,True,271829,5.3307781456882415,832411253,4,18498c7adc737d7f1e1401a5b607a861083d1f643863aa484dc265dfa5f36a3f,10.012110576997657,pyvrp,10.0,1.666132777291663e-16,cvrp20_57288.json,0
"[""accepted""]",not_selected,True,-8.881784197001252e-16,cvrp_s7799_n20-50-100_x66667_cvrp20_5732,0.0,True,True,0.0,0.0,0.0,20,4,False,6.038124784417004,False,False,,False,6.038124784417005,4,4,1.4709507527772646e-16,6.038124784417006,True,271829,6.038124784417005,3387820550,4,fa957a0b381d287db111359508db1c6152841b2d48c9a1a44add6afd7aa2d7ec,10.010977073001413,pyvrp,10.0,-1.4709507527772648e-16,cvrp20_5732.json,0
"[""accepted""]",not_selected,True,8.881784197001252e-16,cvrp_s7799_n20-50-100_x66667_cvrp20_57343,0.0,True,True,0.0,0.0,0.0,20,4,False,6.66855530928769,False,False,,False,6.668555309287689,4,4,2.6637806196586746e-16,6.668555309287691,True,271830,6.668555309287689,2127663789,4,6c1685248e1b66a9485d4242d017b4378315be7f1dcd25d7124db75169236f69,10.012056711002515,pyvrp,10.0,1.331890309829337e-16,cvrp20_57343.json,0
"[""accepted""]",not_selected,True,0.0,cvrp_s7799_n20-50-100_x66667_cvrp20_57446,0.0,True,True,0.2,0.042105263157894736,0.028070175438596492,20,4,False,6.100079479094574,False,False,,False,6.100079479094574,4,4,8.538074367223612e-05,6.100600308416959,True,271830,6.100079479094574,1007183301,4,e60532fd74458e479d22560598882811bce851c403fd7b28bbd1a671719f1f04,10.00970550800048,pyvrp,10.0,0.0,cvrp20_57446.json,0
"[""accepted""]",not_selected,True,0.0,cvrp_s7799_n20-50-100_x66667_cvrp20_57564,0.0,True,True,0.0,0.0,0.0,20,4,False,7.340423684870163,False,False,,False,7.340423684870163,4,4,1.2099824994173144e-16,7.340423684870164,True,271830,7.340423684870163,1286526643,4,d7b03a150ab43b555f71d0675fee7a64cec87b5a17a3344f9d521f6a74dec1c7,10.00855081500049,pyvrp,10.0,0.0,cvrp20_57564.json,0
"[""accepted""]",not_selected,True,1.7763568394002505e-15,cvrp_s7799_n20-50-100_x66667_cvrp20_57682,0.0,True,True,0.0,0.0,0.0,20,4,False,5.473102949673622,False,False,,False,5.4731029496736205,4,4,3.2456119604075427e-16,5.473102949673622,True,271828,5.4731029496736205,3744474783,4,10b0c6bbc1b5ee40316751e7ecdc376118f93076b8887f30adb3458447c57469,10.00811224499921,pyvrp,10.0,3.245611960407542e-16,cvrp20_57682.json,0
"[""accepted""]",not_selected,True,8.881784197001252e-16,cvrp_s7799_n20-50-100_x66667_cvrp20_57687,0.0,True,True,0.0,0.0,0.0,20,4,False,6.218401992711214,False,False,,False,6.218401992711213,4,4,1.4283065339635287e-16,6.218401992711214,True,271829,6.218401992711213,1116471539,3,36360bc2c69d114f7c30b5b6b3202cafde9d2035b2a8e174d9f1d6a9fb0cf5e8,10.00848742800008,pyvrp,10.0,1.4283065339635284e-16,cvrp20_57687.json,0
"[""accepted""]",not_selected,True,8.881784197001252e-16,cvrp_s7799_n20-50-100_x66667_cvrp20_5769,0.0,True,True,0.0,0.0,0.0,20,4,False,4.795795708198001,False,False,,False,4.795795708198,4,4,3.7039877164986855e-16,4.795795708198002,True,271828,4.795795708198,991708510,3,76e82aa90e0e17bca9eecefbc1a987858153438ec1cfdbf9c417f62ad9d0a905,10.010237408998364,pyvrp,10.0,1.8519938582493423e-16,cvrp20_5769.json,0
"[""accepted""]",not_selected,True,8.881784197001252e-16,cvrp_s7799_n20-50-100_x66667_cvrp20_5781,0.0,True,True,0.0,0.0,0.0,20,4,False,6.740089545395034,False,False,,False,6.740089545395033,4,4,1.317754628804519e-16,6.740089545395034,True,271830,6.740089545395033,3572670382,4,c4f66e3b467a2ad8636f439a9ee63e76bd0076f6973ed255e845d39de2a5c0f5,10.010934678000922,pyvrp,10.0,1.317754628804519e-16,cvrp20_5781.json,0
"[""accepted""]",not_selected,True,8.881784197001252e-16,cvrp_s7799_n20-50-100_x66667_cvrp20_57946,0.0,True,True,0.0,0.0,0.0,20,4,False,6.477656384633567,False,False,,False,6.477656384633566,4,4,2.74228321776092e-16,6.477656384633568,True,271829,6.477656384633566,1826217524,4,a4283b2240c36ba8f8f3f553fade0ebde24c0b612992e1689f7a27dbbd885bcb,10.011321196001518,pyvrp,10.0,1.3711416088804598e-16,cvrp20_57946.json,0
"[""accepted""]",not_selected,True,0.0,cvrp_s7799_n20-50-100_x66667_cvrp20_5822,0.0,True,True,0.0,0.0,0.0,20,4,False,7.445451408567029,False,False,,False,7.445451408567029,4,4,1.1929141310064185e-16,7.44545140856703,True,271830,7.445451408567029,285991691,4,380119efa3c2525f42fc7869d8fbec31063982cf5f934a4e148ff30c68da5548,10.008859789999406,pyvrp,10.0,0.0,cvrp20_5822.json,0
"[""accepted""]",not_selected,True,8.881784197001252e-16,cvrp_s7799_n20-50-100_x66667_cvrp20_58234,0.0,True,True,0.0,0.0,0.0,20,4,False,6.144967366210856,False,False,,False,6.144967366210855,4,4,2.8907506477053886e-16,6.144967366210857,True,271829,6.144967366210855,412681375,4,6ad275645422de9a28e636761da30f889eca02268d0d6ecbcbed621e5888bb1f,10.012765085000865,pyvrp,10.0,1.445375323852694e-16,cvrp20_58234.json,0
"[""accepted""]",not_selected,True,8.881784197001252e-16,cvrp_s7799_n20-50-100_x66667_cvrp20_58343,0.0,True,True,0.0,0.0,0.0,20,4,False,6.498807628237181,False,False,,False,6.49880762823718,4,4,1.366679044077269e-16,6.498807628237181,True,271828,6.49880762823718,361320944,4,47af8d68ea36314226414bf67c31637ed98e1de3c849a850d71223322f6dbdd9,10.00858065400098,pyvrp,10.0,1.3666790440772687e-16,cvrp20_58343.json,0
"[""accepted""]",not_selected,True,0.0,cvrp_s7799_n20-50-100_x66667_cvrp20_58394,0.0,True,True,0.0,0.0,0.0,20,4,False,5.998237343055533,False,False,,False,5.998237343055533,4,4,1.4807323700326979e-16,5.998237343055534,True,271828,5.998237343055533,3510817603,3,98c2cb72dcccb0c22e78c8d9cebeb491594b42caf31434577e1bead453f563f2,10.011512173001393,pyvrp,10.0,0.0,cvrp20_58394.json,0
"[""accepted""]",not_selected,True,1.7763568394002505e-15,cvrp_s7799_n20-50-100_x66667_cvrp20_58594,0.0,True,True,0.0,0.0,0.0,20,4,False,5.38429179248106,False,False,,False,5.384291792481058,4,4,3.2991466804991136e-16,5.38429179248106,True,271831,5.384291792481058,3199269758,4,8510df15e44f233965e5b270c9f455a5b2b928f69e8e4cc7fd6cc95a6bdcbeb0,10.010036112998932,pyvrp,10.0,3.2991466804991126e-16,cvrp20_58594.json,0
"[""accepted""]",not_selected,True,2.6645352591003757e-15,cvrp_s7799_n20-50-100_x66667_cvrp20_59294,0.0,True,True,0.0,0.0,0.0,20,4,False,6.897552791634205,False,False,,False,6.897552791634203,4,4,5.15068718735935e-16,6.897552791634206,True,271828,6.897552791634203,3370811489,5,2a31d393fffc87597b882b308bb137df001601df6a028fdd63652d64234e9092,10.009112537001783,pyvrp,10.0,3.8630153905195116e-16,cvrp20_59294.json,0
"[""accepted""]",stable_control,True,8.881784197001252e-16,cvrp_s7799_n20-50-100_x66667_cvrp20_59326,0.0,True,True,0.0,0.0,0.0,20,4,False,6.135450844768759,False,True,6.135450844768758,True,6.1354508447687595,4,4,1.4476172039702814e-16,6.13545084476876,True,271828,6.135450844768758,3702414040,4,289ca57f1eca78021a5f9429d827476d556923e6bbf18bb3afe19f6ddeda5af9,10.00501158499901,ortools,10.0,1.4476172039702817e-16,cvrp20_59326.json,0
"[""route_membership_ambiguous""]",unstable_matrix,True,0.0007961567236058897,cvrp_s7799_n20-50-100_x66667_cvrp20_5945,0.07368421052631578,False,False,0.7,0.07368421052631578,0.03684210526315789,20,4,True,5.32510830333613,False,True,5.325108303336131,True,5.324312146612524,4,4,0.0001495323154771132,5.32510830333613,True,271828,5.324312146612524,2269601113,3,b4034ea3ecc56d994a3ca631219df25c4b05bb1c9cb9893b7cdef8c67f92bcf4,10.012754786002915,pyvrp,10.0,0.000149509958906771,cvrp20_5945.json,0
"[""accepted""]",not_selected,True,8.881784197001252e-16,cvrp_s7799_n20-50-100_x66667_cvrp20_59706,0.0,True,True,0.0,0.0,0.0,20,4,False,7.318496879095717,False,False,,False,7.318496879095716,4,4,3.6408231131603754e-16,7.3184968790957186,True,271830,7.318496879095716,3495416238,4,c329805875f1333054a345ab04b28d517983a65823d2123d1ae261aad41ade96,10.010914603000856,pyvrp,10.0,1.2136077043867916e-16,cvrp20_59706.json,0
"[""accepted""]",not_selected,True,8.881784197001252e-16,cvrp_s7799_n20-50-100_x66667_cvrp20_59720,0.0,True,True,0.0,0.0,0.0,20,4,False,6.59204855866271,False,False,,False,6.592048558662709,4,4,2.694696229241081e-16,6.592048558662711,True,271830,6.592048558662709,4221892887,4,d354a28907a39be33bc7a06bbe473a48d3e0516436633d31ef490388e7a784ec,10.010854189000383,pyvrp,10.0,1.3473481146205404e-16,cvrp20_59720.json,0
"[""accepted""]",not_selected,True,3.552713678800501e-15,cvrp_s7799_n20-50-100_x66667_cvrp20_59781,0.0,True,True,0.0,0.0,0.0,20,4,False,5.877117599971764,False,False,,False,5.87711759997176,4,4,7.556241683035174e-16,5.877117599971765,True,271829,5.87711759997176,3790235566,4,5930a3ef9fb72cd29c3afc926ea508622c202faac96dd69e88b85f1e44db501a,10.009915914000885,pyvrp,10.0,6.044993346428136e-16,cvrp20_59781.json,0
"[""accepted""]",not_selected,True,0.0,cvrp_s7799_n20-50-100_x66667_cvrp20_59825,0.0,True,True,0.0,0.0,0.0,20,4,False,5.921064505766936,False,False,,False,5.921064505766936,4,4,3.000063312382652e-16,5.921064505766938,True,271829,5.921064505766936,854806240,3,829b32e547888b8df2679291128f3b7c6e50df5f015aaff9cdcc316c8d07f98d,10.011532085998624,pyvrp,10.0,0.0,cvrp20_59825.json,0
"[""accepted""]",not_selected,True,1.7763568394002505e-15,cvrp_s7799_n20-50-100_x66667_cvrp20_59886,0.0,True,True,0.0,0.0,0.0,20,4,False,6.752302528317756,False,False,,False,6.752302528317754,4,4,3.9461135633746685e-16,6.752302528317757,True,271829,6.752302528317754,1794902110,4,f523785139e78c21a32953df9aed3d2110ec0de3e783db8679e758976255d205,10.011249503000727,pyvrp,10.0,2.6307423755831115e-16,cvrp20_59886.json,0
"[""accepted""]",not_selected,True,8.881784197001252e-16,cvrp_s7799_n20-50-100_x66667_cvrp20_59959,0.0,True,True,0.0,0.0,0.0,20,4,False,5.386660730594397,False,False,,False,5.3866607305943965,4,4,1.6488478931958248e-16,5.386660730594397,True,271830,5.3866607305943965,3022669444,4,8d10d1ad2651a5c38617a79c1e4e2294b589117b4fdfc3dec2bf03cf39c2c54d,10.010876398999244,pyvrp,10.0,1.6488478931958243e-16,cvrp20_59959.json,0
"[""accepted""]",not_selected,True,8.881784197001252e-16,cvrp_s7799_n20-50-100_x66667_cvrp20_60098,0.0,True,True,0.0,0.0,0.0,20,4,False,6.633482387144256,False,False,,False,6.633482387144255,4,4,1.3389323553815753e-16,6.633482387144256,True,271830,6.633482387144255,1943567255,3,a202ac177f322f7a686657d501f0f1fa60e9cc0415ec1708b4f3b090cbad1b78,10.009997739998653,pyvrp,10.0,1.338932355381575e-16,cvrp20_60098.json,0
"[""accepted""]",not_selected,True,8.881784197001252e-16,cvrp_s7799_n20-50-100_x66667_cvrp20_60292,0.0,True,True,0.0,0.0,0.0,20,4,False,5.030063052005377,False,False,,False,5.030063052005376,4,4,1.7657401319174875e-16,5.030063052005377,True,271829,5.030063052005376,2599830915,3,7171360476cd3a573f30c657f3af16f77426a1b36776e39916fdf14798c91244,10.007421919999615,pyvrp,10.0,1.7657401319174872e-16,cvrp20_60292.json,0
"[""accepted""]",not_selected,True,1.7763568394002505e-15,cvrp_s7799_n20-50-100_x66667_cvrp20_60293,0.0,True,True,0.0,0.0,0.0,20,4,False,5.980098017496971,False,False,,False,5.980098017496969,4,4,2.9704476986879934e-16,5.980098017496971,True,271829,5.980098017496969,2302519986,4,954c87baabaa41216a464b2d2ebad1946b6f71d0bb1d44857c94a9cc54ef24af,10.008851155998855,pyvrp,10.0,2.970447698687993e-16,cvrp20_60293.json,0
"[""accepted""]",stable_control,True,0.0,cvrp_s7799_n20-50-100_x66667_cvrp20_60331,0.0,True,True,0.0,0.0,0.0,20,4,False,5.816829429801592,False,True,5.816829429801592,True,5.816829429801593,4,4,1.5269115768629651e-16,5.816829429801594,True,271828,5.816829429801592,3099531556,4,32781653275cd5ddb2c6d95383d19155fdbf032610cd085d7c9f2a702e30cf65,10.005280938003125,ortools,10.0,0.0,cvrp20_60331.json,0
"[""accepted""]",not_selected,True,0.0,cvrp_s7799_n20-50-100_x66667_cvrp20_60460,0.0,True,True,0.0,0.0,0.0,20,4,False,5.915645411830166,False,False,,False,5.915645411830166,4,4,1.5014057771683497e-16,5.915645411830167,True,271828,5.915645411830166,2558035801,4,581a0f233e522496b3260ef66b7ba38d60c45ebc2a4aa731799bc41e900315fc,10.009532177002257,pyvrp,10.0,0.0,cvrp20_60460.json,0
"[""accepted""]",not_selected,True,1.7763568394002505e-15,cvrp_s7799_n20-50-100_x66667_cvrp20_60572,0.0,True,True,0.0,0.0,0.0,20,4,False,5.7443918177354005,False,False,,False,5.744391817735399,4,4,3.0923323055991336e-16,5.7443918177354005,True,271828,5.744391817735399,2817424361,4,dc6317cfb24770dddf7a40801913461f1c19a0f1a5060fdcc46d3c0993db91d4,10.012226804003149,pyvrp,10.0,3.0923323055991326e-16,cvrp20_60572.json,0
"[""accepted""]",not_selected,True,0.0,cvrp_s7799_n20-50-100_x66667_cvrp20_61035,0.0,True,True,0.0,0.0,0.0,20,4,False,6.100965070455709,False,False,,False,6.100965070455709,4,4,4.367399629943053e-16,6.100965070455712,True,271830,6.100965070455709,2653960627,4,ff3b8f37e93d5ac63d471c6beeca50281c4690b919c431ff294155f96bc69dda,10.011522443001013,pyvrp,10.0,0.0,cvrp20_61035.json,0
"[""accepted""]",not_selected,True,-8.881784197001252e-16,cvrp_s7799_n20-50-100_x66667_cvrp20_61144,0.0,True,True,0.0,0.0,0.0,20,4,False,5.2940942450703465,False,False,,False,5.294094245070347,4,4,1.6776777642883143e-16,5.294094245070348,True,271828,5.294094245070347,2938596978,4,b4844eb5da7f15f2c1518127841accfc7e6e0f396023c6fc245c30d904f94fb8,10.009762087000126,pyvrp,10.0,-1.6776777642883148e-16,cvrp20_61144.json,0
"[""accepted""]",not_selected,True,1.7763568394002505e-15,cvrp_s7799_n20-50-100_x66667_cvrp20_61405,0.0,True,True,0.0,0.0,0.0,20,4,False,6.044002292314575,False,False,,False,6.044002292314573,4,4,1.4695203223690274e-16,6.044002292314574,True,271829,6.044002292314573,1533769707,4,c1290e20ca0aac4bb5d3d2985d2b8c5331883e40a5d1be577c267328d8d848cb,10.009695896998892,pyvrp,10.0,2.939040644738054e-16,cvrp20_61405.json,0
"[""accepted""]",not_selected,True,-8.881784197001252e-16,cvrp_s7799_n20-50-100_x66667_cvrp20_61478,0.0,True,True,0.0,0.0,0.0,20,4,False,5.487437506776753,False,False,,False,5.487437506776754,4,4,3.237133611465324e-16,5.487437506776756,True,271829,5.487437506776754,2240426345,4,12af4018ffc43a64c9209ab33a605d21ab4ed38b2e47f0054e344863c53b6fa9,10.008999080000649,pyvrp,10.0,-1.6185668057326622e-16,cvrp20_61478.json,0
"[""accepted""]",not_selected,True,0.0,cvrp_s7799_n20-50-100_x66667_cvrp20_6155,0.0,True,True,0.0,0.0,0.0,20,4,False,4.872053267151754,False,False,,False,4.872053267151754,4,4,1.8230063814950082e-16,4.872053267151755,True,271828,4.872053267151754,3270926106,4,b47a18b530513fc6a8c6f9efd5e0746d8f6e67880e20bb2e574530da90702a6c,10.012472613998398,pyvrp,10.0,0.0,cvrp20_6155.json,0
"[""accepted""]",not_selected,True,1.7763568394002505e-15,cvrp_s7799_n20-50-100_x66667_cvrp20_61603,0.0,True,True,0.0,0.0,0.0,20,4,False,7.758134990126452,False,False,,False,7.75813499012645,4,4,2.2896699292561516e-16,7.758134990126452,True,271829,7.75813499012645,3201366424,5,9a80a45ba1c9793ba9ccfb49ed25ef6e7660adc466b141f2a3565b966b4c2aea,10.010495870999875,pyvrp,10.0,2.289669929256151e-16,cvrp20_61603.json,0
"[""accepted""]",not_selected,True,0.0,cvrp_s7799_n20-50-100_x66667_cvrp20_61681,0.0,True,True,0.0,0.0,0.0,20,4,False,7.2454926314212,False,False,,False,7.2454926314212,4,4,2.4516715836502327e-16,7.245492631421202,True,271828,7.2454926314212,2698277692,5,7a9c7af6c9e22da7cac7400a6e3889ce3afe9a070e1bc2441472060ef4d67dba,10.007798563998222,pyvrp,10.0,0.0,cvrp20_61681.json,0
"[""accepted""]",not_selected,True,1.7763568394002505e-15,cvrp_s7799_n20-50-100_x66667_cvrp20_6197,0.0,True,True,0.0,0.0,0.0,20,4,False,7.624168948648521,False,False,,False,7.624168948648519,4,4,2.329902250808768e-16,7.624168948648521,True,271829,7.624168948648519,3998804745,5,288159daaedb2d5d5d81e61afac476c5d161913a7d4055083d635c946b835df6,10.009740855999553,pyvrp,10.0,2.3299022508087676e-16,cvrp20_6197.json,0
"[""accepted""]",not_selected,True,8.881784197001252e-16,cvrp_s7799_n20-50-100_x66667_cvrp20_62181,0.0,True,True,0.0,0.0,0.0,20,4,False,5.553273719496358,False,False,,False,5.5532737194963575,4,4,3.1987561375983343e-16,5.553273719496359,True,271828,5.5532737194963575,1365287544,4,5c87ef1761be0a95bbaa317b410912db0d295dc6ad1a742f76c0ba681127b429,10.011691176998283,pyvrp,10.0,1.599378068799167e-16,cvrp20_62181.json,0
"[""accepted""]",not_selected,True,0.0,cvrp_s7799_n20-50-100_x66667_cvrp20_6227,0.0,True,True,0.0,0.0,0.0,20,4,False,6.373784327822596,False,False,,False,6.373784327822596,4,4,2.7869735592498266e-16,6.373784327822598,True,271828,6.373784327822596,4211665289,4,3428ec8610fce775ee5b3c98a844c7beeaed0474e7c00921f4851f2bdee0a74a,10.01089332200354,pyvrp,10.0,0.0,cvrp20_6227.json,0
"[""accepted""]",not_selected,True,8.881784197001252e-16,cvrp_s7799_n20-50-100_x66667_cvrp20_62300,0.0,True,True,0.0,0.0,0.0,20,4,False,6.337396120785272,False,False,,False,6.337396120785271,4,4,0.0,6.337396120785271,True,271829,6.337396120785271,340771617,4,668f9e333848813985ee26269f64e65522e2e9d7eb5a03c81763486c7763ef6b,10.008099226000922,pyvrp,10.0,1.4014879341171282e-16,cvrp20_62300.json,0
"[""accepted""]",not_selected,True,0.0,cvrp_s7799_n20-50-100_x66667_cvrp20_62386,0.0,True,True,0.0,0.0,0.0,20,4,False,5.47806493011508,False,False,,False,5.47806493011508,4,4,1.6213360575875228e-16,5.478064930115081,True,271829,5.47806493011508,2341265306,4,65d1de7bb6d9d3993b408decbe8a5151cb9c462c2e456f556617c65422f2bce2,10.01026223000008,pyvrp,10.0,0.0,cvrp20_62386.json,0
"[""accepted""]",stable_control,True,8.881784197001252e-16,cvrp_s7799_n20-50-100_x66667_cvrp20_62728,0.0,True,True,0.0,0.0,0.0,20,4,False,6.007449534415387,False,True,6.007449534415387,True,6.007449534415386,4,4,1.4784617242507693e-16,6.007449534415387,True,271830,6.007449534415386,855457735,3,cdd1209dff0850f8e11410d25873747581f17c45252c8674247068634e3bc875,10.009042376001162,pyvrp,10.0,1.478461724250769e-16,cvrp20_62728.json,0
"[""accepted""]",not_selected,True,8.881784197001252e-16,cvrp_s7799_n20-50-100_x66667_cvrp20_62738,0.0,True,True,0.0,0.0,0.0,20,4,False,5.464616067545897,False,False,,False,5.464616067545896,4,4,1.6253262968920655e-16,5.464616067545897,True,271830,5.464616067545896,3164437735,4,9b91cfdc9c96df3f820f3c1a0246e3573760f62af0fe4aaf600dbf108141e9ed,10.007803316002537,pyvrp,10.0,1.6253262968920652e-16,cvrp20_62738.json,0
"[""accepted""]",not_selected,True,8.881784197001252e-16,cvrp_s7799_n20-50-100_x66667_cvrp20_63182,0.0,True,True,0.0,0.0,0.0,20,4,False,5.280276091185626,False,False,,False,5.280276091185625,4,4,1.682068142578308e-16,5.280276091185626,True,271828,5.280276091185625,3612608063,4,d75eb95bfab59fdb032673d284c965e8b453c0f2b11c75c8ba23b3b523a44126,10.01273554799991,pyvrp,10.0,1.6820681425783077e-16,cvrp20_63182.json,0
"[""accepted""]",not_selected,True,8.881784197001252e-16,cvrp_s7799_n20-50-100_x66667_cvrp20_63324,0.0,True,True,0.0,0.0,0.0,20,4,False,7.746770613403347,False,False,,False,7.7467706134033465,4,4,1.146514417457272e-16,7.746770613403347,True,271829,7.7467706134033465,81002666,4,cd7cb9abf7b23ad6d8191dbf3e0f7205b804134c6ea6b7da10122d0822cc5296,10.008397333000175,pyvrp,10.0,1.146514417457272e-16,cvrp20_63324.json,0
"[""accepted""]",not_selected,True,1.7763568394002505e-15,cvrp_s7799_n20-50-100_x66667_cvrp20_63374,0.0,True,True,0.0,0.0,0.0,20,4,False,6.14407433937784,False,False,,False,6.1440743393778385,4,4,4.3367562173249876e-16,6.144074339377841,True,271828,6.1440743393778385,2901271564,4,1476689720f3db768c3c01b9a8351a9f95f6f13caab5f1d2354acde91f993b68,10.008773124998697,pyvrp,10.0,2.891170811549991e-16,cvrp20_63374.json,0
"[""accepted""]",not_selected,True,8.881784197001252e-16,cvrp_s7799_n20-50-100_x66667_cvrp20_63471,0.0,True,True,0.0,0.0,0.0,20,4,False,5.3902306056880676,False,False,,False,5.390230605688067,4,4,3.295511768134264e-16,5.390230605688068,True,271829,5.390230605688067,4209345982,3,9beeea2bad21f7cd0b14267f30f73959d4437d26daf11c3d9007a3a0fcbd203c,10.009240854000382,pyvrp,10.0,1.6477558840671317e-16,cvrp20_63471.json,0
"[""accepted""]",not_selected,True,8.881784197001252e-16,cvrp_s7799_n20-50-100_x66667_cvrp20_63509,0.0,True,True,0.0,0.0,0.0,20,4,False,6.607328766165508,False,False,,False,6.607328766165507,4,4,1.3442322171832388e-16,6.607328766165508,True,271830,6.607328766165507,1069641751,4,0083a7fcf5bacaaecafad77c333537878ce4565e0290e193a1bd073e5a469f12,10.011007764001988,pyvrp,10.0,1.3442322171832385e-16,cvrp20_63509.json,0
"[""accepted""]",not_selected,True,2.6645352591003757e-15,cvrp_s7799_n20-50-100_x66667_cvrp20_63515,0.0,True,True,0.0,0.0,0.0,20,4,False,5.708539768456475,False,False,,False,5.708539768456473,4,4,4.667630194719371e-16,5.708539768456475,True,271830,5.708539768456473,274494842,3,ac6d3e85d5871dc9098b56b83b704f4a6ebd35ad416dc0267af721ee8d053dce,10.010079846000735,pyvrp,10.0,4.667630194719369e-16,cvrp20_63515.json,0
"[""accepted""]",stable_control,True,0.0,cvrp_s7799_n20-50-100_x66667_cvrp20_63573,0.0,True,True,0.0,0.0,0.0,20,4,False,6.012317488072098,False,True,6.0123174880720995,True,6.012317488072098,4,4,2.954529335691909e-16,6.0123174880720995,True,271830,6.012317488072098,1996330258,4,a3171ffc832119814cfebac3b4a4a148a6e31cc3c02601cb98b3a10d473fe2e5,10.009077851998882,pyvrp,10.0,0.0,cvrp20_63573.json,0
"[""accepted""]",not_selected,True,-8.881784197001252e-16,cvrp_s7799_n20-50-100_x66667_cvrp20_63622,0.0,True,True,0.0,0.0,0.0,20,4,False,5.6406172981307,False,False,,False,5.640617298130701,4,4,1.5746120907625966e-16,5.640617298130702,True,271829,5.640617298130701,417657052,4,9a6cbc59214c4e66084bfcbc5b601190d9cb31ced18bfe75398791d2fc6c3133,10.010827517999132,pyvrp,10.0,-1.5746120907625968e-16,cvrp20_63622.json,0
"[""accepted""]",not_selected,True,0.0,cvrp_s7799_n20-50-100_x66667_cvrp20_63725,0.0,True,True,0.0,0.0,0.0,20,4,False,6.140635423725653,False,False,,False,6.140635423725653,4,4,1.4463949712247347e-16,6.140635423725654,True,271829,6.140635423725653,1791068974,4,6d9c89fa05f579c505d84c5edda18fd778eedc44da74ef24bd8ce71ee854c579,10.01111265900181,pyvrp,10.0,0.0,cvrp20_63725.json,0
"[""accepted""]",not_selected,True,1.7763568394002505e-15,cvrp_s7799_n20-50-100_x66667_cvrp20_6393,0.0,True,True,0.0,0.0,0.0,20,4,False,6.952487909158053,False,False,,False,6.952487909158052,4,4,2.554994503565225e-16,6.952487909158053,True,271830,6.952487909158052,1419744535,4,2b2a3c9f7458b85c3549cae0c1506e5e6ff0c2c18c128aa0c4aa8bb6991522b4,10.01001635600187,pyvrp,10.0,2.5549945035652244e-16,cvrp20_6393.json,0
"[""accepted""]",stable_control,True,2.6645352591003757e-15,cvrp_s7799_n20-50-100_x66667_cvrp20_63931,0.0,True,True,0.0,0.0,0.0,20,4,False,6.2561947855419415,False,True,6.25619478554194,True,6.256194785541939,4,4,4.259035005204944e-16,6.2561947855419415,True,271831,6.256194785541939,3835649269,4,8276aded2108e8598f756335e83623b7e64194690f521f90da7a9a72471e4376,10.010706335000577,pyvrp,10.0,4.2590350052049426e-16,cvrp20_63931.json,0
"[""accepted""]",not_selected,True,1.7763568394002505e-15,cvrp_s7799_n20-50-100_x66667_cvrp20_6407,0.0,True,True,0.0,0.0,0.0,20,4,False,6.860533792580224,False,False,,False,6.860533792580222,4,4,2.5892399820570944e-16,6.860533792580224,True,271828,6.860533792580222,4048289564,4,d2cbb140c582038d816fc9668bb23fdb33f5c53f11741fad81f8dec631942316,10.010897397001827,pyvrp,10.0,2.589239982057094e-16,cvrp20_6407.json,0
"[""accepted""]",not_selected,True,0.0,cvrp_s7799_n20-50-100_x66667_cvrp20_64710,0.0,True,True,0.0,0.0,0.0,20,4,False,6.353376148751101,False,False,,False,6.353376148751101,4,4,2.7959258161496285e-16,6.353376148751103,True,271829,6.353376148751101,939531263,4,642ea9a62c7686ee917e345afa950fc50674af146d3e6fc5b7930af2c333136b,10.011298605000775,pyvrp,10.0,0.0,cvrp20_64710.json,0
"[""accepted""]",not_selected,True,1.7763568394002505e-15,cvrp_s7799_n20-50-100_x66667_cvrp20_64882,0.0,True,True,0.0,0.0,0.0,20,4,False,5.917060997776369,False,False,,False,5.9170609977763675,4,4,3.002093167651653e-16,5.917060997776369,True,271831,5.9170609977763675,687342222,4,f3ccdd5a4490a15e5e3c996557698cbc3e1f4e0de2e4776a377acb5680de8ab9,10.011927627998375,pyvrp,10.0,3.002093167651652e-16,cvrp20_64882.json,0
"[""accepted""]",stable_control,True,8.881784197001252e-16,cvrp_s7799_n20-50-100_x66667_cvrp20_6495,0.0,True,True,0.0,0.0,0.0,20,4,False,5.335438547118712,False,True,5.335438547118711,True,5.335438547118712,4,4,0.0,5.335438547118712,True,271828,5.335438547118711,2720673909,4,358beb705259ec5160a29588f11516310c6868466c1464ea389388f3f4b19a25,10.005554997002037,ortools,10.0,1.664677442831324e-16,cvrp20_6495.json,0
"[""accepted""]",not_selected,True,0.0,cvrp_s7799_n20-50-100_x66667_cvrp20_64996,0.0,True,True,0.0,0.0,0.0,20,4,False,4.631030959250136,False,False,,False,4.631030959250136,4,4,1.9178848673556275e-16,4.631030959250137,True,271828,4.631030959250136,1134122747,4,d991b1582137e68e6aa92690c6d6fe53f25026dabfb8b0b1e1ed3575d96b7a7e,10.012916491999931,pyvrp,10.0,0.0,cvrp20_64996.json,0
"[""accepted""]",not_selected,True,1.7763568394002505e-15,cvrp_s7799_n20-50-100_x66667_cvrp20_65478,0.0,True,True,0.0,0.0,0.0,20,4,False,8.62679139582088,False,False,,False,8.626791395820879,4,4,2.0591164871110482e-16,8.62679139582088,True,271828,8.626791395820879,2703552036,4,1fef5a6f73f91bae762fbe8fd7081c1510fd48500861b24a77d7c5c3c68ae9fb,10.010269958998833,pyvrp,10.0,2.0591164871110477e-16,cvrp20_65478.json,0
"[""accepted""]",not_selected,True,0.0,cvrp_s7799_n20-50-100_x66667_cvrp20_65877,0.0,True,True,0.0,0.0,0.0,20,4,False,6.662334063173672,False,False,,False,6.662334063173672,4,4,2.666268041434813e-16,6.662334063173674,True,271829,6.662334063173672,4005356426,3,33225ed6125ae800ec50f9354df8febed3f691de4f6cfb7e0bbfc450795b1fd7,10.01109969800018,pyvrp,10.0,0.0,cvrp20_65877.json,0
"[""accepted""]",not_selected,True,0.0,cvrp_s7799_n20-50-100_x66667_cvrp20_65943,0.0,True,True,0.0,0.0,0.0,20,4,False,6.937012555560432,False,False,,False,6.937012555560432,4,4,1.2803471416354825e-16,6.9370125555604325,True,271829,6.937012555560432,1433389577,4,e7985745b7d3027a3a541a8b5a8b6b9ab253f16b9eb9c9a425e80249387fe7e1,10.010297909000656,pyvrp,10.0,0.0,cvrp20_65943.json,0
"[""accepted""]",not_selected,True,8.881784197001252e-16,cvrp_s7799_n20-50-100_x66667_cvrp20_66066,0.0,True,True,0.0,0.0,0.0,20,4,False,5.719869278019285,False,False,,False,5.719869278019284,4,4,1.5527949617892139e-16,5.719869278019285,True,271828,5.719869278019284,560214128,4,fd1a9f37578f773dc34c372ab45f8da394c4e56551b531b99d54bfdcb6bb9182,10.011583296000026,pyvrp,10.0,1.5527949617892136e-16,cvrp20_66066.json,0
"[""accepted""]",not_selected,True,2.6645352591003757e-15,cvrp_s7799_n20-50-100_x66667_cvrp20_66148,0.0,True,True,0.0,0.0,0.0,20,4,False,7.7590681658996115,False,False,,False,7.759068165899609,4,4,2.2893945528242367e-16,7.759068165899611,True,271828,7.759068165899609,480507273,4,fdabdeab5f55c7c1fc239c7790b601310f6a74f41e5dfacba3c21bef3e19144b,10.010246699999698,pyvrp,10.0,3.4340918292363536e-16,cvrp20_66148.json,0
"[""accepted""]",not_selected,True,0.0,cvrp_s7799_n20-50-100_x66667_cvrp20_66306,0.0,True,True,0.0,0.0,0.0,20,4,False,5.841288477742305,False,False,,False,5.841288477742305,4,4,3.041035973773416e-16,5.841288477742307,True,271828,5.841288477742305,2383849353,4,343996f8f2184878177af8599413a1435f6214100f552b30eadda5cdf2e4821e,10.00910157099861,pyvrp,10.0,0.0,cvrp20_66306.json,0
"[""accepted""]",not_selected,True,-8.881784197001252e-16,cvrp_s7799_n20-50-100_x66667_cvrp20_66334,0.0,True,True,0.0,0.0,0.0,20,4,False,4.839125341483021,False,False,,False,4.8391253414830215,4,4,3.6708221301328387e-16,4.839125341483023,True,271829,4.8391253414830215,1950306120,3,3c6427aa47cff5246a6a216d751e4a674271ea77081d144a3fcb7138bd993078,10.01178013900062,pyvrp,10.0,-1.8354110650664196e-16,cvrp20_66334.json,0
"[""accepted""]",not_selected,True,8.881784197001252e-16,cvrp_s7799_n20-50-100_x66667_cvrp20_66429,0.0,True,True,0.0,0.0,0.0,20,4,False,6.456488726198047,False,False,,False,6.456488726198046,4,4,1.3756369094183118e-16,6.456488726198047,True,271829,6.456488726198046,2641950017,4,aaf18dc0bcfdaa77b9e57daef7558654d106d0311e8a976ef4908b8c1787b979,10.010473499001819,pyvrp,10.0,1.3756369094183115e-16,cvrp20_66429.json,0
"[""accepted""]",not_selected,True,8.881784197001252e-16,cvrp_s7799_n20-50-100_x66667_cvrp20_66441,0.0,True,True,0.0,0.0,0.0,20,4,False,7.464568980700337,False,False,,False,7.464568980700336,4,4,1.189858948315051e-16,7.464568980700337,True,271828,7.464568980700336,80083313,4,418fd5d547dfde9490c3c8988219e6e7d07bab9735aa9f2423d1d4ad110a7603,10.010104513999977,pyvrp,10.0,1.1898589483150507e-16,cvrp20_66441.json,0
"[""accepted""]",not_selected,True,-8.881784197001252e-16,cvrp_s7799_n20-50-100_x66667_cvrp20_66462,0.0,True,True,0.0,0.0,0.0,20,4,False,6.909311991162863,False,False,,False,6.9093119911628635,4,4,2.570960526420349e-16,6.909311991162865,True,271830,6.9093119911628635,1068098562,4,8d4ce179213975b792711733e3a9d7b6bd5e86aaa47439fda03ef3f9e5abd12f,10.010893009999563,pyvrp,10.0,-1.2854802632101747e-16,cvrp20_66462.json,0
"[""accepted""]",not_selected,True,0.0,cvrp_s7799_n20-50-100_x66667_cvrp20_66538,0.0,True,True,0.0,0.0,0.0,20,4,False,6.228453235668928,False,False,,False,6.228453235668928,4,4,1.4260015867402366e-16,6.228453235668929,True,271828,6.228453235668928,1421405330,4,66b8d04f96b080a31695ca7c94e3c514d22ebabcbf9c0e95417c0c025665640a,10.01018189000024,pyvrp,10.0,0.0,cvrp20_66538.json,0
"[""accepted""]",not_selected,True,8.881784197001252e-16,cvrp_s7799_n20-50-100_x66667_cvrp20_6848,0.0,True,True,0.0,0.0,0.0,20,4,False,4.944498618437667,False,False,,False,4.944498618437666,4,4,3.592592447647469e-16,4.944498618437668,True,271829,4.944498618437666,3895062695,3,95da275583940a5a7411dac7efe52ce3d9d226706a4a1a33bb9d9486e3207056,10.011993528998573,pyvrp,10.0,1.7962962238237343e-16,cvrp20_6848.json,0
"[""route_membership_ambiguous""]",unstable_matrix,True,0.0,cvrp_s7799_n20-50-100_x66667_cvrp20_6883,0.0,False,False,0.35,0.07368421052631578,0.04912280701754385,20,4,True,6.32105614301256,False,True,6.3210561430125605,True,6.32105614301256,4,4,1.4479250787515852e-05,6.321147667169696,True,271828,6.32105614301256,847249685,4,b7cb55bfe137e9cdb1e7a53c71b901447996b9597f115115ace2ffa8129e8b51,10.011652401000902,pyvrp,10.0,0.0,cvrp20_6883.json,0
"[""accepted""]",not_selected,True,0.0,cvrp_s7799_n20-50-100_x66667_cvrp20_7011,0.0,True,True,0.0,0.0,0.0,20,4,False,7.804484374241843,False,False,,False,7.804484374241843,4,4,0.0,7.804484374241843,True,271829,7.804484374241843,899517891,4,6d37392caefb33e4658aaa10fecdd3fbcc7f34d279c8bae70d769c0211e5200c,10.00928403099897,pyvrp,10.0,0.0,cvrp20_7011.json,0
"[""accepted""]",not_selected,True,1.7763568394002505e-15,cvrp_s7799_n20-50-100_x66667_cvrp20_7159,0.0,True,True,0.0,0.0,0.0,20,4,False,6.159862198850905,False,False,,False,6.159862198850903,4,4,2.883760678496383e-16,6.159862198850905,True,271831,6.159862198850903,3951607356,4,8940dba8bca4c33e6299dae32706a4918abe0f4cd1d1ffdb109cd72792124bf8,10.012903466002172,pyvrp,10.0,2.8837606784963827e-16,cvrp20_7159.json,0
"[""accepted""]",stable_control,True,8.881784197001252e-16,cvrp_s7799_n20-50-100_x66667_cvrp20_7310,0.0,True,True,0.0,0.0,0.0,20,4,False,6.380445620505952,False,True,6.390611444219233,True,6.380445620505951,4,4,2.7840639119174724e-16,6.380445620505953,True,271830,6.380445620505951,3294159523,4,007e3e29170106b88cfb76cca3679d377bad52ed0ff55aaa66e46e944af9e43c,10.010340301003453,pyvrp,10.0,1.3920319559587362e-16,cvrp20_7310.json,0
"[""accepted""]",not_selected,True,1.7763568394002505e-15,cvrp_s7799_n20-50-100_x66667_cvrp20_7319,0.0,True,True,0.0,0.0,0.0,20,4,False,6.336333965972912,False,False,,False,6.33633396597291,4,4,2.8034457289334187e-16,6.336333965972912,True,271831,6.33633396597291,3654445053,4,90bab76d7ce4e100e1058d098451820eb18a883bbb5e5b3b45140a4231501de1,10.009641134998674,pyvrp,10.0,2.803445728933418e-16,cvrp20_7319.json,0
"[""accepted""]",not_selected,True,8.881784197001252e-16,cvrp_s7799_n20-50-100_x66667_cvrp20_7399,0.0,True,True,0.0,0.0,0.0,20,4,False,5.930418847250206,False,False,,False,5.9304188472502055,4,4,1.4976655824435613e-16,5.930418847250206,True,271828,5.9304188472502055,3125948144,4,f8a587701eacd5b1ffa2c465f5ecba03a5fc9747678ba5e63ccc60a747e187fb,10.011370356998668,pyvrp,10.0,1.497665582443561e-16,cvrp20_7399.json,0
"[""accepted""]",stable_control,True,8.881784197001252e-16,cvrp_s7799_n20-50-100_x66667_cvrp20_7939,0.0,True,True,0.0,0.0,0.0,20,4,False,5.292288490076738,False,True,5.292288490076738,True,5.2922884900767375,4,4,1.678250196234572e-16,5.292288490076738,True,271828,5.2922884900767375,4077022961,4,768293bb90ae261abd1160ed060082ad802814161d5a05d4d7f7251cbc3ade24,10.01084853300199,pyvrp,10.0,1.6782501962345718e-16,cvrp20_7939.json,0
"[""accepted""]",not_selected,True,1.7763568394002505e-15,cvrp_s7799_n20-50-100_x66667_cvrp20_8062,0.0,True,True,0.0,0.0,0.0,20,4,False,6.4595232574535615,False,False,,False,6.45952325745356,4,4,4.1249720031982286e-16,6.459523257453562,True,271830,6.45952325745356,1836507066,3,e020005165b4b88cd1b33819277f8916aab93417614d52c2cc5fe774dc839947,10.010475328999746,pyvrp,10.0,2.749981335465485e-16,cvrp20_8062.json,0
"[""accepted""]",not_selected,True,0.0,cvrp_s7799_n20-50-100_x66667_cvrp20_8204,0.0,True,True,0.0,0.0,0.0,20,4,False,5.3357043760535845,False,False,,False,5.3357043760535845,4,4,1.664594507308599e-16,5.335704376053585,True,271830,5.3357043760535845,1707421706,4,eee67e08c86328211420e7d7582fb80a50968538b744b3a8e995e6f5d76e8bba,10.00904029999947,pyvrp,10.0,0.0,cvrp20_8204.json,0
"[""accepted""]",not_selected,True,0.0,cvrp_s7799_n20-50-100_x66667_cvrp20_8258,0.0,True,True,0.0,0.0,0.0,20,4,False,6.597323049148023,False,False,,False,6.597323049148023,4,4,1.3462709239542612e-16,6.597323049148024,True,271830,6.597323049148023,1165280430,4,6e0b17a5bb7e150e700c77078fb07f2c7fdad4db0a6ccb4ad4ef0fe2ba6a3ff2,10.010267247998854,pyvrp,10.0,0.0,cvrp20_8258.json,0
"[""accepted""]",not_selected,True,0.0,cvrp_s7799_n20-50-100_x66667_cvrp20_8298,0.0,True,True,0.0,0.0,0.0,20,4,False,7.115597646015084,False,False,,False,7.115597646015084,4,4,2.4964267624028115e-16,7.115597646015086,True,271829,7.115597646015084,3523663672,4,d701f656445ff7330c3b6f286f863d8af7e10f230b6bbb71bf6294c7a3051fef,10.01087347000066,pyvrp,10.0,0.0,cvrp20_8298.json,0
"[""accepted""]",not_selected,True,8.881784197001252e-16,cvrp_s7799_n20-50-100_x66667_cvrp20_8313,0.0,True,True,0.0,0.0,0.0,20,4,False,6.024991449058794,False,False,,False,6.024991449058793,4,4,1.4741571456319228e-16,6.024991449058794,True,271828,6.024991449058793,1035825822,4,2fd544d0e828050b038893fb5feb4b9aca1bbdf6edacff22cc3f5aa506f610ab,10.010697418998461,pyvrp,10.0,1.4741571456319225e-16,cvrp20_8313.json,0
"[""accepted""]",not_selected,True,8.881784197001252e-16,cvrp_s7799_n20-50-100_x66667_cvrp20_8397,0.0,True,True,0.0,0.0,0.0,20,4,False,5.399854798923214,False,False,,False,5.399854798923213,4,4,3.2896381579639406e-16,5.399854798923215,True,271828,5.399854798923213,881039047,4,dbb594837919e089c94f60c1c1182c9ba7d39a9b25825eaa12451d449deb357a,10.012372001001495,pyvrp,10.0,1.64481907898197e-16,cvrp20_8397.json,0
"[""accepted""]",not_selected,True,8.881784197001252e-16,cvrp_s7799_n20-50-100_x66667_cvrp20_8402,0.0,True,True,0.0,0.0,0.0,20,4,False,6.438772212021392,False,False,,False,6.438772212021391,4,4,0.0,6.438772212021391,True,271829,6.438772212021391,422240108,4,261dd0bcb35aefec1095c194e78695132371f80b04421db0ebb02ebcad899d3d,10.009008578002977,pyvrp,10.0,1.3794220240341288e-16,cvrp20_8402.json,0
"[""accepted""]",not_selected,True,8.881784197001252e-16,cvrp_s7799_n20-50-100_x66667_cvrp20_8741,0.0,True,True,0.0,0.0,0.0,20,4,False,7.02397770895897,False,False,,False,7.023977708958969,4,4,2.528989858744193e-16,7.023977708958971,True,271828,7.023977708958969,2089591681,4,69d733c7c8c3bd454fad8afa8222e5d29daf894827846435297f7038ca19e77b,10.010541199000727,pyvrp,10.0,1.2644949293720965e-16,cvrp20_8741.json,0
"[""accepted""]",not_selected,True,0.0,cvrp_s7799_n20-50-100_x66667_cvrp20_8756,0.0,True,True,0.0,0.0,0.0,20,4,False,5.222607319399386,False,False,,False,5.222607319399386,4,4,1.700641777912317e-16,5.222607319399387,True,271828,5.222607319399386,302879857,4,c8f4e315b0d51d09544bf0a0574fcf5c8353d11603d67ca5480f34a463b968cf,10.011276162000286,pyvrp,10.0,0.0,cvrp20_8756.json,0
"[""accepted""]",not_selected,True,0.0,cvrp_s7799_n20-50-100_x66667_cvrp20_9076,0.0,True,True,0.0,0.0,0.0,20,4,False,6.67574652259783,False,False,,False,6.67574652259783,4,4,2.660911155609592e-16,6.675746522597832,True,271828,6.67574652259783,1567094630,4,4f4e7fd8c76712839c98f98ac15729b61135574724a75a504b2de076cca11c35,10.010280530001182,pyvrp,10.0,0.0,cvrp20_9076.json,0
"[""accepted""]",not_selected,True,0.0,cvrp_s7799_n20-50-100_x66667_cvrp20_9559,0.0,True,True,0.0,0.0,0.0,20,4,False,6.495945141317159,False,False,,False,6.495945141317159,4,4,2.7345625628852914e-16,6.4959451413171605,True,271831,6.495945141317159,349011290,5,6254301bcc0958e4c6912d340522a08b3904f1ddea4b0cc5626366dccbbf95b6,10.009177795000141,pyvrp,10.0,0.0,cvrp20_9559.json,0
"[""accepted""]",not_selected,True,0.0,cvrp_s7799_n20-50-100_x66667_cvrp20_9626,0.0,True,True,0.0,0.0,0.0,20,4,False,5.588688598006312,False,False,,False,5.588688598006312,4,4,3.178485986916396e-16,5.588688598006314,True,271828,5.588688598006312,660419714,4,2082ec194b3064a7076dda5af4ba4bd7e18a32cccba9fdcdfa564d007dd13edb,10.01132078700175,pyvrp,10.0,0.0,cvrp20_9626.json,0
"[""accepted""]",not_selected,True,8.881784197001252e-16,cvrp_s7799_n20-50-100_x66667_cvrp20_9827,0.0,True,True,0.0,0.0,0.0,20,4,False,6.729066429250182,False,False,,False,6.729066429250181,4,4,2.6398265763564317e-16,6.7290664292501825,True,271829,6.729066429250181,842534133,4,c9d1a6e2daadf797ecd7ba636a3a52b728d522d2c69ed8ebd3dc95fbffadf004,10.010668289000023,pyvrp,10.0,1.3199132881782159e-16,cvrp20_9827.json,0
"[""accepted""]",not_selected,True,0.0,cvrp_s7799_n20-50-100_x66667_cvrp20_9857,0.0,True,True,0.0,0.0,0.0,20,4,False,5.472716181280218,False,False,,False,5.472716181280218,4,4,4.868762001973704e-16,5.47271618128022,True,271830,5.472716181280218,1888789491,4,052e9898b67fe2b4ee4e96260c1e36b4a1caf24e35e47ba388844dfa7b06f467,10.011052472997108,pyvrp,10.0,0.0,cvrp20_9857.json,0
"[""accepted""]",not_selected,True,1.7763568394002505e-15,cvrp_s7799_n20-50-100_x66667_cvrp20_9890,0.0,True,True,0.0,0.0,0.0,20,4,False,6.551342252374673,False,False,,False,6.551342252374671,4,4,4.0671593033237715e-16,6.551342252374674,True,271830,6.551342252374671,29627349,4,491cb89393cd965219fb6397eebb13e7d2949f094cfd25ea6685688f32f83cfd,10.013348598000448,pyvrp,10.0,2.7114395355491803e-16,cvrp20_9890.json,0
"[""accepted""]",not_selected,True,8.881784197001252e-16,cvrp_s7799_n20-50-100_x66667_cvrp20_9986,0.0,True,True,0.0,0.0,0.0,20,4,False,4.88198496597737,False,False,,False,4.881984965977369,4,4,3.63859547249676e-16,4.881984965977371,True,271831,4.881984965977369,2569631962,4,50755ddb576d94c399430b9c602eced887f192837a8a456a336db439d7813329,10.009870674002741,pyvrp,10.0,1.8192977362483797e-16,cvrp20_9986.json,0
"[""route_membership_ambiguous""]",unstable_matrix,True,0.05034790667995814,cvrp_s7799_n20-50-100_x66667_cvrp50_0030,0.08816326530612245,False,False,0.26,0.1306122448979592,0.0653061224489796,50,4,True,12.997164832228906,False,True,13.152655054053596,True,12.946816925548948,4,4,0.0007602609597540367,12.956659885010525,True,271829,12.946816925548948,1986476111,7,0dc31efb2be6eb6a80e21058d450b439f008be415a1d254924444532bd543e79,20.03312982499847,pyvrp,20.0,0.0038737607262709383,cvrp50_0030.json,0
"[""accepted""]",stable_control,True,1.7763568394002505e-15,cvrp_s7799_n20-50-100_x66667_cvrp50_0290,0.0,True,True,0.0,0.0,0.0,50,4,False,9.439969503995542,False,True,9.705447317362957,True,9.43996950399554,4,4,1.8817400190206057e-16,9.439969503995542,True,271829,9.43996950399554,3961698965,7,3c6d57e4b92e614128c63fce25900c1192d16479c577870eccd34a518a32bf20,20.02317599199887,pyvrp,20.0,1.8817400190206052e-16,cvrp50_0290.json,0
"[""pyvrp_cost_not_converged"", ""route_membership_ambiguous""]",unstable_cost,False,0.08039667926507654,cvrp_s7799_n20-50-100_x66667_cvrp50_0313,0.1510204081632653,False,False,0.0,0.0,0.0,50,1,True,13.243742906499142,False,True,13.504494837994365,True,13.163346227234065,4,4,0.004667244823577499,13.224782786774082,False,271831,13.163346227234065,2074388743,7,ab1e46a40e5cea1bdd0661e69285622f2c1df136694105d9cc49cc61e6736bbd,20.037020258998382,pyvrp,20.0,0.006070540619270345,cvrp50_0313.json,0
"[""pyvrp_cost_not_converged""]",unstable_cost,False,0.1053760664582466,cvrp_s7799_n20-50-100_x66667_cvrp50_0364,0.06285714285714286,True,False,0.0,0.0,0.0,50,3,True,11.07843067185895,False,True,11.415972573665217,True,10.973054605400703,4,4,0.009800050892740999,11.080591098982456,False,271828,10.973054605400703,2408003633,7,e5829f958efa4147dd49f3b473e2d2d0509fe404b2cbba414e2804c355905af3,20.029225941998448,pyvrp,20.0,0.009511822529694505,cvrp50_0364.json,0
"[""accepted""]",not_selected,True,0.0,cvrp_s7799_n20-50-100_x66667_cvrp50_0384,0.0,True,True,0.0,0.0,0.0,50,4,False,10.98027941562819,False,False,,False,10.98027941562819,4,4,1.132439112442237e-15,10.980279415628203,True,271828,10.98027941562819,2726177689,7,a71b3e4c9fef76ae6eb3d302cbebfd9318b2424276ae9bd4119afed57e222760,20.023499134000303,pyvrp,20.0,0.0,cvrp50_0384.json,0
"[""accepted""]",not_selected,True,3.552713678800501e-15,cvrp_s7799_n20-50-100_x66667_cvrp50_0418,0.0,True,True,0.0,0.0,0.0,50,4,False,10.292644163062628,False,False,,False,10.292644163062624,4,4,3.451701644899161e-16,10.292644163062628,True,271829,10.292644163062624,2163586278,7,85d4530117229cc5a575805f72d0f21f6dd97c6f91fc46c4af59db0db831012e,20.028535156001453,pyvrp,20.0,3.45170164489916e-16,cvrp50_0418.json,0
"[""accepted""]",not_selected,True,0.015698227670645437,cvrp_s7799_n20-50-100_x66667_cvrp50_0426,0.018775510204081632,True,True,0.0,0.0,0.0,50,4,False,10.244591473648343,False,False,,False,10.228893245977698,4,4,2.477132980464554e-05,10.22914662926583,True,271829,10.228893245977698,2458383669,8,d84ff9c9568c034e91ea1697e602ee50583a59be8197471778a63dab5a945498,20.029476259001967,pyvrp,20.0,0.0015323429646780168,cvrp50_0426.json,0
"[""accepted""]",not_selected,True,0.037754613298320194,cvrp_s7799_n20-50-100_x66667_cvrp50_0464,0.06285714285714286,True,True,0.0,0.0,0.0,50,4,False,10.874404245498692,False,False,,False,10.836649632200372,4,4,4.917636630389691e-16,10.836649632200377,True,271831,10.836649632200372,2018853748,6,a0af207dd4ca28db765949f09b951fa928ee86ce8fd7acefd7a53e909a88d029,20.028642585999478,pyvrp,20.0,0.0034718787756992013,cvrp50_0464.json,0
"[""accepted""]",not_selected,True,1.7763568394002505e-15,cvrp_s7799_n20-50-100_x66667_cvrp50_0592,0.0,True,True,0.0,0.0,0.0,50,4,False,10.008804903907683,False,False,,False,10.00880490390768,4,4,5.324382450616209e-16,10.008804903907686,True,271829,10.00880490390768,4179270223,7,6b248d5e5edc13d63f41b5cf8378d6b7fd9daf27a5f4c7ebe35066d9febbc06c,20.01940580399969,pyvrp,20.0,1.774794150205403e-16,cvrp50_0592.json,0
"[""accepted""]",not_selected,True,5.329070518200751e-15,cvrp_s7799_n20-50-100_x66667_cvrp50_0605,0.0,True,True,0.0,0.0,0.0,50,4,False,9.620347400979453,False,False,,False,9.620347400979448,4,4,5.539374303321103e-16,9.620347400979453,True,271828,9.620347400979448,19540757,7,f34900e56ff44cc99aca1485f29550bd2d19492313170019b3cab1789b2fec67,20.028394756001944,pyvrp,20.0,5.5393743033211e-16,cvrp50_0605.json,0
"[""accepted""]",not_selected,True,1.7763568394002505e-15,cvrp_s7799_n20-50-100_x66667_cvrp50_10172,0.0,True,True,0.0,0.0,0.0,50,4,False,8.239113802403088,False,False,,False,8.239113802403086,4,4,2.156004737890796e-16,8.239113802403088,True,271829,8.239113802403086,1014435467,6,9d093453e343f2584bb582d1064648eac226d90795d42718a8135b5605ab6938,20.031387825998536,pyvrp,20.0,2.1560047378907956e-16,cvrp50_10172.json,0
"[""accepted""]",not_selected,True,0.014176753536247588,cvrp_s7799_n20-50-100_x66667_cvrp50_10180,0.009795918367346938,True,True,0.0,0.0,0.0,50,4,False,13.612236620614425,False,False,,False,13.598059867078177,4,4,3.918993275726629e-16,13.598059867078183,True,271829,13.598059867078177,3826974093,8,46df9f9971635624a2a0e98b9ca1b3fc595c94229382c7e74a43cadc9c05aad2,20.0272861179983,pyvrp,20.0,0.0010414712828880934,cvrp50_10180.json,0
"[""accepted""]",not_selected,True,0.0006962646928503347,cvrp_s7799_n20-50-100_x66667_cvrp50_10182,0.0163265306122449,True,True,0.0,0.0,0.0,50,4,False,9.40399418068888,False,False,,False,9.40329791599603,4,4,1.8890785501738436e-16,9.403297915996031,True,271828,9.40329791599603,1904088025,6,4bdd6efed69aab1336b8a6ee76623043a5f4783e5cf7580f10dddefc812718b2,20.02922917899923,pyvrp,20.0,7.403925177666694e-05,cvrp50_10182.json,0
"[""accepted""]",not_selected,True,3.552713678800501e-15,cvrp_s7799_n20-50-100_x66667_cvrp50_10312,0.0,True,True,0.0,0.0,0.0,50,4,False,8.415094438363397,False,False,,False,8.415094438363393,4,4,4.2218345911890317e-16,8.415094438363397,True,271830,8.415094438363393,4276513948,6,a9b8928d4cdcea45de0ab11578ef70632aed0793a262fb27ddab53ff20768432,20.024048007999227,pyvrp,20.0,4.2218345911890297e-16,cvrp50_10312.json,0
"[""accepted""]",not_selected,True,-1.7763568394002505e-15,cvrp_s7799_n20-50-100_x66667_cvrp50_10448,0.0,True,True,0.0,0.0,0.0,50,4,False,9.778550008320975,False,False,,False,9.778550008320977,4,4,7.266340461064981e-16,9.778550008320984,True,271828,9.778550008320977,4080874045,7,646396274249859830295f142d05a07b82509de56d8d209f91df73a92f317d84,20.039874296999187,pyvrp,20.0,-1.8165851152662455e-16,cvrp50_10448.json,0
"[""accepted""]",not_selected,True,1.7763568394002505e-15,cvrp_s7799_n20-50-100_x66667_cvrp50_10542,0.0,True,True,0.0,0.0,0.0,50,4,False,9.440915517405259,False,False,,False,9.440915517405257,4,4,3.763102923917414e-16,9.44091551740526,True,271829,9.440915517405257,2486874139,7,7c23219f32127a2f37bbd519b9f6e79b2da37e6f8b20a54e1e48a962ecced9c6,20.030044503997487,pyvrp,20.0,1.8815514619587068e-16,cvrp50_10542.json,0
"[""accepted""]",not_selected,True,1.7763568394002505e-15,cvrp_s7799_n20-50-100_x66667_cvrp50_10590,0.0,True,True,0.0,0.0,0.0,50,3,False,8.675822248451837,False,False,,False,8.675822248451835,4,4,0.001897050483647445,8.6922807212443,True,271828,8.675822248451835,3819386081,6,55bfe9360ce4d63a98a9c75f702d711d60a40c85c03871ae4b6435e9de295c14,20.03968589500073,pyvrp,20.0,2.0474795224363127e-16,cvrp50_10590.json,0
"[""route_membership_ambiguous""]",unstable_matrix,True,0.006967852761404103,cvrp_s7799_n20-50-100_x66667_cvrp50_10689,0.09142857142857143,False,False,0.3,0.10122448979591837,0.0674829931972789,50,3,True,10.56134064994036,False,True,11.118876052277706,True,10.554372797178956,4,4,0.003325621736596533,10.589472648769398,True,271831,10.554372797178956,2500959162,6,1427391663a4446ea67fc4ad7b9d3bf582b7f7d813d53ea1d98366cafcbabef1,20.026889898999798,pyvrp,20.0,0.0006597507828178471,cvrp50_10689.json,0
"[""route_membership_ambiguous""]",unstable_matrix,True,-1.7763568394002505e-15,cvrp_s7799_n20-50-100_x66667_cvrp50_10721,0.0,False,False,0.38,0.09877551020408164,0.06585034013605442,50,4,True,9.269449178224223,False,True,9.49948508635136,True,9.269449178224225,4,4,0.0007186049102862004,9.276110249919345,True,271829,9.269449178224225,1477150794,6,73fda69e624ccbd29545a61aeab886b91d29bcdcff5522abfaa725b06df34907,20.028667839000263,pyvrp,20.0,-1.9163564147622336e-16,cvrp50_10721.json,0
"[""accepted""]",not_selected,True,0.021297202879207333,cvrp_s7799_n20-50-100_x66667_cvrp50_1079,0.04653061224489796,True,True,0.0,0.0,0.0,50,4,False,9.662338252972122,False,False,,False,9.641041050092914,4,4,1.842494840723794e-16,9.641041050092916,True,271831,9.641041050092914,2671411080,6,9d80b1f95ebea37c4c459d06ed80d56b9c0a71644b555281d5c50c60e75d2191,20.028350735999993,pyvrp,20.0,0.002204145862173304,cvrp50_1079.json,0
"[""accepted""]",not_selected,True,0.01148614465024167,cvrp_s7799_n20-50-100_x66667_cvrp50_1094,0.06857142857142857,True,True,0.0,0.0,0.0,50,4,False,12.417780770344194,False,False,,False,12.406294625693953,4,4,7.818136312940328e-06,12.406391619796475,True,271829,12.406294625693953,3004236700,7,01f7e731ff296d958ce0fe9004fe2fca57dab0d0025fb001a9605d99b248eaee,20.024824560001434,pyvrp,20.0,0.0009249756347504996,cvrp50_1094.json,0
"[""accepted""]",not_selected,True,0.1121078511127731,cvrp_s7799_n20-50-100_x66667_cvrp50_10968,0.12571428571428572,True,True,0.0,0.0,0.0,50,4,False,10.079239887738453,False,False,,False,9.96713203662568,4,4,5.346643847616651e-16,9.967132036625685,True,271828,9.96713203662568,3589572048,7,d38d5efe18c435a51d3234dc241aaf81dfac17e5ff3baf2ee747ae812858dd36,20.029430875998514,pyvrp,20.0,0.011122649362592708,cvrp50_10968.json,0
"[""accepted""]",not_selected,True,0.004603689170231462,cvrp_s7799_n20-50-100_x66667_cvrp50_11107,0.08979591836734693,True,True,0.0,0.0,0.0,50,4,False,8.310140279527882,False,False,,False,8.30553659035765,4,4,2.1387622823340756e-16,8.305536590357653,True,271828,8.30553659035765,1603453753,6,16da4fac020ba19ebcca89d1874a4e38ae9bc4fecb20896730671c032dda6106,20.03212667200205,pyvrp,20.0,0.000553984531593612,cvrp50_11107.json,0
"[""accepted""]",not_selected,True,0.018449106809084626,cvrp_s7799_n20-50-100_x66667_cvrp50_11244,0.10857142857142857,True,True,0.0,0.0,0.0,50,4,False,11.230179162487309,False,False,,False,11.211730055678224,4,4,3.16874707218019e-16,11.211730055678228,True,271829,11.211730055678224,3845802826,7,e3b591bf9daee66a8a65548b32b66edf118ed2ab37685aa44a016c13dec81803,20.034879594000813,pyvrp,20.0,0.001642815002516704,cvrp50_11244.json,0
"[""accepted""]",not_selected,True,0.0010668286422408357,cvrp_s7799_n20-50-100_x66667_cvrp50_11321,0.012244897959183673,True,True,0.0,0.0,0.0,50,4,False,11.182215353542318,False,False,,False,11.181148524900077,4,4,6.354827808411123e-16,11.181148524900085,True,271828,11.181148524900077,1797789694,7,06fc925345399ffba037c912a106f766cdf1ab06ddb2cc23b9683b37898fc6aa,20.034423950997734,pyvrp,20.0,9.540405085320452e-05,cvrp50_11321.json,0
"[""accepted""]",not_selected,True,0.025199132168445715,cvrp_s7799_n20-50-100_x66667_cvrp50_11337,0.11673469387755102,True,True,0.28,0.011428571428571429,0.007619047619047619,50,3,False,10.765126789549221,False,False,,False,10.739927657380775,4,4,0.0023463037156607703,10.765126789549216,True,271829,10.739927657380775,3229745682,7,af744ff6018aa35c803fca5f897044f48b23544c02c812cf6ca6905adda9a06b,20.032926060997852,pyvrp,20.0,0.002340811461032583,cvrp50_11337.json,0
"[""accepted""]",not_selected,True,0.0,cvrp_s7799_n20-50-100_x66667_cvrp50_11613,0.0,True,True,0.0,0.0,0.0,50,4,False,8.531094946207066,False,False,,False,8.531094946207066,4,4,2.0822143588848706e-16,8.531094946207068,True,271829,8.531094946207066,1882103794,6,a7f46ca4ec57dc7162c50e5066fc9e9df78fa20950f2c42d43c1a971b24b8a76,20.03039008199994,pyvrp,20.0,0.0,cvrp50_11613.json,0
"[""accepted""]",not_selected,True,0.009374264223524165,cvrp_s7799_n20-50-100_x66667_cvrp50_11747,0.09306122448979592,True,True,0.3,0.012244897959183673,0.008163265306122448,50,4,False,10.847018333101609,False,False,,False,10.837644068878085,4,4,7.439079220767828e-05,10.838450289806033,True,271829,10.837644068878085,4092706336,7,9bf28baeea620e12f4f9843545da1405bb77398d189fb64bdef9493fdb6bc6d1,20.06912535799711,pyvrp,20.0,0.0008642249819857802,cvrp50_11747.json,0
"[""pyvrp_cost_not_converged"", ""route_membership_ambiguous""]",unstable_cost,False,0.029031439929028124,cvrp_s7799_n20-50-100_x66667_cvrp50_1175,0.05795918367346939,False,False,0.0,0.0,0.0,50,1,True,11.55101281215326,False,True,12.317271845784642,True,11.521981372224232,4,4,0.006202975397873798,11.5934519392109,False,271828,11.521981372224232,1172440111,7,0a8b40ce0281ab480443f3c4f78da86e428f41e3d06f6f5f2014e4d419dc54cb,20.03206740099995,pyvrp,20.0,0.002513324190800225,cvrp50_1175.json,0
"[""pyvrp_cost_not_converged""]",unstable_cost,False,5.329070518200751e-15,cvrp_s7799_n20-50-100_x66667_cvrp50_11761,0.0,True,False,0.0,0.0,0.0,50,3,True,9.95647603980597,False,True,10.485896607350462,True,9.956476039805965,4,4,0.008258207828981758,10.03869868818696,False,271830,9.956476039805965,2587831118,6,37cbae39717578fc7b46ab66cb5eb532cd0f97af1db63163b408e2ae0006d91c,20.03269568199903,pyvrp,20.0,5.352366135262254e-16,cvrp50_11761.json,0
"[""accepted""]",not_selected,True,-1.7763568394002505e-15,cvrp_s7799_n20-50-100_x66667_cvrp50_11850,0.0,True,True,0.0,0.0,0.0,50,4,False,11.049436200086008,False,False,,False,11.04943620008601,4,4,3.2152895536632414e-16,11.049436200086014,True,271828,11.04943620008601,1962812825,7,98f6cdb063b5510c0db0484b0364e1342a8f42106a3d4989b853ef629c7493ec,20.029164800998842,pyvrp,20.0,-1.607644776831621e-16,cvrp50_11850.json,0
"[""accepted""]",not_selected,True,3.552713678800501e-15,cvrp_s7799_n20-50-100_x66667_cvrp50_12000,0.0,True,True,0.0,0.0,0.0,50,4,False,12.43570262886789,False,False,,False,12.435702628867887,4,4,5.713732122467021e-16,12.435702628867894,True,271828,12.435702628867887,1137209553,7,a6ba9376ee7d3f9b4d2cebbfe01512d83c90850487178119a5c7ffcd4819614b,20.029498988998967,pyvrp,20.0,2.8568660612335093e-16,cvrp50_12000.json,0
"[""accepted""]",not_selected,True,0.26526577560553655,cvrp_s7799_n20-50-100_x66667_cvrp50_1241,0.09877551020408164,True,True,0.0,0.0,0.0,50,4,False,13.547903774330175,False,False,,False,13.282637998724638,4,4,1.3373524442741054e-16,13.28263799872464,True,271829,13.282637998724638,537241174,7,109cdb32879915addd40d23343536be972bece734635d17a170ff22c1c75a3f9,20.033389868000086,pyvrp,20.0,0.019579839067660608,cvrp50_1241.json,0
"[""accepted""]",not_selected,True,-1.7763568394002505e-15,cvrp_s7799_n20-50-100_x66667_cvrp50_12774,0.0,True,True,0.0,0.0,0.0,50,4,False,9.29615816946639,False,False,,False,9.296158169466391,4,4,3.82170098016354e-16,9.296158169466395,True,271829,9.296158169466391,1279533285,7,bfcf5c83c7b95d3a49e4ee922d34612e55c6a7cfa350469fa87a852ba8755ca3,20.038951652000833,pyvrp,20.0,-1.9108504900817704e-16,cvrp50_12774.json,0
"[""accepted""]",stable_control,True,5.329070518200751e-15,cvrp_s7799_n20-50-100_x66667_cvrp50_13087,0.0,True,True,0.0,0.0,0.0,50,4,False,10.370607759113305,False,True,10.501880925418625,True,10.3706077591133,4,4,5.138628942472311e-16,10.370607759113305,True,271830,10.3706077591133,1078295576,7,a5587f4db5b5389a6268f4418659e04092d45ad8de593c9e4213a805598dda69,20.027914885999053,pyvrp,20.0,5.138628942472308e-16,cvrp50_13087.json,0
"[""accepted""]",not_selected,True,3.552713678800501e-15,cvrp_s7799_n20-50-100_x66667_cvrp50_13097,0.0,True,True,0.0,0.0,0.0,50,3,False,10.920725165833726,False,False,,False,10.920725165833723,4,4,0.0011322949313931603,10.933090647586134,True,271828,10.920725165833723,800205940,8,92605e2c5986a0149e5f063d054edea01b1ba5e8c27333ef678a813c4ee499c5,20.028190717999678,pyvrp,20.0,3.253184770106129e-16,cvrp50_13097.json,0
"[""accepted""]",not_selected,True,0.11134270402636837,cvrp_s7799_n20-50-100_x66667_cvrp50_13122,0.13142857142857142,True,True,0.0,0.0,0.0,50,4,False,11.0429444575484,False,False,,False,10.931601753522031,4,4,4.874921935830482e-16,10.931601753522036,True,271829,10.931601753522031,2011787375,7,370821d9bd3c6ec0dffda6a9d54cd91543621fee5b37f584b3430611a33f7eba,20.03852089599968,pyvrp,20.0,0.010082700719395552,cvrp50_13122.json,0
"[""accepted""]",not_selected,True,3.552713678800501e-15,cvrp_s7799_n20-50-100_x66667_cvrp50_13176,0.0,True,True,0.0,0.0,0.0,50,4,False,10.253498929795617,False,False,,False,10.253498929795613,4,4,3.464879357890876e-16,10.253498929795617,True,271828,10.253498929795613,3825762927,7,0b96dd05d842084a1308d866d85af81d1f92b1e65cabeb05b7df9f7832aefc22,20.028429873000277,pyvrp,20.0,3.4648793578908747e-16,cvrp50_13176.json,0
"[""accepted""]",not_selected,True,1.7763568394002505e-15,cvrp_s7799_n20-50-100_x66667_cvrp50_13318,0.0,True,True,0.0,0.0,0.0,50,4,False,9.119012068801082,False,False,,False,9.11901206880108,4,4,3.8959414155787967e-16,9.119012068801084,True,271829,9.11901206880108,1996497107,6,bd523d9535b6b9f5a2cfb418da8989f295c1f6d1ec4c34b7d2331568d5663bb6,20.02836354500323,pyvrp,20.0,1.9479707077893979e-16,cvrp50_13318.json,0
"[""accepted""]",not_selected,True,7.105427357601002e-15,cvrp_s7799_n20-50-100_x66667_cvrp50_13338,0.0,True,True,0.0,0.0,0.0,50,4,False,10.613201009240578,False,False,,False,10.613201009240571,4,4,6.694895678895119e-16,10.613201009240578,True,271828,10.613201009240571,2361141196,7,8a47928918057f73cdf1d491283ef7ae5362f6b77c9cd0e353844a86392597e2,20.03546311000173,pyvrp,20.0,6.694895678895114e-16,cvrp50_13338.json,0
"[""accepted""]",not_selected,True,-0.0004005587988960002,cvrp_s7799_n20-50-100_x66667_cvrp50_1370,0.0,True,True,0.0,0.0,0.0,50,4,False,11.267271740713717,False,False,,False,11.267672299512613,4,4,6.306029469732049e-16,11.26767229951262,True,271828,11.267672299512613,2749253950,7,320607fef4ec89c3aac1f877f7d1857c8194d696d0e5a2ba4c919b5933ec0642,20.03965879899988,pyvrp,20.0,-3.55506468747533e-05,cvrp50_1370.json,0
"[""accepted""]",stable_control,True,0.0033115008829369685,cvrp_s7799_n20-50-100_x66667_cvrp50_13705,0.030204081632653063,True,True,0.0,0.0,0.0,50,4,False,11.677417396667733,False,True,12.379890381203905,True,11.674105895784797,4,4,0.0,11.674105895784797,True,271828,11.674105895784797,1846807940,7,82c941c18038d56a701e99973c92fec50638d3f74b8b2fe18921864493d22b27,20.029090490999806,pyvrp,20.0,0.00028358161487675675,cvrp50_13705.json,0
"[""accepted""]",not_selected,True,0.01928886066700919,cvrp_s7799_n20-50-100_x66667_cvrp50_13867,0.04653061224489796,True,True,0.0,0.0,0.0,50,4,False,10.416598223642781,False,False,,False,10.397309362975772,4,4,3.4169548628143284e-16,10.397309362975776,True,271829,10.397309362975772,3120845889,7,0bfe619da759d0a3756304e6766ab3e7ebaca7a2cdf3a42322040f7bd7d26207,20.028399117003573,pyvrp,20.0,0.001851742790964985,cvrp50_13867.json,0
"[""route_membership_ambiguous""]",unstable_matrix,True,0.008430714298903297,cvrp_s7799_n20-50-100_x66667_cvrp50_13913,0.03428571428571429,False,False,0.32,0.08979591836734693,0.04489795918367347,50,4,True,11.153792621326835,False,True,11.628204799139539,True,11.145361907027931,4,4,0.0004455082742432038,11.150327257976947,True,271829,11.145361907027931,1233725657,6,3af32a83c2c687583f043050c75be2d81241bbbe763f0bc2a92c3d38bec5f844,20.023447892002878,pyvrp,20.0,0.000755860771768625,cvrp50_13913.json,0
"[""accepted""]",not_selected,True,0.01874471632899244,cvrp_s7799_n20-50-100_x66667_cvrp50_14003,0.035918367346938776,True,True,0.0,0.0,0.0,50,4,False,9.941247971667178,False,False,,False,9.922503255338185,4,4,1.7902305433304768e-16,9.922503255338187,True,271828,9.922503255338185,1865666149,7,f9813246a289cf2044c12d644d77c9ab738c0ed004775a357d9513f7fa0d4d37,20.029364263999014,pyvrp,20.0,0.0018855496193652327,cvrp50_14003.json,0
"[""pyvrp_cost_not_converged""]",unstable_cost,False,0.014107152742717233,cvrp_s7799_n20-50-100_x66667_cvrp50_14065,0.0946938775510204,True,False,0.0,0.0,0.0,50,3,True,9.953943590728654,False,True,10.248794063763611,True,9.939836437985937,4,4,0.008201792793431239,10.021360916850895,False,271828,9.939836437985937,628465947,6,6ab9d611ba5bd8f1367abc6b21d180b6b424c410599aa6b8ec1b9f98840547f1,20.02801333900061,pyvrp,20.0,0.0014172425847236044,cvrp50_14065.json,0
"[""accepted""]",not_selected,True,0.0011533239091470193,cvrp_s7799_n20-50-100_x66667_cvrp50_14074,0.0,True,True,0.0,0.0,0.0,50,4,False,8.580370802530137,False,False,,False,8.57921747862099,4,4,0.00013443229665421687,8.580370802530137,True,271829,8.57921747862099,3288918445,7,067bc65b4819be900160f78423a1ea81e2a0f11e2e35a30c09e85f88c0379924,20.03314978600247,pyvrp,20.0,0.00013441422704097274,cvrp50_14074.json,0
"[""accepted""]",not_selected,True,0.09069529050428038,cvrp_s7799_n20-50-100_x66667_cvrp50_14109,0.12244897959183673,True,True,0.0,0.0,0.0,50,4,False,10.672961676484125,False,False,,False,10.582266385979844,4,4,3.3572332704716204e-16,10.582266385979848,True,271829,10.582266385979844,4071699981,7,5e6481ae1a5782c226445c09bf0370d8a3ad71db1fa3b2a62c6fe340c136a628,20.029014364998147,pyvrp,20.0,0.008497668524764827,cvrp50_14109.json,0
"[""pyvrp_cost_not_converged""]",unstable_cost,False,0.03679606116544143,cvrp_s7799_n20-50-100_x66667_cvrp50_14133,0.053877551020408164,True,False,0.0,0.0,0.0,50,3,True,9.62823085066889,False,True,9.780565175165073,True,9.591434789503449,4,4,0.010209067392938491,9.689354393664464,False,271828,9.591434789503449,3132035060,7,1dfafa170530b34f6e3cd64a4373d59b47c40e5c8a4acc8a9ec7ce5331866305,20.03799615600292,pyvrp,20.0,0.003821684558268058,cvrp50_14133.json,0
"[""accepted""]",not_selected,True,0.03918415682515608,cvrp_s7799_n20-50-100_x66667_cvrp50_14172,0.08408163265306122,True,True,0.0,0.0,0.0,50,4,False,9.99836792153533,False,False,,False,9.959183764710174,4,4,1.7836369740406581e-16,9.959183764710176,True,271828,9.959183764710174,3745828149,7,6ec5271670048c0e088de8803e56eb4a18d55b22964457500cc0e6a4374d48f9,20.03080159900128,pyvrp,20.0,0.003919055303091811,cvrp50_14172.json,0
"[""accepted""]",not_selected,True,5.329070518200751e-15,cvrp_s7799_n20-50-100_x66667_cvrp50_14400,0.0,True,True,0.0,0.0,0.0,50,4,False,11.149233359004912,False,False,,False,11.149233359004906,4,4,4.779764084762491e-16,11.149233359004912,True,271828,11.149233359004906,3446063157,7,e5ee8eb85128074c8b4c2abb9956dc36367a14ee1b838d3182763084b4a10d34,20.03686981300052,pyvrp,20.0,4.779764084762488e-16,cvrp50_14400.json,0
"[""accepted""]",not_selected,True,1.7763568394002505e-15,cvrp_s7799_n20-50-100_x66667_cvrp50_1446,0.0,True,True,0.0,0.0,0.0,50,4,False,10.234783644481167,False,False,,False,10.234783644481166,4,4,5.206822834085321e-16,10.23478364448117,True,271830,10.234783644481166,2887487414,7,2c62c467323e80c4d67cd0867e1dc2ed949ec6db4d1437b780ad33cd069f7fa8,20.026632589000656,pyvrp,20.0,1.7356076113617735e-16,cvrp50_1446.json,0
"[""route_membership_ambiguous""]",unstable_matrix,True,1.7763568394002505e-15,cvrp_s7799_n20-50-100_x66667_cvrp50_14566,0.0,False,False,0.36,0.12408163265306123,0.062040816326530614,50,4,True,9.175246674920462,False,True,9.726308096868557,True,9.17524667492046,4,4,0.00012159377815764468,9.176362327829192,True,271831,9.17524667492046,2147324640,7,80f678befd84b14d3c6aeb52044ce222f9337aa20ba1cba9c56795182f5ea919,20.028715603999444,pyvrp,20.0,1.9360316973882876e-16,cvrp50_14566.json,0
"[""accepted""]",not_selected,True,3.552713678800501e-15,cvrp_s7799_n20-50-100_x66667_cvrp50_14667,0.0,True,True,0.0,0.0,0.0,50,4,False,11.160742523508462,False,False,,False,11.160742523508459,4,4,4.77483510346722e-16,11.160742523508464,True,271828,11.160742523508459,1992910560,7,21c01e99e6b1721c67e446bd0451e297929eef10814f71448e72811818e34b07,20.032409956002084,pyvrp,20.0,3.183223402311479e-16,cvrp50_14667.json,0
"[""accepted""]",not_selected,True,3.552713678800501e-15,cvrp_s7799_n20-50-100_x66667_cvrp50_14951,0.0,True,True,0.0,0.0,0.0,50,4,False,9.998387305583567,False,False,,False,9.998387305583563,4,4,1.776643357682544e-16,9.998387305583565,True,271828,9.998387305583563,245429006,6,3cd250fcb3ea6227fbd0b8e9b84ce35bc8d1135286e315a7a2d231c89db87581,20.02936106299967,pyvrp,20.0,3.5532867153650865e-16,cvrp50_14951.json,0
"[""accepted""]",not_selected,True,0.12179652592036305,cvrp_s7799_n20-50-100_x66667_cvrp50_15101,0.07183673469387755,True,True,0.0,0.0,0.0,50,4,False,11.398259885389322,False,False,,False,11.27646335946896,4,4,6.301113328794266e-16,11.276463359468966,True,271829,11.27646335946896,4268586749,7,d55139aea7b253b948356c7fcb0655231f960b0ee9b9407ae74bdf7f6d0ea4bd,20.033887065997988,pyvrp,20.0,0.010685536840275593,cvrp50_15101.json,0
"[""accepted""]",not_selected,True,0.07691446299756599,cvrp_s7799_n20-50-100_x66667_cvrp50_15150,0.0163265306122449,True,True,0.0,0.0,0.0,50,4,False,12.81490252927274,False,False,,False,12.737988066275173,4,4,2.7890697183227784e-16,12.737988066275177,True,271830,12.737988066275173,2231740524,7,d2dc979bac327161ed141d358e63e05acf2e732bc712e9e2822c791c63e96006,20.032529849999264,pyvrp,20.0,0.006001954585442405,cvrp50_15150.json,0
"[""accepted""]",not_selected,True,0.0,cvrp_s7799_n20-50-100_x66667_cvrp50_15154,0.0,True,True,0.0,0.0,0.0,50,4,False,10.178360534331464,False,False,,False,10.178360534331464,4,4,3.4904576889541773e-16,10.178360534331468,True,271829,10.178360534331464,2781192592,7,850f6e159bd179056b43602ad24f430a5471d4e7b1a1cec6972062c3cb54a78c,20.036410003998753,pyvrp,20.0,0.0,cvrp50_15154.json,0
"[""accepted""]",not_selected,True,0.0,cvrp_s7799_n20-50-100_x66667_cvrp50_15263,0.0,True,True,0.0,0.0,0.0,50,4,False,9.938815973323502,False,False,,False,9.938815973323502,4,4,7.14916885137272e-16,9.938815973323509,True,271828,9.938815973323502,3235129,6,50e0df1c58518990ee6421296c8c9dd3fa922cc29f65ada8be4427e8bd5ece91,20.034894714000984,pyvrp,20.0,0.0,cvrp50_15263.json,0
"[""accepted""]",not_selected,True,0.0,cvrp_s7799_n20-50-100_x66667_cvrp50_15306,0.0,True,True,0.0,0.0,0.0,50,4,False,9.754259429730102,False,False,,False,9.754259429730102,4,4,1.821108872690094e-16,9.754259429730103,True,271828,9.754259429730102,4179938302,7,0276f2e0e437acb91a80107a0e3faacf91ca1d9493a830d22fd815e6fc3cb9cb,20.03091427599793,pyvrp,20.0,0.0,cvrp50_15306.json,0
"[""accepted""]",not_selected,True,5.329070518200751e-15,cvrp_s7799_n20-50-100_x66667_cvrp50_15563,0.0,True,True,0.0,0.0,0.0,50,4,False,9.770818423229349,False,False,,False,9.770818423229343,4,4,7.27209026902845e-16,9.77081842322935,True,271830,9.770818423229343,2814945458,7,cd711c4873ebc2ff4748b339f438d71dde5a6906beadd04abdb505455d53e7cf,20.027119227001094,pyvrp,20.0,5.454067701771335e-16,cvrp50_15563.json,0
"[""accepted""]",not_selected,True,0.0008535504066884414,cvrp_s7799_n20-50-100_x66667_cvrp50_15940,0.022857142857142857,True,True,0.28,0.022857142857142857,0.011428571428571429,50,4,False,9.75015604433381,False,False,,False,9.749302493927122,4,4,8.754989469489473e-05,9.750156044333814,True,271828,9.749302493927122,1564605514,7,a8e6a263cec83254cd1d535165e5109cbfc3f604dced09f2b9254fdb2bc45081,20.033746310000424,pyvrp,20.0,8.754223038147911e-05,cvrp50_15940.json,0
"[""pyvrp_cost_not_converged"", ""route_membership_ambiguous""]",unstable_cost,False,0.05252462474771136,cvrp_s7799_n20-50-100_x66667_cvrp50_16055,0.04897959183673469,False,False,0.0,0.0,0.0,50,1,True,11.903603034321705,False,True,12.319196570962182,True,11.851078409573994,4,4,0.010105468513170138,11.970839109289054,False,271830,11.851078409573994,456719568,7,3b1fb7c16a0b4d85814a6d87a7759c77c004f2de2148561b8a729db476070430,20.079259793998062,pyvrp,20.0,0.004412498013943081,cvrp50_16055.json,0
"[""accepted""]",stable_control,True,0.07954948058509537,cvrp_s7799_n20-50-100_x66667_cvrp50_16096,0.054693877551020405,True,True,0.0,0.0,0.0,50,4,False,10.247639100381718,False,True,10.542566599085777,True,10.168089619796623,4,4,1.7469917219669236e-16,10.168089619796625,True,271828,10.168089619796623,531075272,7,a1cc04bb5546491b3255e4a5e67458bb7ababa0d1bbb1e9da2bdf27af71ff0bf,20.029769574000966,pyvrp,20.0,0.007762712933765612,cvrp50_16096.json,0
"[""pyvrp_cost_not_converged""]",unstable_cost,False,0.04853425544068557,cvrp_s7799_n20-50-100_x66667_cvrp50_16161,0.18612244897959185,True,False,0.0,0.0,0.0,50,3,True,11.154327689430543,False,True,11.32107111382274,True,11.105793433989858,4,4,0.007315944780401175,11.18704280549547,False,271828,11.105793433989858,1711369311,7,3c8390860b328efa8debe6aa874bad547d8163ade261745b030a6c574d2b3519,20.032620939997287,pyvrp,20.0,0.0043511591905870724,cvrp50_16161.json,0
"[""accepted""]",not_selected,True,3.552713678800501e-15,cvrp_s7799_n20-50-100_x66667_cvrp50_16163,0.0,True,True,0.0,0.0,0.0,50,4,False,9.604150242864796,False,False,,False,9.604150242864792,4,4,7.398288425235574e-16,9.6041502428648,True,271830,9.604150242864792,1083154369,7,48e3e9a51a8041a599f22356f82150644a5c69b62acf11febd13c1f72d640fb2,20.028033724000124,pyvrp,20.0,3.6991442126177855e-16,cvrp50_16163.json,0
"[""route_membership_ambiguous""]",unstable_matrix,True,0.04569786788175101,cvrp_s7799_n20-50-100_x66667_cvrp50_16185,0.156734693877551,False,False,0.42,0.11346938775510204,0.07564625850340136,50,3,True,11.085268197216378,False,True,11.112833917619028,True,11.039570329334627,4,4,0.001202493371656348,11.052845339481586,True,271831,11.039570329334627,3360825808,7,f7a1d94ebd81fc7acb168832b2620d41f10d6b296ed358b64693eec160bcb044,20.029976548998093,pyvrp,20.0,0.004122396235142619,cvrp50_16185.json,0
"[""accepted""]",not_selected,True,0.0,cvrp_s7799_n20-50-100_x66667_cvrp50_1630,0.0,True,True,0.0,0.0,0.0,50,4,False,9.499984629217538,False,False,,False,9.499984629217538,4,4,3.7397046600201907e-16,9.499984629217542,True,271829,9.499984629217538,1016706051,7,4a544d7415acbb32894ef669faf9f2e1508352ee07ab361142313b9063661e42,20.03806250299749,pyvrp,20.0,0.0,cvrp50_1630.json,0
"[""route_membership_ambiguous""]",unstable_matrix,True,0.07514188831260071,cvrp_s7799_n20-50-100_x66667_cvrp50_16383,0.10122448979591837,False,False,0.36,0.08081632653061224,0.04040816326530612,50,4,True,12.262070415799544,False,True,12.829630595799564,True,12.186928527486943,4,4,4.96507166474399e-05,12.187533617222064,True,271831,12.186928527486943,3246385424,7,4af020fe9267d67d9dbb197c13b8b2e17b2a0664f3a7329a342ffa42548dc9bb,20.03210049200061,pyvrp,20.0,0.006127993541431732,cvrp50_16383.json,0
"[""accepted""]",not_selected,True,0.07027590692651309,cvrp_s7799_n20-50-100_x66667_cvrp50_16555,0.053877551020408164,True,True,0.0,0.0,0.0,50,3,False,12.39919419609137,False,False,,False,12.328918289164857,4,4,0.0034851486275891946,12.37188640182,True,271828,12.328918289164857,2998633369,7,741417d03b363fcd08f96123104f855827b93a909df1deca680cce983a33d909,20.03383224099889,pyvrp,20.0,0.005667780164993814,cvrp50_16555.json,0
"[""accepted""]",not_selected,True,0.012267686636857178,cvrp_s7799_n20-50-100_x66667_cvrp50_16702,0.035918367346938776,True,True,0.0,0.0,0.0,50,4,False,10.860304991895335,False,False,,False,10.848037305258478,4,4,4.912474365862973e-16,10.848037305258483,True,271831,10.848037305258478,3067165278,7,0f4658fdd2e151112868f4329ec7466ef9419c564e502abcf28a82c1db7f4f80,20.026375810997706,pyvrp,20.0,0.0011295895139236073,cvrp50_16702.json,0
"[""accepted""]",not_selected,True,0.10326277925588379,cvrp_s7799_n20-50-100_x66667_cvrp50_16710,0.05142857142857143,True,True,0.0,0.0,0.0,50,4,False,8.724448107576821,False,False,,False,8.621185328320937,4,4,2.0604554614605575e-16,8.621185328320939,True,271830,8.621185328320937,464103781,6,f99b8b8773df221e75a4008d2c09cd94e848c3cd7aec51d7628531e9955f1425,20.029016585001955,pyvrp,20.0,0.011836024237017852,cvrp50_16710.json,0
"[""accepted""]",not_selected,True,0.004768339389082499,cvrp_s7799_n20-50-100_x66667_cvrp50_16740,0.014693877551020407,True,True,0.0,0.0,0.0,50,2,False,9.347086447608348,False,False,,False,9.342318108219265,4,4,0.0024048572677850513,9.364785049819776,True,271828,9.342318108219265,2120040458,7,713f9b0e0058aa56e256e594e8aa1e4e921910cfbcda11c7ce664a3cd1326d06,20.027361841999664,pyvrp,20.0,0.0005101417875837214,cvrp50_16740.json,0
"[""accepted""]",not_selected,True,0.02330589499186786,cvrp_s7799_n20-50-100_x66667_cvrp50_16756,0.09714285714285714,True,True,0.4,0.04897959183673469,0.024489795918367346,50,4,False,11.341525215959997,False,False,,False,11.31821932096813,4,4,0.00024047265555714694,11.32094104322442,True,271830,11.31821932096813,1558644871,6,24ea8d8d53ce37261352a7184b47ea0a4fcf2e8809bc712f76c7543979676451,20.039136486000643,pyvrp,20.0,0.0020549171780768418,cvrp50_16756.json,0
"[""accepted""]",not_selected,True,0.08820030199056816,cvrp_s7799_n20-50-100_x66667_cvrp50_16835,0.11346938775510204,True,True,0.0,0.0,0.0,50,4,False,11.573954874865892,False,False,,False,11.485754572875324,4,4,7.732869565205938e-16,11.485754572875333,True,271831,11.485754572875324,2691888975,7,6e814c6e423b44252bb2f06792481f70217ee6f3ed8264829d283117da070129,20.032038559002103,pyvrp,20.0,0.007620584574949809,cvrp50_16835.json,0
"[""accepted""]",not_selected,True,0.00047260075940158686,cvrp_s7799_n20-50-100_x66667_cvrp50_16850,0.0,True,True,0.0,0.0,0.0,50,4,False,11.591322442323627,False,False,,False,11.590849841564225,4,4,4.077360727326825e-05,11.591322442323628,True,271828,11.590849841564225,1765984022,7,4f978f583fe2f2e5434bc18df62fff6080a5046afcb594502426fe6c5d7806ff,20.027001418002328,pyvrp,20.0,4.077194485384776e-05,cvrp50_16850.json,0
"[""accepted""]",not_selected,True,0.0,cvrp_s7799_n20-50-100_x66667_cvrp50_1690,0.0,True,True,0.0,0.0,0.0,50,4,False,10.232927920174134,False,False,,False,10.232927920174134,4,4,6.94368944355868e-16,10.232927920174141,True,271828,10.232927920174134,898940867,6,3787ed2dc7a01f22a1d8c306331c7852dd80b8a6e5ae27756467bd6aa4e39dec,20.03457565699864,pyvrp,20.0,0.0,cvrp50_1690.json,0
"[""accepted""]",stable_control,True,0.0076362823089972665,cvrp_s7799_n20-50-100_x66667_cvrp50_16950,0.022857142857142857,True,True,0.0,0.0,0.0,50,4,False,9.790355275873589,False,True,9.97752367693154,True,9.782718993564592,4,4,3.631621925496989e-16,9.782718993564595,True,271830,9.782718993564592,452257589,7,3e47399edad3df5d991b97074a3b8d572db55cbe313a44e31b6b11f3621936b4,20.031702551001217,pyvrp,20.0,0.0007799801022354508,cvrp50_16950.json,0
"[""accepted""]",not_selected,True,3.552713678800501e-15,cvrp_s7799_n20-50-100_x66667_cvrp50_17166,0.0,True,True,0.0,0.0,0.0,50,4,False,10.802383632405691,False,False,,False,10.802383632405688,4,4,4.933235755684756e-16,10.802383632405693,True,271829,10.802383632405688,146514937,7,fe09c84c9c674461503a8b72afa2617df6a8a36ca1eb73cd92f1b7b00a46eae1,20.028022331996908,pyvrp,20.0,3.2888238371231695e-16,cvrp50_17166.json,0
"[""accepted""]",not_selected,True,0.0,cvrp_s7799_n20-50-100_x66667_cvrp50_17211,0.0,True,True,0.0,0.0,0.0,50,2,False,8.790526558160137,False,False,,False,8.790526558160137,4,4,0.00416947463874135,8.827178435705568,True,271830,8.790526558160137,2500124940,6,eccb9ddb2c1a161cb5113dde00185768e7e1496f7095d553b6f0e78ad7b34a32,20.021984450999298,pyvrp,20.0,0.0,cvrp50_17211.json,0
"[""accepted""]",stable_control,True,0.13155692705299415,cvrp_s7799_n20-50-100_x66667_cvrp50_17445,0.10857142857142857,True,True,0.0,0.0,0.0,50,3,False,12.485813763997125,False,True,12.409832324471035,True,12.354256836944131,4,4,0.0015312938405641972,12.373174834343292,True,271829,12.354256836944131,2797563236,7,fc9c5162f7836533d4a13f3161e7aa0d09f1fa02be0d3521f6cb8995efbefde4,20.030068730000494,pyvrp,20.0,0.010536512039955207,cvrp50_17445.json,0
"[""accepted""]",not_selected,True,0.08332742999696663,cvrp_s7799_n20-50-100_x66667_cvrp50_17560,0.14612244897959184,True,True,0.32,0.013061224489795919,0.0065306122448979586,50,4,False,11.6461651897269,False,False,,False,11.562837759729934,4,4,0.00013341751505004503,11.564380444810764,True,271830,11.562837759729934,1583309753,8,7879c4d9cfb6633109c7cd06976be0feb7d725c3d96521cbac09ab96a80869fb,20.031643588001316,pyvrp,20.0,0.00715492427245235,cvrp50_17560.json,1
"[""accepted""]",not_selected,True,3.552713678800501e-15,cvrp_s7799_n20-50-100_x66667_cvrp50_17604,0.0,True,True,0.0,0.0,0.0,50,4,False,10.470300382342593,False,False,,False,10.47030038234259,4,4,6.786268873034241e-16,10.470300382342597,True,271828,10.47030038234259,3594368597,7,8e75477cb3158cbd95f8cffa9b725c47ecf89e202c68677985457ef48d4fd49d,20.031350929999462,pyvrp,20.0,3.393134436517119e-16,cvrp50_17604.json,0
"[""accepted""]",not_selected,True,1.7763568394002505e-15,cvrp_s7799_n20-50-100_x66667_cvrp50_17629,0.0,True,True,0.0,0.0,0.0,50,4,False,8.661505103550775,False,False,,False,8.661505103550773,4,4,4.1017278594502826e-16,8.661505103550777,True,271831,8.661505103550773,1256509985,7,47f3da97523d414720fe464b131fb8046d952bd14cdb3ed6a9e91efcfea53b86,20.032115915997565,pyvrp,20.0,2.0508639297251408e-16,cvrp50_17629.json,0
"[""accepted""]",not_selected,True,0.020925775874419017,cvrp_s7799_n20-50-100_x66667_cvrp50_1764,0.04,True,True,0.0,0.0,0.0,50,4,False,10.89602632896078,False,False,,False,10.87510055308636,4,4,1.0192694045800149e-05,10.875211399659015,True,271828,10.87510055308636,3824805379,7,0ed7e7835492022c461ec553d4c5a102a2ec651dc1379c2d2aea9ff48dd4dc47,20.03419652299999,pyvrp,20.0,0.001920496082025789,cvrp50_1764.json,0
"[""accepted""]",not_selected,True,2.5261267312615132e-05,cvrp_s7799_n20-50-100_x66667_cvrp50_1767,0.0,True,True,0.0,0.0,0.0,50,4,False,8.993825217151082,False,False,,False,8.99379995588377,4,4,2.8087424043814918e-06,8.993825217151082,True,271829,8.99379995588377,3240120908,7,fbeeddfdce583fa2085be99453856912c7e59a2edfafd862f1af20b70b2e0ec5,20.034199866000563,pyvrp,20.0,2.8087345153697556e-06,cvrp50_1767.json,0
"[""accepted""]",stable_control,True,0.003979037420659637,cvrp_s7799_n20-50-100_x66667_cvrp50_17902,0.04816326530612245,True,True,0.0,0.0,0.0,50,4,False,10.321413004784027,False,True,10.789433695025044,True,10.317433967363367,4,4,3.4434082059925226e-16,10.317433967363371,True,271830,10.317433967363367,501592525,6,df86fbddeb680fe9f486aa938fe7231460ddc32d497b24777d005c175b2f172b,20.033856648999063,pyvrp,20.0,0.00038551285747555423,cvrp50_17902.json,0
"[""accepted""]",not_selected,True,1.7763568394002505e-15,cvrp_s7799_n20-50-100_x66667_cvrp50_17946,0.0,True,True,0.0,0.0,0.0,50,4,False,8.401122677176726,False,False,,False,8.401122677176724,4,4,2.114427925479612e-16,8.401122677176726,True,271829,8.401122677176724,778441844,6,e4dee1b60b2f0494c9a68c36565e6a538a7e9feb8a8b97d09bae890750991b62,20.030212761001167,pyvrp,20.0,2.1144279254796115e-16,cvrp50_17946.json,0
"[""accepted""]",not_selected,True,1.7763568394002505e-15,cvrp_s7799_n20-50-100_x66667_cvrp50_18136,0.0,True,True,0.0,0.0,0.0,50,4,False,10.965304644881806,False,False,,False,10.965304644881805,4,4,3.239958937628582e-16,10.965304644881808,True,271829,10.965304644881805,562315572,7,5a750af6ccc62121d3bbdb3e6021c6b3846c8af9e274c1f42de39057d572ae10,20.03335930400135,pyvrp,20.0,1.6199794688142909e-16,cvrp50_18136.json,0
"[""accepted""]",stable_control,True,0.08160455925644605,cvrp_s7799_n20-50-100_x66667_cvrp50_18297,0.08408163265306122,True,True,0.0,0.0,0.0,50,4,False,13.025600963312487,False,True,13.492447616007702,True,12.94399640405604,4,4,8.234042025121192e-16,12.943996404056051,True,271829,12.94399640405604,2372291417,7,ba76efc18fad80d2b4b085b47453b1cc4df6ddc9bf39f0e5a07244bcd4f010e3,20.028294351999648,pyvrp,20.0,0.006264936219548794,cvrp50_18297.json,0
"[""accepted""]",not_selected,True,5.329070518200751e-15,cvrp_s7799_n20-50-100_x66667_cvrp50_18355,0.0,True,True,0.0,0.0,0.0,50,4,False,8.051480283823794,False,False,,False,8.051480283823789,4,4,8.82499504082063e-16,8.051480283823796,True,271831,8.051480283823789,3598693461,6,c7ade9e87bdf06dbb5352fa881d309e6345a671b933274a482c743e546ae7652,20.028686664001725,pyvrp,20.0,6.618746280615468e-16,cvrp50_18355.json,0
"[""accepted""]",stable_control,True,3.552713678800501e-15,cvrp_s7799_n20-50-100_x66667_cvrp50_18535,0.0,True,True,0.0,0.0,0.0,50,4,False,12.679802472787802,False,True,13.254786199385254,True,12.679802472787799,4,4,2.8018683149244644e-16,12.679802472787802,True,271829,12.679802472787799,3413147850,7,a48ee88267ae1920f6628ca626b1762fe9a247a8579a9c3fa1ef8a7576d66f81,20.033261551001488,pyvrp,20.0,2.801868314924464e-16,cvrp50_18535.json,0
"[""accepted""]",stable_control,True,0.15398266178816655,cvrp_s7799_n20-50-100_x66667_cvrp50_18592,0.17795918367346938,True,True,0.0,0.0,0.0,50,4,False,11.995171941197448,False,True,12.575118500468617,True,11.841189279409281,4,4,1.500150700647247e-16,11.841189279409283,True,271829,11.841189279409281,1194922929,6,5b3dddd9c613719eeda4657d533db3c13f6086d25ca807e876f880ac9b940842,20.03466730299988,pyvrp,20.0,0.012837053319703797,cvrp50_18592.json,0
"[""accepted""]",stable_control,True,0.03219135898117642,cvrp_s7799_n20-50-100_x66667_cvrp50_18844,0.13714285714285715,True,True,0.0,0.0,0.0,50,4,False,11.035309695337354,False,True,11.338068738257624,True,11.003118336356177,4,4,6.457648768643576e-16,11.003118336356184,True,271829,11.003118336356177,340134970,7,fd978de6bf5bf6298afc9cd4e0f60c25db27fcf29c103839b734e0aa3f63cb74,20.03101522700308,pyvrp,20.0,0.0029171232951240088,cvrp50_18844.json,0
"[""accepted""]",not_selected,True,5.125225500002273e-05,cvrp_s7799_n20-50-100_x66667_cvrp50_1902,0.0,True,True,0.0,0.0,0.0,50,3,False,10.34768280927362,False,False,,False,10.34763155701862,4,4,0.0017411363283758986,10.365648194235193,True,271831,10.34763155701862,3199117215,7,07b70245eff9d1d73eb24eab0e73735d7ae95e185c78bad5e4861b0b74b9ddef,20.030667406001157,pyvrp,20.0,4.953017592894356e-06,cvrp50_1902.json,0
"[""accepted""]",not_selected,True,-1.7763568394002505e-15,cvrp_s7799_n20-50-100_x66667_cvrp50_1908,0.0,True,True,0.0,0.0,0.0,50,4,False,9.075776342717047,False,False,,False,9.075776342717049,4,4,4.917731820133631e-06,9.075820974951162,True,271829,9.075776342717049,700969315,7,ee46596b499aeba992f340d6766cc15c77cceaaad5308e598ccb1da413f7368f,20.034293372998945,pyvrp,20.0,-1.9572505671382118e-16,cvrp50_1908.json,0
"[""accepted""]",not_selected,True,-1.7763568394002505e-15,cvrp_s7799_n20-50-100_x66667_cvrp50_19088,0.0,True,True,0.0,0.0,0.0,50,4,False,8.99905366045232,False,False,,False,8.999053660452322,4,4,1.9739373787787424e-16,8.999053660452324,True,271829,8.999053660452322,492376670,6,16547ddf3fcd087349b91f4c7e5c8aaa2e683061d34a7b15b4bdc51df1862a42,20.026297747997887,pyvrp,20.0,-1.973937378778743e-16,cvrp50_19088.json,0
"[""accepted""]",not_selected,True,3.77534069482266e-05,cvrp_s7799_n20-50-100_x66667_cvrp50_19095,0.011428571428571429,True,True,0.28,0.02857142857142857,0.017551020408163264,50,4,False,11.06419006006111,False,False,,False,11.064152306654162,4,4,2.1456179542999648e-05,11.064389701092544,True,271831,11.064152306654162,3248920517,7,b8562c5b6ccaae357ddb08fff4f91c38088a5347f000b83bd42339f3a513e28f,20.033983593999437,pyvrp,20.0,3.412216054070394e-06,cvrp50_19095.json,0
"[""accepted""]",stable_control,True,0.0,cvrp_s7799_n20-50-100_x66667_cvrp50_19578,0.0,True,True,0.0,0.0,0.0,50,4,False,9.293650112362876,False,True,9.31121057690616,True,9.293650112362876,4,4,1.146819700283693e-15,9.293650112362887,True,271831,9.293650112362876,119947453,7,19c93ed240769ed7bd27d0a44530be40b4fcf75e1638579dc8125f0d2036311c,20.09059182999772,pyvrp,20.0,0.0,cvrp50_19578.json,0
"[""route_membership_ambiguous""]",unstable_matrix,True,-1.7763568394002505e-15,cvrp_s7799_n20-50-100_x66667_cvrp50_19594,0.0,False,False,0.28,0.14612244897959184,0.07306122448979592,50,4,True,10.159933431494336,False,True,10.327286431108591,True,10.159933431494338,4,4,0.0009016315781196665,10.169093948307767,True,271829,10.159933431494338,3322895034,7,bb1b636234e6fc1779f550f13ec4980d94ff3cf51ed1370c017f5db96d384173,20.034043014999042,pyvrp,20.0,-1.74839417145569e-16,cvrp50_19594.json,0
"[""pyvrp_cost_not_converged"", ""route_membership_ambiguous""]",unstable_cost,False,0.012335231550167691,cvrp_s7799_n20-50-100_x66667_cvrp50_19651,0.12653061224489795,False,False,0.0,0.0,0.0,50,1,True,12.306243583174279,False,True,12.47993071717538,True,12.293908351624111,4,4,0.0032770204660221075,12.334195740899784,False,271829,12.293908351624111,2447296104,8,31740c74e3eaf8686c22731f4193e409611495b3c3276fca508f10f72ff90830,20.031394532998092,pyvrp,20.0,0.0010023555495872881,cvrp50_19651.json,0
"[""accepted""]",not_selected,True,5.329070518200751e-15,cvrp_s7799_n20-50-100_x66667_cvrp50_19983,0.0,True,True,0.0,0.0,0.0,50,4,False,11.170201579457867,False,False,,False,11.170201579457862,4,4,6.361055623801785e-16,11.170201579457869,True,271828,11.170201579457862,1343021524,7,d8f47ee2b71dd1eab61058d73edd977ef48454975536d4a37f1004c2c691269a,20.031290941002226,pyvrp,20.0,4.770791717851337e-16,cvrp50_19983.json,0
"[""pyvrp_cost_not_converged""]",unstable_cost,False,0.16847669235033713,cvrp_s7799_n20-50-100_x66667_cvrp50_20003,0.12897959183673469,True,False,0.0,0.0,0.0,50,2,True,13.48497590324501,False,True,13.430718324787392,True,13.316499210894673,4,4,0.005935102938518371,13.395534004492031,False,271829,13.316499210894673,2954037612,7,63619b72ad9fe91a188f650a99b276b4214c1b2d7f0971c9e5708a92824b9ad7,20.030308820001665,pyvrp,20.0,0.012493659132886926,cvrp50_20003.json,0
"[""route_membership_ambiguous""]",unstable_matrix,True,0.05284652725884875,cvrp_s7799_n20-50-100_x66667_cvrp50_20086,0.17142857142857143,False,False,0.32,0.10448979591836735,0.10448979591836735,50,2,True,10.996514827599167,False,True,11.790100732134375,True,10.943668300340319,4,4,0.004058912297334957,10.988087690182525,True,271828,10.943668300340319,1188516682,6,d333c7a4f9d3f2f7a9914ab4a9e4e4a0c40485453be54aed3dd3622acbf0bff0,20.079185385999153,pyvrp,20.0,0.004805752375854028,cvrp50_20086.json,0
"[""accepted""]",not_selected,True,-7.105427357601002e-15,cvrp_s7799_n20-50-100_x66667_cvrp50_20192,0.0,True,True,0.0,0.0,0.0,50,4,False,9.085617955811268,False,False,,False,9.085617955811275,4,4,1.9551304578727861e-16,9.085617955811276,True,271828,9.085617955811275,1035477187,7,3f24cf2d765e33622d152de9a07904446ef0b0054c7684dd3670e163d1f58ff3,20.030924170998333,pyvrp,20.0,-7.82052183149115e-16,cvrp50_20192.json,0
"[""accepted""]",stable_control,True,0.21586193451596003,cvrp_s7799_n20-50-100_x66667_cvrp50_20268,0.08244897959183674,True,True,0.0,0.0,0.0,50,4,False,12.82692947430286,False,True,13.008487594191779,True,12.6110675397869,4,4,1.4085697612799138e-16,12.611067539786902,True,271828,12.6110675397869,429035451,8,10b02383b6a5f782f1a6c445da8702b247035b27d983a0dc91d4c082a31c584c,20.03017144399928,pyvrp,20.0,0.016828808090697953,cvrp50_20268.json,0
"[""accepted""]",not_selected,True,-1.7763568394002505e-15,cvrp_s7799_n20-50-100_x66667_cvrp50_20633,0.0,True,True,0.0,0.0,0.0,50,4,False,8.662457583131399,False,False,,False,8.6624575831314,4,4,2.050638427204989e-16,8.662457583131403,True,271828,8.6624575831314,3418300957,6,38947410097975f82b0fb835704a23392a23f21c029614c737fe54eafc6398f6,20.03323406400159,pyvrp,20.0,-2.0506384272049892e-16,cvrp50_20633.json,0
"[""accepted""]",not_selected,True,1.7763568394002505e-15,cvrp_s7799_n20-50-100_x66667_cvrp50_20854,0.0,True,True,0.0,0.0,0.0,50,4,False,10.562349817544645,False,False,,False,10.562349817544643,4,4,6.727127467221827e-16,10.56234981754465,True,271829,10.562349817544643,740811760,7,df8826f382db3dffe5c0684eb025f08d3bcd2d498744aee682df2f676285ae74,20.031081659999472,pyvrp,20.0,1.6817818668054565e-16,cvrp50_20854.json,0
"[""pyvrp_cost_not_converged"", ""route_membership_ambiguous""]",unstable_cost,False,-0.004769822495761744,cvrp_s7799_n20-50-100_x66667_cvrp50_21043,0.06448979591836734,False,False,0.0,0.0,0.0,50,1,True,12.397473244331596,False,True,13.029527938808334,True,12.402243066827358,4,4,0.003809687751319079,12.449491740327932,False,271828,12.402243066827358,890495193,7,c45b3dc390f75f56cb287ad74d502614457c178d2c22f839a81c26991b290c55,20.035069705998467,pyvrp,20.0,-0.000384741503511017,cvrp50_21043.json,0
"[""accepted""]",not_selected,True,0.03348497156560626,cvrp_s7799_n20-50-100_x66667_cvrp50_21166,0.045714285714285714,True,True,0.0,0.0,0.0,50,4,False,9.68145804961769,False,False,,False,9.647973078052084,4,4,9.770601432805731e-05,9.648915743047885,True,271829,9.647973078052084,3998324452,7,730d5d07a1230450c1cbe7ada242613cc7ceae0147437ecdbd159184c5d8192a,20.034231439996802,pyvrp,20.0,0.0034586703153590115,cvrp50_21166.json,0
"[""accepted""]",not_selected,True,0.05708588498106337,cvrp_s7799_n20-50-100_x66667_cvrp50_21562,0.06857142857142857,True,True,0.0,0.0,0.0,50,4,False,11.335465164427085,False,False,,False,11.278379279446021,4,4,4.725032193156133e-16,11.278379279446026,True,271829,11.278379279446021,4158476210,7,0029be402c9590937657796d0cd0d864018daaf00a2f8c732bab96063f621c7f,20.028219927000464,pyvrp,20.0,0.00503604255784845,cvrp50_21562.json,0
"[""accepted""]",stable_control,True,0.0,cvrp_s7799_n20-50-100_x66667_cvrp50_21698,0.0,True,True,0.0,0.0,0.0,50,4,False,9.00961328661176,False,True,9.27004160397583,True,9.00961328661176,4,4,3.9432476908635086e-16,9.009613286611764,True,271830,9.00961328661176,3385684204,6,c4e7b300d50926ffde076e5f7079b02c8925e6fc38b2586432355e693d954edc,20.02990530199895,pyvrp,20.0,0.0,cvrp50_21698.json,0
"[""accepted""]",not_selected,True,3.552713678800501e-15,cvrp_s7799_n20-50-100_x66667_cvrp50_21723,0.0,True,True,0.0,0.0,0.0,50,4,False,9.694693635392152,False,False,,False,9.694693635392149,4,4,7.329192262106578e-16,9.694693635392156,True,271829,9.694693635392149,375600164,7,c807b08b5edd07a8d167a6baba045e68234c14c2208cb920eba93bb6609daa3e,20.027516090998688,pyvrp,20.0,3.6645961310532873e-16,cvrp50_21723.json,0
"[""accepted""]",not_selected,True,0.00489240838559013,cvrp_s7799_n20-50-100_x66667_cvrp50_21859,0.04897959183673469,True,True,0.0,0.0,0.0,50,4,False,11.089636259653178,False,False,,False,11.084743851267588,4,4,1.6025240305369045e-16,11.08474385126759,True,271830,11.084743851267588,50714675,7,409ce1fd063acc063a0646381486c587c58201ed98c2000046c83c96b7b009b1,20.028460598001402,pyvrp,20.0,0.000441169418999784,cvrp50_21859.json,0
"[""accepted""]",not_selected,True,0.0006588014056543301,cvrp_s7799_n20-50-100_x66667_cvrp50_21909,0.04244897959183674,True,True,0.0,0.0,0.0,50,4,False,9.351334520541172,False,False,,False,9.350675719135518,4,4,3.799419192273041e-16,9.350675719135522,True,271828,9.350675719135518,3430856565,6,59e4b4f07a8d42389d45e3252220d5cff45d36092c4cffece502e7b0a240a829,20.02370684199923,pyvrp,20.0,7.044998809605246e-05,cvrp50_21909.json,0
"[""accepted""]",not_selected,True,0.2323192642304157,cvrp_s7799_n20-50-100_x66667_cvrp50_21942,0.08653061224489796,True,True,0.0,0.0,0.0,50,4,False,12.581432209504813,False,False,,False,12.349112945274397,4,4,5.753795749612944e-16,12.349112945274404,True,271828,12.349112945274397,2810446305,8,07c7b58520000c4c20660ab92ce721b7daf986d67225f3778bd8a14b2826d265,20.0300533610025,pyvrp,20.0,0.018465247863824835,cvrp50_21942.json,0
"[""accepted""]",not_selected,True,1.7763568394002505e-15,cvrp_s7799_n20-50-100_x66667_cvrp50_22194,0.0,True,True,0.0,0.0,0.0,50,4,False,10.4099181782596,False,False,,False,10.409918178259598,4,4,3.4128161412642993e-16,10.409918178259602,True,271830,10.409918178259598,1514083371,6,f774778155d628d363b94961ab25d73a69b67d1b0a31bf8bb771d5fa8cf309b7,20.028236448000825,pyvrp,20.0,1.7064080706321494e-16,cvrp50_22194.json,0
"[""accepted""]",stable_control,True,0.008934980537175008,cvrp_s7799_n20-50-100_x66667_cvrp50_22207,0.024489795918367346,True,True,0.0,0.0,0.0,50,4,False,9.943060036424916,False,True,10.105728186941855,True,9.93412505588774,4,4,2.3436128024131278e-05,9.934357873314358,True,271828,9.93412505588774,60553582,6,a605443d3ca96c7a35db621435f5ab11df8a52884ee150a58f8e15a31d663625,20.021530525002163,pyvrp,20.0,0.000898614762904281,cvrp50_22207.json,0
"[""accepted""]",stable_control,True,0.032674471934370786,cvrp_s7799_n20-50-100_x66667_cvrp50_22381,0.0,True,True,0.0,0.0,0.0,50,4,False,11.413096625686165,False,True,11.928802254893702,True,11.380422153751795,4,4,4.682665059524099e-16,11.3804221537518,True,271829,11.380422153751795,2150280189,7,496aef8bf6e491e9b659cb23bbd671bf739045b07a0f7c2eed2d3845180e247c,20.027335696999216,pyvrp,20.0,0.0028628927806353664,cvrp50_22381.json,0
"[""pyvrp_cost_not_converged""]",unstable_cost,False,0.08406985742305295,cvrp_s7799_n20-50-100_x66667_cvrp50_22400,0.11918367346938775,True,False,0.0,0.0,0.0,50,3,True,8.556788165415558,False,True,8.688822439248568,True,8.472718307992505,4,4,0.013560246882827203,8.587610460017533,False,271829,8.472718307992505,352256873,7,cbdb3af989eac691cbd631728d1759e2d1a8b932a7aba1bc0034b34056373628,20.028992374001973,pyvrp,20.0,0.009824931481048313,cvrp50_22400.json,0
"[""accepted""]",not_selected,True,0.01698075244609676,cvrp_s7799_n20-50-100_x66667_cvrp50_2244,0.008979591836734694,True,True,0.0,0.0,0.0,50,4,False,9.696199372460052,False,False,,False,9.679218620013955,4,4,1.8352275210803012e-16,9.679218620013957,True,271828,9.679218620013955,806301062,7,6fb3e1d29bbd8c24b50acb793ef3ab94ae4fa6985ceec2b16bc7b7ec5bad330c,20.03017530699799,pyvrp,20.0,0.0017512792171257222,cvrp50_2244.json,0
"[""accepted""]",not_selected,True,0.0055194489997507645,cvrp_s7799_n20-50-100_x66667_cvrp50_22523,0.053877551020408164,True,True,0.0,0.0,0.0,50,4,False,10.193845235791498,False,False,,False,10.188325786791747,4,4,1.7435218274067544e-16,10.188325786791749,True,271830,10.188325786791747,2566817825,6,ee6921c420c51a75f79b65a355a2c3ccd0294889b4c57270011b9fd6322f4857,20.02519566599949,pyvrp,20.0,0.0005414491658526939,cvrp50_22523.json,0
"[""accepted""]",not_selected,True,1.7763568394002505e-15,cvrp_s7799_n20-50-100_x66667_cvrp50_22545,0.0,True,True,0.0,0.0,0.0,50,4,False,9.904997906974662,False,False,,False,9.90499790697466,4,4,5.380183386458119e-16,9.904997906974666,True,271829,9.90499790697466,1055675614,8,c2fd20f7022b247022a05d6047c37eff9518090b02e7e364fffd4114d7008209,20.020381187001476,pyvrp,20.0,1.7933944621527062e-16,cvrp50_22545.json,0
"[""accepted""]",not_selected,True,0.030136342841645458,cvrp_s7799_n20-50-100_x66667_cvrp50_22686,0.1363265306122449,True,True,0.0,0.0,0.0,50,3,False,10.868097929631961,False,False,,False,10.837961586790316,4,4,0.002009161909241487,10.859736806384317,True,271828,10.837961586790316,3932854514,7,c723f7759617c67ffa43c897517286db4e1161321e1d8b0ef0dcc8c7429c76e9,20.025269406000007,pyvrp,20.0,0.0027729178589271323,cvrp50_22686.json,0
"[""accepted""]",not_selected,True,1.7763568394002505e-15,cvrp_s7799_n20-50-100_x66667_cvrp50_22737,0.0,True,True,0.0,0.0,0.0,50,4,False,11.101384060781902,False,False,,False,11.1013840607819,4,4,1.6001219574734151e-16,11.101384060781902,True,271829,11.1013840607819,4014116885,8,7508d85186651919215860abe5b7e5a5d963550914acf7676ca06264ee8cf8f2,20.037705466998887,pyvrp,20.0,1.600121957473415e-16,cvrp50_22737.json,0
"[""accepted""]",not_selected,True,0.00026936851682535234,cvrp_s7799_n20-50-100_x66667_cvrp50_22779,0.0,True,True,0.0,0.0,0.0,50,4,False,11.083012494366438,False,False,,False,11.082743125849612,4,4,2.4305220626768426e-05,11.083012494366436,True,271829,11.082743125849612,2504520164,7,bd62da6a31732d936f800031a39f21bb3f39162c03f8203a597a4dd9238bab24,20.025219710001693,pyvrp,20.0,2.4304629897536792e-05,cvrp50_22779.json,0
"[""accepted""]",not_selected,True,0.15366961712446958,cvrp_s7799_n20-50-100_x66667_cvrp50_22812,0.17959183673469387,True,True,0.0,0.0,0.0,50,4,False,11.086670381473958,False,False,,False,10.933000764349488,4,4,1.6247660433653536e-16,10.93300076434949,True,271829,10.933000764349488,1759614337,7,ecae97710c120e3a8059b9a4da968d34dae7cba5f336936ab8e98fc692a16efa,20.032743055002356,pyvrp,20.0,0.013860754567147094,cvrp50_22812.json,0
"[""accepted""]",not_selected,True,0.06842873147518169,cvrp_s7799_n20-50-100_x66667_cvrp50_22940,0.17795918367346938,True,True,0.0,0.0,0.0,50,4,False,8.912228706106147,False,False,,False,8.843799974630965,4,4,4.0171800458984815e-16,8.843799974630969,True,271828,8.843799974630965,4257372330,6,35fc74655f1138847ecee0d4bf9c89d2024320264bb213e6fd51ab820e802468,20.034301161998883,pyvrp,20.0,0.0076780717519399225,cvrp50_22940.json,0
"[""accepted""]",not_selected,True,-1.7763568394002505e-15,cvrp_s7799_n20-50-100_x66667_cvrp50_23120,0.0,True,True,0.0,0.0,0.0,50,4,False,9.223273872454103,False,False,,False,9.223273872454104,4,4,1.9259504422886686e-16,9.223273872454106,True,271828,9.223273872454104,1762543016,7,83cbde96dcb2f473106a4addeb2a0d8c3b04f8142fbfa90b112bc59b744f8528,20.026978108002368,pyvrp,20.0,-1.9259504422886691e-16,cvrp50_23120.json,0
"[""accepted""]",not_selected,True,0.06398311159266257,cvrp_s7799_n20-50-100_x66667_cvrp50_23195,0.08816326530612245,True,True,0.0,0.0,0.0,50,4,False,9.217134009944578,False,False,,False,9.153150898351916,4,4,3.881410585550589e-16,9.15315089835192,True,271829,9.153150898351916,3496313796,7,af51b21349ba37a11bb99da1d16f58c6ae24a8b70ecec8e59819d1da6783ae42,20.026486063001357,pyvrp,20.0,0.006941757765877085,cvrp50_23195.json,0
"[""accepted""]",not_selected,True,0.0011265346413225075,cvrp_s7799_n20-50-100_x66667_cvrp50_23209,0.0,True,True,0.0,0.0,0.0,50,4,False,9.155467089161872,False,False,,False,9.15434055452055,4,4,0.00012306016305762017,9.155467089161874,True,271830,9.15434055452055,3019170944,7,6844165c01325037bbbe3f794dab1d70fd34ec2eda7496e8961d09f118cc5cb3,20.02912859799835,pyvrp,20.0,0.00012304502111706406,cvrp50_23209.json,0
"[""accepted""]",not_selected,True,-3.552713678800501e-15,cvrp_s7799_n20-50-100_x66667_cvrp50_23246,0.0,True,True,0.0,0.0,0.0,50,4,False,9.944817123313667,False,False,,False,9.94481712331367,4,4,8.931068401629682e-16,9.94481712331368,True,271829,9.94481712331367,3069966934,7,6d6f4fff79bc5d6b12072b6357cde3f2923ec701c1778ef730eb6dd57a177bfe,20.021830455996678,pyvrp,20.0,-3.572427360651874e-16,cvrp50_23246.json,0
"[""accepted""]",stable_control,True,1.7763568394002505e-15,cvrp_s7799_n20-50-100_x66667_cvrp50_23507,0.0,True,True,0.0,0.0,0.0,50,4,False,9.659875777906363,False,True,9.953325187165678,True,9.659875777906361,4,4,3.2693060262959425e-05,9.660191588807301,True,271830,9.659875777906361,1477091773,7,459b280589ce0f63ea0f912f3e296d9003728d93440728462bae95553f9ec1bc,20.039502794999862,pyvrp,20.0,1.8389023629714314e-16,cvrp50_23507.json,0
"[""accepted""]",not_selected,True,1.7763568394002505e-15,cvrp_s7799_n20-50-100_x66667_cvrp50_23516,0.0,True,True,0.0,0.0,0.0,50,4,False,8.698538599948984,False,False,,False,8.698538599948982,4,4,4.084265003803441e-16,8.698538599948986,True,271830,8.698538599948982,1115914113,6,abe53e6bda8bf2b22713b79e52b7700dde3b6577cd091fbaa74df7e3294d5504,20.02873156699934,pyvrp,20.0,2.04213250190172e-16,cvrp50_23516.json,0
"[""accepted""]",not_selected,True,0.0008491697287897892,cvrp_s7799_n20-50-100_x66667_cvrp50_23553,0.013061224489795919,True,True,0.32,0.013061224489795919,0.0065306122448979586,50,4,False,7.761166291371227,False,False,,False,7.760317121642437,4,4,0.00010942461699415423,7.761166291371226,True,271828,7.760317121642437,2889986035,7,916b1d6d29dc8ba8db14c2870070f6e8331a86fbc9dfc66608b7314eed0a32b0,20.02999439999985,pyvrp,20.0,0.00010941264455754364,cvrp50_23553.json,0
"[""accepted""]",not_selected,True,0.0,cvrp_s7799_n20-50-100_x66667_cvrp50_23721,0.0,True,True,0.0,0.0,0.0,50,4,False,12.627261275370367,False,False,,False,12.627261275370367,4,4,0.0,12.627261275370367,True,271828,12.627261275370367,566822655,7,e36da78605e8cfc6421fbbed3d609027069a0a4388d95b12445b12bc2583d43e,20.03438546400139,pyvrp,20.0,0.0,cvrp50_23721.json,0
"[""accepted""]",not_selected,True,1.7763568394002505e-15,cvrp_s7799_n20-50-100_x66667_cvrp50_23737,0.0,True,True,0.0,0.0,0.0,50,4,False,10.357002709665704,False,False,,False,10.357002709665702,4,4,5.145379090446101e-16,10.357002709665707,True,271828,10.357002709665702,2238696273,7,8f8e7d20378b74ce39f1d729261c8fa6daddbb3129313d67e5bfd2e295e709b1,20.025795107001613,pyvrp,20.0,1.7151263634820334e-16,cvrp50_23737.json,0
"[""accepted""]",not_selected,True,1.7763568394002505e-15,cvrp_s7799_n20-50-100_x66667_cvrp50_23949,0.0,True,True,0.0,0.0,0.0,50,4,False,9.490486727822752,False,False,,False,9.49048672782275,4,4,3.7434472864128256e-16,9.490486727822754,True,271829,9.49048672782275,3888901803,7,01525b20a1183001d5432394064e4450bb1e0dd4168decc0dcd448ec6ae7d9b6,20.032562306001637,pyvrp,20.0,1.8717236432064123e-16,cvrp50_23949.json,0
"[""accepted""]",stable_control,True,7.105427357601002e-15,cvrp_s7799_n20-50-100_x66667_cvrp50_2415,0.0,True,True,0.0,0.0,0.0,50,4,False,10.792257892618828,False,True,10.883531283440682,True,10.79225789261882,4,4,6.583819093556536e-16,10.792257892618828,True,271830,10.79225789261882,3381194563,7,987f417c06539119653ada7a9122157e817bf8588837bca9d502e061a4491b5e,20.031369053998787,pyvrp,20.0,6.583819093556532e-16,cvrp50_2415.json,0
"[""accepted""]",stable_control,True,0.0038509640122796895,cvrp_s7799_n20-50-100_x66667_cvrp50_24320,0.09959183673469388,True,True,0.0,0.0,0.0,50,4,False,9.680637862400548,False,True,10.11726211885009,True,9.676786898388269,4,4,3.6713774066805465e-16,9.676786898388272,True,271829,9.676786898388269,3045707512,7,38ca85ff9d878ee20b44ac498e48df6a9bf0fb2bbe909f50e40d29defc0fdf4a,20.028498668001703,pyvrp,20.0,0.0003978006477483034,cvrp50_24320.json,0
"[""pyvrp_cost_not_converged""]",unstable_cost,False,0.15975357765123022,cvrp_s7799_n20-50-100_x66667_cvrp50_24597,0.07020408163265306,True,False,0.0,0.0,0.0,50,3,True,11.49357544004831,False,True,12.097148785639257,True,11.33382186239708,4,4,0.011343810044162886,11.462390584678493,False,271829,11.33382186239708,4251642529,7,11e7a23dd10a850131aacb323974a8f3e8f18e468196c28faaac369acc20a8e7,20.029442746999848,pyvrp,20.0,0.013899380439491744,cvrp50_24597.json,0
"[""accepted""]",not_selected,True,7.105427357601002e-15,cvrp_s7799_n20-50-100_x66667_cvrp50_24671,0.0,True,True,0.0,0.0,0.0,50,4,False,11.060942043856759,False,False,,False,11.060942043856752,4,4,6.423889872515295e-16,11.060942043856759,True,271829,11.060942043856752,10503665,7,478bcf9ddab42c3089213d93d9a09be530ff375e32dbaafd58a8c58ae03539c6,20.02626744200097,pyvrp,20.0,6.423889872515291e-16,cvrp50_24671.json,0
"[""accepted""]",not_selected,True,-1.7763568394002505e-15,cvrp_s7799_n20-50-100_x66667_cvrp50_24696,0.0,True,True,0.0,0.0,0.0,50,4,False,11.641442566586765,False,False,,False,11.641442566586766,4,4,4.577671957508285e-16,11.641442566586772,True,271830,11.641442566586766,2208425887,7,e772f9f1a164ae5e1c4c9ff08c42124579ebc7ce40986339a00661d0ad767cef,20.02998853600002,pyvrp,20.0,-1.5258906525027618e-16,cvrp50_24696.json,0
"[""accepted""]",not_selected,True,1.7763568394002505e-15,cvrp_s7799_n20-50-100_x66667_cvrp50_24740,0.0,True,True,0.0,0.0,0.0,50,4,False,10.317904058974978,False,False,,False,10.317904058974976,4,4,6.88650264335457e-16,10.317904058974984,True,271828,10.317904058974976,2998622096,6,b9021e059794568f53586b0aff03d4cfd6fee35f18aa1c4692d1aa023fd58cfd,20.02865930400003,pyvrp,20.0,1.7216256608386422e-16,cvrp50_24740.json,0
"[""accepted""]",stable_control,True,0.0,cvrp_s7799_n20-50-100_x66667_cvrp50_25227,0.0,True,True,0.0,0.0,0.0,50,4,False,9.592541892598412,False,True,9.9005271640431,True,9.592541892598412,4,4,7.407241414377911e-16,9.592541892598419,True,271829,9.592541892598412,1385734761,6,e7f7e52a801ad79daae1950d7ca9c794ac6a6a612a828ff29259a8ddbbfd08d0,20.031435406002856,pyvrp,20.0,0.0,cvrp50_25227.json,0
"[""pyvrp_cost_not_converged"", ""route_membership_ambiguous""]",unstable_cost,False,0.0,cvrp_s7799_n20-50-100_x66667_cvrp50_25556,0.0,False,False,0.0,0.0,0.0,50,1,True,10.03883358127824,False,True,10.281161756569315,True,10.03883358127824,4,4,0.009767957061386131,10.136892476646567,False,271828,10.03883358127824,615923311,6,9ba3a9197bbb1d278278a47e06a989e25a016b51f05acab28e773ba76512439e,20.02359529900059,pyvrp,20.0,0.0,cvrp50_25556.json,0
"[""accepted""]",not_selected,True,0.017783005884853154,cvrp_s7799_n20-50-100_x66667_cvrp50_25563,0.11918367346938775,True,True,0.0,0.0,0.0,50,3,False,11.887576619313794,False,False,,False,11.869793613428941,4,4,0.001498173132912292,11.887576619313794,True,271828,11.869793613428941,3207649325,7,cb186fe0b5e09cefdbba80c460d8b5b64137fa79ef87377464958a60c5a407c2,20.027798872000858,pyvrp,20.0,0.0014959319678294256,cvrp50_25563.json,0
"[""accepted""]",not_selected,True,0.01227767217335618,cvrp_s7799_n20-50-100_x66667_cvrp50_2577,0.060408163265306125,True,True,0.0,0.0,0.0,50,4,False,11.49643069394507,False,False,,False,11.484153021771714,4,4,3.093579188700506e-16,11.484153021771718,True,271831,11.484153021771714,701678424,7,a15eca9b712bf9d9c8250ce4e40d978616d43dc1927945d60badd0fee8342943,20.034613693998836,pyvrp,20.0,0.0010679551332243122,cvrp50_2577.json,0
"[""accepted""]",stable_control,True,0.01625678508825068,cvrp_s7799_n20-50-100_x66667_cvrp50_25811,0.08244897959183674,True,True,0.0,0.0,0.0,50,4,False,14.072760485873985,False,True,15.120769308530894,True,14.056503700785735,4,4,5.7064017924791115e-05,14.057305821364876,True,271830,14.056503700785735,2375552208,7,c4545af1bc79650481317a72fb41f5963d2f9067a10d482928e42dabe8531011,20.034796154002834,pyvrp,20.0,0.0011551951804032324,cvrp50_25811.json,0
"[""accepted""]",stable_control,True,1.7763568394002505e-15,cvrp_s7799_n20-50-100_x66667_cvrp50_25936,0.0,True,True,0.0,0.0,0.0,50,4,False,9.003228024245216,False,True,9.299687732789192,True,9.003228024245214,4,4,5.919066476879012e-16,9.00322802424522,True,271831,9.003228024245214,1253992115,7,e32cfcd0d8c41a115b0c16f4ebc11a8c5d09623914b809fdeaa09bf14db4a18a,20.024901130000217,pyvrp,20.0,1.9730221589596706e-16,cvrp50_25936.json,0
"[""accepted""]",stable_control,True,3.552713678800501e-15,cvrp_s7799_n20-50-100_x66667_cvrp50_26136,0.0,True,True,0.0,0.0,0.0,50,4,False,9.429607367733025,False,True,9.63806108928693,True,9.429607367733022,4,4,5.651423553897045e-16,9.429607367733027,True,271829,9.429607367733022,1231594987,6,e6a6ec2d59975ec016afac0910805c3f896b49264ded258ac786fb89baf4f058,20.038887841998076,pyvrp,20.0,3.7676157025980285e-16,cvrp50_26136.json,0
"[""route_membership_ambiguous""]",unstable_matrix,True,0.13137973824523463,cvrp_s7799_n20-50-100_x66667_cvrp50_26216,0.09387755102040816,False,False,0.28,0.1110204081632653,0.05551020408163265,50,4,True,11.791443303607776,False,True,12.255949769404504,True,11.660063565362542,4,4,0.0009606175067004868,11.67126442655267,True,271828,11.660063565362542,446588298,7,6042782c815a750a6fc84948b90e64f5c1d393ca24f588a0be955870d466d516,20.026109799997357,pyvrp,20.0,0.011141955642108455,cvrp50_26216.json,0
"[""accepted""]",not_selected,True,3.552713678800501e-15,cvrp_s7799_n20-50-100_x66667_cvrp50_26229,0.0,True,True,0.0,0.0,0.0,50,3,False,10.339410488926232,False,False,,False,10.339410488926228,4,4,0.003441395831985193,10.374992493088003,True,271831,10.339410488926228,1215664354,7,8d8e3b144d3445745b2ca63f38e8aa9673082eecd91732ab3218df9c58d8fa28,20.033898398996826,pyvrp,20.0,3.4360892070254357e-16,cvrp50_26229.json,0
"[""accepted""]",not_selected,True,0.012594281379074701,cvrp_s7799_n20-50-100_x66667_cvrp50_26506,0.02122448979591837,True,True,0.0,0.0,0.0,50,4,False,11.05454563415641,False,False,,False,11.041951352777335,4,4,3.2174690553286146e-16,11.041951352777339,True,271828,11.041951352777335,3417919618,7,ff38c60d32973b7d70c54b95c3495ebd2f23bd02e6baeb079151de32d6dacb95,20.030258822000178,pyvrp,20.0,0.0011392853036094766,cvrp50_26506.json,0
"[""accepted""]",not_selected,True,5.329070518200751e-15,cvrp_s7799_n20-50-100_x66667_cvrp50_26522,0.0,True,True,0.0,0.0,0.0,50,4,False,10.757969236819553,False,False,,False,10.757969236819548,4,4,4.953602674342859e-16,10.757969236819553,True,271829,10.757969236819548,2503728333,7,f087969ab9af65b2f17fa08e0daca172bce3e12b52b66a1380886dd0b0a6731b,20.03955631500139,pyvrp,20.0,4.953602674342856e-16,cvrp50_26522.json,0
"[""accepted""]",not_selected,True,1.7763568394002505e-15,cvrp_s7799_n20-50-100_x66667_cvrp50_2661,0.0,True,True,0.0,0.0,0.0,50,4,False,10.642822843618777,False,False,,False,10.642822843618776,4,4,4.6745243304030054e-05,10.643320344962042,True,271828,10.642822843618776,541499403,7,c279f8b49ca0a9f48b49e56765b767abf92e3645061c8aa791caf02862a0a854,20.02916551799717,pyvrp,20.0,1.6690654965334862e-16,cvrp50_2661.json,0
"[""accepted""]",not_selected,True,-0.009472267825341163,cvrp_s7799_n20-50-100_x66667_cvrp50_26685,0.09061224489795919,True,True,0.0,0.0,0.0,50,4,False,11.997619706823224,False,False,,False,12.007091974648565,4,4,2.958846060562874e-16,12.007091974648569,True,271828,12.007091974648565,2823368306,7,5b48bfa546f10925c906d1a5bc9bc060b776562c94a4b51a71bf18f14c470649,20.032418269998743,pyvrp,20.0,-0.0007895122579984882,cvrp50_26685.json,0
"[""accepted""]",not_selected,True,0.0050372699083887085,cvrp_s7799_n20-50-100_x66667_cvrp50_27142,0.0,True,True,0.0,0.0,0.0,50,4,False,11.394944489526528,False,False,,False,11.38990721961814,4,4,1.5595885068674028e-16,11.389907219618141,True,271831,11.38990721961814,2127261591,7,1a3c1869db2796d9770331aba253da873ee4399ae0a0518a259798bafc6f8f47,20.03320563899979,pyvrp,20.0,0.0004420618207503012,cvrp50_27142.json,0
"[""accepted""]",not_selected,True,0.22819282302937083,cvrp_s7799_n20-50-100_x66667_cvrp50_27225,0.12,True,True,0.0,0.0,0.0,50,4,False,13.390979500690978,False,False,,False,13.162786677661607,4,4,5.398117839028364e-16,13.162786677661614,True,271830,13.162786677661607,2538671208,8,118c431daa21739470f46adb4332082b0794c960f71153e6f9eb737d3959f251,20.03726597700006,pyvrp,20.0,0.017040786524809184,cvrp50_27225.json,0
"[""route_membership_ambiguous""]",unstable_matrix,True,0.0059441358415632806,cvrp_s7799_n20-50-100_x66667_cvrp50_27278,0.15346938775510205,False,False,0.36,0.15346938775510205,0.08,50,4,True,10.862289438404446,False,True,11.107548401387929,True,10.856345302562882,4,4,0.0006106497225691354,10.862974726810007,True,271830,10.856345302562882,3714643446,7,7ab615181f858f5edf1505b5365b771472570ca90fd9a316e7cd0c0cc66bde1f,20.03093902099863,pyvrp,20.0,0.0005472267955360625,cvrp50_27278.json,0
"[""accepted""]",not_selected,True,0.0,cvrp_s7799_n20-50-100_x66667_cvrp50_27949,0.0,True,True,0.0,0.0,0.0,50,4,False,9.705475067832156,False,False,,False,9.705475067832156,4,4,3.6605252746211485e-16,9.70547506783216,True,271828,9.705475067832156,1390535944,7,4cfeb33a3bd6d0cbef9eb45d6ea2f43dc00a8087f176b465f3a60980edc9fa46,20.028479982000135,pyvrp,20.0,0.0,cvrp50_27949.json,0
"[""accepted""]",not_selected,True,0.0,cvrp_s7799_n20-50-100_x66667_cvrp50_28074,0.0,True,True,0.0,0.0,0.0,50,4,False,10.70876247490548,False,False,,False,10.70876247490548,4,4,3.3175763185763054e-16,10.708762474905484,True,271828,10.70876247490548,106359070,7,fa05f1afd8b0b2deaa73e398beb5e26f402acd48143f06c85f38db1dff6c6318,20.02965087999837,pyvrp,20.0,0.0,cvrp50_28074.json,0
"[""accepted""]",not_selected,True,0.037078688375691726,cvrp_s7799_n20-50-100_x66667_cvrp50_28239,0.12979591836734694,True,True,0.0,0.0,0.0,50,3,False,12.496251394495507,False,False,,False,12.459172706119816,4,4,0.0027106417697423586,12.492945060073458,True,271829,12.459172706119816,424697591,6,de66072252ae1ec30202bdf5020c0c2edc25a9b94bfe9359a53cd04f9ae3ba89,20.03758053599813,pyvrp,20.0,0.0029671848945056092,cvrp50_28239.json,0
"[""accepted""]",not_selected,True,1.7763568394002505e-15,cvrp_s7799_n20-50-100_x66667_cvrp50_28431,0.0,True,True,0.0,0.0,0.0,50,4,False,8.88618926575651,False,False,,False,8.886189265756508,4,4,1.9990085584217227e-16,8.88618926575651,True,271830,8.886189265756508,3171111574,6,ac1f929a2d64e858c96eb5b110d16414dab32615dfbbd3b5e92ba5c704f57216,20.034545007001725,pyvrp,20.0,1.9990085584217225e-16,cvrp50_28431.json,0
"[""accepted""]",not_selected,True,0.008380418318424177,cvrp_s7799_n20-50-100_x66667_cvrp50_28432,0.019591836734693877,True,True,0.0,0.0,0.0,50,4,False,9.880742697720153,False,False,,False,9.87236227940173,4,4,1.799322987879552e-16,9.872362279401731,True,271831,9.87236227940173,3774524032,7,b5d8be8348e687f412fc3c1f03ad4d285cedbd68c0a053aabe27e66721ed9b71,20.02875479300201,pyvrp,20.0,0.0008481567200771096,cvrp50_28432.json,0
"[""accepted""]",stable_control,True,0.00015708403843639474,cvrp_s7799_n20-50-100_x66667_cvrp50_28532,0.03183673469387755,True,True,0.26,0.03183673469387755,0.02122448979591837,50,4,False,10.63696082890156,False,True,11.118824746070633,True,10.636803744863123,4,4,1.4767973745144636e-05,10.63696082890156,True,271831,10.636803744863123,1297737938,7,586914ac7549be3631e201a01b70348a7286241930480180da7c3817da376245,20.0751297909992,pyvrp,20.0,1.4767755655316843e-05,cvrp50_28532.json,0
"[""accepted""]",not_selected,True,0.00455594283890548,cvrp_s7799_n20-50-100_x66667_cvrp50_28683,0.044897959183673466,True,True,0.0,0.0,0.0,50,4,False,11.573640983490622,False,False,,False,11.569085040651716,4,4,1.5354341619570147e-16,11.569085040651718,True,271828,11.569085040651716,68581937,7,adbba398f07fdc419692c676f72380a9a2bbb16d1d08dab791119df116697596,20.037763278996863,pyvrp,20.0,0.0003936481912134969,cvrp50_28683.json,0
"[""pyvrp_cost_not_converged"", ""route_membership_ambiguous""]",unstable_cost,False,0.018601697969325315,cvrp_s7799_n20-50-100_x66667_cvrp50_28853,0.1510204081632653,False,False,0.0,0.0,0.0,50,1,True,9.114850450138524,False,True,9.423551609381212,True,9.096248752169199,4,4,0.0020449856282665486,9.114850450138523,False,271829,9.096248752169199,1049898276,7,6ea465dc3c64b033d718d924e42d92492103de11d60ee41e289ae9a34f2cc772,20.024570191999373,pyvrp,20.0,0.0020408121966545936,cvrp50_28853.json,0
"[""pyvrp_cost_not_converged""]",unstable_cost,False,0.07701688427782649,cvrp_s7799_n20-50-100_x66667_cvrp50_28868,0.1469387755102041,True,False,0.0,0.0,0.0,50,3,True,9.330830351340325,False,True,9.433359574883232,True,9.253813467062498,4,4,0.006948204512761521,9.318110855554595,False,271828,9.253813467062498,2300417754,7,5fed0c164a1482e6b6bfb8b044535e2feaff487574b73a89ebd3116d460957d2,20.020104340001126,pyvrp,20.0,0.008254022565822711,cvrp50_28868.json,0
"[""accepted""]",not_selected,True,1.7763568394002505e-15,cvrp_s7799_n20-50-100_x66667_cvrp50_28988,0.0,True,True,0.24,0.019591836734693877,0.009795918367346938,50,4,False,10.370633022449914,False,False,,False,10.370633022449912,4,4,4.049248999037777e-05,10.371052955203767,True,271830,10.370633022449912,4144510462,7,f08fdda1bc570ee97194e401fa9c803391f5bd5f9f036f5d7f882326b6af77b5,20.030709574002685,pyvrp,20.0,1.7128721415123524e-16,cvrp50_28988.json,0
"[""accepted""]",not_selected,True,0.08381265179984787,cvrp_s7799_n20-50-100_x66667_cvrp50_29096,0.1110204081632653,True,True,0.0,0.0,0.0,50,3,False,12.432477276924434,False,False,,False,12.348664625124586,4,4,0.0011268454752928233,12.362579661983316,True,271830,12.348664625124586,2751732273,7,547cac030a5bcb6f4ac22e0c32485ce3e653a5bf617bdf07516d15d8d5919dff,20.02174455000204,pyvrp,20.0,0.006741428110663845,cvrp50_29096.json,0
"[""pyvrp_cost_not_converged"", ""route_membership_ambiguous""]",unstable_cost,False,0.035514896698940035,cvrp_s7799_n20-50-100_x66667_cvrp50_29176,0.04816326530612245,False,False,0.0,0.0,0.0,50,1,True,11.47672447370113,False,True,11.681444722091035,True,11.44120957700219,4,4,0.0048000702813857325,11.496128187075865,False,271829,11.44120957700219,1606844526,7,2a5769cc3017532e30242ed57108b309f630489c1600c3717c6b2622a44d20f4,20.027044051999837,pyvrp,20.0,0.0030945150578740722,cvrp50_29176.json,0
"[""accepted""]",not_selected,True,5.329070518200751e-15,cvrp_s7799_n20-50-100_x66667_cvrp50_29358,0.0,True,True,0.0,0.0,0.0,50,4,False,8.581203128825404,False,False,,False,8.581203128825399,4,4,6.210167080534077e-16,8.581203128825404,True,271831,8.581203128825399,3555862953,6,9ec41379bd0efcb82804433ca769640c62a68b16ebdb38927770b919533b32c5,20.02914966699973,pyvrp,20.0,6.210167080534073e-16,cvrp50_29358.json,0
"[""accepted""]",not_selected,True,-1.7763568394002505e-15,cvrp_s7799_n20-50-100_x66667_cvrp50_29478,0.0,True,True,0.0,0.0,0.0,50,4,False,8.387118831905203,False,False,,False,8.387118831905205,4,4,4.2359167075178685e-16,8.387118831905209,True,271831,8.387118831905205,3848693189,7,605cb1349c3bee873d523bb0bd27a2b098f3a4038f7b75780c3ae29f4d45276b,20.032543078003073,pyvrp,20.0,-2.1179583537589347e-16,cvrp50_29478.json,0
"[""route_membership_ambiguous""]",unstable_matrix,True,0.012404853641509561,cvrp_s7799_n20-50-100_x66667_cvrp50_29517,0.08489795918367347,False,False,0.3,0.08816326530612245,0.05877551020408164,50,4,True,11.24135739009627,False,True,11.522326686008832,True,11.228952536454761,4,4,0.0007334294651026006,11.237188181107236,True,271829,11.228952536454761,3317128944,7,ea59568c7f768243c2680c3ce8fc0d0f729beea024f1570917b589df61e14e83,20.03822476499772,pyvrp,20.0,0.0011035014021027693,cvrp50_29517.json,0
"[""pyvrp_cost_not_converged"", ""route_membership_ambiguous""]",unstable_cost,False,0.15071912046074587,cvrp_s7799_n20-50-100_x66667_cvrp50_29636,0.09551020408163265,False,False,0.0,0.0,0.0,50,1,True,12.156324438805482,False,True,12.266697753327827,True,12.005605318344736,4,4,0.004784959011408909,12.063051647700169,False,271829,12.005605318344736,1814616867,7,4d7efe973d373f0cf806c509da746cb076df10efae66a41a0a9fd5f42d3ef8b5,20.028210915999807,pyvrp,20.0,0.012398412136782028,cvrp50_29636.json,0
"[""accepted""]",not_selected,True,0.006609765001282852,cvrp_s7799_n20-50-100_x66667_cvrp50_30287,0.04979591836734694,True,True,0.0,0.0,0.0,50,4,False,9.966112220141556,False,False,,False,9.959502455140273,4,4,1.7835799001017785e-16,9.959502455140274,True,271828,9.959502455140273,2781829733,7,03cc2c235e9a798c8b9c58310175937b7bf99a569681a8c7fc52f8c0d51a2165,20.029197004998423,pyvrp,20.0,0.0006632240190838399,cvrp50_30287.json,0
"[""accepted""]",not_selected,True,1.7763568394002505e-15,cvrp_s7799_n20-50-100_x66667_cvrp50_30493,0.0,True,True,0.0,0.0,0.0,50,4,False,8.996785330909821,False,False,,False,8.99678533090982,4,4,5.923305183121267e-16,8.996785330909825,True,271829,8.99678533090982,1885443801,7,4a97cf3985574ad9e7cb875bcaa020383d59aaafff30ba4d06ec9b70e79077ec,20.035977536001155,pyvrp,20.0,1.974435061040422e-16,cvrp50_30493.json,0
"[""accepted""]",not_selected,True,0.013030374230069697,cvrp_s7799_n20-50-100_x66667_cvrp50_30567,0.0,True,True,0.0,0.0,0.0,50,4,False,11.681239676795448,False,False,,False,11.668209302565378,4,4,3.044780554304421e-16,11.668209302565382,True,271828,11.668209302565378,3705998155,8,e667cba76d6f54628139fca12b792748911291a75b5263c36816585ec0c31bd4,20.03515532700112,pyvrp,20.0,0.001115495836966198,cvrp50_30567.json,0
"[""route_membership_ambiguous""]",unstable_matrix,True,0.0,cvrp_s7799_n20-50-100_x66667_cvrp50_30590,0.0,False,False,0.34,0.156734693877551,0.0783673469387755,50,4,True,9.737188545495975,False,True,10.002315553041777,True,9.737188545495975,4,4,9.307882078711296e-06,9.737279178098735,True,271829,9.737188545495975,4127328206,6,154d378faec532629b7bb12c01fca03982219a6b27e42aadb036b49e443dbc9b,20.033004099997925,pyvrp,20.0,0.0,cvrp50_30590.json,0
"[""accepted""]",not_selected,True,0.0,cvrp_s7799_n20-50-100_x66667_cvrp50_30999,0.0,True,True,0.0,0.0,0.0,50,4,False,11.029006245696431,False,False,,False,11.029006245696431,4,4,6.442491008991469e-16,11.029006245696438,True,271828,11.029006245696431,3993127882,7,b73ba6d70403154905b63c95761e0d3d1e784732857683fb20ab1e82fce82301,20.039747880000505,pyvrp,20.0,0.0,cvrp50_30999.json,0
"[""pyvrp_cost_not_converged"", ""route_membership_ambiguous""]",unstable_cost,False,0.0,cvrp_s7799_n20-50-100_x66667_cvrp50_31132,0.0,False,False,0.0,0.0,0.0,50,1,True,10.529191992066671,False,True,10.74304548801432,True,10.529191992066671,4,4,0.005688708750259503,10.589089498685103,False,271830,10.529191992066671,4125666282,8,bd147673923caea28679c431ebbbc736495b346c7451cd3cefd08063ce541d7f,20.02905227500014,pyvrp,20.0,0.0,cvrp50_31132.json,0
"[""accepted""]",not_selected,True,0.013057250818963695,cvrp_s7799_n20-50-100_x66667_cvrp50_31189,0.017959183673469388,True,True,0.0,0.0,0.0,50,4,False,10.90829137853387,False,False,,False,10.895234127714906,4,4,4.891194127389015e-16,10.895234127714911,True,271829,10.895234127714906,2789280729,6,75b8866160f5880b5b5c3ca4ecff89f7ffa5de92bddecf5488cd77fa1f9b9e73,20.026880118999543,pyvrp,20.0,0.0011970023870703256,cvrp50_31189.json,0
"[""accepted""]",not_selected,True,0.046531143168669686,cvrp_s7799_n20-50-100_x66667_cvrp50_31219,0.04653061224489796,True,True,0.0,0.0,0.0,50,3,False,10.470959431656684,False,False,,False,10.424428288488015,4,4,0.0026771935646669703,10.452336500817287,True,271828,10.424428288488015,2916213261,6,cd485965115da7e5546ae5b18d1c48de5ef9478ea9464341c2645ec9af7bbdd3,20.039971825000976,pyvrp,20.0,0.004443828043874645,cvrp50_31219.json,0
"[""accepted""]",not_selected,True,0.0,cvrp_s7799_n20-50-100_x66667_cvrp50_3124,0.0,True,True,0.0,0.0,0.0,50,4,False,9.755199472485069,False,False,,False,9.755199472485069,4,4,1.8209333847150292e-16,9.75519947248507,True,271828,9.755199472485069,2586980784,6,c8f3539e71e5b783a8007b4ab40cf3a87ed6df5834f20617f34a7f3287cb824c,20.028266450000956,pyvrp,20.0,0.0,cvrp50_3124.json,0
"[""route_membership_ambiguous""]",unstable_matrix,True,0.32053042321907554,cvrp_s7799_n20-50-100_x66667_cvrp50_3130,0.13387755102040816,False,False,0.32,0.156734693877551,0.09687074829931973,50,4,True,13.770094742110729,False,True,13.81544444247594,True,13.449564318891653,4,4,0.0009583283848054239,13.462453418141713,True,271829,13.449564318891653,4126264882,8,cdd082c56fb133433829815e62ae5e3ab6e14a614b6f953d631c5377da9ddb53,20.034773766998114,pyvrp,20.0,0.0232772852490878,cvrp50_3130.json,0
"[""accepted""]",not_selected,True,0.0015790541869975527,cvrp_s7799_n20-50-100_x66667_cvrp50_31517,0.04897959183673469,True,True,0.0,0.0,0.0,50,4,False,11.410952464986833,False,False,,False,11.409373410799835,4,4,6.227710411226595e-16,11.409373410799843,True,271828,11.409373410799835,1865455884,6,e80841b93f30f16ace83e0db00ca3f2d823bfcc6716557634dc1ce4fb8e4711b,20.03262776700285,pyvrp,20.0,0.0001383805770677509,cvrp50_31517.json,0
"[""accepted""]",not_selected,True,0.01591436489599829,cvrp_s7799_n20-50-100_x66667_cvrp50_31839,0.16816326530612244,True,True,0.0,0.0,0.0,50,3,False,12.300460323802627,False,False,,False,12.284545958906628,4,4,0.0012954784775305386,12.300460323802627,True,271828,12.284545958906628,2571976203,7,0b4a396268003096f5a0392ede4f262cadd29247ccb21410c90a606cd818f28c,20.03414729100041,pyvrp,20.0,0.001293802384387387,cvrp50_31839.json,0
"[""pyvrp_cost_not_converged""]",unstable_cost,False,0.0,cvrp_s7799_n20-50-100_x66667_cvrp50_31996,0.0,True,False,0.0,0.0,0.0,50,2,True,9.013905619786264,False,True,9.398192676239823,True,9.013905619786264,4,4,0.010578685159066254,9.109260889391521,False,271831,9.013905619786264,1216989389,7,95af7880898046a9755b7e3438f69185d4cc27c6909b165d0eae488902e906d7,20.035839898999257,pyvrp,20.0,0.0,cvrp50_31996.json,0
"[""accepted""]",not_selected,True,3.552713678800501e-15,cvrp_s7799_n20-50-100_x66667_cvrp50_32045,0.0,True,True,0.0,0.0,0.0,50,4,False,8.461362419045233,False,False,,False,8.46136241904523,4,4,0.0,8.46136241904523,True,271828,8.46136241904523,14391411,6,51eb88f93bb530cee4c27c7350093be163b53b29a1dbe23422a7b611d0ab2b9c,20.036010252999404,pyvrp,20.0,4.1987489754650923e-16,cvrp50_32045.json,0
"[""accepted""]",not_selected,True,0.03986139576256953,cvrp_s7799_n20-50-100_x66667_cvrp50_32105,0.1469387755102041,True,True,0.0,0.0,0.0,50,4,False,12.04930696362463,False,False,,False,12.00944556786206,4,4,1.4791330951645922e-16,12.009445567862063,True,271829,12.00944556786206,3897969039,7,4466200293ac99b406c70fb5980f8727777c38b165819be60c4740306736442d,20.029179069999373,pyvrp,20.0,0.0033081899135698144,cvrp50_32105.json,0
"[""accepted""]",not_selected,True,0.034927257067833395,cvrp_s7799_n20-50-100_x66667_cvrp50_32768,0.12816326530612246,True,True,0.0,0.0,0.0,50,3,False,10.023824764358949,False,False,,False,9.988897507291115,4,4,0.0020789160665662374,10.009663586806306,True,271828,9.988897507291115,2609643292,7,c06770f9c9b0d768e4752f13491b504ffe2300aa1b8c4420218baa03da2c2617,20.02843876100087,pyvrp,20.0,0.0034844241483572153,cvrp50_32768.json,0
"[""accepted""]",not_selected,True,3.552713678800501e-15,cvrp_s7799_n20-50-100_x66667_cvrp50_32791,0.0,True,True,0.0,0.0,0.0,50,4,False,9.62402582391991,False,False,,False,9.624025823919906,4,4,3.691504723491552e-16,9.62402582391991,True,271831,9.624025823919906,389109538,7,4c9c3bd665427bedb8a839b32b5e3565885abfee367f93eafe2d5ca274ebb8a3,20.025486351001746,pyvrp,20.0,3.6915047234915506e-16,cvrp50_32791.json,0
"[""accepted""]",not_selected,True,0.024550765842500155,cvrp_s7799_n20-50-100_x66667_cvrp50_32823,0.2073469387755102,True,True,0.0,0.0,0.0,50,2,False,9.703045620339651,False,False,,False,9.678494854497151,4,4,0.004468426273451702,9.721742495192453,True,271831,9.678494854497151,77406081,6,195dd6676e04c17013c3a5fcfbf1920a7e224e68848bc7fe1c49bf02e06ead46,20.026056475999212,pyvrp,20.0,0.0025302123480731163,cvrp50_32823.json,0
"[""pyvrp_cost_not_converged"", ""route_membership_ambiguous""]",unstable_cost,False,0.04613576001330699,cvrp_s7799_n20-50-100_x66667_cvrp50_33043,0.13387755102040816,False,False,0.0,0.0,0.0,50,1,True,12.723344076239904,False,True,13.266335218902327,True,12.677208316226597,4,4,0.003247431971129,12.718376687817374,False,271830,12.677208316226597,2545404493,7,9c35ad8c7703b832022aade9474ffb8c25172039465e178adde50b4a4a7c8f74,20.032487074000528,pyvrp,20.0,0.003626071867337362,cvrp50_33043.json,0
"[""accepted""]",not_selected,True,0.08979082971451469,cvrp_s7799_n20-50-100_x66667_cvrp50_33108,0.0636734693877551,True,True,0.0,0.0,0.0,50,4,False,11.803047591818322,False,False,,False,11.713256762103807,4,4,3.0330707769462414e-16,11.71325676210381,True,271829,11.713256762103807,2342483284,6,7ec46bfb82793bd29f018df846191ce8ff1dccbd5a1ad4f9f55f7e202ccde112,20.03138653499991,pyvrp,20.0,0.007607427574616933,cvrp50_33108.json,0
"[""accepted""]",not_selected,True,0.0,cvrp_s7799_n20-50-100_x66667_cvrp50_3329,0.0,True,True,0.0,0.0,0.0,50,4,False,10.615504047675447,False,False,,False,10.615504047675447,4,4,6.693443218230347e-16,10.615504047675454,True,271831,10.615504047675447,577503905,7,b11affaed38f4a87d9c4f63374dc0b0f214cee9cb8d3616bf9606a6fbee91ef1,20.031500888002483,pyvrp,20.0,0.0,cvrp50_3329.json,0
"[""accepted""]",not_selected,True,0.0717844378005239,cvrp_s7799_n20-50-100_x66667_cvrp50_33405,0.13795918367346938,True,True,0.0,0.0,0.0,50,3,False,11.805963449774433,False,False,,False,11.73417901197391,4,4,0.002038106937057573,11.758094523618889,True,271828,11.73417901197391,1444017337,8,515cd0ff434b7a66466924387dccfc51f23bd3c92006c5896589668c415c0b87,20.02589762599746,pyvrp,20.0,0.006080354060548564,cvrp50_33405.json,0
"[""route_membership_ambiguous""]",unstable_matrix,True,0.046160487150149976,cvrp_s7799_n20-50-100_x66667_cvrp50_33453,0.12244897959183673,False,False,0.28,0.10530612244897959,0.07020408163265306,50,3,True,11.085948270058882,False,True,11.421646168549488,True,11.039787782908732,4,4,0.0023626789234375443,11.065871256822634,True,271829,11.039787782908732,3211236751,7,3c55309d6e86dd104c483e361d055638e8d07e55caa45513a79224203b7cc45a,20.027616826999292,pyvrp,20.0,0.004163873583536467,cvrp50_33453.json,0
"[""accepted""]",not_selected,True,3.552713678800501e-15,cvrp_s7799_n20-50-100_x66667_cvrp50_3353,0.0,True,True,0.16,0.0326530612244898,0.0163265306122449,50,4,False,10.777769211710723,False,False,,False,10.77776921171072,4,4,6.212705904982732e-05,10.77843880281496,True,271831,10.77776921171072,2754915697,8,68ecae980bd9b81b735683678d732dfa4551ac8d599974eab392146cda0bed3a,20.035893134998332,pyvrp,20.0,3.2963348991925477e-16,cvrp50_3353.json,0
"[""accepted""]",stable_control,True,0.0,cvrp_s7799_n20-50-100_x66667_cvrp50_33561,0.0,True,True,0.0,0.0,0.0,50,4,False,8.982963991413403,False,True,9.019063859109052,True,8.982963991413403,4,4,0.0,8.982963991413403,True,271828,8.982963991413403,1568205271,7,f2a2fe530e362c8a19cf88b0f2e36e27a21776ed29598e859f819afaea00f6ef,20.030313022001792,pyvrp,20.0,0.0,cvrp50_33561.json,0
"[""accepted""]",not_selected,True,0.020923132890457552,cvrp_s7799_n20-50-100_x66667_cvrp50_33594,0.035918367346938776,True,True,0.0,0.0,0.0,50,4,False,8.942304030001685,False,False,,False,8.921380897111227,4,4,3.98224638065939e-16,8.92138089711123,True,271829,8.921380897111227,1586506099,6,77d4fcbf040d96ce84cd8c996695bbd47144442191efeba229750bf38ba405f8,20.02696878400093,pyvrp,20.0,0.0023397921632120587,cvrp50_33594.json,0
"[""accepted""]",not_selected,True,0.01963845321928659,cvrp_s7799_n20-50-100_x66667_cvrp50_33712,0.02122448979591837,True,True,0.0,0.0,0.0,50,4,False,10.59646004049336,False,False,,False,10.576821587274074,4,4,5.038442290274269e-16,10.576821587274079,True,271831,10.576821587274074,3615899714,7,2eebb3f9f91a33495138ebaf69dc3f3773684508074cec24690b34fc928e02ef,20.03143503600222,pyvrp,20.0,0.001853303192220809,cvrp50_33712.json,0
"[""accepted""]",not_selected,True,5.329070518200751e-15,cvrp_s7799_n20-50-100_x66667_cvrp50_33881,0.0,True,True,0.0,0.0,0.0,50,4,False,10.369476293431914,False,False,,False,10.369476293431909,4,4,6.852252858807946e-16,10.369476293431916,True,271828,10.369476293431909,667400256,7,a641cb8d5064ed027c303c019a6a3e0f9b548daf87b1a5a20506aeef2004f012,20.093532368002343,pyvrp,20.0,5.139189644105956e-16,cvrp50_33881.json,0
"[""accepted""]",not_selected,True,1.7763568394002505e-15,cvrp_s7799_n20-50-100_x66667_cvrp50_34120,0.0,True,True,0.0,0.0,0.0,50,4,False,9.333032171718676,False,False,,False,9.333032171718674,4,4,1.903300885196815e-16,9.333032171718676,True,271828,9.333032171718674,2678895023,7,1a27446aa267add1d3f1dc6223d516b6156f4b55f052ae1a94831007bf8fdefb,20.02842673000123,pyvrp,20.0,1.9033008851968145e-16,cvrp50_34120.json,0
"[""route_membership_ambiguous""]",unstable_matrix,True,1.7763568394002505e-15,cvrp_s7799_n20-50-100_x66667_cvrp50_34247,0.0,False,False,0.4,0.09061224489795919,0.0453061224489796,50,4,True,9.799540072361689,False,True,9.923684786615658,True,9.799540072361687,4,4,0.0002300751655807424,9.80179470316645,True,271831,9.799540072361687,1778277199,7,6eefbb02c8d060e25d2730ff369ba86568dac1bb4336a516995598ec73c4c83c,20.035151345997292,pyvrp,20.0,1.8126940920525759e-16,cvrp50_34247.json,0
"[""pyvrp_cost_not_converged"", ""route_membership_ambiguous""]",unstable_cost,False,0.058186268587588685,cvrp_s7799_n20-50-100_x66667_cvrp50_34304,0.11428571428571428,False,False,0.0,0.0,0.0,50,1,True,9.947412031747966,False,True,10.378945752637334,True,9.889225763160377,4,4,0.002947453597079329,9.918373797208334,False,271830,9.889225763160377,4276333092,7,ce1be011ca76429a9ffe16eee25f98c85c9175d52e28c36a91ee8be7bb714f71,20.024181798999052,pyvrp,20.0,0.005849387599697542,cvrp50_34304.json,0
"[""accepted""]",not_selected,True,0.06395892692109406,cvrp_s7799_n20-50-100_x66667_cvrp50_34413,0.14285714285714285,True,True,0.0,0.0,0.0,50,3,False,10.258975735710749,False,False,,False,10.195016808789655,4,4,0.0028128780682564803,10.223694147976605,True,271831,10.195016808789655,1400607357,7,1a3235659197bc58353a21aef3ef752429303cd02d383fcc66d05c9128e2d574,20.030866222998156,pyvrp,20.0,0.006234435928964886,cvrp50_34413.json,0
"[""accepted""]",not_selected,True,0.0,cvrp_s7799_n20-50-100_x66667_cvrp50_34455,0.0,True,True,0.0,0.0,0.0,50,4,False,10.652222069125369,False,False,,False,10.652222069125369,4,4,5.002778278202296e-16,10.652222069125374,True,271830,10.652222069125369,1311544274,7,217648de29a60b1d978e01f091d9d50c8941fc0fe85f3f7b1dc0e456a460c5f2,20.038011302000086,pyvrp,20.0,0.0,cvrp50_34455.json,0
"[""accepted""]",not_selected,True,5.329070518200751e-15,cvrp_s7799_n20-50-100_x66667_cvrp50_34799,0.0,True,True,0.0,0.0,0.0,50,4,False,8.810496065703422,False,False,,False,8.810496065703417,4,4,6.048547639610445e-16,8.810496065703422,True,271829,8.810496065703417,96171465,7,e344269d36676ef47a6b8cdcfd15416a401513f2d4cb0f7b9c2da321cbf39a84,20.033337116998155,pyvrp,20.0,6.048547639610441e-16,cvrp50_34799.json,0
"[""accepted""]",not_selected,True,0.06089069721018703,cvrp_s7799_n20-50-100_x66667_cvrp50_34822,0.04163265306122449,True,True,0.0,0.0,0.0,50,2,False,11.82239088437363,False,False,,False,11.761500187163444,4,4,0.0026408368801156797,11.792560390623192,True,271829,11.761500187163444,1693528525,7,00d9daeab5025cee0e3ada94179c76befe31df2346d4e71d72f1068f75bff2ed,20.031523577999906,pyvrp,20.0,0.005150455420203535,cvrp50_34822.json,0
"[""accepted""]",not_selected,True,0.008085040656464315,cvrp_s7799_n20-50-100_x66667_cvrp50_34998,0.05142857142857143,True,True,0.0,0.0,0.0,50,4,False,11.501091257064456,False,False,,False,11.493006216407991,4,4,4.636794253702485e-16,11.493006216407997,True,271829,11.493006216407991,3605546402,7,3f5a0da39736d7087cfb3ff62ae6a2bcc202fed0d93789c9bae93307f04cc0e5,20.032790794000903,pyvrp,20.0,0.000702980306455541,cvrp50_34998.json,0
"[""pyvrp_cost_not_converged""]",unstable_cost,False,3.552713678800501e-15,cvrp_s7799_n20-50-100_x66667_cvrp50_35088,0.0,True,False,0.0,0.0,0.0,50,3,True,8.166990380271065,False,True,8.814734978857636,True,8.166990380271061,4,4,0.022389967477438984,8.349849029273887,False,271829,8.166990380271061,3753162933,6,8351390c2e0d00e7882e212dcdd3132d8c4378942be5c18d136b2293dec1aca4,20.03510009299862,pyvrp,20.0,4.3500892169320586e-16,cvrp50_35088.json,0
"[""accepted""]",not_selected,True,0.09577067149833418,cvrp_s7799_n20-50-100_x66667_cvrp50_35090,0.14857142857142858,True,True,0.0,0.0,0.0,50,4,False,11.970521551617537,False,False,,False,11.874750880119203,4,4,1.4959108256950807e-16,11.874750880119205,True,271831,11.874750880119203,2169235537,7,015b5c0b70c3778b9496073ec6b2bc2d34d43e28697a68f4dff69168dddc9505,20.039965388001292,pyvrp,20.0,0.008000542924162983,cvrp50_35090.json,0
"[""route_membership_ambiguous""]",unstable_matrix,True,0.07096510778644394,cvrp_s7799_n20-50-100_x66667_cvrp50_35119,0.13714285714285715,False,False,0.3,0.10938775510204081,0.054693877551020405,50,4,True,10.658917618129724,False,True,10.905283016402278,True,10.58795251034328,4,4,0.00013442140949937304,10.589375757843433,True,271830,10.58795251034328,2007266746,7,05c83d79d6708e480b32ffcb31cf2455603399d56e1a9eeb5bc8f1ea1d776e58,20.030429309998,pyvrp,20.0,0.006657815580236738,cvrp50_35119.json,0
"[""accepted""]",not_selected,True,1.7763568394002505e-15,cvrp_s7799_n20-50-100_x66667_cvrp50_35249,0.0,True,True,0.22,0.008979591836734694,0.004489795918367347,50,4,False,8.589184273503234,False,False,,False,8.589184273503232,4,4,1.952798764613779e-05,8.589352002987615,True,271831,8.589184273503232,1660456783,6,f5469b46b78b6439a41678be8f883ae6da9c89d59c2cf5fd6e573adfb63b4b8e,20.032618520999677,pyvrp,20.0,2.068132179769541e-16,cvrp50_35249.json,0
"[""accepted""]",not_selected,True,0.00901415816703377,cvrp_s7799_n20-50-100_x66667_cvrp50_35515,0.05795918367346939,True,True,0.0,0.0,0.0,50,3,False,10.273525727760779,False,False,,False,10.264511569593745,4,4,0.0038689698151947918,10.304224655024221,True,271831,10.264511569593745,1753162617,7,b0d8dec3ef7daaf4956959a9f4ad2945f2b7ea7a00384cda88c850a99b288da6,20.02783801899932,pyvrp,20.0,0.000877416225539399,cvrp50_35515.json,0
"[""accepted""]",not_selected,True,0.05116394031706939,cvrp_s7799_n20-50-100_x66667_cvrp50_3588,0.07346938775510205,True,True,0.0,0.0,0.0,50,4,False,12.046293157064737,False,False,,False,11.995129216747667,4,4,0.0,11.995129216747667,True,271828,11.995129216747667,1054390272,7,8e54b8d472dab9451a757cda0b674604cd03527c644bfae633ae1ebd05b06830,20.03529151299881,pyvrp,20.0,0.0042472767057859205,cvrp50_3588.json,0
"[""accepted""]",not_selected,True,0.04618155523558798,cvrp_s7799_n20-50-100_x66667_cvrp50_36182,0.09959183673469388,True,True,0.0,0.0,0.0,50,3,False,10.718393876473083,False,False,,False,10.672212321237495,4,4,0.004327271032987439,10.718393876473078,True,271831,10.672212321237495,3014514838,7,88b4b8d3e3166788dc5e2bd400a74031bf62c03b5e684844b6a9d433d443f031,20.02850535900143,pyvrp,20.0,0.004308626438608183,cvrp50_36182.json,0
"[""accepted""]",not_selected,True,-0.0008802838858592565,cvrp_s7799_n20-50-100_x66667_cvrp50_36565,0.0,True,True,0.0,0.0,0.0,50,4,False,10.453928938116382,False,False,,False,10.454809222002241,4,4,5.097243196925749e-16,10.454809222002247,True,271831,10.454809222002241,3758695838,6,db5c4bc14e5ea2f53fc65196314580ff3ac2b1d1df0492c45353675a375b0e94,20.029374608999206,pyvrp,20.0,-8.420603306854585e-05,cvrp50_36565.json,0
"[""pyvrp_cost_not_converged""]",unstable_cost,False,1.7763568394002505e-15,cvrp_s7799_n20-50-100_x66667_cvrp50_36577,0.0,True,False,0.0,0.0,0.0,50,2,True,9.062513239154145,False,True,9.315261802542064,True,9.062513239154143,4,4,0.008825499087358146,9.142494441475469,False,271828,9.062513239154143,3461291481,6,40b8dff8777c77e522d1eb0051df139ea14288cf2948adceba2680a0efe96f7c,20.03087855800186,pyvrp,20.0,1.9601150282744833e-16,cvrp50_36577.json,0
"[""accepted""]",not_selected,True,0.060337090392545534,cvrp_s7799_n20-50-100_x66667_cvrp50_36788,0.022857142857142857,True,True,0.0,0.0,0.0,50,4,False,11.438346013738625,False,False,,False,11.37800892334608,4,4,1.5612194113817357e-16,11.378008923346082,True,271829,11.37800892334608,3465070673,8,f6383e134c1cf21f560e39562f8d4c23e7d50a440ea3353c1d86e797d58c6e9c,20.02862062799977,pyvrp,20.0,0.0052749838412017355,cvrp50_36788.json,0
"[""accepted""]",not_selected,True,0.0019115324528051758,cvrp_s7799_n20-50-100_x66667_cvrp50_36854,0.019591836734693877,True,True,0.0,0.0,0.0,50,4,False,9.612005295578077,False,False,,False,9.610093763125272,4,4,3.6968564161491936e-16,9.610093763125276,True,271828,9.610093763125272,3461982075,7,d03367d332f3b858bd4fa7580c02ad89e2bc4ecc9019549d52d6188a372be187,20.036141020002106,pyvrp,20.0,0.00019886926754863113,cvrp50_36854.json,0
"[""accepted""]",not_selected,True,0.0594262811534243,cvrp_s7799_n20-50-100_x66667_cvrp50_37009,0.024489795918367346,True,True,0.0,0.0,0.0,50,4,False,11.99000693798938,False,False,,False,11.930580656835955,4,4,4.466731898038268e-16,11.93058065683596,True,271829,11.930580656835955,2820169309,7,ec898ad8e5ab4522cc15333f07583dc07d431ac2ce75ebf942e01b9dc54b49de,20.037323453998397,pyvrp,20.0,0.004956317495124783,cvrp50_37009.json,0
"[""accepted""]",stable_control,True,5.329070518200751e-15,cvrp_s7799_n20-50-100_x66667_cvrp50_37031,0.0,True,True,0.0,0.0,0.0,50,4,False,10.458914201632277,False,True,11.463719405078393,True,10.458914201632272,4,4,3.3968283994968104e-16,10.458914201632275,True,271829,10.458914201632272,2752944122,8,94074e5d270f256b1be82bb71c6a490c16cd242ade5dd2c0c5a8672c71c1d8ee,20.032800054999825,pyvrp,20.0,5.095242599245213e-16,cvrp50_37031.json,0
"[""accepted""]",not_selected,True,0.04860591687035942,cvrp_s7799_n20-50-100_x66667_cvrp50_3704,0.0653061224489796,True,True,0.0,0.0,0.0,50,4,False,10.306839232584624,False,False,,False,10.258233315714264,4,4,5.194920367074627e-16,10.25823331571427,True,271831,10.258233315714264,3735477849,7,4992a5e5a9dbed9ba5ee95f6a2192fd4e6fb17ed1841e7a67840fb01105676f1,20.027124119998916,pyvrp,20.0,0.004715889689701759,cvrp50_3704.json,0
"[""accepted""]",not_selected,True,3.552713678800501e-15,cvrp_s7799_n20-50-100_x66667_cvrp50_37090,0.0,True,True,0.0,0.0,0.0,50,2,False,8.957029923660466,False,False,,False,8.957029923660462,4,4,0.003213840914535061,8.985816392901837,True,271829,8.957029923660462,2981630808,7,ad345bdd2c7fc7155275e3816c282f29a3e7e662e311b4ae8ee9d383083e5be1,20.03223194599923,pyvrp,20.0,3.966397018966991e-16,cvrp50_37090.json,0
"[""accepted""]",not_selected,True,0.030085098583015224,cvrp_s7799_n20-50-100_x66667_cvrp50_37293,0.15918367346938775,True,True,0.32,0.013061224489795919,0.0065306122448979586,50,4,False,12.236418582570392,False,False,,False,12.206333483987377,4,4,1.364524894292112e-05,12.206500042446446,True,271830,12.206333483987377,858058655,7,41abb4ffab13b50889f26b4068957140c47dcd6c63a3fd7132b80b703ff75da0,20.031104107998544,pyvrp,20.0,0.0024586522911098,cvrp50_37293.json,0
"[""route_membership_ambiguous""]",unstable_matrix,True,0.0027132105750684588,cvrp_s7799_n20-50-100_x66667_cvrp50_37581,0.017959183673469388,False,False,0.3,0.13387755102040816,0.06693877551020408,50,4,True,9.172418784571052,False,True,9.178475292201458,True,9.169705573995984,4,4,0.0009563794752959308,9.17847529220146,True,271828,9.169705573995984,602545620,6,ee17fdf51588a4a977a4ff68d920c0d0647c9da5a32126f4c73944361879275e,20.03245612899991,pyvrp,20.0,0.00029580099195125685,cvrp50_37581.json,0
"[""accepted""]",not_selected,True,0.020379987645991804,cvrp_s7799_n20-50-100_x66667_cvrp50_37600,0.036734693877551024,True,True,0.0,0.0,0.0,50,4,False,10.619771536025985,False,False,,False,10.599391548379993,4,4,5.027713613443447e-16,10.599391548379998,True,271831,10.599391548379993,871673146,7,9105ba8d23ef7ed905fb3efc3f49ea08c8b514732f51dbd0e685569e27b8b4b4,20.034001151998382,pyvrp,20.0,0.0019190608363707023,cvrp50_37600.json,0
"[""accepted""]",stable_control,True,1.7763568394002505e-15,cvrp_s7799_n20-50-100_x66667_cvrp50_37639,0.0,True,True,0.0,0.0,0.0,50,4,False,9.72752730106184,False,True,9.862380816950376,True,9.727527301061839,4,4,3.6522268906021916e-16,9.727527301061842,True,271828,9.727527301061839,2327387525,7,5e73e53f6aebb48ab6f965abe6e855212afcded4af6a51360c292a1baa54a982,20.03184782700191,pyvrp,20.0,1.8261134453010956e-16,cvrp50_37639.json,0
"[""route_membership_ambiguous""]",unstable_matrix,True,6.85812142240394e-05,cvrp_s7799_n20-50-100_x66667_cvrp50_3774,0.10612244897959183,False,False,0.28,0.10612244897959183,0.10612244897959183,50,2,True,10.426729586608255,False,True,11.497414270355295,True,10.426661005394031,4,4,0.003144605202990817,10.459448737841415,True,271830,10.426661005394031,2787997684,8,c094d436c3a75ce1b409a126e169afa72a5fce4d02ddac97440885b5c5c4c1ad,20.039739461000863,pyvrp,20.0,6.577442490895978e-06,cvrp50_3774.json,1
"[""accepted""]",not_selected,True,0.07675508158117772,cvrp_s7799_n20-50-100_x66667_cvrp50_38065,0.09061224489795919,True,True,0.32,0.019591836734693877,0.0108843537414966,50,4,False,11.027966100101294,False,False,,False,10.951211018520116,4,4,0.000151636527371341,10.952871622129475,True,271830,10.951211018520116,1422624555,7,18ec1875f5f9465332e85a35016a5ce5946a5e0802a01d49de52f628af2c295f,20.0352319779995,pyvrp,20.0,0.006960039674085751,cvrp50_38065.json,0
"[""accepted""]",not_selected,True,0.0,cvrp_s7799_n20-50-100_x66667_cvrp50_38108,0.0,True,True,0.0,0.0,0.0,50,4,False,9.032043040820644,False,False,,False,9.032043040820644,4,4,1.9667276067794868e-16,9.032043040820646,True,271828,9.032043040820644,1716280829,7,b68850c6b76fda838fd85b451b9979c67a1a16b53f44e18bc46aa95db4316fc2,20.032207071999437,pyvrp,20.0,0.0,cvrp50_38108.json,0
"[""pyvrp_cost_not_converged""]",unstable_cost,False,0.502801425849901,cvrp_s7799_n20-50-100_x66667_cvrp50_38176,0.14612244897959184,True,False,0.0,0.0,0.0,50,2,True,15.049781773265025,False,True,15.15007563265279,True,14.546980347415124,4,4,0.009185815820939747,14.68060622963731,False,271828,14.546980347415124,2556515827,8,ef1efe9320b49eef9c46c30a1853e03d1d4909eac25dd5f444741dc77c617839,20.031525372000033,pyvrp,20.0,0.03340921705211006,cvrp50_38176.json,0
"[""accepted""]",not_selected,True,0.015650337912669343,cvrp_s7799_n20-50-100_x66667_cvrp50_38283,0.08244897959183674,True,True,0.0,0.0,0.0,50,2,False,10.873497519188854,False,False,,False,10.857847181276185,4,4,0.001441384986487378,10.87349751918885,True,271830,10.857847181276185,1592780924,7,b84acf0a9f3de3d6ef8e0adb579668a00326efdf6ebad4bdda51c85cdc65cac7,20.028132837000157,pyvrp,20.0,0.001439310386106276,cvrp50_38283.json,0
"[""accepted""]",not_selected,True,0.0,cvrp_s7799_n20-50-100_x66667_cvrp50_38343,0.0,True,True,0.0,0.0,0.0,50,4,False,10.02196326523846,False,False,,False,10.02196326523846,4,4,5.317391789575625e-16,10.021963265238465,True,271828,10.02196326523846,636386646,7,2550a8f3613bfb0e0fa2d43d7b523e2de9fce116c2790e0f9b70b0c5216efaaa,20.030027771997993,pyvrp,20.0,0.0,cvrp50_38343.json,0
"[""accepted""]",not_selected,True,0.0011283885818773598,cvrp_s7799_n20-50-100_x66667_cvrp50_38497,0.036734693877551024,True,True,0.3,0.036734693877551024,0.02448979591836735,50,3,False,10.991626976899672,False,False,,False,10.990498588317795,4,4,0.0010508825362847078,11.00204831134932,True,271828,10.990498588317795,3737966654,7,a0b354883e12a5bf77b50bffea372f65b085ecd70c45536db6101b20d93d8e99,20.033405275000405,pyvrp,20.0,0.00010265892249153056,cvrp50_38497.json,0
"[""accepted""]",not_selected,True,0.037705310058152364,cvrp_s7799_n20-50-100_x66667_cvrp50_38631,0.024489795918367346,True,True,0.0,0.0,0.0,50,4,False,10.000589336015642,False,False,,False,9.96288402595749,4,4,3.565949046023413e-16,9.962884025957493,True,271830,9.96288402595749,399959290,7,a9d0e2840b136fdbde87c350a7e1d25f6ba683bcafcc77d8a7eec6771f296668,20.030354399001226,pyvrp,20.0,0.0037703088079381756,cvrp50_38631.json,0
"[""accepted""]",not_selected,True,3.552713678800501e-15,cvrp_s7799_n20-50-100_x66667_cvrp50_38650,0.0,True,True,0.0,0.0,0.0,50,4,False,12.61055100447722,False,False,,False,12.610551004477216,4,4,4.225882371284754e-16,12.610551004477221,True,271830,12.610551004477216,3049873522,7,2a85c6b62c49c10de03a9aaf7ee7964df835c288dcb77381de7e87e6e3c88a3c,20.031654517999414,pyvrp,20.0,2.8172549141898354e-16,cvrp50_38650.json,0
"[""accepted""]",not_selected,True,3.552713678800501e-15,cvrp_s7799_n20-50-100_x66667_cvrp50_38682,0.0,True,True,0.0,0.0,0.0,50,4,False,12.66858025979005,False,False,,False,12.668580259790046,4,4,4.206525442409021e-16,12.668580259790051,True,271829,12.668580259790046,3445112381,7,308952a9f2e8739cefee85ae74697201dd6295e6d76300393a94684414d8a780,20.03415611499804,pyvrp,20.0,2.8043502949393467e-16,cvrp50_38682.json,0
"[""accepted""]",not_selected,True,0.032024240885629496,cvrp_s7799_n20-50-100_x66667_cvrp50_38829,0.03918367346938775,True,True,0.0,0.0,0.0,50,4,False,9.204913293978661,False,False,,False,9.172889053093032,4,4,5.534033694197513e-06,9.172939816170125,True,271830,9.172889053093032,1542682265,7,ad962f8c44eb25673f008a43df01c67e4b67cd24eb64b1f7a160aa99a981ad1e,20.041052992000914,pyvrp,20.0,0.003479037755475433,cvrp50_38829.json,0
"[""accepted""]",not_selected,True,3.552713678800501e-15,cvrp_s7799_n20-50-100_x66667_cvrp50_38899,0.0,True,True,0.0,0.0,0.0,50,4,False,11.421408734323949,False,False,,False,11.421408734323945,4,4,3.110573976854347e-16,11.421408734323949,True,271830,11.421408734323945,2787219386,7,53185ecd3240119d6a7894e05eef7d738f4d53704de37187e7e5245ef2323f6f,20.044545330998517,pyvrp,20.0,3.110573976854346e-16,cvrp50_38899.json,0
"[""accepted""]",not_selected,True,3.552713678800501e-15,cvrp_s7799_n20-50-100_x66667_cvrp50_39027,0.0,True,True,0.0,0.0,0.0,50,3,False,8.736495025533303,False,False,,False,8.7364950255333,4,4,0.002245447906961783,8.756112370002565,True,271830,8.7364950255333,3360074633,6,77d5faa0011d7ead4bfdaf4e87ae36ce7190c33a8d3678adb6823088b63d429e,20.036648049001087,pyvrp,20.0,4.0665205765210543e-16,cvrp50_39027.json,0
"[""accepted""]",not_selected,True,0.004914269827887452,cvrp_s7799_n20-50-100_x66667_cvrp50_39114,0.045714285714285714,True,True,0.0,0.0,0.0,50,4,False,11.772577812294584,False,False,,False,11.767663542466696,4,4,5.8505151150565706e-05,11.768352011400937,True,271829,11.767663542466696,1365422003,7,8a2535c0ebe084621549d7072cf7a05cd72041a3491b87318c557a8d8c098bba,20.03081597200071,pyvrp,20.0,0.0004174336246692954,cvrp50_39114.json,0
"[""accepted""]",not_selected,True,1.7763568394002505e-15,cvrp_s7799_n20-50-100_x66667_cvrp50_39161,0.0,True,True,0.0,0.0,0.0,50,4,False,9.356909503381267,False,False,,False,9.356909503381265,4,4,1.8984439667374533e-16,9.356909503381267,True,271829,9.356909503381265,183783974,7,93ab1645b8389073e565e42da655dbe65e09642257f0dbd823d695ac7a0c2c89,20.035964345999673,pyvrp,20.0,1.898443966737453e-16,cvrp50_39161.json,0
"[""pyvrp_cost_not_converged"", ""route_membership_ambiguous""]",unstable_cost,False,0.04571174025474534,cvrp_s7799_n20-50-100_x66667_cvrp50_39169,0.14775510204081632,False,False,0.0,0.0,0.0,50,1,True,10.213668749822341,False,True,10.3686704959322,True,10.167957009567596,4,4,0.0044956661610325846,10.213668749822343,False,271830,10.167957009567596,1221490164,7,9a995c90c7e2d18de240937da9abb93ee981c50a4590072cc87fe64eb799b97a,20.033854813002108,pyvrp,20.0,0.004475545602116816,cvrp50_39169.json,0
"[""accepted""]",not_selected,True,0.02307813858347707,cvrp_s7799_n20-50-100_x66667_cvrp50_39205,0.019591836734693877,True,True,0.0,0.0,0.0,50,4,False,11.628744350051635,False,False,,False,11.605666211468158,4,4,1.5305944588040458e-16,11.60566621146816,True,271829,11.605666211468158,3698287688,6,7d162cd79a81935845f06bc4610247805ca744754007a8265cb22471e47d4447,20.03590956699918,pyvrp,20.0,0.001984577000643633,cvrp50_39205.json,0
"[""accepted""]",not_selected,True,3.552713678800501e-15,cvrp_s7799_n20-50-100_x66667_cvrp50_3925,0.0,True,True,0.0,0.0,0.0,50,4,False,9.863780415954817,False,False,,False,9.863780415954814,4,4,1.8008884671915106e-16,9.863780415954816,True,271829,9.863780415954814,2936809327,7,a6188202368f3570ec43ab8baf11a702441a780e6c8abadbdcc3a0a90b542d53,20.023484227000154,pyvrp,20.0,3.6017769343830196e-16,cvrp50_3925.json,0
"[""accepted""]",not_selected,True,0.048121980374874695,cvrp_s7799_n20-50-100_x66667_cvrp50_39495,0.11591836734693878,True,True,0.0,0.0,0.0,50,4,False,11.01797914793704,False,False,,False,10.969857167562166,4,4,3.23861434523128e-16,10.96985716756217,True,271828,10.969857167562166,1620598676,7,a36059ca9c52004c7738fd0980fed00d596094d90929d62c922e8797fbc49f9a,20.033875342996907,pyvrp,20.0,0.004367586807775439,cvrp50_39495.json,0
"[""accepted""]",not_selected,True,0.013210956734869939,cvrp_s7799_n20-50-100_x66667_cvrp50_39656,0.05551020408163265,True,True,0.0,0.0,0.0,50,4,False,11.29985425352796,False,False,,False,11.28664329679309,4,4,3.147715033937455e-16,11.286643296793093,True,271828,11.28664329679309,3151279971,7,d2175e644236f6cfbfdb9333c6cbddb9c055682d564c8f195baa1edd120ca13c,20.02810669899918,pyvrp,20.0,0.0011691262947701568,cvrp50_39656.json,0
"[""accepted""]",not_selected,True,1.7763568394002505e-15,cvrp_s7799_n20-50-100_x66667_cvrp50_39747,0.0,True,True,0.0,0.0,0.0,50,4,False,9.189559569863523,False,False,,False,9.18955956986352,4,4,5.799048885516824e-16,9.189559569863526,True,271828,9.18955956986352,3809786152,7,b39157c39cb6022c0d3970dec0e9ab00cc6776c3c3cfc49d0f87cdb9f0a2b1d6,20.03390497899818,pyvrp,20.0,1.9330162951722741e-16,cvrp50_39747.json,0
"[""accepted""]",not_selected,True,1.7763568394002505e-15,cvrp_s7799_n20-50-100_x66667_cvrp50_39788,0.0,True,True,0.0,0.0,0.0,50,4,False,10.609786155728091,False,False,,False,10.60978615572809,4,4,1.674262622570595e-16,10.609786155728091,True,271828,10.60978615572809,1493047070,7,f14300048556e976201082906516f73dfc1f884ff0a468ec3909170ef68f6771,20.034849685001973,pyvrp,20.0,1.6742626225705949e-16,cvrp50_39788.json,0
"[""accepted""]",not_selected,True,1.7763568394002505e-15,cvrp_s7799_n20-50-100_x66667_cvrp50_39922,0.0,True,True,0.0,0.0,0.0,50,4,False,8.47370052706952,False,False,,False,8.473700527069518,4,4,4.192635398727202e-16,8.473700527069521,True,271830,8.473700527069518,4029918397,6,ccd6dd7135713820d1733e6f80847fe819b06bbd15377e50162b180e58617cf3,20.029412928000966,pyvrp,20.0,2.0963176993636005e-16,cvrp50_39922.json,0
"[""accepted""]",not_selected,True,1.7763568394002505e-15,cvrp_s7799_n20-50-100_x66667_cvrp50_40190,0.0,True,True,0.0,0.0,0.0,50,4,False,9.82276148790923,False,False,,False,9.822761487909228,4,4,5.425226424117361e-16,9.822761487909233,True,271828,9.822761487909228,3155518134,7,5a270d887f99597b9682e7296a6800529518bebb860c4a22b6b58efb43ee29c6,20.029414753997116,pyvrp,20.0,1.8084088080391204e-16,cvrp50_40190.json,0
"[""pyvrp_cost_not_converged"", ""route_membership_ambiguous""]",unstable_cost,False,-0.004464098133349026,cvrp_s7799_n20-50-100_x66667_cvrp50_40290,0.0,False,False,0.0,0.0,0.0,50,1,True,11.324577099188799,False,True,11.998781298113924,True,11.329041197322148,4,4,0.005092380054697774,11.38673298075424,False,271831,11.329041197322148,170480372,8,e2df757a109b668a3eaebab8ef645d419a35dade25aa2a2b1adfe2d1ad472f80,20.024328075000085,pyvrp,20.0,-0.0003941955707704792,cvrp50_40290.json,0
"[""accepted""]",stable_control,True,0.0008422923970616836,cvrp_s7799_n20-50-100_x66667_cvrp50_40449,0.0,True,True,0.0,0.0,0.0,50,4,False,10.688131593284675,False,True,11.097836857742925,True,10.687289300887613,4,4,7.881253827308002e-05,10.688131593284675,True,271829,10.687289300887613,2153856331,7,e7c3e0203f867a4ff8955b13c301ef29c4a14c43bc1e50977952cef32a59b142,20.02930295099941,pyvrp,20.0,7.880632734638987e-05,cvrp50_40449.json,0
"[""accepted""]",not_selected,True,3.552713678800501e-15,cvrp_s7799_n20-50-100_x66667_cvrp50_40505,0.0,True,True,0.0,0.0,0.0,50,4,False,9.635954017108533,False,False,,False,9.63595401710853,4,4,1.8434675344510245e-16,9.635954017108531,True,271830,9.63595401710853,2806674936,7,b8f362ce4020d3758215819e1a20d6f746ddcb45604bf780c43566e03b69b553,20.040867233001336,pyvrp,20.0,3.6869350689020474e-16,cvrp50_40505.json,0
"[""accepted""]",not_selected,True,5.329070518200751e-15,cvrp_s7799_n20-50-100_x66667_cvrp50_40835,0.0,True,True,0.0,0.0,0.0,50,4,False,9.96986452056993,False,False,,False,9.969864520569924,4,4,7.126904626377834e-16,9.969864520569931,True,271831,9.969864520569924,2712506457,8,917e70f95d84bc76ae454426dcb996ca2065bfa000da69ab01c7663697c04b6f,20.028439346002415,pyvrp,20.0,5.345178469783373e-16,cvrp50_40835.json,0
"[""accepted""]",not_selected,True,0.1677386357070283,cvrp_s7799_n20-50-100_x66667_cvrp50_40865,0.15020408163265306,True,True,0.3,0.024489795918367346,0.012244897959183673,50,4,False,12.733756750600309,False,False,,False,12.56601811489328,4,4,5.5099879002209536e-05,12.56671050097095,True,271831,12.56601811489328,1484347344,7,421aca02c47612b05a0a663e076015c3161d7ab698069ddb90954e1c70a9452f,20.032510886001546,pyvrp,20.0,0.013172753256741816,cvrp50_40865.json,0
"[""accepted""]",not_selected,True,-1.7763568394002505e-15,cvrp_s7799_n20-50-100_x66667_cvrp50_4135,0.0,True,True,0.0,0.0,0.0,50,4,False,9.69738464214639,False,False,,False,9.697384642146393,4,4,1.8317896061170123e-16,9.697384642146394,True,271829,9.697384642146393,157609891,6,4599d67d0bdd6ae268a5aad00c54b08d332f792fc34ad621529ce0472e2afa1d,20.03043140000227,pyvrp,20.0,-1.8317896061170127e-16,cvrp50_4135.json,0
"[""accepted""]",stable_control,True,7.105427357601002e-15,cvrp_s7799_n20-50-100_x66667_cvrp50_41594,0.0,True,True,0.0,0.0,0.0,50,4,False,10.075874976260593,False,True,10.455052113204156,True,10.075874976260586,4,4,3.525960462164253e-16,10.07587497626059,True,271831,10.075874976260586,3025275436,7,66cd455dd9a3dba36eda4680937fa46015fd01ee0c10ddaa24d206cabebe21a4,20.036145718000625,pyvrp,20.0,7.051920924328501e-16,cvrp50_41594.json,0
"[""accepted""]",not_selected,True,-0.0008999499875876893,cvrp_s7799_n20-50-100_x66667_cvrp50_41681,0.11183673469387755,True,True,0.0,0.0,0.0,50,4,False,9.022132368989876,False,False,,False,9.023032318977464,4,4,5.906074953308678e-16,9.023032318977469,True,271828,9.023032318977464,3162336648,6,d7a0cbb9a78204a495febcf25ca3a213db75035edae72787fc8b9d33d594d11f,20.035092138998152,pyvrp,20.0,-9.974914474552852e-05,cvrp50_41681.json,0
"[""accepted""]",not_selected,True,0.0,cvrp_s7799_n20-50-100_x66667_cvrp50_41836,0.0,True,True,0.0,0.0,0.0,50,4,False,11.33383728056869,False,False,,False,11.33383728056869,4,4,4.701911970570799e-16,11.333837280568696,True,271829,11.33383728056869,2323460118,8,cd730723bfdb9410bc7f072e3ac3686fb7b1910e1b8208e74a3fd07a4b0845a1,20.031226761999278,pyvrp,20.0,0.0,cvrp50_41836.json,0
"[""accepted""]",not_selected,True,0.023945864920650095,cvrp_s7799_n20-50-100_x66667_cvrp50_42029,0.02122448979591837,True,True,0.0,0.0,0.0,50,4,False,11.438189995362205,False,False,,False,11.414244130441555,4,4,1.556263226106005e-16,11.414244130441556,True,271828,11.414244130441555,3236082269,7,d9070f940e1dd613f1086f6e3347fe8895fda70ffff19c0111f6901bb45dd974,20.030354721999174,pyvrp,20.0,0.00209350123842665,cvrp50_42029.json,0
"[""accepted""]",not_selected,True,3.552713678800501e-15,cvrp_s7799_n20-50-100_x66667_cvrp50_42031,0.0,True,True,0.0,0.0,0.0,50,4,False,12.46245621726797,False,False,,False,12.462456217267967,4,4,4.276099691180296e-16,12.462456217267972,True,271828,12.462456217267967,4249192212,7,03c2d47b4d9659fa68035bffc0739c0818c552b62fedad6a8e119513d9f28127,20.03071469900169,pyvrp,20.0,2.85073312745353e-16,cvrp50_42031.json,0
"[""accepted""]",not_selected,True,0.0,cvrp_s7799_n20-50-100_x66667_cvrp50_42164,0.0,True,True,0.0,0.0,0.0,50,4,False,8.833263626708554,False,False,,False,8.833263626708554,4,4,2.0109858761932543e-16,8.833263626708556,True,271829,8.833263626708554,2657667536,7,43f1e0e1042efa40177f8681a54b8bdfb4aa2f1927f85be4bfc52cf355ac20a2,20.034549792999314,pyvrp,20.0,0.0,cvrp50_42164.json,0
"[""accepted""]",not_selected,True,1.7763568394002505e-15,cvrp_s7799_n20-50-100_x66667_cvrp50_42227,0.0,True,True,0.0,0.0,0.0,50,2,False,8.399526268091993,False,False,,False,8.399526268091991,4,4,0.004123689180739932,8.434163303687063,True,271830,8.399526268091991,3854332532,6,71cc35537230402503ef943480771f57d8e854570c7a881ab046be384e2acfc4,20.03671070600103,pyvrp,20.0,2.1148297924232357e-16,cvrp50_42227.json,0
"[""accepted""]",not_selected,True,0.011260098872705626,cvrp_s7799_n20-50-100_x66667_cvrp50_42254,0.05959183673469388,True,True,0.0,0.0,0.0,50,2,False,10.602304507352034,False,False,,False,10.591044408479329,4,4,0.0028373497652682735,10.621094905845673,True,271828,10.591044408479329,2850256238,7,f456f6d1821895fac41c5ca7702adb7e3024589a250e4b33ef31871eb6d3ab80,20.03115437100132,pyvrp,20.0,0.001062042583751245,cvrp50_42254.json,0
"[""accepted""]",not_selected,True,0.025985879374102794,cvrp_s7799_n20-50-100_x66667_cvrp50_42715,0.07428571428571429,True,True,0.0,0.0,0.0,50,4,False,10.014009967960574,False,False,,False,9.98802408858647,4,4,5.202369680133857e-05,9.9885437025233,True,271829,9.98802408858647,1598582299,6,440230913f496c149cec79e1133642affbcad5c75923b2f58fd52dd7a66b5cb6,20.023315328002354,pyvrp,20.0,0.002594952417387598,cvrp50_42715.json,0
"[""accepted""]",not_selected,True,1.7763568394002505e-15,cvrp_s7799_n20-50-100_x66667_cvrp50_42722,0.0,True,True,0.0,0.0,0.0,50,4,False,10.026882783361268,False,False,,False,10.026882783361266,4,4,3.5431886016418963e-16,10.02688278336127,True,271830,10.026882783361266,17156840,7,fe0b9a0bf5170c3ee1be6b5f631144482cec7eb372de07a4d68594a4b7531b87,20.027907496001717,pyvrp,20.0,1.771594300820948e-16,cvrp50_42722.json,0
"[""accepted""]",not_selected,True,3.552713678800501e-15,cvrp_s7799_n20-50-100_x66667_cvrp50_43120,0.0,True,True,0.0,0.0,0.0,50,4,False,8.898588861758025,False,False,,False,8.898588861758022,4,4,5.988669215972667e-16,8.898588861758027,True,271828,8.898588861758022,565189681,7,f661094475beb0768a7c3f85dd5682a830526624f6623873831b75d909348f4a,20.041852115999063,pyvrp,20.0,3.9924461439817763e-16,cvrp50_43120.json,0
"[""accepted""]",not_selected,True,0.0,cvrp_s7799_n20-50-100_x66667_cvrp50_43180,0.0,True,True,0.0,0.0,0.0,50,4,False,10.99496548099307,False,False,,False,10.99496548099307,4,4,3.2312185835799625e-16,10.994965480993073,True,271828,10.99496548099307,270027004,7,c2cbf576a5a627a706855e1732fefdd380eddca66a310673a79f75bc1d78e8ba,20.040974075000122,pyvrp,20.0,0.0,cvrp50_43180.json,0
"[""accepted""]",not_selected,True,3.552713678800501e-15,cvrp_s7799_n20-50-100_x66667_cvrp50_43278,0.0,True,True,0.0,0.0,0.0,50,4,False,9.857728353078421,False,False,,False,9.857728353078418,4,4,5.405982318975715e-16,9.857728353078423,True,271828,9.857728353078418,2184135200,6,037b4959cb5065ed261e2e06b31850ceac7bd9deb44112010823571330de2b49,20.030030953999812,pyvrp,20.0,3.603988212650475e-16,cvrp50_43278.json,0
"[""accepted""]",not_selected,True,3.552713678800501e-15,cvrp_s7799_n20-50-100_x66667_cvrp50_43696,0.0,True,True,0.0,0.0,0.0,50,4,False,8.630238940320162,False,False,,False,8.630238940320158,4,4,4.116587852744556e-16,8.630238940320162,True,271829,8.630238940320158,3159820258,6,3abd2f452802e92223d8b805e1da9502337c68f0d9ece131b437f06dd668fc9b,20.042963074,pyvrp,20.0,4.116587852744554e-16,cvrp50_43696.json,0
"[""accepted""]",not_selected,True,-1.7763568394002505e-15,cvrp_s7799_n20-50-100_x66667_cvrp50_43698,0.0,True,True,0.0,0.0,0.0,50,4,False,11.660903908801595,False,False,,False,11.660903908801597,4,4,4.570032100323195e-16,11.660903908801602,True,271828,11.660903908801597,1433956012,7,28c7e47b90be0026e1807255891aa1c684fd267b8d85c48eb282bda5f8a94b55,20.034977480001544,pyvrp,20.0,-1.523344033441065e-16,cvrp50_43698.json,0
"[""accepted""]",not_selected,True,1.7763568394002505e-15,cvrp_s7799_n20-50-100_x66667_cvrp50_43831,0.0,True,True,0.0,0.0,0.0,50,4,False,9.034456442518378,False,False,,False,9.034456442518376,4,4,3.9324044577607966e-16,9.03445644251838,True,271828,9.034456442518376,1917605393,7,85774ee9d5402ced26ba7e33c378488692d6dd57131b05bc49c13ff338176502,20.02857690300152,pyvrp,20.0,1.9662022288803978e-16,cvrp50_43831.json,0
"[""accepted""]",not_selected,True,0.0,cvrp_s7799_n20-50-100_x66667_cvrp50_43943,0.0,True,True,0.0,0.0,0.0,50,4,False,9.069292456634685,False,False,,False,9.069292456634685,4,4,5.875949577855154e-16,9.06929245663469,True,271830,9.069292456634685,1676126826,7,72ad965966e11e8373a11cb124f5bbdfe969ce59a61f2a2881368a4f2b11a626,20.037837940999452,pyvrp,20.0,0.0,cvrp50_43943.json,0
"[""accepted""]",not_selected,True,0.02727174218918016,cvrp_s7799_n20-50-100_x66667_cvrp50_44120,0.037551020408163265,True,True,0.28,0.022857142857142857,0.015238095238095238,50,3,False,10.522706563006462,False,False,,False,10.495434820817282,4,4,0.003428088058984116,10.531414095600372,True,271828,10.495434820817282,2936838829,7,a36977a24533713fca39ff081c70d30fc670eb3cb88f299e5a04ae8af394b566,20.03421589899881,pyvrp,20.0,0.0025917041424548,cvrp50_44120.json,0
"[""accepted""]",not_selected,True,0.1733848580179771,cvrp_s7799_n20-50-100_x66667_cvrp50_44238,0.11428571428571428,True,True,0.0,0.0,0.0,50,4,False,13.37989259082702,False,False,,False,13.206507732809042,4,4,6.725308746790159e-16,13.206507732809051,True,271830,13.206507732809042,2687819346,7,5f6b2af5e7904131cb291f4c3af6c9a0746f482d28bb2af900a365750edeaf51,20.02909851500226,pyvrp,20.0,0.012958613594315863,cvrp50_44238.json,0
"[""accepted""]",stable_control,True,0.0,cvrp_s7799_n20-50-100_x66667_cvrp50_44471,0.0,True,True,0.0,0.0,0.0,50,4,False,9.140629637418195,False,True,9.586982126098361,True,9.140629637418195,4,4,1.9433637614290092e-16,9.140629637418197,True,271830,9.140629637418195,3411827109,7,3e8e1d79fa32513856678dcab3eece0748a910a39480b5432012c1429bca8da8,20.02137404700261,pyvrp,20.0,0.0,cvrp50_44471.json,0
"[""pyvrp_cost_not_converged""]",unstable_cost,False,0.06826345633564657,cvrp_s7799_n20-50-100_x66667_cvrp50_4454,0.026122448979591838,True,False,0.0,0.0,0.0,50,3,True,10.113871036678413,False,True,10.424014149500014,True,10.045607580342766,4,4,0.00547149659474406,10.100572088010747,False,271830,10.045607580342766,2840965149,6,0f4117bb7899e98ac08445ce3982023c7a7184c298011e7bff2c4f3bc78ec3c4,20.042556610998872,pyvrp,20.0,0.00674948850821669,cvrp50_4454.json,0
"[""accepted""]",not_selected,True,0.016430961485774276,cvrp_s7799_n20-50-100_x66667_cvrp50_44643,0.09306122448979592,True,True,0.3,0.044081632653061226,0.044081632653061226,50,2,False,10.247588488420323,False,False,,False,10.231157526934549,4,4,0.002487019967422072,10.256602619993876,True,271831,10.231157526934549,3482837008,7,5c4060d8aa262e3f6bd9693ed70e8f3e4e3fe0daae056c3625f30cea4ee2ee2e,20.04328467200321,pyvrp,20.0,0.0016033978632476417,cvrp50_44643.json,0
"[""accepted""]",not_selected,True,0.018265232692357358,cvrp_s7799_n20-50-100_x66667_cvrp50_44867,0.061224489795918366,True,True,0.0,0.0,0.0,50,4,False,9.869604840101214,False,False,,False,9.851339607408857,4,4,1.548735859276475e-05,9.851492178637976,True,271831,9.851339607408857,183895848,8,1d447a6d420da6003b943f5206d72c5e09e82ad6cf67e18de0e02e60b9ec4a48,20.03025664499728,pyvrp,20.0,0.0018506549135730186,cvrp50_44867.json,1
"[""accepted""]",not_selected,True,0.00017251164077514147,cvrp_s7799_n20-50-100_x66667_cvrp50_44881,0.0,True,True,0.0,0.0,0.0,50,4,False,9.39963834301486,False,False,,False,9.399465831374085,4,4,1.835334516518687e-05,9.399638343014857,True,271828,9.399465831374085,421242623,7,a17a8b757794704138662883d4155498c3439209c42bdb5dd5f16d8f1781dff1,20.02809936199992,pyvrp,20.0,1.83530083264682e-05,cvrp50_44881.json,0
"[""pyvrp_cost_not_converged""]",unstable_cost,False,0.00106488820215489,cvrp_s7799_n20-50-100_x66667_cvrp50_44953,0.0,True,False,0.0,0.0,0.0,50,3,True,10.01311880928851,False,True,10.247082251996419,True,10.012053921086356,4,4,0.008803400510683235,10.100194041688235,False,271828,10.012053921086356,745707158,7,382d51520e4f460bc1936d377ea9d06c7853c0c230caefc55487185288e5c7b9,20.025353556000482,pyvrp,20.0,0.00010634930259361982,cvrp50_44953.json,0
"[""accepted""]",not_selected,True,-1.7763568394002505e-15,cvrp_s7799_n20-50-100_x66667_cvrp50_45162,0.0,True,True,0.0,0.0,0.0,50,4,False,9.176545563170633,False,False,,False,9.176545563170635,4,4,3.871515326049321e-16,9.176545563170638,True,271828,9.176545563170635,3217882386,7,2383a92d7378227e9d7e1f2243f05aa86bdcf14b29b03ef01b5595aebb74e951,20.034445906003384,pyvrp,20.0,-1.9357576630246608e-16,cvrp50_45162.json,0
"[""pyvrp_cost_not_converged""]",unstable_cost,False,0.030005206640666415,cvrp_s7799_n20-50-100_x66667_cvrp50_4529,0.08326530612244898,True,False,0.0,0.0,0.0,50,2,True,10.689842541337411,False,True,10.983933050910744,True,10.659837334696745,4,4,0.010710641463105191,10.774011030443704,False,271828,10.659837334696745,286325725,6,96fc17ba66635059458cbf463f9e26a54f2d264c82853611816f94addcfc24f5,20.031263130997104,pyvrp,20.0,0.0028068894864107558,cvrp50_4529.json,0
"[""accepted""]",not_selected,True,0.041058859423166894,cvrp_s7799_n20-50-100_x66667_cvrp50_45422,0.05877551020408163,True,True,0.0,0.0,0.0,50,4,False,10.43504101899319,False,False,,False,10.393982159570022,4,4,3.4180486595596286e-16,10.393982159570026,True,271829,10.393982159570022,230912687,6,8725ace62c8855fb0177b24e75f66360dfd66bf04d6634f8f0ad51c9e485f374,20.03865126800156,pyvrp,20.0,0.003934709920970526,cvrp50_45422.json,0
"[""accepted""]",not_selected,True,0.05068654001803807,cvrp_s7799_n20-50-100_x66667_cvrp50_4547,0.10204081632653061,True,True,0.0,0.0,0.0,50,4,False,9.247049145450987,False,False,,False,9.196362605432949,4,4,3.8631726816661826e-16,9.196362605432952,True,271828,9.196362605432949,429872380,7,b76f943dceff506f37d144a16fd2a6e75d5ec6875aefcdbe4cd78cffbc4660e3,20.031801285000256,pyvrp,20.0,0.00548137456833707,cvrp50_4547.json,0
"[""accepted""]",not_selected,True,0.005314390674952207,cvrp_s7799_n20-50-100_x66667_cvrp50_45487,0.04897959183673469,True,True,0.0,0.0,0.0,50,4,False,12.26035189119054,False,False,,False,12.255037500515588,4,4,2.8989822990350156e-16,12.255037500515591,True,271828,12.255037500515588,2247406864,6,1ea39dce942a1a39b85cd1cdc9ad5506019e3361a41591e13d10995f762e7ea4,20.028854808999313,pyvrp,20.0,0.00043346151253380983,cvrp50_45487.json,0
"[""accepted""]",not_selected,True,0.01837055110338426,cvrp_s7799_n20-50-100_x66667_cvrp50_45565,0.060408163265306125,True,True,0.0,0.0,0.0,50,4,False,8.77361797525513,False,False,,False,8.755247424151746,4,4,6.086716068697578e-16,8.75524742415175,True,271830,8.755247424151746,2905066133,7,babbf4d9fe186e24b3adffac2d0ce522e955aed76718da2625a0ed1b26001e61,20.0290805370023,pyvrp,20.0,0.0020938398680220697,cvrp50_45565.json,0
"[""route_membership_ambiguous""]",unstable_matrix,True,-0.0029157810020716823,cvrp_s7799_n20-50-100_x66667_cvrp50_4573,0.05551020408163265,False,False,0.32,0.15836734693877552,0.10530612244897959,50,4,True,11.765193350455185,False,True,11.890059695846986,True,11.768109131457257,4,4,0.000867590719850957,11.778319033729902,True,271828,11.768109131457257,3432884360,7,5cbdf800f5788c6ee21c2dd8da860b9940e6a56202a59ddbd0fd52091f06c70c,20.023112315000617,pyvrp,20.0,-0.0002478311163461562,cvrp50_4573.json,0
"[""accepted""]",not_selected,True,5.329070518200751e-15,cvrp_s7799_n20-50-100_x66667_cvrp50_45770,0.0,True,True,0.0,0.0,0.0,50,4,False,8.899219850524847,False,False,,False,8.899219850524842,4,4,5.988244596391743e-16,8.899219850524847,True,271828,8.899219850524842,166231740,6,792781bc5cdf6f47a3b99b66bcf991faed55168b28635668aa8f7a0199668c97,20.029226455000753,pyvrp,20.0,5.988244596391739e-16,cvrp50_45770.json,0
"[""accepted""]",stable_control,True,1.7763568394002505e-15,cvrp_s7799_n20-50-100_x66667_cvrp50_46144,0.0,True,True,0.0,0.0,0.0,50,4,False,8.895417177413195,False,True,9.129518237200527,True,8.895417177413194,4,4,3.9938696611344736e-16,8.895417177413197,True,271831,8.895417177413194,2599609915,7,cf30fefdc016f3456d6055708a127d411c022e4f4090c0f51b702800987d69ac,20.034806182997272,pyvrp,20.0,1.9969348305672366e-16,cvrp50_46144.json,0
"[""accepted""]",not_selected,True,0.01335626867480677,cvrp_s7799_n20-50-100_x66667_cvrp50_46273,0.022857142857142857,True,True,0.0,0.0,0.0,50,4,False,11.170253920361938,False,False,,False,11.156897651687132,4,4,6.500788220857454e-05,11.157622937975486,True,271830,11.156897651687132,2382146516,7,84c599c043a51536f1e079e716975b64e6a4aa759894bd76eee235d63a314077,20.03286481699979,pyvrp,20.0,0.0011956996474771274,cvrp50_46273.json,0
"[""accepted""]",not_selected,True,0.053137148305415494,cvrp_s7799_n20-50-100_x66667_cvrp50_46538,0.07183673469387755,True,True,0.0,0.0,0.0,50,4,False,10.697357508431509,False,False,,False,10.644220360126093,4,4,1.6688463591514818e-16,10.644220360126095,True,271828,10.644220360126093,1686765507,7,13eebf980b0a91ded537362cc2e61f084f325fc22b056409c7f1a8f3c8c6a1fc,20.02814001799925,pyvrp,20.0,0.004967315363961009,cvrp50_46538.json,0
"[""accepted""]",not_selected,True,1.7763568394002505e-15,cvrp_s7799_n20-50-100_x66667_cvrp50_46572,0.0,True,True,0.0,0.0,0.0,50,4,False,8.546809384638472,False,False,,False,8.54680938463847,4,4,8.313543730566727e-16,8.546809384638477,True,271831,8.54680938463847,1840941895,6,fbef727ee70c2de90afa5000cae89575eee111cde8c93d9d1bd9fbf6f62e0980,20.035272649001854,pyvrp,20.0,2.0783859326416813e-16,cvrp50_46572.json,0
"[""accepted""]",stable_control,True,-1.7763568394002505e-15,cvrp_s7799_n20-50-100_x66667_cvrp50_4660,0.0,True,True,0.32,0.013061224489795919,0.0065306122448979586,50,4,False,10.56505628190899,False,True,11.0449241021327,True,10.565056281908992,4,4,7.294286174379928e-05,10.56582692734868,True,271830,10.565056281908992,439721338,6,55a30301fa3ca58862bd1ed8b776a816088d11f1feb27f801ba8ef8b0622b38b,20.03163704099643,pyvrp,20.0,-1.681351042532527e-16,cvrp50_4660.json,0
"[""pyvrp_cost_not_converged""]",unstable_cost,False,0.009604737668905017,cvrp_s7799_n20-50-100_x66667_cvrp50_46879,0.053061224489795916,True,False,0.0,0.0,0.0,50,2,True,10.963274686901135,False,True,11.308557168046324,True,10.95366994923223,4,4,0.006655155556428165,11.026568326658143,False,271828,10.95366994923223,3001527365,6,c22452132294670bd69196c9e8d2534c7da9a72cbf7b474580bee89d4128bb32,20.03876911199768,pyvrp,20.0,0.0008760829171215338,cvrp50_46879.json,0
"[""pyvrp_cost_not_converged""]",unstable_cost,False,0.13725611849185348,cvrp_s7799_n20-50-100_x66667_cvrp50_47008,0.10448979591836735,True,False,0.0,0.0,0.0,50,3,True,12.68178892377318,False,True,13.12971906205572,True,12.544532805281326,4,4,0.007133819096190366,12.634023232960429,False,271831,12.544532805281326,542868581,8,d043a94d622eb92e88f54894bd31394664a8ac3f235eac7108126d6a11b7c860,20.031429094000487,pyvrp,20.0,0.01082308807667933,cvrp50_47008.json,1
"[""pyvrp_cost_not_converged""]",unstable_cost,False,3.552713678800501e-15,cvrp_s7799_n20-50-100_x66667_cvrp50_47018,0.0,True,False,0.0,0.0,0.0,50,3,True,9.717519444434444,False,True,10.181305338697983,True,9.71751944443444,4,4,0.008651391009039198,9.801589504786184,False,271829,9.71751944443444,2197130979,7,75839138e2c73abf568e03b1b374761219b4f03d3ea70db596599325136e2a66,20.029212762998213,pyvrp,20.0,3.655988237651803e-16,cvrp50_47018.json,0
"[""accepted""]",not_selected,True,0.03681920657709625,cvrp_s7799_n20-50-100_x66667_cvrp50_47143,0.04244897959183674,True,True,0.0,0.0,0.0,50,4,False,9.881618881514527,False,False,,False,9.84479967493743,4,4,3.6087211483285773e-16,9.844799674937434,True,271831,9.84479967493743,3422033784,7,29f858783ed1c4cded0d14dcd9690e179500b7b854b0411c36d32441928005ec,20.036011596002936,pyvrp,20.0,0.0037260298154155364,cvrp50_47143.json,0
"[""accepted""]",not_selected,True,3.552713678800501e-15,cvrp_s7799_n20-50-100_x66667_cvrp50_47321,0.0,True,True,0.0,0.0,0.0,50,4,False,8.775587062913209,False,False,,False,8.775587062913205,4,4,4.0484057115845164e-16,8.775587062913209,True,271829,8.775587062913205,340430189,7,912d91ee7458799d97dabe05ae3064eea7c28d57aaedb657224f15a5f2ddf4cf,20.030235652000556,pyvrp,20.0,4.0484057115845144e-16,cvrp50_47321.json,0
"[""accepted""]",not_selected,True,3.552713678800501e-15,cvrp_s7799_n20-50-100_x66667_cvrp50_47373,0.0,True,True,0.0,0.0,0.0,50,4,False,11.121645488288987,False,False,,False,11.121645488288983,4,4,3.194413706624154e-16,11.121645488288987,True,271828,11.121645488288983,1473647811,7,5a043d636f2a0349b43290d68d293bb66b546baac28b55f69c0b7ced27ebf032,20.038765405999584,pyvrp,20.0,3.194413706624153e-16,cvrp50_47373.json,0
"[""accepted""]",not_selected,True,0.07003653864925319,cvrp_s7799_n20-50-100_x66667_cvrp50_47390,0.044897959183673466,True,True,0.0,0.0,0.0,50,4,False,12.757445605695102,False,False,,False,12.687409067045849,4,4,4.200282729152658e-16,12.687409067045854,True,271828,12.687409067045849,2454355145,8,74800e478bc5a3eab148cd0bf2c7d681f40bc4f942c4f6f0a1579bb9cb8e668f,20.03375149099884,pyvrp,20.0,0.005489855948747914,cvrp50_47390.json,0
"[""pyvrp_cost_not_converged""]",unstable_cost,False,0.0706454896695039,cvrp_s7799_n20-50-100_x66667_cvrp50_47430,0.036734693877551024,True,False,0.0,0.0,0.0,50,3,True,11.975680096267988,False,True,12.348901757871548,True,11.905034606598484,4,4,0.00503405250822148,11.964965175920295,False,271831,11.905034606598484,3575089537,7,90a2c0c71f6fdc4ae45612568d9a5daee3018b797c036a5561b8a9533c0f9f21,20.033842859000288,pyvrp,20.0,0.005899079559708625,cvrp50_47430.json,0
"[""pyvrp_cost_not_converged"", ""route_membership_ambiguous""]",unstable_cost,False,0.060901451646474314,cvrp_s7799_n20-50-100_x66667_cvrp50_47730,0.05061224489795919,False,False,0.0,0.0,0.0,50,1,True,11.854655820457749,False,True,12.23289100878962,True,11.793754368811275,4,4,0.020375494223676245,12.034057942828445,False,271831,11.793754368811275,3019324315,8,9b2407bb7bf9a13343ad29dcf3fee962cea3abf49ea785d1c8ccf38d64b94951,20.031337561998953,pyvrp,20.0,0.005137344564772248,cvrp50_47730.json,0
"[""accepted""]",not_selected,True,1.7763568394002505e-15,cvrp_s7799_n20-50-100_x66667_cvrp50_47887,0.0,True,True,0.0,0.0,0.0,50,4,False,9.922261880731577,False,False,,False,9.922261880731575,4,4,7.161096374002491e-16,9.922261880731583,True,271830,9.922261880731575,3105209744,7,91418a061b35b95803500283b0c5e7312c35eb6d843e1a79add0f0d801f81f55,20.034082280999428,pyvrp,20.0,1.7902740935006223e-16,cvrp50_47887.json,0
"[""pyvrp_cost_not_converged""]",unstable_cost,False,1.7763568394002505e-15,cvrp_s7799_n20-50-100_x66667_cvrp50_4803,0.0,True,False,0.0,0.0,0.0,50,2,True,14.05754101222258,False,True,14.419242781937664,True,14.057541012222579,4,4,0.005377127864249548,14.133130207702232,False,271829,14.057541012222579,785654258,7,d1620e5bca17e8ccb5676ea3171d7d7af19cec5afdb8adf703abfbbfc8a41463,20.040253545997984,pyvrp,20.0,1.2636326921299859e-16,cvrp50_4803.json,0
"[""accepted""]",not_selected,True,0.0,cvrp_s7799_n20-50-100_x66667_cvrp50_48123,0.0,True,True,0.0,0.0,0.0,50,4,False,8.878035295523611,False,False,,False,8.878035295523611,4,4,4.001689068066459e-16,8.878035295523615,True,271831,8.878035295523611,2402707044,7,04df82ea471626ccb8914da7f3effc21855c26d12fdd5466c975e68f1e5d61b4,20.030026180000277,pyvrp,20.0,0.0,cvrp50_48123.json,0
"[""accepted""]",not_selected,True,0.016716796648136523,cvrp_s7799_n20-50-100_x66667_cvrp50_48171,0.07510204081632653,True,True,0.0,0.0,0.0,50,2,False,9.553165886365392,False,False,,False,9.536449089717255,4,4,0.0028071738136974654,9.563219559877568,True,271831,9.536449089717255,679993151,7,49fa49123f3f8be120d44f1621cc094abed1648d283927362725713503ce35d1,20.02737375399738,pyvrp,20.0,0.0017498698177109342,cvrp50_48171.json,0
"[""accepted""]",not_selected,True,0.013631005558524478,cvrp_s7799_n20-50-100_x66667_cvrp50_48243,0.10448979591836735,True,True,0.0,0.0,0.0,50,4,False,9.531156472168538,False,False,,False,9.517525466610014,4,4,5.599218554125791e-16,9.517525466610019,True,271828,9.517525466610014,411611227,6,d8bbb3a69e2c90ff8c252bdd22e99ba49a89f965357ef49e92be8715a9f90d57,20.028751106001437,pyvrp,20.0,0.0014301523218433888,cvrp50_48243.json,0
"[""pyvrp_cost_not_converged"", ""route_membership_ambiguous""]",unstable_cost,False,0.10331018329591934,cvrp_s7799_n20-50-100_x66667_cvrp50_48370,0.06857142857142857,False,False,0.32,0.060408163265306125,0.060408163265306125,50,2,True,14.040624074605729,False,True,14.476552091556123,True,13.93731389130981,4,4,0.010604928766572532,14.085118112324512,False,271829,13.93731389130981,454936462,7,fad1a5228719d734b39362a19bfa8fa357237452e5dd4d2eb3253309c7fdf025,20.033469342997705,pyvrp,20.0,0.00735794810451261,cvrp50_48370.json,0
"[""accepted""]",stable_control,True,0.022053647785078567,cvrp_s7799_n20-50-100_x66667_cvrp50_4842,0.11510204081632654,True,True,0.0,0.0,0.0,50,4,False,11.505776475525868,False,True,11.973907763240906,True,11.48372282774079,4,4,1.5468475389437066e-16,11.483722827740792,True,271828,11.48372282774079,3412015132,6,b2539d40460f92bd4bb9675d3a97bbaaa7d30f9e5085c1df32859c7a92fa064f,20.0386382329998,pyvrp,20.0,0.0019167457174219622,cvrp50_4842.json,0
"[""accepted""]",stable_control,True,1.7763568394002505e-15,cvrp_s7799_n20-50-100_x66667_cvrp50_48693,0.0,True,True,0.0,0.0,0.0,50,4,False,11.037161904633678,False,True,11.469545532637095,True,11.037161904633676,4,4,4.828297857951576e-16,11.037161904633681,True,271831,11.037161904633676,2708634085,7,a24fa934258ae742d92a44bbe4a6af614d9007ed10c054c1976b9402c7e8ccc1,20.027159954002855,pyvrp,20.0,1.6094326193171919e-16,cvrp50_48693.json,0
"[""accepted""]",not_selected,True,0.0,cvrp_s7799_n20-50-100_x66667_cvrp50_48811,0.0,True,True,0.0,0.0,0.0,50,4,False,11.81507051723688,False,False,,False,11.81507051723688,4,4,1.5034669804202544e-16,11.815070517236881,True,271828,11.81507051723688,4128359163,6,5b7f4772ecad12b5fcf4a6b6f167542a00a95e3212264738a41258adedc56aa6,20.02494217700223,pyvrp,20.0,0.0,cvrp50_48811.json,0
"[""accepted""]",not_selected,True,0.042728281353399566,cvrp_s7799_n20-50-100_x66667_cvrp50_48979,0.0963265306122449,True,True,0.0,0.0,0.0,50,4,False,9.549311998660265,False,False,,False,9.506583717306865,4,4,3.7371087074452806e-16,9.506583717306869,True,271829,9.506583717306865,215941683,6,f227067327a9dcca8df78c20b48b28a5b3080dd86bc244f89a35b6f388ada2a9,20.033907213997736,pyvrp,20.0,0.004474487937915757,cvrp50_48979.json,0
"[""accepted""]",not_selected,True,0.0004759481298926005,cvrp_s7799_n20-50-100_x66667_cvrp50_49120,0.0,True,True,0.0,0.0,0.0,50,4,False,8.863641719055401,False,False,,False,8.863165770925509,4,4,5.3699563135492815e-05,8.863641719055405,True,271830,8.863165770925509,1481728760,6,5991beaf39e32d70c4c3378ef46e7ca2c3ab224aa5e8710c6c518681a465e43d,20.02905279299739,pyvrp,20.0,5.3696679646853135e-05,cvrp50_49120.json,0
"[""accepted""]",not_selected,True,0.02105943900833296,cvrp_s7799_n20-50-100_x66667_cvrp50_49348,0.03428571428571429,True,True,0.0,0.0,0.0,50,4,False,10.32325960637973,False,False,,False,10.302200167371398,4,4,4.139943156315619e-05,10.302626672602177,True,271830,10.302200167371398,1183218191,6,99ff6358aafa335e799269d88852f59fe6d5bd356ed12dfbc3dbd8b7bc707396,20.02605481000137,pyvrp,20.0,0.0020399989742889268,cvrp50_49348.json,0
"[""accepted""]",stable_control,True,0.06386964444950038,cvrp_s7799_n20-50-100_x66667_cvrp50_49404,0.06448979591836734,True,True,0.3,0.022040816326530613,0.011020408163265306,50,4,False,13.201679680746466,False,True,13.477222712899527,True,13.137810036296965,4,4,6.625190400144794e-05,13.13868044122628,True,271828,13.137810036296965,2182454791,7,e752ae5eb61b58d4e7d1d787bdbd91551254a6b28019e6bc1ac5b824fcd9b416,20.025705668002047,pyvrp,20.0,0.004837993800338064,cvrp50_49404.json,0
"[""accepted""]",not_selected,True,1.7763568394002505e-15,cvrp_s7799_n20-50-100_x66667_cvrp50_49407,0.0,True,True,0.0,0.0,0.0,50,4,False,9.077691740699636,False,False,,False,9.077691740699635,4,4,5.870512758555106e-16,9.07769174069964,True,271828,9.077691740699635,2174012000,7,d79bc613434d190bc5c9357178dcad14622035c4f52b602444df5ad1032a2c40,20.029942146000394,pyvrp,20.0,1.956837586185035e-16,cvrp50_49407.json,0
"[""accepted""]",not_selected,True,3.552713678800501e-15,cvrp_s7799_n20-50-100_x66667_cvrp50_49677,0.0,True,True,0.0,0.0,0.0,50,4,False,12.01041756679717,False,False,,False,12.010417566797166,4,4,4.4370401683060395e-16,12.010417566797171,True,271828,12.010417566797166,3895028995,8,3ada825bf5454eb33c4717a5a1e0e0dba18ccf5579abaccd58f918af9a662159,20.03971182999885,pyvrp,20.0,2.9580267788706925e-16,cvrp50_49677.json,0
"[""pyvrp_cost_not_converged""]",unstable_cost,False,0.06290392044256876,cvrp_s7799_n20-50-100_x66667_cvrp50_49780,0.08408163265306122,True,False,0.0,0.0,0.0,50,3,True,10.81707898727054,False,True,11.104837429360474,True,10.75417506682797,4,4,0.005782928320605568,10.81636569038668,False,271830,10.75417506682797,207521672,6,26a6677b76b1cfedfe03be42b8eb06db5720c2f93a64a8eb699475530e308598,20.030324651001138,pyvrp,20.0,0.005815240927480852,cvrp50_49780.json,0
"[""accepted""]",stable_control,True,7.105427357601002e-15,cvrp_s7799_n20-50-100_x66667_cvrp50_49892,0.0,True,True,0.0,0.0,0.0,50,4,False,11.762029202685264,False,True,11.976332007159112,True,11.762029202685257,4,4,4.530740764513772e-16,11.762029202685262,True,271830,11.762029202685257,2566443749,7,c3bec5971a885c17de591419788e59ef5cd0d9cdd11ccfc0300289e80be34263,20.027880368001206,pyvrp,20.0,6.040987686018359e-16,cvrp50_49892.json,0
"[""accepted""]",not_selected,True,1.7763568394002505e-15,cvrp_s7799_n20-50-100_x66667_cvrp50_49914,0.0,True,True,0.0,0.0,0.0,50,4,False,9.543120987774602,False,False,,False,9.5431209877746,4,4,5.584200939113797e-16,9.543120987774605,True,271829,9.5431209877746,1817820113,6,dac1e2928b35fb6f9e2455799cf00882ab4cf5deb972be1d2c90d67476660c47,20.03156243799822,pyvrp,20.0,1.861400313037932e-16,cvrp50_49914.json,0
"[""accepted""]",not_selected,True,1.7763568394002505e-15,cvrp_s7799_n20-50-100_x66667_cvrp50_50125,0.0,True,True,0.0,0.0,0.0,50,4,False,10.846855607534705,False,False,,False,10.846855607534703,4,4,4.913009549513082e-16,10.846855607534708,True,271828,10.846855607534703,3046812973,7,6de69f964bab6cd80246263d58b9f9515a4ccda27483a2fd1e6dd0b2edd8b498,20.03096455099876,pyvrp,20.0,1.6376698498376936e-16,cvrp50_50125.json,0
"[""accepted""]",stable_control,True,1.7763568394002505e-15,cvrp_s7799_n20-50-100_x66667_cvrp50_50195,0.0,True,True,0.0,0.0,0.0,50,4,False,9.743502121887854,False,True,10.031077112898616,True,9.743502121887852,4,4,1.8231194668802233e-16,9.743502121887854,True,271829,9.743502121887852,1921164670,7,99740d8aa83f8c01e9809b692f856405046ad6d69fe74ab88258261491f542c7,20.033030916001735,pyvrp,20.0,1.8231194668802228e-16,cvrp50_50195.json,0
"[""accepted""]",not_selected,True,1.7763568394002505e-15,cvrp_s7799_n20-50-100_x66667_cvrp50_50375,0.0,True,True,0.0,0.0,0.0,50,3,False,9.714763702150067,False,False,,False,9.714763702150066,4,4,0.0023916310346369348,9.737997832514292,True,271829,9.714763702150066,4047411938,7,8fc4f2ddd846a475d436ad99b0eb5eb30a04a7bd64a3868229126bec9da96213,20.030572487998143,pyvrp,20.0,1.8285126574999533e-16,cvrp50_50375.json,0
"[""accepted""]",not_selected,True,0.0028554498677788587,cvrp_s7799_n20-50-100_x66667_cvrp50_50386,0.045714285714285714,True,True,0.0,0.0,0.0,50,4,False,10.009545894141812,False,False,,False,10.006690444274033,4,4,3.5503383447155724e-16,10.006690444274037,True,271831,10.006690444274033,559300434,7,fd6d517c038497287d01e773083a5858c9db42f0a786c0d3992e4115cac35d8e,20.02957586699995,pyvrp,20.0,0.00028527266850837256,cvrp50_50386.json,0
"[""accepted""]",not_selected,True,8.881784197001252e-16,cvrp_s7799_n20-50-100_x66667_cvrp50_50479,0.0,True,True,0.0,0.0,0.0,50,4,False,7.990880706531773,False,False,,False,7.990880706531772,4,4,2.222980050181766e-16,7.990880706531774,True,271828,7.990880706531772,2009471171,6,c210317a2d5d5f17ed6f7b2e61875bfec92e6ab16f30229e6c46495763428db4,20.074771952000447,pyvrp,20.0,1.111490025090883e-16,cvrp50_50479.json,0
"[""accepted""]",not_selected,True,3.552713678800501e-15,cvrp_s7799_n20-50-100_x66667_cvrp50_50839,0.0,True,True,0.0,0.0,0.0,50,4,False,9.572560035846038,False,False,,False,9.572560035846035,4,4,3.7113516817829055e-16,9.572560035846038,True,271829,9.572560035846035,2808142590,7,8f44a58338261b4bb3768e793a397eee77e3c5c14b984cd80496f8508e269b16,20.03392750400235,pyvrp,20.0,3.711351681782904e-16,cvrp50_50839.json,0
"[""accepted""]",stable_control,True,5.329070518200751e-15,cvrp_s7799_n20-50-100_x66667_cvrp50_50898,0.0,True,True,0.0,0.0,0.0,50,4,False,9.098924534536595,False,True,9.577983060858818,True,9.09892453453659,4,4,9.761356040803346e-16,9.098924534536598,True,271830,9.09892453453659,3995511749,7,136603c2c32693c46350e0247c851ff92a11c32a388cb93fe37bf62e09472b67,20.0309272830018,pyvrp,20.0,5.856813624482005e-16,cvrp50_50898.json,0
"[""pyvrp_cost_not_converged"", ""route_membership_ambiguous""]",unstable_cost,False,0.06923051264332081,cvrp_s7799_n20-50-100_x66667_cvrp50_50939,0.053061224489795916,False,False,0.0,0.0,0.0,50,1,True,10.653580129608946,False,True,10.728514356379128,True,10.584349616965625,4,4,0.007886499195898707,10.667823081708935,False,271829,10.584349616965625,2286166321,8,c15707c1bcd55a1e980423248042ee7039750ca39af7c547c7a3ba737b3bf1d4,20.034466700999474,pyvrp,20.0,0.006498333123802393,cvrp50_50939.json,0
"[""accepted""]",not_selected,True,0.0004065230961014521,cvrp_s7799_n20-50-100_x66667_cvrp50_51018,0.0,True,True,0.0,0.0,0.0,50,4,False,10.133990890569278,False,False,,False,10.133584367473176,4,4,4.0116416991238726e-05,10.133990890569278,True,271829,10.133584367473176,3704842129,6,bf2731ddaf4e3f59dd9eb1a9dcca5335bf737f3fb072eb3c2e61378f695af850,20.032544685000175,pyvrp,20.0,4.011480772888436e-05,cvrp50_51018.json,0
"[""accepted""]",not_selected,True,0.021871589484012688,cvrp_s7799_n20-50-100_x66667_cvrp50_51058,0.02122448979591837,True,True,0.0,0.0,0.0,50,3,False,11.074314520875005,False,False,,False,11.052442931390992,4,4,0.0017900265962747972,11.072227098191991,True,271828,11.052442931390992,119416020,7,a54d7e6636ddaa3f0dbb6f529848e45a73e2da4a04c6654f0f908dc819b3541e,20.026706593002018,pyvrp,20.0,0.0019749835931411283,cvrp50_51058.json,0
"[""accepted""]",not_selected,True,0.010980041983074784,cvrp_s7799_n20-50-100_x66667_cvrp50_5112,0.0,True,True,0.0,0.0,0.0,50,4,False,9.050547349072465,False,False,,False,9.03956730708939,4,4,5.895271684100813e-16,9.039567307089396,True,271828,9.03956730708939,48488047,6,5c6e4006a635774c5945c949fbbe2349327a1c944c05796d3524c7a6f325d828,20.035582542001066,pyvrp,20.0,0.001213190933054459,cvrp50_5112.json,0
"[""pyvrp_cost_not_converged""]",unstable_cost,False,5.329070518200751e-15,cvrp_s7799_n20-50-100_x66667_cvrp50_51199,0.0,True,False,0.0,0.0,0.0,50,3,True,10.521769996603293,False,True,11.141887002271064,True,10.521769996603288,4,4,0.01299633103558089,10.658514402559387,False,271829,10.521769996603288,524034801,7,3e6886b162a8de203e6bd9176b5bfa7c87445ea57d76dfe17680c33855c99a0f,20.041823695002677,pyvrp,20.0,5.064804229631627e-16,cvrp50_51199.json,0
"[""accepted""]",not_selected,True,0.03622664266569764,cvrp_s7799_n20-50-100_x66667_cvrp50_51457,0.13877551020408163,True,True,0.28,0.03428571428571429,0.017142857142857144,50,4,False,11.38287304266,False,False,,False,11.346646399994302,4,4,0.000354770724999548,11.350671857963942,True,271830,11.346646399994302,683586184,7,81602e42de4628e415c2005ea6eea3edf7e9860b4969fba36c210f42111ebef5,20.033986550002737,pyvrp,20.0,0.0031825570337057924,cvrp50_51457.json,0
"[""accepted""]",not_selected,True,3.552713678800501e-15,cvrp_s7799_n20-50-100_x66667_cvrp50_51623,0.0,True,True,0.0,0.0,0.0,50,4,False,8.51964511749587,False,False,,False,8.519645117495866,4,4,2.039667760520797e-06,8.519662494741343,True,271831,8.519645117495866,118073422,6,f88ef83663c0d655e668de071df3894e9bbc36f63f07b3a8572d83f70f3f8e9b,20.03494907899949,pyvrp,20.0,4.1700254292337584e-16,cvrp50_51623.json,0
"[""accepted""]",not_selected,True,0.0659212274382952,cvrp_s7799_n20-50-100_x66667_cvrp50_5166,0.10938775510204081,True,True,0.0,0.0,0.0,50,3,False,10.350087502594716,False,False,,False,10.284166275156421,4,4,0.004758297433537699,10.333101397149573,True,271829,10.284166275156421,1167883189,7,bad801023716ce982a4e043612ca3a281120adc52d429b69698aca3afcb8becc,20.030377579998458,pyvrp,20.0,0.006369146871634571,cvrp50_5166.json,-1
"[""accepted""]",not_selected,True,0.007760328596260635,cvrp_s7799_n20-50-100_x66667_cvrp50_51776,0.045714285714285714,True,True,0.0,0.0,0.0,50,4,False,10.351360758191571,False,False,,False,10.34360042959531,4,4,5.152045996433806e-16,10.343600429595316,True,271829,10.34360042959531,3123846491,7,520d486a0d7ea60c51ea98ec7bb675778ae5d569ce5ae16b454ff6678f731497,20.029438453002513,pyvrp,20.0,0.0007496916374129345,cvrp50_51776.json,0
"[""accepted""]",not_selected,True,1.7763568394002505e-15,cvrp_s7799_n20-50-100_x66667_cvrp50_51940,0.0,True,True,0.0,0.0,0.0,50,4,False,9.391933936774583,False,False,,False,9.391933936774581,4,4,1.891364282754202e-16,9.391933936774583,True,271828,9.391933936774581,408039937,6,05edba636da2d64f7a613b5c0bd73c79036f38ae99fb1d401f5d65b051623874,20.034661306999624,pyvrp,20.0,1.8913642827542017e-16,cvrp50_51940.json,0
"[""accepted""]",not_selected,True,-1.7763568394002505e-15,cvrp_s7799_n20-50-100_x66667_cvrp50_52049,0.0,True,True,0.0,0.0,0.0,50,4,False,11.203872882073505,False,False,,False,11.203872882073506,4,4,4.497343850173526e-05,11.20437675876155,True,271829,11.203872882073506,2901859036,8,e2f8215547fdcaa0586c4e00937e3d495e108ddca25924ba1eca50140790f67e,20.027271636001387,pyvrp,20.0,-1.5854846427635473e-16,cvrp50_52049.json,0
"[""route_membership_ambiguous""]",unstable_matrix,True,0.046433339227899495,cvrp_s7799_n20-50-100_x66667_cvrp50_52055,0.17061224489795918,False,False,0.38,0.11836734693877551,0.059183673469387764,50,4,True,8.883208609732016,False,True,9.948368090549643,True,8.836775270504116,4,4,0.00046438628765093807,8.840878947766791,True,271830,8.836775270504116,2314392211,6,3214175d42204f30bead6bb35f24fed4b7e02f2e51bb8d33c7b30c7a30da666b,20.034452493997378,pyvrp,20.0,0.0052270909384059,cvrp50_52055.json,0
"[""pyvrp_cost_not_converged""]",unstable_cost,False,0.08938351568288638,cvrp_s7799_n20-50-100_x66667_cvrp50_52086,0.1657142857142857,True,False,0.0,0.0,0.0,50,3,True,9.3229630966069,False,True,9.429728811721192,True,9.233579580924014,4,4,0.005036622803014721,9.280085638394747,False,271829,9.233579580924014,1802383849,6,07baf049303e88d104001de4b702c2528ff12b79bd6d162350e00a20c81ed91f,20.03542875600033,pyvrp,20.0,0.00958745784539441,cvrp50_52086.json,0
"[""accepted""]",not_selected,True,7.105427357601002e-15,cvrp_s7799_n20-50-100_x66667_cvrp50_52096,0.0,True,True,0.0,0.0,0.0,50,4,False,9.831250377749077,False,False,,False,9.83125037774907,4,4,5.420541958998381e-16,9.831250377749075,True,271829,9.83125037774907,3789104892,7,7c38f8ba5a60dd8d78f5f71ef642af7dc3ff23cf880ae95fa25bd637f7bb0a9e,20.03612892700039,pyvrp,20.0,7.227389278664502e-16,cvrp50_52096.json,0
"[""accepted""]",not_selected,True,0.03320901777060925,cvrp_s7799_n20-50-100_x66667_cvrp50_52134,0.062040816326530614,True,True,0.0,0.0,0.0,50,4,False,9.522916240787914,False,False,,False,9.489707223017305,4,4,3.743754781162675e-16,9.489707223017309,True,271828,9.489707223017305,147093933,7,c81c13b53a7cd83c7d7556bf024016969428606b99518d46adb00b842e68a9cf,20.03099525500147,pyvrp,20.0,0.0034872739537885064,cvrp50_52134.json,0
"[""accepted""]",not_selected,True,0.0,cvrp_s7799_n20-50-100_x66667_cvrp50_52227,0.0,True,True,0.0,0.0,0.0,50,4,False,9.348567133741772,False,False,,False,9.348567133741772,4,4,3.800276157805719e-16,9.348567133741776,True,271831,9.348567133741772,1363857379,7,d31759e5350a7a3d5b20229a0adb9516599db72f55457889464997211fde7520,20.03503834000003,pyvrp,20.0,0.0,cvrp50_52227.json,0
"[""accepted""]",not_selected,True,1.7763568394002505e-15,cvrp_s7799_n20-50-100_x66667_cvrp50_52250,0.0,True,True,0.0,0.0,0.0,50,4,False,10.890931697943966,False,False,,False,10.890931697943964,4,4,3.2620842525999837e-16,10.890931697943968,True,271828,10.890931697943964,1365979184,7,5b69e846a6a32fd240768034e6e62bffcbc9df1dee9c4356297caf1f06ee21a8,20.026665749999665,pyvrp,20.0,1.6310421262999916e-16,cvrp50_52250.json,0
"[""pyvrp_cost_not_converged"", ""route_membership_ambiguous""]",unstable_cost,False,0.0,cvrp_s7799_n20-50-100_x66667_cvrp50_52283,0.0,False,False,0.0,0.0,0.0,50,1,True,11.65099266161957,False,True,11.915357747225718,True,11.65099266161957,4,4,0.007737143505366238,11.74113806382249,False,271830,11.65099266161957,3187856919,7,9e3d00e73fd8df7fafba45e024bc762744d26aabc136c655311945a5f0ad5253,20.030824646997644,pyvrp,20.0,0.0,cvrp50_52283.json,0
"[""accepted""]",not_selected,True,0.0024609664583561397,cvrp_s7799_n20-50-100_x66667_cvrp50_52346,0.024489795918367346,True,True,0.0,0.0,0.0,50,3,False,9.855086822329431,False,False,,False,9.852625855871075,4,4,0.004214447260873282,9.89414922792176,True,271828,9.852625855871075,48355182,7,c582706fc77d7e44a0fe95d56ec2da4c45da04031a4e52db9c6e4fecaf3b6b46,20.03550643500057,pyvrp,20.0,0.0002497153503285367,cvrp50_52346.json,0
"[""accepted""]",not_selected,True,0.001863563336721441,cvrp_s7799_n20-50-100_x66667_cvrp50_52768,0.13387755102040816,True,True,0.0,0.0,0.0,50,3,False,11.489556464623398,False,False,,False,11.487692901286676,4,4,0.0027562480662218823,11.519355832631199,True,271829,11.487692901286676,1091064541,7,a3828bbad4e089d1342b33ad59e12511cb633febb42d2cf560d21a9b45c03ac2,20.04418962499767,pyvrp,20.0,0.00016219628168061964,cvrp50_52768.json,0
"[""accepted""]",not_selected,True,0.0,cvrp_s7799_n20-50-100_x66667_cvrp50_52800,0.0,True,True,0.0,0.0,0.0,50,4,False,10.45190486007316,False,False,,False,10.45190486007316,4,4,3.3991064082223506e-16,10.451904860073164,True,271831,10.45190486007316,2421357046,7,4957e93e724f13281785d33480af0f7d07ab7f90a0a55e627252173afd890ba3,20.03246369000044,pyvrp,20.0,0.0,cvrp50_52800.json,0
"[""accepted""]",not_selected,True,3.552713678800501e-15,cvrp_s7799_n20-50-100_x66667_cvrp50_52919,0.0,True,True,0.0,0.0,0.0,50,4,False,10.429832208164354,False,False,,False,10.42983220816435,4,4,5.109449904696662e-16,10.429832208164356,True,271830,10.42983220816435,3361151566,7,4d85772d39a2b23186679fcb0b5f80d61b2ef60ae76258ccb9a8f4478dc5ff2c,20.02308556799835,pyvrp,20.0,3.40629993646444e-16,cvrp50_52919.json,0
"[""route_membership_ambiguous""]",unstable_matrix,True,0.05689121073485737,cvrp_s7799_n20-50-100_x66667_cvrp50_52952,0.15428571428571428,False,False,0.34,0.052244897959183675,0.03537414965986394,50,3,True,10.24864861762234,False,True,10.332488921957552,True,10.191757406887483,4,4,0.0015848221806414498,10.207909530085635,True,271829,10.191757406887483,4289233554,7,e2d0e9cf92c409dae54fdc20d314aa7d21f1ccdf8a65938d2e2087790fe882f4,20.02819343200099,pyvrp,20.0,0.005551093891250609,cvrp50_52952.json,0
"[""accepted""]",not_selected,True,5.329070518200751e-15,cvrp_s7799_n20-50-100_x66667_cvrp50_52974,0.0,True,True,0.0,0.0,0.0,50,4,False,10.504970863464886,False,False,,False,10.50497086346488,4,4,8.454839439765711e-16,10.504970863464889,True,271829,10.50497086346488,319872455,7,0e9825a6c9063353e514d2e7b2fea02d10e41b4c1db7e5d4ab30b38fe6aafc8c,20.028783554000256,pyvrp,20.0,5.072903663859424e-16,cvrp50_52974.json,0
"[""accepted""]",not_selected,True,1.7763568394002505e-15,cvrp_s7799_n20-50-100_x66667_cvrp50_53024,0.0,True,True,0.0,0.0,0.0,50,4,False,9.648935524531694,False,False,,False,9.648935524531693,4,4,3.6819747315835965e-16,9.648935524531696,True,271830,9.648935524531693,1821323414,7,e2a31da0158838ed9d7dfa93e64ab50fb0b1809fcd541e1d01db62a3cf7aa98d,20.034916799999337,pyvrp,20.0,1.840987365791798e-16,cvrp50_53024.json,0
"[""accepted""]",not_selected,True,0.0,cvrp_s7799_n20-50-100_x66667_cvrp50_53069,0.0,True,True,0.0,0.0,0.0,50,4,False,10.021869400836717,False,False,,False,10.021869400836717,4,4,3.5449610613603563e-16,10.02186940083672,True,271830,10.021869400836717,416518162,7,6cdebf7078fd0cde7dcf85da25180d55981263e0d915d87dce25edff90cafc65,20.031765349001944,pyvrp,20.0,0.0,cvrp50_53069.json,0
"[""accepted""]",not_selected,True,3.552713678800501e-15,cvrp_s7799_n20-50-100_x66667_cvrp50_53233,0.0,True,True,0.0,0.0,0.0,50,4,False,9.493570815090882,False,False,,False,9.493570815090878,4,4,7.484462375638775e-16,9.493570815090886,True,271830,9.493570815090878,1870763004,7,1d381d299e003326466afa13c0cf9a1904e1799f3d3b42969a888c384c80fb72,20.03438789500069,pyvrp,20.0,3.7422311878193864e-16,cvrp50_53233.json,0
"[""accepted""]",not_selected,True,3.552713678800501e-15,cvrp_s7799_n20-50-100_x66667_cvrp50_53519,0.0,True,True,0.0,0.0,0.0,50,3,False,8.828622284058689,False,False,,False,8.828622284058685,4,4,0.0017755791892189107,8.844298202055734,True,271828,8.828622284058685,1459121193,7,1b9f9d64aa46ee3835878a1f60f9e56825e07e6e6f5b1a43bf2f9bb11df65ad5,20.08691019300022,pyvrp,20.0,4.0240861648543077e-16,cvrp50_53519.json,0
"[""route_membership_ambiguous""]",unstable_matrix,True,0.0,cvrp_s7799_n20-50-100_x66667_cvrp50_53535,0.0,False,False,0.28,0.11346938775510204,0.056734693877551014,50,4,True,9.181115984895754,False,True,9.263720482568973,True,9.181115984895754,4,4,0.0002587343221042031,9.183491454716266,True,271829,9.181115984895754,3732690580,6,72dc9911339ff370e06a6ac2917e458e5983275fc17ca7ac628c5824291d22ea,20.033539379001013,pyvrp,20.0,0.0,cvrp50_53535.json,0
"[""accepted""]",not_selected,True,0.06953558157414896,cvrp_s7799_n20-50-100_x66667_cvrp50_53764,0.12081632653061225,True,True,0.0,0.0,0.0,50,4,False,11.427269601356233,False,False,,False,11.357734019782084,4,4,4.692019120115826e-16,11.35773401978209,True,271829,11.357734019782084,1054488495,7,9063a99f015e776b145cfdcb28292ef80408649fddf5934d3fe25e50df4271c1,20.034524111000792,pyvrp,20.0,0.006085056535805912,cvrp50_53764.json,0
"[""route_membership_ambiguous""]",unstable_matrix,True,0.00831500261957352,cvrp_s7799_n20-50-100_x66667_cvrp50_53776,0.10857142857142857,False,False,0.34,0.10857142857142857,0.07238095238095238,50,4,True,11.289874085129677,False,True,11.857157278107028,True,11.281559082510103,4,4,0.0007370437506697203,11.289874085129679,True,271830,11.281559082510103,1977676928,6,db61612b95b0eab083f52e9c9eda2430b33bdae8132b44605b66fce039407500,20.034384099999443,pyvrp,20.0,0.0007365009172711258,cvrp50_53776.json,0
"[""route_membership_ambiguous""]",unstable_matrix,True,3.552713678800501e-15,cvrp_s7799_n20-50-100_x66667_cvrp50_53811,0.0,False,False,0.3,0.156734693877551,0.156734693877551,50,2,True,11.979252768007806,False,True,12.500687507303489,True,11.979252768007802,4,4,0.0017058457318278387,11.999687525212595,True,271830,11.979252768007802,1171513858,7,914fcd2c95cef266eb0d39fed00cb409d0c4d8202f93c377cb3b9d813ffdd4be,20.02813282400166,pyvrp,20.0,2.9657222763413904e-16,cvrp50_53811.json,0
"[""accepted""]",not_selected,True,0.01205378998126072,cvrp_s7799_n20-50-100_x66667_cvrp50_53861,0.04244897959183674,True,True,0.0,0.0,0.0,50,4,False,10.939565656968943,False,False,,False,10.927511866987683,4,4,4.876746493682631e-16,10.927511866987688,True,271828,10.927511866987683,3905387684,7,ea8f3fbe009b60ae92e9ba26a9659dbe989702998d580a608ac7426b336adf7b,20.036178709000524,pyvrp,20.0,0.0011018527023129087,cvrp50_53861.json,0
"[""accepted""]",stable_control,True,3.552713678800501e-15,cvrp_s7799_n20-50-100_x66667_cvrp50_54005,0.0,True,True,0.0,0.0,0.0,50,4,False,8.33452206587212,False,True,8.87465828189904,True,8.334522065872116,4,4,2.1313241783521203e-16,8.334522065872118,True,271829,8.334522065872116,3143181831,7,8e445bf5d4a55fd43f16171071f28ad31d58b3b07910e10df519d8355599342a,20.02362940799867,pyvrp,20.0,4.2626483567042386e-16,cvrp50_54005.json,0
"[""accepted""]",not_selected,True,0.0,cvrp_s7799_n20-50-100_x66667_cvrp50_54108,0.0,True,True,0.0,0.0,0.0,50,4,False,8.751489262670038,False,False,,False,8.751489262670038,4,4,2.0297766312499507e-16,8.75148926267004,True,271830,8.751489262670038,3892014552,7,23cb2b5582e9b82bb1563a08bbe90eaed4786fd17064af8ce43f0fdf5c9c96d4,20.029440472000715,pyvrp,20.0,0.0,cvrp50_54108.json,0
"[""accepted""]",not_selected,True,0.052235122810376566,cvrp_s7799_n20-50-100_x66667_cvrp50_54122,0.04816326530612245,True,True,0.0,0.0,0.0,50,4,False,10.877035431324941,False,False,,False,10.824800308514565,4,4,4.923019701350993e-16,10.82480030851457,True,271829,10.824800308514565,3685601501,7,ee19acd5f58c00afae478a0b4dc35eb01f1c298d7feef9d900cee4e110888e69,20.027925579997827,pyvrp,20.0,0.004802330850182195,cvrp50_54122.json,0
"[""accepted""]",not_selected,True,0.0,cvrp_s7799_n20-50-100_x66667_cvrp50_54396,0.0,True,True,0.0,0.0,0.0,50,4,False,8.031800780097013,False,False,,False,8.031800780097013,4,4,2.211654506922163e-16,8.031800780097015,True,271828,8.031800780097013,1871656451,5,8f7d6ac32ba98614ffe33e2747b8ab5d168efe5ac032d0ee803fb468982eb6b9,20.03216379999867,pyvrp,20.0,0.0,cvrp50_54396.json,0
"[""pyvrp_cost_not_converged"", ""route_membership_ambiguous""]",unstable_cost,False,0.0253494529347833,cvrp_s7799_n20-50-100_x66667_cvrp50_54400,0.07428571428571429,False,False,0.0,0.0,0.0,50,1,True,10.868907617666004,False,True,11.001547466800307,True,10.84355816473122,4,4,0.003389953282744526,10.880317320328382,False,271830,10.84355816473122,983775961,7,80dd160afa1aba46f6fe83a11025bf9c800ed01e0370a701ce0f3dab62a797e2,20.02638762999777,pyvrp,20.0,0.0023322907716669746,cvrp50_54400.json,0
"[""accepted""]",not_selected,True,3.552713678800501e-15,cvrp_s7799_n20-50-100_x66667_cvrp50_54529,0.0,True,True,0.0,0.0,0.0,50,4,False,9.535813588949267,False,False,,False,9.535813588949264,4,4,7.451306898275827e-16,9.53581358894927,True,271829,9.535813588949264,2589347020,7,abf2180c8063b151392012fd66d4aea6aa03f2bc2d59c2b2edc78d04a1709da7,20.028373924000334,pyvrp,20.0,3.725653449137912e-16,cvrp50_54529.json,0
"[""accepted""]",not_selected,True,3.552713678800501e-15,cvrp_s7799_n20-50-100_x66667_cvrp50_54537,0.0,True,True,0.0,0.0,0.0,50,4,False,8.257555538515414,False,False,,False,8.25755553851541,4,4,2.1511896966539979e-16,8.257555538515412,True,271829,8.25755553851541,2530159880,6,309c33b968dbc3d65d1635dfc577d68d7bd2af00d126b5b325561d4b2378eaed,20.02583178400164,pyvrp,20.0,4.302379393307994e-16,cvrp50_54537.json,0
"[""route_membership_ambiguous""]",unstable_matrix,True,0.006094329738285609,cvrp_s7799_n20-50-100_x66667_cvrp50_54625,0.0963265306122449,False,False,0.28,0.0963265306122449,0.04816326530612245,50,4,True,11.197029931927347,False,True,11.490478118725344,True,11.190935602189061,4,4,0.0005445773217650807,11.197029931927347,True,271828,11.190935602189061,272700940,7,1349311d70814a9ffa5a1ac3723730d08e45fbd324ab80a2374eae9f9114a7d9,20.03418616199997,pyvrp,20.0,0.0005442809187200762,cvrp50_54625.json,0
"[""accepted""]",stable_control,True,0.03449519727885075,cvrp_s7799_n20-50-100_x66667_cvrp50_54627,0.11020408163265306,True,True,0.2,0.00816326530612245,0.0054421768707483,50,4,False,10.348771932085416,False,True,10.384328111511596,True,10.314276734806565,4,4,2.972582808610071e-05,10.314583335223617,True,271829,10.314276734806565,283868702,7,a417e5478340794f5f1b065449d6e43f08e4666626f0ea074f5889807274bcfc,20.017665776002104,pyvrp,20.0,0.003333264807189495,cvrp50_54627.json,0
"[""accepted""]",not_selected,True,0.12390672829545046,cvrp_s7799_n20-50-100_x66667_cvrp50_54744,0.08653061224489796,True,True,0.0,0.0,0.0,50,4,False,11.587693449485165,False,False,,False,11.463786721189715,4,4,3.099075170539983e-16,11.463786721189718,True,271829,11.463786721189715,1484309484,7,1366c8b1df7e126a933a453cf9c3265fe6fc676f7a5d5056180769e84ef2254c,20.0283688649979,pyvrp,20.0,0.01069295877006097,cvrp50_54744.json,0
"[""accepted""]",not_selected,True,0.009622339891016907,cvrp_s7799_n20-50-100_x66667_cvrp50_54884,0.10040816326530612,True,True,0.0,0.0,0.0,50,4,False,8.52799072419613,False,False,,False,8.518368384305113,4,4,2.0853252163561567e-16,8.518368384305115,True,271828,8.518368384305113,2991368321,6,d40dd5e2386637d8af626d990dccdc9988181e9cff987ce045ced3b99406fbcf,20.03207706000103,pyvrp,20.0,0.001128324385217238,cvrp50_54884.json,0
"[""pyvrp_cost_not_converged""]",unstable_cost,False,0.04177202112129308,cvrp_s7799_n20-50-100_x66667_cvrp50_54890,0.04897959183673469,True,False,0.0,0.0,0.0,50,2,True,12.183908318854476,False,True,12.538783876187235,True,12.142136297733183,4,4,0.005805138777646437,12.212623083998622,False,271829,12.142136297733183,2471743669,7,f9c2c67d3b57b7099bcfb6f777b52bf4c7f2a44e269e3ab230704c018e7094ed,20.02271693700095,pyvrp,20.0,0.003428458260528052,cvrp50_54890.json,0
"[""accepted""]",not_selected,True,0.0,cvrp_s7799_n20-50-100_x66667_cvrp50_54953,0.0,True,True,0.0,0.0,0.0,50,4,False,10.978007511956738,False,False,,False,10.978007511956738,4,4,3.2362099178116336e-16,10.978007511956742,True,271829,10.978007511956738,444906490,8,da00b805effc553d935ef392897d0003a9b3a789e68d048f1b3f2377119bc6af,20.072049999998853,pyvrp,20.0,0.0,cvrp50_54953.json,0
"[""accepted""]",not_selected,True,3.552713678800501e-15,cvrp_s7799_n20-50-100_x66667_cvrp50_55139,0.0,True,True,0.0,0.0,0.0,50,4,False,10.318435058014739,False,False,,False,10.318435058014735,4,4,1.7215370639179281e-16,10.318435058014737,True,271828,10.318435058014735,3705806028,7,8f218b48b9bcb656291b757b6da683f7d3cb45e23a8215db3a36e5a1ae931676,20.02928075700038,pyvrp,20.0,3.4430741278358553e-16,cvrp50_55139.json,0
"[""accepted""]",not_selected,True,3.552713678800501e-15,cvrp_s7799_n20-50-100_x66667_cvrp50_55461,0.0,True,True,0.0,0.0,0.0,50,4,False,9.373392612294232,False,False,,False,9.373392612294229,4,4,7.580422213704628e-16,9.373392612294236,True,271828,9.373392612294229,3504906125,6,4aeb5682bce00a59a8aa97d71c11915cf0689ec3f9c5d2f549587ceac5fd5b50,20.03041641299933,pyvrp,20.0,3.7902111068523125e-16,cvrp50_55461.json,0
"[""accepted""]",not_selected,True,0.014204110707392914,cvrp_s7799_n20-50-100_x66667_cvrp50_55934,0.036734693877551024,True,True,0.0,0.0,0.0,50,4,False,12.03332850957423,False,False,,False,12.019124398866838,4,4,5.911767880754193e-16,12.019124398866845,True,271831,12.019124398866838,1737497910,7,83261fcc2938ab873eca137e009f9766dfcd16e9e7259fe0973ce08e759da034,20.031546714999422,pyvrp,20.0,0.001180397484876401,cvrp50_55934.json,0
"[""accepted""]",not_selected,True,0.024311431672304096,cvrp_s7799_n20-50-100_x66667_cvrp50_55949,0.07183673469387755,True,True,0.0,0.0,0.0,50,4,False,10.100878512702918,False,False,,False,10.076567081030614,4,4,3.525718283053533e-16,10.076567081030618,True,271829,10.076567081030614,116909348,7,b2454aff3db4899bfa2912c26929dd2393b4a6bb64db20757bcaffee6b986573,20.035039395999775,pyvrp,20.0,0.0024068630903470336,cvrp50_55949.json,0
"[""accepted""]",not_selected,True,-1.7763568394002505e-15,cvrp_s7799_n20-50-100_x66667_cvrp50_55977,0.0,True,True,0.0,0.0,0.0,50,4,False,9.20098413807605,False,False,,False,9.200984138076052,4,4,0.0,9.200984138076052,True,271828,9.200984138076052,3803923276,7,ffbee11fee93644a55c1ac84d23572efbbc244b64fd90b9cf853b4ea8e1fa886,20.027020957997593,pyvrp,20.0,-1.9306161305606722e-16,cvrp50_55977.json,0
"[""accepted""]",not_selected,True,5.329070518200751e-15,cvrp_s7799_n20-50-100_x66667_cvrp50_56031,0.0,True,True,0.0,0.0,0.0,50,4,False,8.681434182103414,False,False,,False,8.68143418210341,4,4,4.092311943255118e-16,8.681434182103413,True,271828,8.68143418210341,2476208085,7,16d7c643087336bb644af4cf9c4e36d48d91842222d92f6d76662856cc0c0c25,20.029777734998788,pyvrp,20.0,6.138467914882673e-16,cvrp50_56031.json,0
"[""accepted""]",not_selected,True,7.105427357601002e-15,cvrp_s7799_n20-50-100_x66667_cvrp50_56102,0.0,True,True,0.0,0.0,0.0,50,4,False,11.08948120746716,False,False,,False,11.089481207467152,4,4,4.805518327234639e-16,11.089481207467157,True,271831,11.089481207467152,1485419238,7,754d70c63bf7977f04c14f9051bb4d6fa1fecaf8a47afcc8a1e698189939596d,20.027378266000596,pyvrp,20.0,6.407357769646182e-16,cvrp50_56102.json,0
"[""accepted""]",not_selected,True,0.0,cvrp_s7799_n20-50-100_x66667_cvrp50_56617,0.0,True,True,0.0,0.0,0.0,50,4,False,10.467245012572025,False,False,,False,10.467245012572025,4,4,5.091187329426317e-16,10.46724501257203,True,271828,10.467245012572025,71884767,7,33ef335122240dd106c74cdeda275812c22818b0a0a6081fe7246c6254c99bf3,20.03648914400037,pyvrp,20.0,0.0,cvrp50_56617.json,0
"[""pyvrp_cost_not_converged"", ""route_membership_ambiguous""]",unstable_cost,False,0.0,cvrp_s7799_n20-50-100_x66667_cvrp50_56648,0.0,False,False,0.0,0.0,0.0,50,1,True,11.151198537895333,False,True,12.082283298455366,True,11.151198537895333,4,4,0.0021212225215504438,11.174852711376197,False,271829,11.151198537895333,1236744656,7,53a4144fe242ff9fd40c4b4cc4238f8738cf99996b5c857aff194496c3b4efbc,20.039649444999668,pyvrp,20.0,0.0,cvrp50_56648.json,0
"[""route_membership_ambiguous""]",unstable_matrix,True,0.027420741002094573,cvrp_s7799_n20-50-100_x66667_cvrp50_56739,0.15836734693877552,False,False,0.26,0.13795918367346938,0.09197278911564626,50,3,True,12.235273021014669,False,True,12.780855976658145,True,12.207852280012574,4,4,0.002592389729484404,12.239499790882341,True,271830,12.207852280012574,2736653709,7,dbde99128530b89e7aa26722377979ce103c10f91131d5978c11c8b0f8d6baed,20.033064003000618,pyvrp,20.0,0.002241122119220236,cvrp50_56739.json,0
"[""accepted""]",not_selected,True,3.552713678800501e-15,cvrp_s7799_n20-50-100_x66667_cvrp50_56861,0.0,True,True,0.0,0.0,0.0,50,4,False,8.593486386308603,False,False,,False,8.5934863863086,4,4,4.1341936428278875e-16,8.593486386308603,True,271829,8.5934863863086,203787907,6,76c14a2e2fb210e7c24dab14e8c2a1811d16a3aa018cb557fe2583d635c8f077,20.021399493998615,pyvrp,20.0,4.134193642827886e-16,cvrp50_56861.json,0
"[""accepted""]",not_selected,True,5.329070518200751e-15,cvrp_s7799_n20-50-100_x66667_cvrp50_57088,0.0,True,True,0.0,0.0,0.0,50,4,False,10.399267888504387,False,False,,False,10.399267888504381,4,4,8.540778343463395e-16,10.39926788850439,True,271830,10.399267888504381,4227181534,6,af6917045b49172ee8fa3083d2071c6d7fe2eb8cb6f948bb00322751704b61c4,20.027354791000107,pyvrp,20.0,5.124467006078034e-16,cvrp50_57088.json,0
"[""accepted""]",not_selected,True,1.7763568394002505e-15,cvrp_s7799_n20-50-100_x66667_cvrp50_57281,0.0,True,True,0.0,0.0,0.0,50,4,False,8.888711413941213,False,False,,False,8.888711413941211,4,4,1.9984413450685115e-16,8.888711413941213,True,271829,8.888711413941211,3936197729,7,b1454dd8874730e87502474813a279fada85ab3872cc2b95016001acee67276f,20.023647922000237,pyvrp,20.0,1.998441345068511e-16,cvrp50_57281.json,0
"[""accepted""]",not_selected,True,0.02777100142746569,cvrp_s7799_n20-50-100_x66667_cvrp50_57307,0.09959183673469388,True,True,0.0,0.0,0.0,50,2,False,10.491023993496047,False,False,,False,10.46325299206858,4,4,0.0026541460336012936,10.491023993496047,True,271828,10.46325299206858,4222953826,6,b3808a3aae10233a5ba9af4874a720c4e5d9b0ded33903c59acfbd998e2e0622,20.03322042000218,pyvrp,20.0,0.002647120190048411,cvrp50_57307.json,0
"[""accepted""]",not_selected,True,3.552713678800501e-15,cvrp_s7799_n20-50-100_x66667_cvrp50_57472,0.0,True,True,0.0,0.0,0.0,50,4,False,13.058584681707297,False,False,,False,13.058584681707293,4,4,6.80149067719645e-16,13.058584681707302,True,271830,13.058584681707293,4285093426,7,98c3d16dfcfd7a94363fdf6f39da3d801cf7d1c0422b3cfa9c0d14b8cffdffa5,20.030427323999902,pyvrp,20.0,2.7205962708785794e-16,cvrp50_57472.json,0
"[""accepted""]",not_selected,True,0.044157753525555066,cvrp_s7799_n20-50-100_x66667_cvrp50_57650,0.07183673469387755,True,True,0.0,0.0,0.0,50,4,False,10.37046864874113,False,False,,False,10.326310895215576,4,4,3.4404481085753064e-16,10.32631089521558,True,271828,10.326310895215576,690496538,7,b6c5bb0369376c50bda4fda346128083e3c90071b04c74afe858fb8690c9afcd,20.02925508300177,pyvrp,20.0,0.004258028737294854,cvrp50_57650.json,0
"[""accepted""]",not_selected,True,0.16762378216119345,cvrp_s7799_n20-50-100_x66667_cvrp50_57668,0.17959183673469387,True,True,0.0,0.0,0.0,50,4,False,13.255719516384916,False,False,,False,13.088095734223723,4,4,5.4289237348877295e-16,13.08809573422373,True,271828,13.088095734223723,1011304048,7,1c63fba629d39f43f0fa38bba5bdadd76b9c2fa00859e110841794abcbfccd49,20.03804805600157,pyvrp,20.0,0.0126453929531324,cvrp50_57668.json,0
"[""pyvrp_cost_not_converged"", ""route_membership_ambiguous""]",unstable_cost,False,-3.552713678800501e-15,cvrp_s7799_n20-50-100_x66667_cvrp50_57722,0.0,False,False,0.0,0.0,0.0,50,1,True,10.214661546296965,False,True,10.664815581031922,True,10.214661546296968,4,4,0.005455886353271531,10.270391578830697,False,271828,10.214661546296968,240076621,7,c2f6482ff7f2a682a5356c7ddaab2c0f35cc6398b5c02e9adbbd40a79861a6d9,20.030260931998782,pyvrp,20.0,-3.4780532499272446e-16,cvrp50_57722.json,0
"[""accepted""]",not_selected,True,0.008971149123306432,cvrp_s7799_n20-50-100_x66667_cvrp50_57894,0.04897959183673469,True,True,0.0,0.0,0.0,50,4,False,8.61148716503961,False,False,,False,8.602516015916304,4,4,4.129854187109096e-16,8.602516015916308,True,271829,8.602516015916304,3670920042,7,643a6a832e9238309212b4026ade00726721efa0585971a6e02a1f1ab117fdee,20.03588127799958,pyvrp,20.0,0.0010417653712272784,cvrp50_57894.json,0
"[""accepted""]",not_selected,True,7.105427357601002e-15,cvrp_s7799_n20-50-100_x66667_cvrp50_57901,0.0,True,True,0.0,0.0,0.0,50,4,False,10.018054974157591,False,False,,False,10.018054974157584,4,4,7.092621647545406e-16,10.018054974157591,True,271828,10.018054974157584,3757346603,7,9eb3276a9826cd9e746c00c1f0bb133628fff5300866578f7cb8622af6ff77e1,20.01831921700068,pyvrp,20.0,7.092621647545401e-16,cvrp50_57901.json,0
"[""accepted""]",not_selected,True,0.014108299157605586,cvrp_s7799_n20-50-100_x66667_cvrp50_5793,0.060408163265306125,True,True,0.0,0.0,0.0,50,4,False,10.943844721683165,False,False,,False,10.92973642252556,4,4,4.875753917741185e-16,10.929736422525565,True,271830,10.92973642252556,1981274763,7,4c91e390dc46bf3d7c4a4d62f7253360f892a75075115fa09c8d874cb532730e,20.031760417998157,pyvrp,20.0,0.0012891538135270369,cvrp50_5793.json,0
"[""pyvrp_cost_not_converged""]",unstable_cost,False,0.057580608361996966,cvrp_s7799_n20-50-100_x66667_cvrp50_57958,0.02857142857142857,True,False,0.0,0.0,0.0,50,3,True,11.082270963076574,False,True,11.484321190803941,True,11.024690354714577,4,4,0.005880170282589829,11.089517411313125,False,271830,11.024690354714577,1986179162,7,e060965702097e48595e41ce7df19db7cac81f32df5e84fb40c335042035c4fe,20.02555419000055,pyvrp,20.0,0.005195740886849051,cvrp50_57958.json,0
"[""accepted""]",not_selected,True,3.552713678800501e-15,cvrp_s7799_n20-50-100_x66667_cvrp50_58003,0.0,True,True,0.0,0.0,0.0,50,4,False,11.659104398172882,False,False,,False,11.659104398172879,4,4,4.570737456502988e-16,11.659104398172884,True,271830,11.659104398172879,148072558,7,2cf5c2abfc2a85bffce3c91129028eef54fc78af1409eab8c1ab91913a2ad5a7,20.03264468999987,pyvrp,20.0,3.0471583043353247e-16,cvrp50_58003.json,0
"[""accepted""]",not_selected,True,0.0003991348732412803,cvrp_s7799_n20-50-100_x66667_cvrp50_5809,0.0,True,True,0.0,0.0,0.0,50,4,False,8.506201608479827,False,False,,False,8.505802473606586,4,4,4.692501083581373e-05,8.506201608479827,True,271829,8.505802473606586,1713077492,6,2d341ac45114a9bfa2a70e1bd41d92d65ea9b0d3d132163ab72e728a3f533090,20.031486080999457,pyvrp,20.0,4.692280898249378e-05,cvrp50_5809.json,0
"[""accepted""]",not_selected,True,1.7763568394002505e-15,cvrp_s7799_n20-50-100_x66667_cvrp50_58394,0.0,True,True,0.28,0.011428571428571429,0.005714285714285714,50,4,False,9.198335567552789,False,False,,False,9.198335567552787,4,4,1.2316559574138941e-05,9.198448859400788,True,271829,9.198335567552787,2526458708,7,9fcbf5121797d0e5309d3b0f4d3a02ef4ba19c7b3d39eddfb71b0b58c15a1772,20.038246378997428,pyvrp,20.0,1.931172032542893e-16,cvrp50_58394.json,0
"[""accepted""]",not_selected,True,0.05109899258352435,cvrp_s7799_n20-50-100_x66667_cvrp50_58395,0.044897959183673466,True,True,0.0,0.0,0.0,50,4,False,11.439854210865231,False,False,,False,11.388755218281707,4,4,2.978084504160341e-05,11.38909438503608,True,271831,11.388755218281707,81147110,7,554f72b9cea8587ec70ae3560af272502b60da3d0d03b77349e191162fafa7f4,20.036195974000293,pyvrp,20.0,0.004466752079322135,cvrp50_58395.json,0
"[""accepted""]",not_selected,True,0.0,cvrp_s7799_n20-50-100_x66667_cvrp50_58447,0.0,True,True,0.0,0.0,0.0,50,4,False,8.435612393593534,False,False,,False,8.435612393593534,4,4,2.10578290765151e-16,8.435612393593535,True,271828,8.435612393593534,1089607267,7,35bfca11cc4e6ea7475f194391c6b02ccb2a1fa7919db152e8650cfde92ec4ae,20.028217432998645,pyvrp,20.0,0.0,cvrp50_58447.json,0
"[""accepted""]",not_selected,True,0.0,cvrp_s7799_n20-50-100_x66667_cvrp50_58453,0.0,True,True,0.0,0.0,0.0,50,4,False,8.85275617657503,False,False,,False,8.85275617657503,4,4,4.0131159245085876e-16,8.852756176575033,True,271828,8.85275617657503,279186259,7,7131130da60cc9ba175540dc5e32b0a81edcd9d4ea4594902686cf3335d26a76,20.03054476000034,pyvrp,20.0,0.0,cvrp50_58453.json,0
"[""accepted""]",not_selected,True,1.7763568394002505e-15,cvrp_s7799_n20-50-100_x66667_cvrp50_58594,0.0,True,True,0.0,0.0,0.0,50,4,False,8.892750454622023,False,False,,False,8.892750454622021,4,4,5.992600990429185e-16,8.892750454622027,True,271829,8.892750454622021,3981142718,7,14993f33822e4fcff651716da335fabdd0531116a3a2c7cfccef402c43d4784b,20.042033855002956,pyvrp,20.0,1.9975336634763949e-16,cvrp50_58594.json,0
"[""accepted""]",stable_control,True,0.0,cvrp_s7799_n20-50-100_x66667_cvrp50_58662,0.0,True,True,0.0,0.0,0.0,50,4,False,9.326738208470585,False,True,9.713899514357848,True,9.326738208470585,4,4,1.9045852898357919e-16,9.326738208470587,True,271831,9.326738208470585,4287746359,7,8162fc3e742c3868b23d9fbc16312af6a325810d61eab3d7ec6388490d7960b5,20.03569313800108,pyvrp,20.0,0.0,cvrp50_58662.json,0
"[""accepted""]",not_selected,True,0.0,cvrp_s7799_n20-50-100_x66667_cvrp50_58686,0.0,True,True,0.0,0.0,0.0,50,4,False,11.008015406173357,False,False,,False,11.008015406173357,4,4,6.0372893491431745e-05,11.008679991915026,True,271830,11.008015406173357,4203191709,7,7395c3b256e0ad2326bba30a62bdab8148505cc8a287ad09a7b99466574b42b3,20.021785092001664,pyvrp,20.0,0.0,cvrp50_58686.json,0
"[""accepted""]",not_selected,True,0.12848165702697223,cvrp_s7799_n20-50-100_x66667_cvrp50_58695,0.10612244897959183,True,True,0.0,0.0,0.0,50,2,False,11.219386798082386,False,False,,False,11.090905141055414,4,4,0.0015144863219508735,11.107702165189597,True,271829,11.090905141055414,3973804875,7,8e55070ea612d98e5de512d13b76d7daba612145cbbe7212e1dccc73bda740eb,20.029803311997966,pyvrp,20.0,0.011451753945138273,cvrp50_58695.json,0
"[""accepted""]",not_selected,True,-1.7763568394002505e-15,cvrp_s7799_n20-50-100_x66667_cvrp50_5875,0.0,True,True,0.0,0.0,0.0,50,4,False,9.469999717372835,False,False,,False,9.469999717372836,4,4,3.751545707317184e-16,9.46999971737284,True,271828,9.469999717372836,3774672192,6,314c1f20d0d927adff1e6fdab50bef2ee7fa23e249011846e7f525c7e807cb60,20.021902714001044,pyvrp,20.0,-1.8757728536585922e-16,cvrp50_5875.json,0
"[""accepted""]",not_selected,True,1.7763568394002505e-15,cvrp_s7799_n20-50-100_x66667_cvrp50_58784,0.0,True,True,0.0,0.0,0.0,50,4,False,10.547563533334607,False,False,,False,10.547563533334605,4,4,3.3682790035561063e-16,10.547563533334609,True,271828,10.547563533334605,4189515711,7,d471682636655f21f2e0cb08d7bf9f082d0859b54a2321e0f033110cbc012ff1,20.030992871998023,pyvrp,20.0,1.684139501778053e-16,cvrp50_58784.json,0
"[""accepted""]",not_selected,True,0.02471940763127556,cvrp_s7799_n20-50-100_x66667_cvrp50_58830,0.05551020408163265,True,True,0.0,0.0,0.0,50,3,False,11.487347846864553,False,False,,False,11.462628439233278,4,4,0.001090233693231682,11.475125382970726,True,271831,11.462628439233278,3600957896,6,af1dc1c2d0fbda1d9529f1d943f65d772929dba1398698f9cb534b8b9395e1a9,20.040582556001027,pyvrp,20.0,0.002151881179259551,cvrp50_58830.json,0
"[""accepted""]",not_selected,True,0.04900151788633167,cvrp_s7799_n20-50-100_x66667_cvrp50_59172,0.02122448979591837,True,True,0.0,0.0,0.0,50,4,False,10.327904939000899,False,False,,False,10.278903421114567,4,4,3.456315847372045e-16,10.27890342111457,True,271828,10.278903421114567,1134899909,8,20c33cbc737c7aecff7192cf94b671ffc72afb25c16fdb39da1cde013a92859e,20.02644971799964,pyvrp,20.0,0.0047445748364016195,cvrp50_59172.json,0
"[""accepted""]",not_selected,True,5.329070518200751e-15,cvrp_s7799_n20-50-100_x66667_cvrp50_59188,0.0,True,True,0.0,0.0,0.0,50,4,False,11.07583416912882,False,False,,False,11.075834169128814,4,4,6.415252566172981e-16,11.075834169128822,True,271830,11.075834169128814,2621989925,7,35237a0ee973bc370b8b2e2d0ba7469d2c8f339bb975340e92fb8a080ba00ece,20.027890563000255,pyvrp,20.0,4.811439424629734e-16,cvrp50_59188.json,0
"[""accepted""]",not_selected,True,0.029566084449298202,cvrp_s7799_n20-50-100_x66667_cvrp50_59297,0.062040816326530614,True,True,0.0,0.0,0.0,50,3,False,10.531216257728861,False,False,,False,10.501650173279563,4,4,0.0028153751040504334,10.531216257728861,True,271829,10.501650173279563,3551760413,6,f1ccf8791e300c9b89ce67beb120030f85e66bbc622b3021e4ba02ca3e66512b,20.03124975299943,pyvrp,20.0,0.002807471020035283,cvrp50_59297.json,0
"[""accepted""]",not_selected,True,0.09704765908226953,cvrp_s7799_n20-50-100_x66667_cvrp50_59546,0.06857142857142857,True,True,0.0,0.0,0.0,50,4,False,11.781949877283443,False,False,,False,11.684902218201174,4,4,0.0,11.684902218201174,True,271828,11.684902218201174,3158751303,7,d9ba34b0ab34af0d5a22a3f1176bafa2e5ac62e875b2cdc674985a3142218c4a,20.02280095199967,pyvrp,20.0,0.00823697775776362,cvrp50_59546.json,0
"[""accepted""]",not_selected,True,0.007923680479832385,cvrp_s7799_n20-50-100_x66667_cvrp50_59908,0.0326530612244898,True,True,0.16,0.0326530612244898,0.0163265306122449,50,4,False,11.306886078450196,False,False,,False,11.298962397970364,4,4,0.0007012750552437889,11.306886078450198,True,271830,11.298962397970364,3269904119,7,36eb2fe87eb717b2307c8bd3b861e30f63026c3c868d6e5f6e083a705744516b,20.03576384600092,pyvrp,20.0,0.0007007836131765875,cvrp50_59908.json,0
"[""accepted""]",not_selected,True,0.03465091642632068,cvrp_s7799_n20-50-100_x66667_cvrp50_60126,0.06775510204081632,True,True,0.0,0.0,0.0,50,4,False,10.706072610043597,False,False,,False,10.671421693617276,4,4,4.993777465834886e-16,10.671421693617281,True,271828,10.671421693617276,678050395,7,76655418d0b20d4e0af24e3ee4b70386d16f873dcca43677e5d9ac94c07c8377,20.02908329300044,pyvrp,20.0,0.003236566543908352,cvrp50_60126.json,0
"[""accepted""]",not_selected,True,0.016107673692774327,cvrp_s7799_n20-50-100_x66667_cvrp50_60209,0.025306122448979593,True,True,0.0,0.0,0.0,50,4,False,8.761321033636632,False,False,,False,8.745213359943858,4,4,4.0624665546448244e-16,8.745213359943861,True,271828,8.745213359943858,739887720,7,9a28b935da4c0f1b341209da18660d647a83923e2be7cf7ea4be26eb02b73044,20.020224465002684,pyvrp,20.0,0.0018384982847830182,cvrp50_60209.json,0
"[""accepted""]",not_selected,True,0.0,cvrp_s7799_n20-50-100_x66667_cvrp50_60362,0.0,True,True,0.0,0.0,0.0,50,4,False,8.424000819673502,False,False,,False,8.424000819673502,4,4,2.10868550161074e-16,8.424000819673504,True,271830,8.424000819673502,1122527231,6,f6d11b5055bd20dcdd0bde71254081b69099f213d55e064783ea128e63b4aef2,20.077614453002752,pyvrp,20.0,0.0,cvrp50_60362.json,0
"[""accepted""]",not_selected,True,0.0,cvrp_s7799_n20-50-100_x66667_cvrp50_6043,0.0,True,True,0.0,0.0,0.0,50,4,False,10.259304150256922,False,False,,False,10.259304150256922,4,4,3.4629187582001175e-16,10.259304150256925,True,271830,10.259304150256922,2200744359,6,82918d0033b9123fe4a74d99c4d7c065dc199512a3ae02e52ea43c5ca7320658,20.02782566099995,pyvrp,20.0,0.0,cvrp50_6043.json,0
"[""accepted""]",not_selected,True,0.0,cvrp_s7799_n20-50-100_x66667_cvrp50_60557,0.0,True,True,0.0,0.0,0.0,50,4,False,10.303758667067124,False,False,,False,10.303758667067124,4,4,3.447978348091251e-16,10.303758667067127,True,271831,10.303758667067124,453280874,6,3c9bd3fa5b87f7c26f1faf9b5a203a69fe3cdd3e10728910734ef0d2527ad228,20.027588051998464,pyvrp,20.0,0.0,cvrp50_60557.json,0
"[""pyvrp_cost_not_converged""]",unstable_cost,False,0.03215319343353862,cvrp_s7799_n20-50-100_x66667_cvrp50_60571,0.04979591836734694,True,False,0.0,0.0,0.0,50,2,True,11.23936282289433,False,True,11.465867936758027,True,11.207209629460792,4,4,0.005674933402908435,11.270809797740416,False,271829,11.207209629460792,1146068568,7,b3e743dea51910558db9deee60a9f92cd2a953944819ddafcdb6bfcdc3172b8d,20.032496024003194,pyvrp,20.0,0.0028607665701514042,cvrp50_60571.json,0
"[""accepted""]",not_selected,True,0.0,cvrp_s7799_n20-50-100_x66667_cvrp50_60599,0.0,True,True,0.0,0.0,0.0,50,4,False,11.307920083955175,False,False,,False,11.307920083955175,4,4,3.141792347685099e-16,11.307920083955178,True,271828,11.307920083955175,3986283260,7,78f9fe1f932c6c44a5cce0c0a3254022cce4fdf5f603fcfcbab92f702ac77002,20.040442892997817,pyvrp,20.0,0.0,cvrp50_60599.json,0
"[""accepted""]",not_selected,True,0.00912115616440623,cvrp_s7799_n20-50-100_x66667_cvrp50_60667,0.04979591836734694,True,True,0.0,0.0,0.0,50,4,False,9.0968218933103,False,False,,False,9.087700737145894,4,4,0.0,9.087700737145894,True,271829,9.087700737145894,1808439943,7,ec0b3131b8ab7b50fa07b3b60df42792574b9f9d8b50657beb37855de88ffc07,20.027451930000097,pyvrp,20.0,0.0010026750299589602,cvrp50_60667.json,0
"[""accepted""]",stable_control,True,-1.7763568394002505e-15,cvrp_s7799_n20-50-100_x66667_cvrp50_60718,0.0,True,True,0.0,0.0,0.0,50,4,False,9.543816863778632,False,True,9.780880920812269,True,9.543816863778634,4,4,5.583793773774112e-16,9.54381686377864,True,271830,9.543816863778634,2488580110,6,fff546754166b989cab1ef5de950262d0528c3f937f3ad9a47ca5a956d0eb178,20.034907916997327,pyvrp,20.0,-1.861264591258038e-16,cvrp50_60718.json,0
"[""accepted""]",not_selected,True,0.0006306007595178187,cvrp_s7799_n20-50-100_x66667_cvrp50_60732,0.0,True,True,0.0,0.0,0.0,50,4,False,12.036975058246972,False,False,,False,12.036344457487454,4,4,5.239138525364656e-05,12.036975058246972,True,271829,12.036344457487454,1084300787,7,7283fde4143454a805025551d14a10326470e026aa517239fb12e8eee68e57fe,20.028532216001622,pyvrp,20.0,5.23886405401971e-05,cvrp50_60732.json,0
"[""accepted""]",not_selected,True,0.016750644805489046,cvrp_s7799_n20-50-100_x66667_cvrp50_61569,0.029387755102040815,True,True,0.0,0.0,0.0,50,4,False,9.90671551936811,False,False,,False,9.88996487456262,4,4,7.18448189424458e-16,9.889964874562628,True,271830,9.88996487456262,370439023,6,389b245da1290c694a30afda0cd0ef50ce674f5db90516085579eab48eebd4e5,20.033713943001203,pyvrp,20.0,0.0016908373691301342,cvrp50_61569.json,0
"[""accepted""]",not_selected,True,3.552713678800501e-15,cvrp_s7799_n20-50-100_x66667_cvrp50_61848,0.0,True,True,0.0,0.0,0.0,50,4,False,11.098140547418534,False,False,,False,11.09814054741853,4,4,3.2011792098153554e-16,11.098140547418534,True,271830,11.09814054741853,3332805182,7,f8f02ae1fda9e0a81ea1e632ac511470a3718ec399b54c5607c4fa3311f7be91,20.02593951399831,pyvrp,20.0,3.2011792098153544e-16,cvrp50_61848.json,0
"[""accepted""]",not_selected,True,-1.7763568394002505e-15,cvrp_s7799_n20-50-100_x66667_cvrp50_61850,0.0,True,True,0.0,0.0,0.0,50,4,False,9.604194007889701,False,False,,False,9.604194007889703,4,4,1.8495636780566902e-16,9.604194007889705,True,271828,9.604194007889703,2525661114,7,85653249c0b0b7b6b7b975871648867a4af80ae5fa6db11649cf1c77fc66b171,20.031832831999054,pyvrp,20.0,-1.8495636780566907e-16,cvrp50_61850.json,0
"[""accepted""]",not_selected,True,5.329070518200751e-15,cvrp_s7799_n20-50-100_x66667_cvrp50_62236,0.0,True,True,0.0,0.0,0.0,50,4,False,9.236184305029463,False,False,,False,9.236184305029457,4,4,7.693033316509096e-16,9.236184305029465,True,271829,9.236184305029457,3490960619,6,2f857328ec2f1f249ba5e1387c8cb3970b2420d90aab78676ce4c8d3b58f8cca,20.03732433999903,pyvrp,20.0,5.769774987381818e-16,cvrp50_62236.json,0
"[""accepted""]",not_selected,True,3.552713678800501e-15,cvrp_s7799_n20-50-100_x66667_cvrp50_62326,0.0,True,True,0.0,0.0,0.0,50,4,False,9.151445998969923,False,False,,False,9.151445998969919,4,4,3.882133685977486e-16,9.151445998969923,True,271830,9.151445998969919,319567413,6,7fecb8c213d24fba02b3baf3ec9320fd9479d0dd221a4150084e4fa5cba1ddac,20.03237934000208,pyvrp,20.0,3.8821336859774845e-16,cvrp50_62326.json,0
"[""accepted""]",not_selected,True,0.0,cvrp_s7799_n20-50-100_x66667_cvrp50_62483,0.0,True,True,0.0,0.0,0.0,50,4,False,9.478958666828827,False,False,,False,9.478958666828827,4,4,5.621999953275021e-16,9.478958666828833,True,271830,9.478958666828827,1117624340,7,6b3d1a7a5062cfaab65c7061641f44a428d8004c7df23733ec38e7fd5ad7203b,20.029500122000172,pyvrp,20.0,0.0,cvrp50_62483.json,0
"[""accepted""]",stable_control,True,0.01727728161076314,cvrp_s7799_n20-50-100_x66667_cvrp50_6249,0.08489795918367347,True,True,0.0,0.0,0.0,50,4,False,10.300511366842935,False,True,10.401804612581223,True,10.283234085232172,4,4,1.7274301301292845e-16,10.283234085232174,True,271828,10.283234085232172,1477930323,7,a0de4f3674d197b97cf86a093d1ef5e9e4c190350ace2f27bdf4ffb51a5f49e0,20.025215374000254,pyvrp,20.0,0.0016773227071403697,cvrp50_6249.json,0
"[""accepted""]",not_selected,True,5.329070518200751e-15,cvrp_s7799_n20-50-100_x66667_cvrp50_62697,0.0,True,True,0.0,0.0,0.0,50,4,False,13.441634707079794,False,False,,False,13.441634707079789,4,4,5.286133355386106e-16,13.441634707079796,True,271830,13.441634707079789,2899699521,7,9f33b92aa7135d25e21b9a186c77241c2ade1a4aeae57758751e5932298e9c8d,20.02049027799876,pyvrp,20.0,3.9646000165395776e-16,cvrp50_62697.json,0
"[""accepted""]",not_selected,True,0.0,cvrp_s7799_n20-50-100_x66667_cvrp50_62720,0.0,True,True,0.0,0.0,0.0,50,4,False,8.823634310057813,False,False,,False,8.823634310057813,4,4,6.039541453034033e-16,8.823634310057818,True,271829,8.823634310057813,4135068323,7,f2b134e2f2eeeb9f60f77d370bff9512c2922b7741e2e23f0a3dd24adc673a7e,20.032243682002445,pyvrp,20.0,0.0,cvrp50_62720.json,0
"[""accepted""]",not_selected,True,0.02454199583312011,cvrp_s7799_n20-50-100_x66667_cvrp50_62730,0.05551020408163265,True,True,0.0,0.0,0.0,50,4,False,10.34086769033958,False,False,,False,10.31632569450646,4,4,5.165667191991167e-16,10.316325694506466,True,271831,10.31632569450646,1036515752,7,8c6bc67a9da2142223196eb63f4614055517bdd206f2d04f8da82e3818d30119,20.039046036999935,pyvrp,20.0,0.0023733014064232926,cvrp50_62730.json,0
"[""accepted""]",not_selected,True,7.105427357601002e-15,cvrp_s7799_n20-50-100_x66667_cvrp50_62896,0.0,True,True,0.0,0.0,0.0,50,4,False,9.65869317681214,False,False,,False,9.658693176812132,4,4,9.195637582032293e-16,9.658693176812141,True,271828,9.658693176812132,3289772203,6,8a2ea0fc3bdd6a34b25df87d9e2b91c97567d983414c97de2061131cf413bf1a,20.03325396999935,pyvrp,20.0,7.356510065625829e-16,cvrp50_62896.json,0
"[""pyvrp_cost_not_converged""]",unstable_cost,False,-1.7763568394002505e-15,cvrp_s7799_n20-50-100_x66667_cvrp50_63020,0.0,True,False,0.0,0.0,0.0,50,3,True,8.522981909652907,False,True,9.124668502530385,True,8.52298190965291,4,4,0.0077585083873685495,8.589107536284342,False,271830,8.52298190965291,2061332861,6,11068441ff762e9bc0cbaa859130efd8e7b4086ff201f7da96531d3cf1062bac,20.034333675997914,pyvrp,20.0,-2.0841964211943181e-16,cvrp50_63020.json,0
"[""accepted""]",not_selected,True,1.7763568394002505e-15,cvrp_s7799_n20-50-100_x66667_cvrp50_63135,0.0,True,True,0.0,0.0,0.0,50,4,False,9.812981201533178,False,False,,False,9.812981201533177,4,4,3.6204223832054487e-16,9.81298120153318,True,271829,9.812981201533177,3384659267,7,3db5821b6d78fa034274a9764d006facb3de190877a12a727ea9d89092fd8689,20.04023576700274,pyvrp,20.0,1.810211191602724e-16,cvrp50_63135.json,0
"[""accepted""]",not_selected,True,-7.29425519132576e-05,cvrp_s7799_n20-50-100_x66667_cvrp50_63189,0.0,True,True,0.0,0.0,0.0,50,4,False,11.185270477778783,False,False,,False,11.185343420330696,4,4,3.17622226273627e-16,11.1853434203307,True,271831,11.185343420330696,2248784445,7,325d45a543b8ad796971254a3fa3d81e1e1dcd655683fc1811431680be2d50d0,20.043342927001504,pyvrp,20.0,-6.521304250815295e-06,cvrp50_63189.json,0
"[""accepted""]",not_selected,True,0.010862079142363257,cvrp_s7799_n20-50-100_x66667_cvrp50_6356,0.07591836734693877,True,True,0.0,0.0,0.0,50,4,False,10.681516714168188,False,False,,False,10.670654635025825,4,4,0.0,10.670654635025825,True,271828,10.670654635025825,2487057041,7,5d0099a0a8ecb62e6a8715177b36bae4753e784b697b1e6cbc291d23c4b556a2,20.032108015999256,pyvrp,20.0,0.0010169041937607576,cvrp50_6356.json,0
"[""accepted""]",not_selected,True,0.0,cvrp_s7799_n20-50-100_x66667_cvrp50_63763,0.0,True,True,0.0,0.0,0.0,50,4,False,8.895655664212395,False,False,,False,8.895655664212395,4,4,3.9937625880610697e-16,8.895655664212399,True,271828,8.895655664212395,1525727168,7,d2235368249eedddb0c370080e8eb40d86c0ba6266ee37cd87193ce8f501b0a4,20.029361636999965,pyvrp,20.0,0.0,cvrp50_63763.json,0
"[""accepted""]",not_selected,True,5.329070518200751e-15,cvrp_s7799_n20-50-100_x66667_cvrp50_63842,0.0,True,True,0.0,0.0,0.0,50,4,False,10.040837530866114,False,False,,False,10.040837530866108,4,4,3.538264281121227e-16,10.040837530866112,True,271828,10.040837530866108,1962617318,6,d70afcbbed64ef9332c693bf06f460009d364db9196c85d446228b5fd3d4f577,20.02454084800047,pyvrp,20.0,5.307396421681838e-16,cvrp50_63842.json,0
"[""accepted""]",not_selected,True,0.03584399989528286,cvrp_s7799_n20-50-100_x66667_cvrp50_63905,0.0653061224489796,True,True,0.0,0.0,0.0,50,4,False,11.91629803247995,False,False,,False,11.880454032584668,4,4,4.485578163582506e-16,11.880454032584673,True,271829,11.880454032584668,3220014071,7,235bbde8ec31142710843697c10813cf48defca0c8cbfcea5479f9ac9868e7f4,20.028133293999417,pyvrp,20.0,0.00300798115300438,cvrp50_63905.json,0
"[""accepted""]",not_selected,True,3.552713678800501e-15,cvrp_s7799_n20-50-100_x66667_cvrp50_63961,0.0,True,True,0.0,0.0,0.0,50,4,False,11.232251886103022,False,False,,False,11.232251886103018,4,4,6.325915256932685e-16,11.232251886103025,True,271829,11.232251886103018,810646605,7,ddd07ccb6459cba1f6bedfc5d6321c1778e814638fa3ab87e2702c900a15b92b,20.034044494997943,pyvrp,20.0,3.1629576284663417e-16,cvrp50_63961.json,0
"[""accepted""]",not_selected,True,3.552713678800501e-15,cvrp_s7799_n20-50-100_x66667_cvrp50_64012,0.0,True,True,0.0,0.0,0.0,50,4,False,10.998746157094622,False,False,,False,10.998746157094619,4,4,6.460215788340314e-16,10.998746157094626,True,271830,10.998746157094619,1723629303,6,12deaf063a703f186afabbf9cf7971335770c1c325a8aca12f9bc42180b0088e,20.027081240998086,pyvrp,20.0,3.230107894170156e-16,cvrp50_64012.json,0
"[""accepted""]",not_selected,True,0.04469954641025531,cvrp_s7799_n20-50-100_x66667_cvrp50_64200,0.16489795918367348,True,True,0.0,0.0,0.0,50,4,False,11.211879419682669,False,False,,False,11.167179873272413,4,4,3.181388424935811e-16,11.167179873272417,True,271831,11.167179873272413,812551794,7,e90dae8235f751ea07fbdd5bb8e7bf68e54d1ad6270ca831cc488e5987b50782,20.031510741999227,pyvrp,20.0,0.003986802277928926,cvrp50_64200.json,0
"[""accepted""]",not_selected,True,0.0629578272902851,cvrp_s7799_n20-50-100_x66667_cvrp50_64396,0.16244897959183674,True,True,0.0,0.0,0.0,50,3,False,12.42286184415837,False,False,,False,12.359904016868084,4,4,0.004011107480345084,12.40948092032649,True,271829,12.359904016868084,3497527302,7,95dcc73f71ab5662ab62559d78862a7ec96d52c51f8a85a5a748f1a7a002f58d,20.035917393001,pyvrp,20.0,0.005067900462878439,cvrp50_64396.json,0
"[""accepted""]",not_selected,True,7.105427357601002e-15,cvrp_s7799_n20-50-100_x66667_cvrp50_64455,0.0,True,True,0.0,0.0,0.0,50,3,False,11.243263702423668,False,False,,False,11.243263702423661,4,4,0.002795066012105959,11.27468936666345,True,271830,11.243263702423661,2323969581,7,379dd1218ab192fdcd7f575b6f2353a73f34a0577b1a337fab095cdf8100eb7b,20.029584796000563,pyvrp,20.0,6.319719563341124e-16,cvrp50_64455.json,0
"[""pyvrp_cost_not_converged"", ""route_membership_ambiguous""]",unstable_cost,False,0.10338827373614201,cvrp_s7799_n20-50-100_x66667_cvrp50_64549,0.11673469387755102,False,False,0.0,0.0,0.0,50,1,True,11.886736346949684,False,True,12.292339061716337,True,11.783348073213542,4,4,0.014349322789731306,11.952431138259842,False,271830,11.783348073213542,2038648563,7,19f9436f7b713e2afd034b43f8b06cadfd9bf370e1e0c4c447ae00e476bdcd4c,20.02765578099934,pyvrp,20.0,0.008697784717221645,cvrp50_64549.json,0
"[""accepted""]",not_selected,True,2.6645352591003757e-15,cvrp_s7799_n20-50-100_x66667_cvrp50_64735,0.0,True,True,0.0,0.0,0.0,50,4,False,7.929957827436083,False,False,,False,7.9299578274360805,4,4,5.600145921502912e-16,7.929957827436085,True,271830,7.9299578274360805,117113055,6,007ccad270711400a6ce63d390dd5159c5211d01922eecce303105420b56ce36,20.034942417998536,pyvrp,20.0,3.3600875529017463e-16,cvrp50_64735.json,0
"[""accepted""]",not_selected,True,0.0167159425502188,cvrp_s7799_n20-50-100_x66667_cvrp50_64931,0.0963265306122449,True,True,0.0,0.0,0.0,50,4,False,10.635881434789528,False,False,,False,10.61916549223931,4,4,5.018351509914163e-16,10.619165492239315,True,271829,10.61916549223931,2595496768,7,291dcfa47a9b1539b71ecbecb0fde293ac7660ab1d8f2cf363878ef08f75448c,20.028354409001622,pyvrp,20.0,0.0015716555936343595,cvrp50_64931.json,0
"[""accepted""]",not_selected,True,0.056989463261441387,cvrp_s7799_n20-50-100_x66667_cvrp50_65029,0.08,True,True,0.0,0.0,0.0,50,4,False,9.55551270568709,False,False,,False,9.498523242425648,4,4,1.8701400144667333e-16,9.49852324242565,True,271830,9.498523242425648,1878380212,6,e1c3d5d80a76aa41fe23517d9365442d8910a68f2d18cb46ab1ebd843d968b27,20.031691650998255,pyvrp,20.0,0.005964040341605465,cvrp50_65029.json,0
"[""accepted""]",not_selected,True,0.0006556599130771446,cvrp_s7799_n20-50-100_x66667_cvrp50_65641,0.0,True,True,0.0,0.0,0.0,50,4,False,8.197048249764379,False,False,,False,8.196392589851301,4,4,7.999371746629124e-05,8.197048249764377,True,271828,8.196392589851301,870358370,6,ce25ef5f08bee1010fae45d1fe1187f58e69fc268d93a5ca9452dbeb921b0e7d,20.02781923800285,pyvrp,20.0,7.99873189835123e-05,cvrp50_65641.json,0
"[""accepted""]",not_selected,True,1.7763568394002505e-15,cvrp_s7799_n20-50-100_x66667_cvrp50_65675,0.0,True,True,0.0,0.0,0.0,50,4,False,10.280721789486774,False,False,,False,10.280721789486773,4,4,3.455704523036079e-16,10.280721789486776,True,271830,10.280721789486773,3183531561,7,399c0f4aaf0b99e923e24bcead940d16d16a8f5718b84b4fb7205ab4533c85ae,20.02934064099827,pyvrp,20.0,1.7278522615180392e-16,cvrp50_65675.json,0
"[""accepted""]",not_selected,True,3.552713678800501e-15,cvrp_s7799_n20-50-100_x66667_cvrp50_65873,0.0,True,True,0.0,0.0,0.0,50,4,False,10.993710179730357,False,False,,False,10.993710179730353,4,4,4.847381303562306e-16,10.993710179730359,True,271829,10.993710179730353,2487418021,7,157576b94b269d913f0c6974a094fb96f551534c4d6249023b29c58a276e62e8,20.03225901100086,pyvrp,20.0,3.231587535708203e-16,cvrp50_65873.json,0
"[""accepted""]",not_selected,True,0.005588336304791497,cvrp_s7799_n20-50-100_x66667_cvrp50_66019,0.027755102040816326,True,True,0.0,0.0,0.0,50,4,False,8.925415133648025,False,False,,False,8.919826797343234,4,4,1.9914701033537306e-16,8.919826797343235,True,271828,8.919826797343234,4012705867,6,f5a346704761165a3984c39d13f3aa39d787d34624d4052b6075d9d0a9e7daf1,20.03092240100159,pyvrp,20.0,0.0006261150009397281,cvrp50_66019.json,0
"[""accepted""]",not_selected,True,0.11557029073281733,cvrp_s7799_n20-50-100_x66667_cvrp50_66056,0.044081632653061226,True,True,0.0,0.0,0.0,50,4,False,11.768190537915038,False,False,,False,11.65262024718222,4,4,4.573280863151274e-16,11.652620247182226,True,271828,11.65262024718222,3684328208,8,bc4b45c9d9802a6823c6a1d45e2b32328588002433ec37e7bd5ebb7a061dce1e,20.037227124998026,pyvrp,20.0,0.00982056590267384,cvrp50_66056.json,0
"[""route_membership_ambiguous""]",unstable_matrix,True,0.006112272734140944,cvrp_s7799_n20-50-100_x66667_cvrp50_66111,0.1493877551020408,False,False,0.3,0.1493877551020408,0.0746938775510204,50,4,True,12.275498916447685,False,True,12.650488377253739,True,12.269386643713544,4,4,0.0004981726398907568,12.275498916447683,True,271829,12.269386643713544,690413039,6,41ac15f43bc594d4cb17af1890b5acbf210ae598972c93eb426e1d5790c22b02,20.02252519799731,pyvrp,20.0,0.0004979245874846877,cvrp50_66111.json,0
"[""accepted""]",stable_control,True,0.0,cvrp_s7799_n20-50-100_x66667_cvrp50_6614,0.0,True,True,0.0,0.0,0.0,50,4,False,9.334733898138659,False,True,9.661704331495974,True,9.334733898138659,4,4,1.9029539125421187e-16,9.33473389813866,True,271829,9.334733898138659,1372582198,7,bd79b9122461fb3a3fedab0f9df470b8fc1fc176f5455625702fdd7eb4bfdf74,20.031361212000775,pyvrp,20.0,0.0,cvrp50_6614.json,0
"[""accepted""]",not_selected,True,0.039005839509068,cvrp_s7799_n20-50-100_x66667_cvrp50_66270,0.06448979591836734,True,True,0.0,0.0,0.0,50,4,False,12.315842053827414,False,False,,False,12.276836214318346,4,4,4.340752312053746e-16,12.276836214318351,True,271828,12.276836214318346,1992121818,8,173bbbf0ad1e11c06ad5295e5a80b24aa06884bc0c0852c44710efa372ba053e,20.037302749002265,pyvrp,20.0,0.003167127293334043,cvrp50_66270.json,0
"[""route_membership_ambiguous""]",unstable_matrix,True,0.038649826381037755,cvrp_s7799_n20-50-100_x66667_cvrp50_66436,0.12,False,False,0.3,0.06857142857142857,0.045714285714285714,50,3,True,10.837796285646888,False,True,11.62033218583722,True,10.79914645926585,4,4,0.0014456998539919999,10.81475878372525,True,271830,10.79914645926585,1128861957,7,2f57d1b0589f2a3ce32ac6c558df37ae5cee2b4fa04c6eef73d8ceba12a32214,20.032759798999905,pyvrp,20.0,0.003566207129416515,cvrp50_66436.json,0
"[""accepted""]",not_selected,True,-0.08337843497566766,cvrp_s7799_n20-50-100_x66667_cvrp50_66560,0.156734693877551,True,True,0.0,0.0,0.0,50,4,False,11.416564962803323,False,False,,False,11.49994339777899,4,4,4.633997171873008e-16,11.499943397778996,True,271829,11.49994339777899,414406991,7,c5e747e68d92e00b09722ad77df54938d4a88e3ef773ffa04fe1c328c753acdb,20.031538183997327,pyvrp,20.0,-0.007303285642163437,cvrp50_66560.json,0
"[""pyvrp_cost_not_converged""]",unstable_cost,False,3.552713678800501e-15,cvrp_s7799_n20-50-100_x66667_cvrp50_6729,0.0,True,False,0.0,0.0,0.0,50,2,True,9.082636801893162,False,True,9.373155414986185,True,9.082636801893159,4,4,0.012618082544602411,9.19724226278209,False,271830,9.082636801893159,2935326815,7,49945b8ab8cb7a229e7111cd442a45ce814fc01f9171c1ad6dae36a633406199,20.03026572899762,pyvrp,20.0,3.91154436348262e-16,cvrp50_6729.json,0
"[""accepted""]",not_selected,True,0.04974868798500154,cvrp_s7799_n20-50-100_x66667_cvrp50_6849,0.11836734693877551,True,True,0.0,0.0,0.0,50,4,False,9.696038506228376,False,False,,False,9.646289818243375,4,4,3.682984593808797e-16,9.646289818243378,True,271829,9.646289818243375,3805075282,7,708e9f54bf9deb9afe05f66347f153daac75e567ac2faea6bd0ea89d818433b1,20.02920756399908,pyvrp,20.0,0.0051308261567902,cvrp50_6849.json,0
"[""pyvrp_cost_not_converged"", ""route_membership_ambiguous""]",unstable_cost,False,0.0,cvrp_s7799_n20-50-100_x66667_cvrp50_7180,0.0,False,False,0.0,0.0,0.0,50,1,True,8.47350530167001,False,True,8.546899605074122,True,8.47350530167001,4,4,0.00252135840354539,8.494870045469861,False,271830,8.47350530167001,3110407233,6,2e0d8b4efe6a637f51a9919fc879226373d430302ca397d09dbe9bc49bbbc1c0,20.027952106996963,pyvrp,20.0,0.0,cvrp50_7180.json,0
"[""accepted""]",not_selected,True,0.08456126278122333,cvrp_s7799_n20-50-100_x66667_cvrp50_7213,0.15428571428571428,True,True,0.0,0.0,0.0,50,4,False,11.728811282440903,False,False,,False,11.64425001965968,4,4,1.5255227570699028e-16,11.644250019659681,True,271828,11.64425001965968,2698640487,7,6bb0a796512e3e9c5da27213fa0f3e9af872acd5b67acfc093d6e142e6ee379f,20.035973586000182,pyvrp,20.0,0.007209704440194995,cvrp50_7213.json,0
"[""accepted""]",not_selected,True,5.329070518200751e-15,cvrp_s7799_n20-50-100_x66667_cvrp50_7234,0.0,True,True,0.0,0.0,0.0,50,4,False,10.899541110584346,False,False,,False,10.899541110584341,4,4,3.2595075726174627e-16,10.899541110584344,True,271829,10.899541110584341,3532415722,7,7226a15551f1e395efcbfaeb8402a51f281b823fa65610da742fe7ad543eca67,20.03634294600124,pyvrp,20.0,4.889261358926191e-16,cvrp50_7234.json,0
"[""accepted""]",not_selected,True,0.005180958635811805,cvrp_s7799_n20-50-100_x66667_cvrp50_7379,0.03918367346938775,True,True,0.0,0.0,0.0,50,4,False,11.274736151928664,False,False,,False,11.269555193292852,4,4,4.728731903609098e-16,11.269555193292858,True,271830,11.269555193292852,4150297899,7,0464381ba11cec4a4ba9e56cbe900e7fc76cafc520fbebd3eb622e4e44b67362,20.036917576999258,pyvrp,20.0,0.00045951927974168574,cvrp50_7379.json,0
"[""accepted""]",stable_control,True,0.015031848612469645,cvrp_s7799_n20-50-100_x66667_cvrp50_7524,0.0473469387755102,True,True,0.0,0.0,0.0,50,4,False,11.323190537030014,False,True,11.435243977281754,True,11.308158688417544,4,4,1.5708630276118211e-16,11.308158688417546,True,271831,11.308158688417544,2952472730,7,c3dffde9dd492068acb4b1bb35152db7f258a703b6b40c3c7237c3fa468a4a7b,20.03579053700014,pyvrp,20.0,0.001327527657802037,cvrp50_7524.json,0
"[""accepted""]",not_selected,True,0.0,cvrp_s7799_n20-50-100_x66667_cvrp50_7587,0.0,True,True,0.0,0.0,0.0,50,4,False,9.620313772852937,False,False,,False,9.620313772852937,4,4,1.8464645554626914e-16,9.620313772852938,True,271828,9.620313772852937,1271436702,7,bd79086fe1430f50566bb07ac3a44f73838191d2b5402b07788dff1a629fd3c0,20.03484690299956,pyvrp,20.0,0.0,cvrp50_7587.json,0
"[""accepted""]",not_selected,True,0.0047204295396259255,cvrp_s7799_n20-50-100_x66667_cvrp50_7833,0.03428571428571429,True,True,0.0,0.0,0.0,50,4,False,8.88566697144742,False,False,,False,8.880946541907795,4,4,4.0003772818987277e-16,8.880946541907798,True,271829,8.880946541907795,138415453,7,58c5129129274f02241e55de949876cca56c09e5c77b0914a12556fc573e144e,20.02213543000107,pyvrp,20.0,0.0005312408798117488,cvrp50_7833.json,0
"[""accepted""]",stable_control,True,3.552713678800501e-15,cvrp_s7799_n20-50-100_x66667_cvrp50_7965,0.0,True,True,0.0,0.0,0.0,50,4,False,9.977519911788162,False,True,10.797460963684019,True,9.977519911788159,4,4,1.504183843267075e-05,9.97766999203063,True,271830,9.977519911788159,598807166,6,e6e7f46b45475cc92cbc944a20a9d4a2765ca5dc77dda4ad4f44ff24cb19f478,20.03514564500074,pyvrp,20.0,3.5607182047344937e-16,cvrp50_7965.json,0
"[""accepted""]",stable_control,True,0.00021559970418039143,cvrp_s7799_n20-50-100_x66667_cvrp50_8178,0.022857142857142857,True,True,0.28,0.022857142857142857,0.015238095238095238,50,4,False,10.116982645667164,False,True,11.314723987830282,True,10.116767045962984,4,4,2.1311126686924006e-05,10.116982645667163,True,271828,10.116767045962984,3083301426,6,0fdbe54a2b04855ee3f32520ead961fd94c3592a62b7f5489956b532e5f666ab,20.036111287001404,pyvrp,20.0,2.1310672532657457e-05,cvrp50_8178.json,0
"[""accepted""]",not_selected,True,0.021695355074790257,cvrp_s7799_n20-50-100_x66667_cvrp50_8187,0.07020408163265306,True,True,0.0,0.0,0.0,50,4,False,10.67759879578807,False,False,,False,10.65590344071328,4,4,6.668066576554285e-16,10.655903440713287,True,271829,10.65590344071328,1105588663,7,8742f27fbdc94b9aaa555702611194a3a7d2a4fac3407954ae3e18e97d8ebcdc,20.019871758999216,pyvrp,20.0,0.0020318571141058695,cvrp50_8187.json,0
"[""accepted""]",not_selected,True,0.029709675613403874,cvrp_s7799_n20-50-100_x66667_cvrp50_8203,0.07428571428571429,True,True,0.0,0.0,0.0,50,4,False,11.880989578901882,False,False,,False,11.851279903288479,4,4,2.997746832234296e-16,11.851279903288482,True,271828,11.851279903288479,4029742618,7,56deba0cb49ee77abf112a479d16d979099bdae015987d0fab4116862909883f,20.037523742001213,pyvrp,20.0,0.0025006061503632625,cvrp50_8203.json,0
"[""accepted""]",stable_control,True,0.001969367943182476,cvrp_s7799_n20-50-100_x66667_cvrp50_8262,0.0163265306122449,True,True,0.0,0.0,0.0,50,4,False,10.825073280401375,False,True,11.253425996387323,True,10.823103912458192,4,4,3.2825275517414785e-16,10.823103912458196,True,271828,10.823103912458192,1274134140,7,f679b9385fa31b6f381fb753b83e2e10b7d3b6e243ad1d471acfaac7336061de,20.035291723997943,pyvrp,20.0,0.00018192652300543646,cvrp50_8262.json,0
"[""accepted""]",not_selected,True,0.028251525110899678,cvrp_s7799_n20-50-100_x66667_cvrp50_8328,0.0653061224489796,True,True,0.0,0.0,0.0,50,4,False,12.125030911315,False,False,,False,12.0967793862041,4,4,2.9369087137790003e-16,12.096779386204103,True,271829,12.0967793862041,545510051,8,7a537161271844183af903a85910832f7d96f34337d8d4521d7bb78327286fa9,20.040302078999957,pyvrp,20.0,0.002330016749444782,cvrp50_8328.json,0
"[""accepted""]",not_selected,True,1.7763568394002505e-15,cvrp_s7799_n20-50-100_x66667_cvrp50_8344,0.0,True,True,0.0,0.0,0.0,50,4,False,8.940664223109067,False,False,,False,8.940664223109065,4,4,3.973657426500539e-16,8.940664223109069,True,271830,8.940664223109065,2084530454,6,f2934622c295c9ca2b25167e1c53687e15a3fbfe74245cb4a3f5dbf848248582,20.029361686996708,pyvrp,20.0,1.9868287132502692e-16,cvrp50_8344.json,0
"[""accepted""]",not_selected,True,0.08331615245909063,cvrp_s7799_n20-50-100_x66667_cvrp50_8384,0.09224489795918367,True,True,0.0,0.0,0.0,50,4,False,11.211931317802486,False,False,,False,11.128615165343396,4,4,4.788619643166817e-16,11.128615165343401,True,271828,11.128615165343396,2357518548,7,9f1db067672201509a1625599465dbc42418e3ac313dcb25937acf00de8c5673,20.027864556999702,pyvrp,20.0,0.007431025939910985,cvrp50_8384.json,0
"[""pyvrp_cost_not_converged""]",unstable_cost,False,0.041464726278698905,cvrp_s7799_n20-50-100_x66667_cvrp50_8386,0.09142857142857143,True,False,0.3,0.024489795918367346,0.016326530612244896,50,3,True,10.856226980058231,False,True,11.127328301538821,True,10.814762253779532,4,4,0.0077300870767441745,10.898361307715534,False,271830,10.814762253779532,3068037364,6,62c33d202dd38bb275c1b35e7feaaa8e2aad95ada14845922041ae3f8e23a931,20.039246117001312,pyvrp,20.0,0.0038194417226965986,cvrp50_8386.json,0
"[""accepted""]",not_selected,True,0.00024008464898095383,cvrp_s7799_n20-50-100_x66667_cvrp50_8442,0.013877551020408163,True,True,0.34,0.013877551020408163,0.0069387755102040816,50,4,False,9.367182175421739,False,False,,False,9.366942090772758,4,4,2.5631059385005755e-05,9.367182175421743,True,271828,9.366942090772758,2778908736,6,3710196e93564c74e63db660552e6b43f92b717dff2b8fcac2c061c2e29515f9,20.040185801997723,pyvrp,20.0,2.563040245025922e-05,cvrp50_8442.json,0
"[""accepted""]",not_selected,True,0.060127981923068674,cvrp_s7799_n20-50-100_x66667_cvrp50_8449,0.12326530612244897,True,True,0.0,0.0,0.0,50,2,False,11.878036840249251,False,False,,False,11.817908858326183,4,4,0.004024116204426594,11.86546549686541,True,271831,11.817908858326183,4206115656,7,17ede3ef69213def6040cccf67e52241793657ba71efb487ff23c4f4120ac65f,20.039633536998736,pyvrp,20.0,0.0050621144496978115,cvrp50_8449.json,0
"[""accepted""]",stable_control,True,0.006749305292903074,cvrp_s7799_n20-50-100_x66667_cvrp50_8472,0.029387755102040815,True,True,0.0,0.0,0.0,50,3,False,11.298367849382632,False,True,11.610346104918671,True,11.29161854408973,4,4,0.0017263141925201004,11.311111425438915,True,271830,11.29161854408973,3272496686,6,bf46e214af242d3fe7e9855a7d3ac8033eca6d93432281009bbf6557294f1a74,20.039295493999816,pyvrp,20.0,0.0005973699372225583,cvrp50_8472.json,0
"[""pyvrp_cost_not_converged""]",unstable_cost,False,0.1192146508729941,cvrp_s7799_n20-50-100_x66667_cvrp50_8573,0.1469387755102041,True,False,0.0,0.0,0.0,50,2,True,11.500410928307776,False,True,11.851870437325848,True,11.381196277434782,4,4,0.00508616888922106,11.43908296386319,False,271828,11.381196277434782,3360370164,7,d9770aae97065ff06b15c6c5e3d2f260371851a226f65141cbb4da5aa2bf43c5,20.0266961060006,pyvrp,20.0,0.010366120968734453,cvrp50_8573.json,0
"[""accepted""]",not_selected,True,0.0,cvrp_s7799_n20-50-100_x66667_cvrp50_8633,0.0,True,True,0.0,0.0,0.0,50,4,False,8.929667605425795,False,False,,False,8.929667605425795,4,4,1.9892754331873567e-16,8.929667605425797,True,271828,8.929667605425795,2946085787,6,dc0e45afc4f0fef6cf1461c4475e560bc5e945f3ffe37818aa11b9e8b5b8c255,20.029253067001264,pyvrp,20.0,0.0,cvrp50_8633.json,0
"[""accepted""]",not_selected,True,-1.7763568394002505e-15,cvrp_s7799_n20-50-100_x66667_cvrp50_8673,0.0,True,True,0.0,0.0,0.0,50,3,False,9.26256106799207,False,False,,False,9.262561067992072,4,4,0.0023859282744507467,9.284660874338021,True,271831,9.262561067992072,56736714,7,8d0cf3c71b83e779fe72d97e456918651bb82c6c3d2c142bca731c29eb3d3a8b,20.0325174469981,pyvrp,20.0,-1.917781514594999e-16,cvrp50_8673.json,0
"[""accepted""]",not_selected,True,1.7763568394002505e-15,cvrp_s7799_n20-50-100_x66667_cvrp50_8724,0.0,True,True,0.0,0.0,0.0,50,4,False,9.555091777762195,False,False,,False,9.555091777762193,4,4,3.71813663482419e-16,9.555091777762197,True,271830,9.555091777762193,4273010782,7,9640f23c86b1362f8599d3928a983429dc0b5174490275af57168d5ca3a3f412,20.03473437499997,pyvrp,20.0,1.8590683174120946e-16,cvrp50_8724.json,0
"[""accepted""]",not_selected,True,-1.7763568394002505e-15,cvrp_s7799_n20-50-100_x66667_cvrp50_8730,0.0,True,True,0.0,0.0,0.0,50,4,False,10.364115212255111,False,False,,False,10.364115212255113,4,4,3.427898673491754e-16,10.364115212255117,True,271831,10.364115212255113,710194372,7,3b7f079643de50d2095c3a3451a83cd33d4d59ca76ff78f6d87449da4f152993,20.031040674002725,pyvrp,20.0,-1.7139493367458772e-16,cvrp50_8730.json,0
"[""accepted""]",not_selected,True,0.044037867273305054,cvrp_s7799_n20-50-100_x66667_cvrp50_8735,0.09306122448979592,True,True,0.0,0.0,0.0,50,4,False,12.18362172041703,False,False,,False,12.139583853143725,4,4,2.7035012630686994e-07,12.139587135081753,True,271829,12.139583853143725,1519461372,7,2028d8015e1e430da66db44c9c4bc718294e268a00e0cd259f10b8f6ecb8908d,20.02916251199713,pyvrp,20.0,0.0036145136712105418,cvrp50_8735.json,0
"[""accepted""]",stable_control,True,5.329070518200751e-15,cvrp_s7799_n20-50-100_x66667_cvrp50_8859,0.0,True,True,0.0,0.0,0.0,50,4,False,9.72951066407176,False,True,9.99929847518471,True,9.729510664071755,4,4,9.1287059582545e-16,9.729510664071764,True,271830,9.729510664071755,884544372,6,4bb1e223163d829b3ed8c352fa4c7e93d84e07fdf60eca6af621f836bb621e24,20.033786125000915,pyvrp,20.0,5.477223574952696e-16,cvrp50_8859.json,0
"[""pyvrp_cost_not_converged""]",unstable_cost,False,-3.552713678800501e-15,cvrp_s7799_n20-50-100_x66667_cvrp50_9121,0.0,True,False,0.0,0.0,0.0,50,2,True,11.081284625567578,False,True,11.384641819328838,True,11.081284625567582,4,4,0.010554318666883205,11.198240034744256,False,271831,11.081284625567582,369899123,7,250968fabae526b41a44a1a71d5f205fb217c9bbe60461dac2d420e78ae9b155,20.039081636001356,pyvrp,20.0,-3.2060485754543394e-16,cvrp50_9121.json,0
"[""accepted""]",not_selected,True,0.05935038175901397,cvrp_s7799_n20-50-100_x66667_cvrp50_9128,0.12244897959183673,True,True,0.0,0.0,0.0,50,4,False,12.804844454994107,False,False,,False,12.745494073235093,4,4,6.968567986432601e-16,12.745494073235102,True,271828,12.745494073235093,2996593572,8,518b9d19210973451edcd565ceb451da66f3d99497e5badfe3583603dac505ad,20.036974205999286,pyvrp,20.0,0.004634994354489508,cvrp50_9128.json,0
"[""route_membership_ambiguous""]",unstable_matrix,True,0.0015169263566239266,cvrp_s7799_n20-50-100_x66667_cvrp50_9209,0.08163265306122448,False,False,0.28,0.08163265306122448,0.05442176870748299,50,4,True,10.194394693360472,False,True,10.474139514134793,True,10.192877767003848,4,4,0.00014882218656030966,10.194394693360476,True,271831,10.192877767003848,2781710585,7,23d7a24b04dc7f381eaed25232067b50d35ccd1e46bfcadcd1adc3bdaf80fb13,20.02984830800051,pyvrp,20.0,0.0001488000418123784,cvrp50_9209.json,0
"[""accepted""]",not_selected,True,2.7004929997076488e-05,cvrp_s7799_n20-50-100_x66667_cvrp50_9241,0.0,True,True,0.0,0.0,0.0,50,4,False,11.343623732377752,False,False,,False,11.343596727447755,4,4,2.380632056082018e-06,11.343623732377756,True,271829,11.343596727447755,508317428,6,da961227d2d1bb21c37ac2a950aa0c8971af6b52b2e16cdab380d869d70c988b,20.026442409001902,pyvrp,20.0,2.380626388373334e-06,cvrp50_9241.json,0
"[""accepted""]",not_selected,True,3.552713678800501e-15,cvrp_s7799_n20-50-100_x66667_cvrp50_9252,0.0,True,True,0.0,0.0,0.0,50,4,False,11.448514042493903,False,False,,False,11.4485140424939,4,4,2.335025900803535e-05,11.448781368262049,True,271831,11.4485140424939,2846330032,7,45350f17b889ca71d5a51ca05ce7ddaa3ccf7a829a2e15e534ca2849f34d9c96,20.080506735997915,pyvrp,20.0,3.1032094345290163e-16,cvrp50_9252.json,0
"[""accepted""]",not_selected,True,0.01691571682992077,cvrp_s7799_n20-50-100_x66667_cvrp50_9793,0.0,True,True,0.0,0.0,0.0,50,4,False,11.83799336884006,False,False,,False,11.821077652010139,4,4,9.01621776808912e-16,11.82107765201015,True,271830,11.821077652010139,1272976372,7,316d32f56c38c5ba8632c0c86bb49f50b9f7849bbe9c5a59b238bc2fb019042a,20.026478329000383,pyvrp,20.0,0.0014289344741859951,cvrp50_9793.json,0
