acceptance_reasons,challenger_selection_reason,cost_converged,improvement_over_original,instance_id,matrix_disagreement_from_original,matrix_stable,matrix_target_accepted,max_customer_membership_instability,max_near_best_matrix_disagreement,mean_near_best_matrix_disagreement,n_customers,near_best_seed_count,needs_review,original_cost,ortools_beats_pyvrp,ortools_checked,ortools_cost,ortools_feasible,pyvrp_best_cost,pyvrp_candidate_count,pyvrp_feasible_count,pyvrp_seed_spread_relative,pyvrp_worst_cost,reference_accepted,reference_base_seed,reference_cost,reference_derived_seed,reference_num_vehicles,reference_route_hash,reference_runtime_seconds,reference_solver,reference_time_budget,relative_improvement_over_original,source_file,vehicle_count_delta_from_original
"[""pyvrp_cost_not_converged"", ""route_membership_ambiguous""]",unstable_cost,False,0.28779176405689455,cvrp_s7799_n20-50-100_x66667_cvrp100_0007,0.09878787878787879,False,False,0.0,0.0,0.0,100,1,True,15.709875601056826,False,True,16.55271456942856,True,15.422083836999931,4,4,0.008783751627140034,15.55754759099707,False,314162,15.422083836999931,1827836716,10,241dee84c4aa21fb620a516ec3d3fe236f0778ed7e97774bfaa0424cb3be4d47,40.049789769999734,pyvrp,40.0,0.01831916250422342,cvrp100_0007.json,0
"[""accepted""]",not_selected,True,0.22291578196137252,cvrp_s7799_n20-50-100_x66667_cvrp100_0377,0.05393939393939394,True,True,0.0,0.0,0.0,100,4,False,13.118587939628368,False,False,,False,12.895672157666995,4,4,6.887414698830316e-16,12.895672157667004,True,314161,12.895672157666995,3204655514,11,b92b31adb1b514ce338ac03801d05f4c0f31586fff4bdc0f0108627b84089635,40.05659238199951,pyvrp,40.0,0.016992360990925937,cvrp100_0377.json,1
"[""accepted""]",stable_control,True,0.2124404131371076,cvrp_s7799_n20-50-100_x66667_cvrp100_0496,0.02727272727272727,True,True,0.0,0.0,0.0,100,3,False,13.997958946970714,False,True,14.95197588366665,True,13.785518533833606,4,4,0.0013421321759054209,13.804020521819405,True,314162,13.785518533833606,4058738762,10,f1340118ae24668d0fc9f7d661129e6c91ed81141af18e4c8c3580b7d8925f06,40.0732914350001,pyvrp,40.0,0.015176527802510926,cvrp100_0496.json,0
"[""route_membership_ambiguous""]",unstable_matrix,True,0.09897385047612062,cvrp_s7799_n20-50-100_x66667_cvrp100_0639,0.07636363636363637,False,False,0.21,0.055353535353535356,0.027676767676767678,100,4,True,13.08333867011764,False,True,13.724889039066301,True,12.98436481964152,4,4,9.156740134920708e-05,12.985553764186225,True,314159,12.98436481964152,573720276,10,643e761972ae9752b98b401c527c1b69cabc51113c87e4250492e8f8f0fa5732,40.05610161000004,pyvrp,40.0,0.007564877205401477,cvrp100_0639.json,0
"[""pyvrp_cost_not_converged"", ""route_membership_ambiguous""]",unstable_cost,False,0.27571983640546094,cvrp_s7799_n20-50-100_x66667_cvrp100_0689,0.0901010101010101,False,False,0.16,0.062424242424242424,0.062424242424242424,100,2,True,17.000732177869093,False,True,17.69967193323657,True,16.725012341463632,4,4,0.007027984577891863,16.84255547026449,False,314159,16.725012341463632,979635887,11,e80d7352a71ffcb56a377f1f574656a69c7ade49b941967ddcd02b1f1cc81505,40.081362962999265,pyvrp,40.0,0.016218115403546122,cvrp100_0689.json,0
"[""accepted""]",not_selected,True,0.06575856838741068,cvrp_s7799_n20-50-100_x66667_cvrp100_0839,0.033535353535353536,True,True,0.0,0.0,0.0,100,4,False,13.8745378235098,False,False,,False,13.808779255122388,4,4,2.5428024567581982e-05,13.809130385100536,True,314162,13.808779255122388,1709573491,11,eb5527eb79d09f8b2162d3f757db34196f0b4704c85b43df47b1a7d3000a7f73,40.07838292799988,pyvrp,40.0,0.004739514153472244,cvrp100_0839.json,0
"[""accepted""]",stable_control,True,0.27021586005595566,cvrp_s7799_n20-50-100_x66667_cvrp100_0905,0.10161616161616162,True,True,0.0,0.0,0.0,100,2,False,13.27070168619914,False,True,13.69081562102867,True,13.000485826143183,4,4,0.0020827714163392584,13.027562866420398,True,314161,13.000485826143183,4191318403,9,10e5a10d8af5579ff62d7448bdc7532fe628788c4438d04059a853e0caf07a56,40.077104469000005,pyvrp,40.0,0.020361836656833793,cvrp100_0905.json,0
"[""pyvrp_cost_not_converged""]",unstable_cost,False,0.26848459090417265,cvrp_s7799_n20-50-100_x66667_cvrp100_0938,0.057777777777777775,True,False,0.0,0.0,0.0,100,3,True,16.88225852127031,False,True,17.176796039098182,True,16.613773930366136,4,4,0.005223484106239085,16.700555714436053,False,314162,16.613773930366136,3299697892,11,8a9ae2f881206b574db47d14fb6901b54bb603b0f39297e968dad9ec8015eca9,40.084970548000456,pyvrp,40.0,0.01590335739533329,cvrp100_0938.json,0
"[""pyvrp_cost_not_converged""]",unstable_cost,False,0.27567103477563926,cvrp_s7799_n20-50-100_x66667_cvrp100_10101,0.08727272727272728,True,False,0.0,0.0,0.0,100,2,True,15.674456373468082,False,True,18.005181798381717,True,15.398785338692443,4,4,0.012090989292357452,15.584971887337884,False,314160,15.398785338692443,294150795,11,80d97e2d8281a4bf553c89514875b5475f94e1be197480cbc26823c8ae1131f2,40.08721294499992,pyvrp,40.0,0.017587278831708863,cvrp100_10101.json,0
"[""pyvrp_cost_not_converged"", ""route_membership_ambiguous""]",unstable_cost,False,0.16987827934820743,cvrp_s7799_n20-50-100_x66667_cvrp100_10332,0.08484848484848485,False,False,0.0,0.0,0.0,100,1,True,16.35733700103129,False,True,16.581136268898934,True,16.187458721683083,4,4,0.007741882291121875,16.312780121698747,False,314159,16.187458721683083,2372818424,10,9b156d20b9ab2a561c565308ddf807dab3e31987cd8b8ea729de86a050169d79,40.09246894700027,pyvrp,40.0,0.010385448397712722,cvrp100_10332.json,0
"[""accepted""]",not_selected,True,0.2087593666530374,cvrp_s7799_n20-50-100_x66667_cvrp100_10607,0.08525252525252525,True,True,0.0,0.0,0.0,100,3,False,14.347622702005333,False,False,,False,14.138863335352296,4,4,0.003530598386429909,14.188781983430044,True,314160,14.138863335352296,3459362635,9,798181af9f7601e032f5c18a3e7e8038c80cfba2ecf8376b3a93340a8d5612a3,40.08024495399968,pyvrp,40.0,0.01455010150384423,cvrp100_10607.json,0
"[""pyvrp_cost_not_converged""]",unstable_cost,False,0.19793458562250343,cvrp_s7799_n20-50-100_x66667_cvrp100_10674,0.03939393939393939,True,False,0.0,0.0,0.0,100,3,True,13.209608966014617,False,True,13.655282672291197,True,13.011674380392114,4,4,0.005288648603071956,13.080488553927601,False,314161,13.011674380392114,4056165705,10,8a6ee7b6897986b0c93b22e2f6f73e2e1e8278179916bf4b31756c5c2e4bc0e7,40.08464397499938,pyvrp,40.0,0.014984136633547977,cvrp100_10674.json,0
"[""route_membership_ambiguous""]",unstable_matrix,True,0.2381530314180882,cvrp_s7799_n20-50-100_x66667_cvrp100_10820,0.08767676767676767,False,False,0.26,0.09353535353535354,0.09353535353535354,100,2,True,14.392073844515034,False,True,14.99968817002874,True,14.153920813096946,4,4,0.003940820952083777,14.209698880791333,True,314162,14.153920813096946,2382671599,10,368187efaccd4d44b6ed12729c2d43d05144cb969f18dd6f364fbf1cc97b8a9c,40.10125344699918,pyvrp,40.0,0.01654751316530041,cvrp100_10820.json,0
"[""accepted""]",not_selected,True,0.05757475944964696,cvrp_s7799_n20-50-100_x66667_cvrp100_10878,0.051111111111111114,True,True,0.2,0.011313131313131313,0.005656565656565656,100,4,False,14.092817977538205,False,False,,False,14.035243218088558,4,4,0.0007466781787142153,14.045723027932452,True,314159,14.035243218088558,4263198676,11,e0c158ff38afdc0c4aaa7a1b0539dd6a151fe36b6810fee6a19ec9ba60cb8284,40.09758942699955,pyvrp,40.0,0.0040853972244168845,cvrp100_10878.json,0
"[""accepted""]",not_selected,True,0.17966214713738182,cvrp_s7799_n20-50-100_x66667_cvrp100_10911,0.050505050505050504,True,True,0.19,0.04909090909090909,0.03272727272727272,100,4,False,17.553176863075684,False,False,,False,17.373514715938303,4,4,0.0008292129308623266,17.387921058995286,True,314159,17.373514715938303,1267837350,11,ed3a5428dcd0b82e1428ee0ecb2381cad5d99fadbf624b9356df063c2ded6c5f,40.090207916999134,pyvrp,40.0,0.010235306607963,cvrp100_10911.json,0
"[""accepted""]",not_selected,True,0.32076340604270115,cvrp_s7799_n20-50-100_x66667_cvrp100_10959,0.05232323232323232,True,True,0.0,0.0,0.0,100,3,False,18.089216457073974,False,False,,False,17.768453051031273,4,4,0.0013363143933456736,17.792197290590853,True,314162,17.768453051031273,330494534,11,dfd019652f7b0ad1eb5e92dda9e11b275f03e20c11152010f5d9cc25ada70cb6,40.112558247999914,pyvrp,40.0,0.017732299616397332,cvrp100_10959.json,0
"[""pyvrp_cost_not_converged""]",unstable_cost,False,0.24813292397720765,cvrp_s7799_n20-50-100_x66667_cvrp100_11000,0.04888888888888889,True,False,0.0,0.0,0.0,100,3,True,14.704837768606643,False,True,15.13120868151261,True,14.456704844629435,4,4,0.01921998302431671,14.73456246633077,False,314161,14.456704844629435,736382480,10,1b3d04101213d5d780998cc428443c5b24c07dcf15318f8bdbd8102500e2d1da,40.09003199700055,pyvrp,40.0,0.016874237436807812,cvrp100_11000.json,0
"[""accepted""]",not_selected,True,0.07508841670431288,cvrp_s7799_n20-50-100_x66667_cvrp100_11033,0.03515151515151515,True,True,0.0,0.0,0.0,100,4,False,12.85078269101955,False,False,,False,12.775694274315237,4,4,9.732933184539773e-16,12.77569427431525,True,314161,12.775694274315237,545043992,11,476567885a32fe8a8d4e7cb19b0fc2cd936b734a0b0874daeb1ede7b5690ceb5,40.089954358000796,pyvrp,40.0,0.00584310065073208,cvrp100_11033.json,0
"[""pyvrp_cost_not_converged"", ""route_membership_ambiguous""]",unstable_cost,False,0.35209986638520263,cvrp_s7799_n20-50-100_x66667_cvrp100_11173,0.11474747474747475,False,False,0.0,0.0,0.0,100,1,True,17.3584392747208,False,True,18.22178949816838,True,17.0063394083356,4,4,0.0036534803804333335,17.068471735706943,False,314159,17.0063394083356,2531474809,10,eccfc93bc5431de60552f5cd6c3a42d6883d97370aa860adeb7d9c0ffc6a9869,40.079803470000115,pyvrp,40.0,0.020284073977662714,cvrp100_11173.json,0
"[""accepted""]",not_selected,True,0.3019573142852128,cvrp_s7799_n20-50-100_x66667_cvrp100_11210,0.07353535353535354,True,True,0.0,0.0,0.0,100,4,False,15.474777064346442,False,False,,False,15.17281975006123,4,4,5.4734039194867344e-05,15.173650219772126,True,314159,15.17281975006123,2083181178,12,ea22221ebd0b4ec9e3fc7e552556af12266a33fcd689bafcee3299fb32b73bd0,40.07813166200049,pyvrp,40.0,0.01951287007429115,cvrp100_11210.json,0
"[""accepted""]",not_selected,True,0.17808557132922864,cvrp_s7799_n20-50-100_x66667_cvrp100_11550,0.09070707070707071,True,True,0.0,0.0,0.0,100,2,False,13.277839853279666,False,False,,False,13.099754281950437,4,4,0.003390577095321168,13.144170008773154,True,314160,13.099754281950437,2482298819,10,ec3b0ead3f53c1dc2316c6e71ee88ccec354d4b75df87169b15cdc0ea7bab562,40.068145662999996,pyvrp,40.0,0.013412239739074799,cvrp100_11550.json,0
"[""pyvrp_cost_not_converged""]",unstable_cost,False,0.2498183001349954,cvrp_s7799_n20-50-100_x66667_cvrp100_1169,0.07535353535353535,True,False,0.0,0.0,0.0,100,2,True,13.64021936767425,False,True,14.662676173114153,True,13.390401067539255,4,4,0.00560503773235758,13.465454770774214,False,314160,13.390401067539255,2888332803,10,f5ba8e84a0697b125161086b686a5244218c24f614bb9734de1b9e18113ba999,40.074031479999576,pyvrp,40.0,0.01831483009188518,cvrp100_1169.json,0
"[""route_membership_ambiguous""]",unstable_matrix,True,0.5901938927399364,cvrp_s7799_n20-50-100_x66667_cvrp100_11794,0.12525252525252525,False,False,0.22,0.10606060606060606,0.10606060606060606,100,2,True,18.461055203479486,False,True,19.622197618861776,True,17.87086131073955,4,4,0.0033360074778726635,17.9304786377082,True,314161,17.87086131073955,2903555943,10,10cef56182e29de264351adf0dec5d561c77a06c9431031e17c268b8d28047ca,40.10721097999976,pyvrp,40.0,0.031969672710187136,cvrp100_11794.json,0
"[""pyvrp_cost_not_converged"", ""route_membership_ambiguous""]",unstable_cost,False,0.3955968673210979,cvrp_s7799_n20-50-100_x66667_cvrp100_12053,0.08545454545454545,False,False,0.0,0.0,0.0,100,1,True,15.865397944302272,False,True,16.06229883580429,True,15.469801076981174,4,4,0.009365803086525114,15.614688187655894,False,314162,15.469801076981174,232859945,10,4eb54970207eb7fd54f1607ec09080f38394ee6a030e148e38f59ace2dbf3ad1,40.08092134399976,pyvrp,40.0,0.024934569476914272,cvrp100_12053.json,0
"[""pyvrp_cost_not_converged""]",unstable_cost,False,0.3729946217263489,cvrp_s7799_n20-50-100_x66667_cvrp100_12156,0.06828282828282828,True,False,0.0,0.0,0.0,100,3,True,16.87708796052218,False,True,17.37613931660315,True,16.50409333879583,4,4,0.006976408000341647,16.61923262760299,False,314161,16.50409333879583,3308057183,11,3e5bbdc07688b8d7ab44ea14affefeecb0b1ab9f168a4f4a7de93dd4d22ee3f4,40.09991086900027,pyvrp,40.0,0.022100650455744168,cvrp100_12156.json,0
"[""pyvrp_cost_not_converged""]",unstable_cost,False,0.21644893219911054,cvrp_s7799_n20-50-100_x66667_cvrp100_12195,0.09434343434343434,True,False,0.0,0.0,0.0,100,2,True,16.98036977662088,False,True,17.560882368626594,True,16.76392084442177,4,4,0.005952518286960649,16.86370838980935,False,314159,16.76392084442177,1033839399,10,044ed45cb71de30cbee06f66f8074a544ee5f95abf9842189524c7e2ae455da1,40.07259980300023,pyvrp,40.0,0.012747009343525864,cvrp100_12195.json,0
"[""accepted""]",not_selected,True,0.29256560017818956,cvrp_s7799_n20-50-100_x66667_cvrp100_1221,0.09515151515151515,True,True,0.0,0.0,0.0,100,2,False,17.828947771224637,False,False,,False,17.536382171046448,4,4,0.0043213058490440374,17.612162241893262,True,314159,17.536382171046448,3054081851,10,cd8b089c87de6141fa39d9c7dc43eeecc29985e9bca7c747b44679acc551075d,40.066275040999244,pyvrp,40.0,0.01640958310789273,cvrp100_1221.json,0
"[""accepted""]",not_selected,True,0.14797667298036998,cvrp_s7799_n20-50-100_x66667_cvrp100_12522,0.09292929292929293,True,True,0.0,0.0,0.0,100,2,False,16.69259400564612,False,False,,False,16.54461733266575,4,4,0.0025706048924414695,16.587147006924674,True,314160,16.54461733266575,296671975,11,48faf982b1d593b2e36520354676d4f5b83b7b8d0443615a330208668f285962,40.060077494000325,pyvrp,40.0,0.008864809922910616,cvrp100_12522.json,0
"[""pyvrp_cost_not_converged"", ""route_membership_ambiguous""]",unstable_cost,False,0.2092458084786415,cvrp_s7799_n20-50-100_x66667_cvrp100_12665,0.09616161616161616,False,False,0.0,0.0,0.0,100,1,True,16.416928026411032,False,True,17.00170804504827,True,16.20768221793239,4,4,0.002115677052529278,16.241972439275557,False,314159,16.20768221793239,3398824427,10,b8485aa3b2e91101d4d1a86f71ebb534dfae026cc99bbb8fe91b7af47338aa8c,40.126060777999555,pyvrp,40.0,0.012745734655229863,cvrp100_12665.json,0
"[""accepted""]",stable_control,True,0.26847903451693256,cvrp_s7799_n20-50-100_x66667_cvrp100_1279,0.07797979797979798,True,True,0.18,0.007272727272727273,0.003636363636363637,100,4,False,14.936163026344355,False,True,15.732949007798283,True,14.667683991827422,4,4,0.0003495400759586911,14.672810935204064,True,314160,14.667683991827422,1086265362,10,a9836731268049bb73aad6bed14639f503eb03f1b18463882558f17dd88c6d80,40.07073895099984,pyvrp,40.0,0.01797510070313173,cvrp100_1279.json,0
"[""pyvrp_cost_not_converged"", ""route_membership_ambiguous""]",unstable_cost,False,0.5572620469282619,cvrp_s7799_n20-50-100_x66667_cvrp100_12908,0.1004040404040404,False,False,0.0,0.0,0.0,100,1,True,19.141387291240566,False,True,19.715209593232625,True,18.584125244312304,4,4,0.006974684982763152,18.7137436635716,False,314160,18.584125244312304,2807233536,11,d02ff2fa4dc855a4fa5740d3066b9b362b5ae3662f3fd956e99ced169aab7efb,40.07118658099989,pyvrp,40.0,0.02911293933137619,cvrp100_12908.json,0
"[""accepted""]",not_selected,True,0.157443679369635,cvrp_s7799_n20-50-100_x66667_cvrp100_12923,0.08303030303030302,True,True,0.0,0.0,0.0,100,2,False,14.561714002587209,False,False,,False,14.404270323217574,4,4,0.004391037459102392,14.46752001377786,True,314162,14.404270323217574,574796866,11,3ac2d26007d2be5ffe5c03315c55300279c130becbdf31ecb4151d451356459f,40.08588916099961,pyvrp,40.0,0.010812166709335292,cvrp100_12923.json,0
"[""accepted""]",stable_control,True,0.27570742102100176,cvrp_s7799_n20-50-100_x66667_cvrp100_1293,0.08949494949494949,True,True,0.2,0.04767676767676768,0.03178451178451178,100,4,False,15.080174680461933,False,True,15.928989307496648,True,14.804467259440932,4,4,0.0004844151177305977,14.811638767191353,True,314159,14.804467259440932,3824359002,10,cff39c534c92a299469d22feb274154853801cadb13019d0ba04d75a0d57b20a,40.08516803299972,pyvrp,40.0,0.018282773698782933,cvrp100_1293.json,0
"[""accepted""]",not_selected,True,0.3461765975622342,cvrp_s7799_n20-50-100_x66667_cvrp100_13068,0.09393939393939393,True,True,0.0,0.0,0.0,100,4,False,16.05568558040361,False,False,,False,15.709508982841374,4,4,3.3922578509751e-16,15.70950898284138,True,314160,15.709508982841374,749849074,10,0f611a8b4676fff83c9aad4fb861b57829263d4a4d063c0743d187734add0167,40.113731302000815,pyvrp,40.0,0.021560997556202267,cvrp100_13068.json,0
"[""accepted""]",not_selected,True,0.2200091311045007,cvrp_s7799_n20-50-100_x66667_cvrp100_13104,0.07434343434343435,True,True,0.0,0.0,0.0,100,4,False,18.223054650289367,False,False,,False,18.003045519184866,4,4,4.385178549242013e-05,18.003834984875184,True,314162,18.003045519184866,4053875411,11,76873ccc7f93771f09ef3eae835bc4ca49e60b8006a8bc2d8096d5c8d357d116,40.080033850999826,pyvrp,40.0,0.012073120304284833,cvrp100_13104.json,0
"[""route_membership_ambiguous""]",unstable_matrix,True,0.5616512767639321,cvrp_s7799_n20-50-100_x66667_cvrp100_13277,0.11313131313131314,False,False,0.23,0.11454545454545455,0.11454545454545455,100,2,True,16.86532165068471,False,True,17.972958779790602,True,16.303670373920777,4,4,0.00412697383969421,16.370955195044946,True,314162,16.303670373920777,2597550806,10,5d89c39b330341b2f93cb36a24d1dae825e46abceafa10bd2f4bde464ac2286b,40.0882086090005,pyvrp,40.0,0.033302138458837505,cvrp100_13277.json,0
"[""accepted""]",not_selected,True,0.1195056597458084,cvrp_s7799_n20-50-100_x66667_cvrp100_1365,0.0496969696969697,True,True,0.2,0.04404040404040404,0.02202020202020202,100,4,False,14.443561294345365,False,False,,False,14.324055634599556,4,4,0.0003899785961412703,14.329641709706987,True,314160,14.324055634599556,1357427886,10,84c92fbf3e8476c4539da4db9ae940a13238233ba87031a9b4fdc5afe11a2e3e,40.09044348400039,pyvrp,40.0,0.00827397463204554,cvrp100_1365.json,0
"[""accepted""]",not_selected,True,0.1756616088731029,cvrp_s7799_n20-50-100_x66667_cvrp100_13668,0.06383838383838383,True,True,0.0,0.0,0.0,100,3,False,12.605351916878856,False,False,,False,12.429690308005753,4,4,0.002130194091726155,12.456167960861853,True,314161,12.429690308005753,1260281792,11,dcdb66f6eacc6eafa9134a99780b8658a94147328675e84f55c755c585b05e00,40.0987051280008,pyvrp,40.0,0.013935478361210047,cvrp100_13668.json,0
"[""accepted""]",not_selected,True,0.15899414125326672,cvrp_s7799_n20-50-100_x66667_cvrp100_13914,0.06404040404040404,True,True,0.0,0.0,0.0,100,2,False,15.109700242519715,False,False,,False,14.950706101266448,4,4,0.0036757481683529656,15.005661131833762,True,314159,14.950706101266448,841910821,10,4e3ea7f91b75c457a8f3f70e3774fb4031418ebb52e562b3f969b9a455691d27,40.08932063299926,pyvrp,40.0,0.010522653573619315,cvrp100_13914.json,0
"[""accepted""]",stable_control,True,0.22029128434205525,cvrp_s7799_n20-50-100_x66667_cvrp100_14073,0.07171717171717172,True,True,0.0,0.0,0.0,100,4,False,13.24086231045573,False,True,13.925954927289089,True,13.020571026113675,4,4,3.3603887010772934e-05,13.021008567911252,True,314160,13.020571026113675,1504331576,11,ad6869e891ca3053b26b7bcaf4b061493e58b41d0688d99c7a4b77797b759df7,40.09243372200035,pyvrp,40.0,0.016637230957994395,cvrp100_14073.json,0
"[""accepted""]",not_selected,True,0.2867296032115263,cvrp_s7799_n20-50-100_x66667_cvrp100_14183,0.07333333333333333,True,True,0.0,0.0,0.0,100,4,False,16.520767613671264,False,False,,False,16.234038010459738,4,4,4.3768699771571995e-16,16.234038010459745,True,314160,16.234038010459738,3767933712,11,fcced9579941d7f3758782a3ce866964ea8c8456206e970f7f5c054809495a97,40.08345912099958,pyvrp,40.0,0.01735570706619297,cvrp100_14183.json,0
"[""route_membership_ambiguous""]",unstable_matrix,True,0.2262280659489022,cvrp_s7799_n20-50-100_x66667_cvrp100_14550,0.07292929292929293,False,False,0.22,0.08565656565656565,0.08565656565656565,100,2,True,18.514298414258867,False,True,19.3572991795797,True,18.288070348309965,4,4,0.0017049546160821333,18.31925067826955,True,314160,18.288070348309965,852532298,10,e0ae12f7e5283f20d51916d6430387aaa97c6b75fc7a7bc65be9863025230abb,40.07406653099952,pyvrp,40.0,0.012219100118569531,cvrp100_14550.json,0
"[""pyvrp_cost_not_converged""]",unstable_cost,False,0.25113652781340434,cvrp_s7799_n20-50-100_x66667_cvrp100_1463,0.06121212121212121,True,False,0.0,0.0,0.0,100,2,True,14.762507522941299,False,True,16.767885423729496,True,14.511370995127894,4,4,0.007763437480237558,14.624029116601102,False,314159,14.511370995127894,987763528,11,a92be0aa347ab5005c6f67870ae68f18a89d6f1bb46778cebf760bb9043b598e,40.090565018000234,pyvrp,40.0,0.01701177983639514,cvrp100_1463.json,0
"[""pyvrp_cost_not_converged"", ""route_membership_ambiguous""]",unstable_cost,False,0.46083597518294894,cvrp_s7799_n20-50-100_x66667_cvrp100_14895,0.08505050505050506,False,False,0.0,0.0,0.0,100,1,True,16.366047181656455,False,True,16.98987546139164,True,15.905211206473506,4,4,0.0058569316348234726,15.99836694114725,False,314162,15.905211206473506,1641264395,10,ebb5b80873636a84dd899b0b6e14d33fe71286c0877a446dfe025c50b269d83b,40.07303828699969,pyvrp,40.0,0.02815805002074462,cvrp100_14895.json,0
"[""accepted""]",stable_control,True,0.19354412711528823,cvrp_s7799_n20-50-100_x66667_cvrp100_15241,0.07494949494949495,True,True,0.24,0.04505050505050505,0.02252525252525252,100,4,False,16.25054059582392,False,True,17.37908593604535,True,16.056996468708633,4,4,0.00022208593773977308,16.06056250182667,True,314160,16.056996468708633,831125964,10,5ce108696bf65cdb4b8e6f528181a20692af8f152a9ac11887145d667ba91f69,40.076720733,pyvrp,40.0,0.011910011606938503,cvrp100_15241.json,0
"[""accepted""]",not_selected,True,0.2227790847569615,cvrp_s7799_n20-50-100_x66667_cvrp100_1559,0.06525252525252526,True,True,0.0,0.0,0.0,100,2,False,16.668086235478167,False,False,,False,16.445307150721206,4,4,0.0017497001699951383,16.474081507438445,True,314160,16.445307150721206,3478275410,12,6bc8324c0104a25424e3b984cb043e8e70b07eaf62cf61e7d589c68e7037d706,40.082619783000155,pyvrp,40.0,0.013365606681514179,cvrp100_1559.json,0
"[""route_membership_ambiguous""]",unstable_matrix,True,0.20660297847446785,cvrp_s7799_n20-50-100_x66667_cvrp100_15642,0.09474747474747475,False,False,0.23,0.061414141414141414,0.030707070707070707,100,4,True,16.38268104029383,False,True,16.88315254987802,True,16.17607806181936,4,4,0.00029354458667930883,16.18082646196811,True,314161,16.17607806181936,2079878124,11,33966f3c72be6588b7040ab75438efd3f6881fd654413af8fcd43c288f7ebbaa,40.06145921499956,pyvrp,40.0,0.012611060299978981,cvrp100_15642.json,0
"[""pyvrp_cost_not_converged"", ""route_membership_ambiguous""]",unstable_cost,False,0.3344958988651445,cvrp_s7799_n20-50-100_x66667_cvrp100_15722,0.050505050505050504,False,False,0.0,0.0,0.0,100,1,True,15.916216587279514,False,True,16.85636584476603,True,15.58172068841437,4,4,0.010312133680498306,15.742401475125485,False,314159,15.58172068841437,2546193971,11,a117a0cd3d358d9ba421eec9f09c76a9ccca58271e700334cdb6b14fcb9b40cd,40.09792995800035,pyvrp,40.0,0.02101604341904211,cvrp100_15722.json,0
"[""accepted""]",not_selected,True,0.23170513424763506,cvrp_s7799_n20-50-100_x66667_cvrp100_15824,0.06727272727272728,True,True,0.0,0.0,0.0,100,4,False,16.10506514325334,False,False,,False,15.873360009005706,4,4,7.833563825646918e-16,15.873360009005719,True,314161,15.873360009005706,1637125352,10,bc3b2d5de1b92a4d78cdb8dfbc823129c9c375e1f1851f8bcf287feb68e59743,40.11526000200047,pyvrp,40.0,0.01438709699008575,cvrp100_15824.json,0
"[""pyvrp_cost_not_converged"", ""route_membership_ambiguous""]",unstable_cost,False,0.35972196781197674,cvrp_s7799_n20-50-100_x66667_cvrp100_16092,0.08969696969696969,False,False,0.0,0.0,0.0,100,1,True,15.997801122599043,False,True,16.402781533927726,True,15.638079154787066,4,4,0.005804926390103303,15.728857053163214,False,314161,15.638079154787066,1538464534,11,13943b5f6c633d0f49e599f19b2786624f3d6f110dbb56ac47e036e145f91157,40.12065451400031,pyvrp,40.0,0.022485713196160512,cvrp100_16092.json,0
"[""accepted""]",not_selected,True,0.21054551867670313,cvrp_s7799_n20-50-100_x66667_cvrp100_16123,0.061414141414141414,True,True,0.0,0.0,0.0,100,3,False,16.561724114354064,False,False,,False,16.35117859567736,4,4,0.004892534090072917,16.431177294369583,True,314161,16.35117859567736,984970201,11,eb3d6949120902b212eda9d6f00f67753417407cc1a98a791404baf82934d010,40.11183527100002,pyvrp,40.0,0.01271277780157098,cvrp100_16123.json,0
"[""pyvrp_cost_not_converged"", ""route_membership_ambiguous""]",unstable_cost,False,0.6417606212727804,cvrp_s7799_n20-50-100_x66667_cvrp100_1619,0.10020202020202021,False,False,0.0,0.0,0.0,100,1,True,21.041045276836456,False,True,21.152173621643506,True,20.399284655563676,4,4,0.004157884407695899,20.484102523161194,False,314162,20.399284655563676,3117946905,11,86f172a8db0e35af92a9845d7cee032116404c5631b759d852e5734f20dda8a9,40.09161628599941,pyvrp,40.0,0.03050041539425221,cvrp100_1619.json,0
"[""route_membership_ambiguous""]",unstable_matrix,True,0.17875134967994555,cvrp_s7799_n20-50-100_x66667_cvrp100_16688,0.09777777777777778,False,False,0.22,0.0901010101010101,0.0901010101010101,100,2,True,15.933058234005237,False,True,16.75366374507207,True,15.754306884325292,4,4,0.0034548222499962643,15.808735214282528,True,314162,15.754306884325292,3002715526,10,ec5c84fe3989012ccdd280926920e1ee2a4191926149c81628de24347cded145,40.06988893400012,pyvrp,40.0,0.011218897656348502,cvrp100_16688.json,0
"[""pyvrp_cost_not_converged"", ""route_membership_ambiguous""]",unstable_cost,False,0.1112914583858533,cvrp_s7799_n20-50-100_x66667_cvrp100_16694,0.03313131313131313,False,False,0.0,0.0,0.0,100,1,True,15.329032008468321,False,True,16.279818922131337,True,15.217740550082468,4,4,0.002604383949030299,15.25737338931161,False,314159,15.217740550082468,4067007752,10,455263278831bf63a24d6bc2aee4e904c27d347251283d822a41122bc5aa1b18,40.09598084800018,pyvrp,40.0,0.007260175223352121,cvrp100_16694.json,0
"[""accepted""]",not_selected,True,0.2320476881594704,cvrp_s7799_n20-50-100_x66667_cvrp100_16870,0.07777777777777778,True,True,0.13,0.014545454545454545,0.014545454545454545,100,2,False,13.67852259249377,False,False,,False,13.4464749043343,4,4,0.002803564176290379,13.48417295967348,True,314159,13.4464749043343,2731065250,11,5972d8665e69d96808cf1b0692912296ec5f72c321291bf6b8edf85a5a24c97a,40.077923806999934,pyvrp,40.0,0.016964382417060813,cvrp100_16870.json,0
"[""accepted""]",stable_control,True,0.21215377488785236,cvrp_s7799_n20-50-100_x66667_cvrp100_1696,0.051515151515151514,True,True,0.0,0.0,0.0,100,2,False,16.785914408343782,False,True,17.853588169308647,True,16.57376063345593,4,4,0.003276322035850134,16.628061610636227,True,314162,16.57376063345593,985086742,11,31e51d1ad3cf6009d2e44bbfbf71be78b658d0d25f6e5c7b6c19000620d5eb45,40.061827599000026,pyvrp,40.0,0.012638797608928411,cvrp100_1696.json,0
"[""accepted""]",stable_control,True,0.33176260295276094,cvrp_s7799_n20-50-100_x66667_cvrp100_17086,0.06404040404040404,True,True,0.0,0.0,0.0,100,4,False,14.084398264445658,False,True,14.302899082461199,True,13.752635661492898,4,4,3.874944882835834e-16,13.752635661492903,True,314159,13.752635661492898,1423619175,11,f191735668839cf9ad7b35b117cc736f1426384618a81580cd35af3d0fcbd71c,40.092492058999596,pyvrp,40.0,0.023555326732719217,cvrp100_17086.json,0
"[""route_membership_ambiguous""]",unstable_matrix,True,0.10388734044114933,cvrp_s7799_n20-50-100_x66667_cvrp100_17175,0.024444444444444446,False,False,0.2,0.05313131313131313,0.026565656565656567,100,4,True,15.463386032192668,False,True,16.30172392104038,True,15.359498691751519,4,4,0.00086391252090893,15.372767954986207,True,314161,15.359498691751519,228078535,11,78d793ce6f6281255b1d496b0d71e7c0947e0d29e140ec59a9ef6743fa9f9263,40.09293831600007,pyvrp,40.0,0.006718278921891364,cvrp100_17175.json,0
"[""pyvrp_cost_not_converged"", ""route_membership_ambiguous""]",unstable_cost,False,0.11732560093646427,cvrp_s7799_n20-50-100_x66667_cvrp100_17190,0.09878787878787879,False,False,0.0,0.0,0.0,100,1,True,16.058435818829196,False,True,16.938027945903865,True,15.941110217892732,4,4,0.005791895060976274,16.033439455430223,False,314161,15.941110217892732,17277522,10,688c0b854b2e2b40c4b9e73a102ca90ee4fb4e0f71d64149ab9266c6cefaf17d,40.080444321999494,pyvrp,40.0,0.007306166195769518,cvrp100_17190.json,0
"[""pyvrp_cost_not_converged""]",unstable_cost,False,0.5455469331217806,cvrp_s7799_n20-50-100_x66667_cvrp100_1737,0.09090909090909091,True,False,0.0,0.0,0.0,100,2,True,19.87659026683553,False,True,20.83407248380242,True,19.33104333371375,4,4,0.009102410874354361,19.507002432767163,False,314160,19.33104333371375,761161174,11,144d80d650faf966a72f7d338ac3d19d68575492a95a8bd2e2d1c11b46d5fccf,40.08990844799973,pyvrp,40.0,0.027446706190449376,cvrp100_1737.json,0
"[""route_membership_ambiguous""]",unstable_matrix,True,0.4490437467957378,cvrp_s7799_n20-50-100_x66667_cvrp100_17411,0.06646464646464646,False,False,0.18,0.06101010101010101,0.06101010101010101,100,2,True,21.81272258561514,False,True,22.939352157635607,True,21.363678838819403,4,4,0.0033032730641354142,21.434248903678515,True,314161,21.363678838819403,577161134,11,5e39266fa9749c3277ec0fb8baa300e835e05b9607f515fff88161f2d942d260,40.106898731999536,pyvrp,40.0,0.02058632273129761,cvrp100_17411.json,-1
"[""pyvrp_cost_not_converged"", ""route_membership_ambiguous""]",unstable_cost,False,0.24584574870030096,cvrp_s7799_n20-50-100_x66667_cvrp100_1745,0.09696969696969697,False,False,0.0,0.0,0.0,100,1,True,17.92030311717464,False,True,18.689073497918073,True,17.67445736847434,4,4,0.0040997216307717054,17.746917723660026,False,314159,17.67445736847434,1100758610,10,3d4e42055a291538ee148aae32c603cf7044a0b63194041348db8d1e3c47a43b,40.0786286499997,pyvrp,40.0,0.01371883874356371,cvrp100_1745.json,0
"[""accepted""]",stable_control,True,0.2774079636219362,cvrp_s7799_n20-50-100_x66667_cvrp100_1762,0.07696969696969697,True,True,0.0,0.0,0.0,100,4,False,16.967704827723576,False,True,17.768042644094102,True,16.69029686410164,4,4,6.385830715405421e-16,16.69029686410165,True,314160,16.69029686410164,3978048398,11,cec15661dc0dd9b45fd5f467a30ec01b96f45148c31db0c09538504f0966f4a5,40.11518675699972,pyvrp,40.0,0.016349174295434383,cvrp100_1762.json,0
"[""accepted""]",not_selected,True,0.14527578457584234,cvrp_s7799_n20-50-100_x66667_cvrp100_17706,0.03939393939393939,True,True,0.0,0.0,0.0,100,4,False,13.039756877658727,False,False,,False,12.894481093082884,4,4,4.1328305340332603e-16,12.89448109308289,True,314160,12.894481093082884,3702314520,11,9c401734a2b6749fed9f45110ebd2464dbfac292817d4257bf2f56fd204af9f1,40.09675370600053,pyvrp,40.0,0.011140988742262995,cvrp100_17706.json,0
"[""accepted""]",not_selected,True,0.06535569352574377,cvrp_s7799_n20-50-100_x66667_cvrp100_1776,0.0595959595959596,True,True,0.0,0.0,0.0,100,4,False,13.279383866376007,False,False,,False,13.214028172850263,4,4,8.065777442717942e-16,13.214028172850274,True,314160,13.214028172850263,2449922802,10,27d553146d7386eb05ec05b8abd96e25eb3e22cfab07562126234dccc37fa0df,40.089818803000526,pyvrp,40.0,0.004921590804467014,cvrp100_1776.json,0
"[""route_membership_ambiguous""]",unstable_matrix,True,0.08302554236081505,cvrp_s7799_n20-50-100_x66667_cvrp100_17830,0.06424242424242424,False,False,0.22,0.06808080808080808,0.06808080808080808,100,2,True,13.462796665811439,False,True,13.665127364120613,True,13.379771123450624,4,4,0.0014354440923260094,13.398977036866455,True,314159,13.379771123450624,1565774656,11,b5943de999361e719a1766e5e7026248fa3ebfe6b10fa1852b7fcd42aea4cd37,40.0790553300003,pyvrp,40.0,0.006167035306390471,cvrp100_17830.json,0
"[""pyvrp_cost_not_converged"", ""route_membership_ambiguous""]",unstable_cost,False,0.21136303366572484,cvrp_s7799_n20-50-100_x66667_cvrp100_17844,0.06363636363636363,False,False,0.0,0.0,0.0,100,1,True,16.035696439712183,False,True,16.751002710967448,True,15.824333406046458,4,4,0.006244492537810222,15.923148337916336,False,314162,15.824333406046458,1797949757,10,791e1a064314f50b985e7b55ed73bf3d9d44539d520c89f506bfe6e643e63a8d,40.08483899299972,pyvrp,40.0,0.013180782915189588,cvrp100_17844.json,0
"[""pyvrp_cost_not_converged"", ""route_membership_ambiguous""]",unstable_cost,False,0.14161568453482687,cvrp_s7799_n20-50-100_x66667_cvrp100_17879,0.05656565656565657,False,False,0.0,0.0,0.0,100,1,True,13.920826203487787,False,True,15.186214820631676,True,13.77921051895296,4,4,0.007051551197900694,13.876375327394008,False,314160,13.77921051895296,3000001097,11,63267f994ae34ef99a53a72399d61c98765c3fb9957f8802aebd29a03faf1f6c,40.102381927999886,pyvrp,40.0,0.010172936754238469,cvrp100_17879.json,0
"[""pyvrp_cost_not_converged"", ""route_membership_ambiguous""]",unstable_cost,False,0.22586596510910795,cvrp_s7799_n20-50-100_x66667_cvrp100_17944,0.08222222222222222,False,False,0.0,0.0,0.0,100,1,True,17.27133227767904,False,True,18.327545087719063,True,17.045466312569932,4,4,0.002972266424420458,17.096129979779374,False,314159,17.045466312569932,4044590106,11,f8ce711f6142eb5c8b57b206843b55c45233a1c4887e6e3cafb25398543ee2aa,40.06715100800011,pyvrp,40.0,0.013077506788576493,cvrp100_17944.json,0
"[""pyvrp_cost_not_converged""]",unstable_cost,False,0.14747133049560546,cvrp_s7799_n20-50-100_x66667_cvrp100_17958,0.07333333333333333,True,False,0.23,0.009292929292929294,0.009292929292929294,100,2,True,14.075068944954575,False,True,14.67293693637543,True,13.92759761445897,4,4,0.005673537253357195,14.006616358374371,False,314160,13.92759761445897,3784407115,10,83e14c4412a9cb38716b9cda9a56b39e528a38cc6ee54ab78b58dbde3396a9cc,40.080696791000264,pyvrp,40.0,0.010477485479633748,cvrp100_17958.json,0
"[""accepted""]",not_selected,True,0.36847902755301476,cvrp_s7799_n20-50-100_x66667_cvrp100_17960,0.09777777777777778,True,True,0.0,0.0,0.0,100,2,False,17.851442064028884,False,False,,False,17.48296303647587,4,4,0.003110203671551839,17.53733861230152,True,314161,17.48296303647587,1401298112,11,10b3936dbbd4f2a67d38967644bb794a1aa4d4567aa357a5439a694c951f9a76,40.10826060300042,pyvrp,40.0,0.02064141519947621,cvrp100_17960.json,0
"[""pyvrp_cost_not_converged"", ""route_membership_ambiguous""]",unstable_cost,False,0.26267675195636286,cvrp_s7799_n20-50-100_x66667_cvrp100_18129,0.08404040404040404,False,False,0.0,0.0,0.0,100,1,True,14.884267850335428,False,True,15.7344644605627,True,14.621591098379065,4,4,0.00542994595883105,14.700985547875389,False,314159,14.621591098379065,1965309517,11,f412c9db002061382b1913cf4230901159d49b4092628e8e40bf2e3f7c5ef32b,40.115244446999895,pyvrp,40.0,0.017647945777221636,cvrp100_18129.json,0
"[""accepted""]",not_selected,True,0.29473006246209366,cvrp_s7799_n20-50-100_x66667_cvrp100_18300,0.08121212121212121,True,True,0.0,0.0,0.0,100,4,False,15.992445066043796,False,False,,False,15.697715003581703,4,4,2.263204344065291e-16,15.697715003581706,True,314162,15.697715003581703,2281197034,10,5548d0d7589e2c1f9102b07457712df236d737c537aead1e3a35c0c8c888369b,40.07689668200055,pyvrp,40.0,0.01842933092750675,cvrp100_18300.json,0
"[""pyvrp_cost_not_converged""]",unstable_cost,False,0.2691352667334268,cvrp_s7799_n20-50-100_x66667_cvrp100_18312,0.0703030303030303,True,False,0.0,0.0,0.0,100,3,True,14.612091899810189,False,True,15.191666621328377,True,14.342956633076762,4,4,0.00910749471532274,14.473585034814612,False,314162,14.342956633076762,4194057751,11,a4fb891ba1b87f03fadc8645b16fab4d473c602df607c0223485dabe7695b351,40.10593993300063,pyvrp,40.0,0.01841866781148036,cvrp100_18312.json,0
"[""pyvrp_cost_not_converged""]",unstable_cost,False,0.495509652623479,cvrp_s7799_n20-50-100_x66667_cvrp100_18382,0.09292929292929293,True,False,0.0,0.0,0.0,100,2,True,18.43824986043297,False,True,19.48408304166369,True,17.94274020780949,4,4,0.0061675186418874385,18.053402392527698,False,314161,17.94274020780949,3262812636,11,9372337dfe2ddd6ad0b1fdea9d04f6e77732fe485410a515a639b9a30f1f5c2c,40.08328442099992,pyvrp,40.0,0.026874006826797792,cvrp100_18382.json,0
"[""pyvrp_cost_not_converged"", ""route_membership_ambiguous""]",unstable_cost,False,0.33486046991323803,cvrp_s7799_n20-50-100_x66667_cvrp100_18549,0.07656565656565656,False,False,0.0,0.0,0.0,100,1,True,19.177035187110363,False,True,19.90544780791626,True,18.842174717197125,4,4,0.0021035834040110607,18.881810803227697,False,314162,18.842174717197125,2488577584,10,91cdbfc008669e83583c75dbcd216c728fc53095fea046ca009c3d4e6b4b1803,40.093639519000135,pyvrp,40.0,0.017461534937283262,cvrp100_18549.json,0
"[""route_membership_ambiguous""]",unstable_matrix,True,0.24249738722708258,cvrp_s7799_n20-50-100_x66667_cvrp100_18882,0.07494949494949495,False,False,0.18,0.052525252525252523,0.035016835016835016,100,3,True,14.801837862596976,False,True,15.370796952910402,True,14.559340475369893,4,4,0.0032832485064995293,14.60714240824127,True,314161,14.559340475369893,2480272145,11,3c82b51d361df5f1e51cc476d39de55a5c576da9f08ad2472bddc6c50c3a7947,40.07279220000055,pyvrp,40.0,0.016382924166454593,cvrp100_18882.json,0
"[""pyvrp_cost_not_converged"", ""route_membership_ambiguous""]",unstable_cost,False,0.2688053173018794,cvrp_s7799_n20-50-100_x66667_cvrp100_18898,0.08060606060606061,False,False,0.2,0.06585858585858585,0.06585858585858585,100,2,True,17.465162467958784,False,True,18.249954896312843,True,17.196357150656905,4,4,0.005287663577973918,17.287285702036264,False,314162,17.196357150656905,3315517334,11,c1a26f2f3a454163e97804e79ea819f48041830d4b20c9d4eccf3026ddc1b72a,40.07207118400038,pyvrp,40.0,0.015390942843791115,cvrp100_18898.json,0
"[""pyvrp_cost_not_converged"", ""route_membership_ambiguous""]",unstable_cost,False,0.5091487281120699,cvrp_s7799_n20-50-100_x66667_cvrp100_19077,0.09757575757575758,False,False,0.0,0.0,0.0,100,1,True,18.10304900760411,False,True,18.587868591216637,True,17.59390027949204,4,4,0.0024083959988766015,17.636273358529802,False,314161,17.59390027949204,1883175477,10,d3c4da5200417cbc445616724b20edb211124fc11d2723b3d74403e22751d13d,40.106990127000245,pyvrp,40.0,0.02812502622614589,cvrp100_19077.json,0
"[""accepted""]",not_selected,True,0.6514243349531768,cvrp_s7799_n20-50-100_x66667_cvrp100_19291,0.09858585858585858,True,True,0.0,0.0,0.0,100,3,False,20.162646175418434,False,False,,False,19.511221840465257,4,4,0.0016953922963130494,19.544301015665237,True,314160,19.511221840465257,2097871150,11,037c12ea4e23976cbdda837e97aad0f30401d20cd67f2cd69471917c6ef85e65,40.109862592000354,pyvrp,40.0,0.03230847425906673,cvrp100_19291.json,0
"[""route_membership_ambiguous""]",unstable_matrix,True,0.397825224310564,cvrp_s7799_n20-50-100_x66667_cvrp100_19495,0.08707070707070708,False,False,0.24,0.06262626262626263,0.031313131313131314,100,4,True,15.911079609108493,False,True,16.673942907032895,True,15.513254384797929,4,4,0.0007673191836465276,15.525158002488173,True,314159,15.513254384797929,206190966,10,c3bbff97e0a92ab1b836d39107a548042a759e18c10a063ebe337e1f50bdc5c4,40.08568532299978,pyvrp,40.0,0.02500303147768955,cvrp100_19495.json,0
"[""pyvrp_cost_not_converged""]",unstable_cost,False,0.24726971621952742,cvrp_s7799_n20-50-100_x66667_cvrp100_19556,0.07838383838383839,True,False,0.0,0.0,0.0,100,2,True,15.974112827924198,False,True,16.700092672064137,True,15.726843111704671,4,4,0.0076305638453577325,15.846847792154458,False,314161,15.726843111704671,1887022897,10,dd40128a61e19ac53e1106e24ef9105b3b32f3f9a59c159628342d84d420e2a5,40.093226168,pyvrp,40.0,0.0154794021353898,cvrp100_19556.json,0
"[""accepted""]",not_selected,True,0.3211014854555181,cvrp_s7799_n20-50-100_x66667_cvrp100_19586,0.06262626262626263,True,True,0.0,0.0,0.0,100,2,False,13.479497031231949,False,False,,False,13.15839554577643,4,4,0.002946069612338822,13.197161095040977,True,314160,13.15839554577643,2419933376,10,1b89c3c0ce5c3b5aa7bfe81b11b6be04a0577bca1758710609c63b9be344fc29,40.09928357699937,pyvrp,40.0,0.023821473806591376,cvrp100_19586.json,-1
"[""pyvrp_cost_not_converged"", ""route_membership_ambiguous""]",unstable_cost,False,0.45917971972087557,cvrp_s7799_n20-50-100_x66667_cvrp100_19767,0.09454545454545454,False,False,0.0,0.0,0.0,100,1,True,16.555488347365472,False,True,16.71664144093979,True,16.096308627644596,4,4,0.007340966275610279,16.21447108644195,False,314162,16.096308627644596,3993327234,11,98103ef24b67c07ee93b835e5218efcd9d99522f964d83b0d627e8612a78e99d,40.10941592299969,pyvrp,40.0,0.02773580036338501,cvrp100_19767.json,0
"[""accepted""]",not_selected,True,0.3346377050293228,cvrp_s7799_n20-50-100_x66667_cvrp100_19831,0.030303030303030304,True,True,0.17,0.03838383838383838,0.01983164983164983,100,4,False,20.09884333648721,False,False,,False,19.764205631457887,4,4,0.00039716326742010686,19.77205524794444,True,314162,19.764205631457887,2957380652,11,d7187c9803e2a9437014601eb06b03b46ae50c082422609564882fcd6ea260bd,40.08356272400033,pyvrp,40.0,0.01664960014996611,cvrp100_19831.json,0
"[""accepted""]",not_selected,True,0.17427273249348474,cvrp_s7799_n20-50-100_x66667_cvrp100_19838,0.05616161616161616,True,True,0.0,0.0,0.0,100,3,False,16.903621036741797,False,False,,False,16.72934830424831,4,4,0.00481752790028363,16.80994240645759,True,314160,16.72934830424831,3946746592,12,65475c799cdd83641703f2569bf5237c37de7e9879d247983d369eea33b2216a,40.10226763100036,pyvrp,40.0,0.010309787004493573,cvrp100_19838.json,0
"[""accepted""]",stable_control,True,0.38688752741678734,cvrp_s7799_n20-50-100_x66667_cvrp100_20010,0.07171717171717172,True,True,0.0,0.0,0.0,100,4,False,16.0272343774917,False,True,17.062357777998216,True,15.640346850074911,4,4,2.0226084652678865e-05,15.640663193054298,True,314159,15.640346850074911,872953433,11,dac8695f635405855d68123d46036ea63783812c73505e6b0d8a6514223ad788,40.08640383300008,pyvrp,40.0,0.024139381649033835,cvrp100_20010.json,0
"[""pyvrp_cost_not_converged""]",unstable_cost,False,0.3672176963886429,cvrp_s7799_n20-50-100_x66667_cvrp100_20097,0.09313131313131313,True,False,0.0,0.0,0.0,100,2,True,16.812871087904384,False,True,18.279993321187305,True,16.44565339151574,4,4,0.005211185754125644,16.531354746186896,False,314162,16.44565339151574,3695929214,10,211fe7039d450e2834537a6b531f166d611cd57881748b3c28e7aaae3855bdb1,40.1205098319997,pyvrp,40.0,0.0218414626787229,cvrp100_20097.json,0
"[""pyvrp_cost_not_converged"", ""route_membership_ambiguous""]",unstable_cost,False,0.23038517473645825,cvrp_s7799_n20-50-100_x66667_cvrp100_20160,0.05454545454545454,False,False,0.0,0.0,0.0,100,1,True,16.692279321730684,False,True,17.55761308283117,True,16.461894146994226,4,4,0.013252239804106057,16.680051115860003,False,314161,16.461894146994226,764641167,11,fa46163e8b25d7223f2d11b5615aff8bc62054dd50a376ad7486366d7b3ef254,40.11440955299986,pyvrp,40.0,0.013801900285513046,cvrp100_20160.json,0
"[""pyvrp_cost_not_converged"", ""route_membership_ambiguous""]",unstable_cost,False,0.3599381650001927,cvrp_s7799_n20-50-100_x66667_cvrp100_20267,0.09575757575757576,False,False,0.0,0.0,0.0,100,1,True,16.134780970636776,False,True,16.827549709327197,True,15.774842805636583,4,4,0.00679194169802134,15.881984618267918,False,314161,15.774842805636583,191563109,10,4e55b833c1ddbdac536340e9644d96351176e8ae98947306b6f1f091fed97819,40.0993424749995,pyvrp,40.0,0.022308215131970732,cvrp100_20267.json,0
"[""pyvrp_cost_not_converged""]",unstable_cost,False,0.31010582306515744,cvrp_s7799_n20-50-100_x66667_cvrp100_20549,0.06262626262626263,True,False,0.0,0.0,0.0,100,3,True,17.326606533527478,False,True,18.226632190766974,True,17.01650071046232,4,4,0.010018859729474331,17.186986644166943,False,314162,17.01650071046232,691133137,11,49b35438ffc882e1145425d329d2abe372e97c956d653fac31c4b442124360c8,40.09642452499975,pyvrp,40.0,0.017897666370220493,cvrp100_20549.json,0
"[""accepted""]",not_selected,True,0.2305864966804645,cvrp_s7799_n20-50-100_x66667_cvrp100_20685,0.10101010101010101,True,True,0.0,0.0,0.0,100,3,False,13.19871092919018,False,False,,False,12.968124432509715,4,4,0.0010671179013330432,12.98196295023836,True,314159,12.968124432509715,1827497878,10,69e7f58fd9d7d3a13f373e4c241b8674216eb32d246d47b36582d80ac81a0179,40.089753008000116,pyvrp,40.0,0.01747038009374847,cvrp100_20685.json,0
"[""accepted""]",not_selected,True,0.1692997238230909,cvrp_s7799_n20-50-100_x66667_cvrp100_20726,0.07151515151515152,True,True,0.0,0.0,0.0,100,3,False,15.600774797954514,False,False,,False,15.431475074131423,4,4,0.002487127354381371,15.46985511790675,True,314162,15.431475074131423,2054867531,10,0f8df161541e8c85e778ab8fa83d74bdf998dfd961bcd8b9de8701962a143117,40.07839808600056,pyvrp,40.0,0.010852007417303947,cvrp100_20726.json,0
"[""accepted""]",stable_control,True,0.4464109947380237,cvrp_s7799_n20-50-100_x66667_cvrp100_20821,0.09353535353535354,True,True,0.0,0.0,0.0,100,2,False,18.04150721581996,False,True,20.00221072797816,True,17.595096221081935,4,4,0.0021671253767506678,17.63322700060901,True,314160,17.595096221081935,788724647,10,e6b45b07a4c02020e2e4f35ad4f0a7cf9dbbcaff139964f4229485e23eb34070,40.07277066700044,pyvrp,40.0,0.0247435532629215,cvrp100_20821.json,0
"[""accepted""]",not_selected,True,0.22048083639472082,cvrp_s7799_n20-50-100_x66667_cvrp100_20970,0.09575757575757576,True,True,0.21,0.044848484848484846,0.029898989898989897,100,3,False,14.531820997190222,False,False,,False,14.3113401607955,4,4,0.0022314739016992503,14.343275542862656,True,314161,14.3113401607955,2740488632,11,b8ca7de0de6651ad823e4ecd73be0d08dd10072e84da8a5ab4aaa381489d00ea,40.07740193399968,pyvrp,40.0,0.015172278576604513,cvrp100_20970.json,1
"[""accepted""]",not_selected,True,0.3147313313290496,cvrp_s7799_n20-50-100_x66667_cvrp100_21016,0.10909090909090909,True,True,0.19,0.03636363636363636,0.01818181818181818,100,4,False,17.963215059501255,False,False,,False,17.648483728172206,4,4,0.000545772035847227,17.658115777066147,True,314161,17.648483728172206,1957502193,11,194f6c8c3724323c180aed9e59fb7ea9dcf3b167aee23933262511f133e8c51e,40.075664295000024,pyvrp,40.0,0.017520879769380663,cvrp100_21016.json,0
"[""pyvrp_cost_not_converged"", ""route_membership_ambiguous""]",unstable_cost,False,0.27503522112661116,cvrp_s7799_n20-50-100_x66667_cvrp100_21122,0.04303030303030303,False,False,0.0,0.0,0.0,100,1,True,15.471353230458101,False,True,17.107148027399642,True,15.19631800933149,4,4,0.009301101296730993,15.33766050247362,False,314160,15.19631800933149,72941728,11,0dfa3ec797190d553f82aa4d738fcf0f040a8538ebb9eee7b58a7d9d49a6f77e,40.10454064000078,pyvrp,40.0,0.01777706300345826,cvrp100_21122.json,0
"[""accepted""]",not_selected,True,0.36423233854109327,cvrp_s7799_n20-50-100_x66667_cvrp100_21192,0.0993939393939394,True,True,0.0,0.0,0.0,100,2,False,17.688287642630012,False,False,,False,17.32405530408892,4,4,0.0021217045891585534,17.36081183173044,True,314162,17.32405530408892,3454802354,10,c2653b7ea2b4c127d2395fe7c1579fb7100894b2c32c1f8260a6c4ee563568c9,40.13682724000046,pyvrp,40.0,0.0205917240775341,cvrp100_21192.json,0
"[""route_membership_ambiguous""]",unstable_matrix,True,0.2038270745556634,cvrp_s7799_n20-50-100_x66667_cvrp100_21228,0.08,False,False,0.21,0.07838383838383839,0.041750841750841754,100,4,True,15.626087208748965,False,True,18.382377883225637,True,15.422260134193301,4,4,0.0009537182586220597,15.4369686252725,True,314162,15.422260134193301,1324451591,12,477a0bf8307603289594aad223bd68eac011ae225abf52dd06a970201dfc663b,40.08851547699942,pyvrp,40.0,0.013044025150553471,cvrp100_21228.json,0
"[""accepted""]",stable_control,True,0.33170629036795063,cvrp_s7799_n20-50-100_x66667_cvrp100_21269,0.043434343434343436,True,True,0.0,0.0,0.0,100,4,False,15.455922479427855,False,True,16.17295468162194,True,15.124216189059904,4,4,3.5235350061020236e-16,15.12421618905991,True,314161,15.124216189059904,1167668447,10,a8585a0695d2381bf427eb0870b9cccf6432dc4ad5885fe9b711f85b00dcb6bb,40.089716502000556,pyvrp,40.0,0.021461435951782133,cvrp100_21269.json,0
"[""pyvrp_cost_not_converged"", ""route_membership_ambiguous""]",unstable_cost,False,0.16612362697704697,cvrp_s7799_n20-50-100_x66667_cvrp100_21337,0.09313131313131313,False,False,0.0,0.0,0.0,100,1,True,12.442264072703166,False,True,13.41570235909808,True,12.276140445726119,4,4,0.008681317472530583,12.38271351827284,False,314160,12.276140445726119,621662667,10,a5b915628741efb95905bf58b56e8c1e8d947b051c2e566fa9ac703961a7b064,40.11919072099954,pyvrp,40.0,0.013351559330869876,cvrp100_21337.json,0
"[""accepted""]",not_selected,True,0.12178193381714486,cvrp_s7799_n20-50-100_x66667_cvrp100_2149,0.06323232323232324,True,True,0.0,0.0,0.0,100,4,False,13.220330263744032,False,False,,False,13.098548329926887,4,4,9.49303507732384e-16,13.0985483299269,True,314160,13.098548329926887,802994333,10,2b11199b91d5cfb1e216f7098c5914aadadadab01620225be9c2360b5fe43ba7,40.093294966999565,pyvrp,40.0,0.009211716453947036,cvrp100_2149.json,0
"[""accepted""]",not_selected,True,0.3200511720781236,cvrp_s7799_n20-50-100_x66667_cvrp100_21759,0.08303030303030302,True,True,0.19,0.045858585858585856,0.022929292929292928,100,4,False,16.423153520669434,False,False,,False,16.10310234859131,4,4,0.0006020558057888118,16.11279731485149,True,314159,16.10310234859131,1190073651,10,b2a02e5000f3a16676056cf2cf36203dd739c0dc380383991f0c77e046f3ace7,40.093904272000145,pyvrp,40.0,0.01948780249026606,cvrp100_21759.json,0
"[""pyvrp_cost_not_converged""]",unstable_cost,False,0.4411744024228881,cvrp_s7799_n20-50-100_x66667_cvrp100_21763,0.07131313131313131,True,False,0.0,0.0,0.0,100,3,True,17.331849479539063,False,True,17.681246340859094,True,16.890675077116175,4,4,0.006021826635052116,16.992387794179564,False,314160,16.890675077116175,2956810739,11,3440145889c422fcb781b6904baa9057ea36d391b570958a16689a3dc48eb6e8,40.08648528100002,pyvrp,40.0,0.025454548456799835,cvrp100_21763.json,0
"[""pyvrp_cost_not_converged""]",unstable_cost,False,0.5092202496362717,cvrp_s7799_n20-50-100_x66667_cvrp100_21894,0.06909090909090909,True,False,0.0,0.0,0.0,100,3,True,15.825558868763187,False,True,16.2742996940339,True,15.316338619126915,4,4,0.007738996118135349,15.434871704244385,False,314162,15.316338619126915,4253728900,10,f0fdd0dd34ea835dd7944893af849658d9ee125c7fad47480ba419ceccfd67da,40.07021871899997,pyvrp,40.0,0.03217707847533783,cvrp100_21894.json,0
"[""route_membership_ambiguous""]",unstable_matrix,True,0.39072491274707133,cvrp_s7799_n20-50-100_x66667_cvrp100_21909,0.11050505050505051,False,False,0.23,0.06585858585858585,0.059124579124579114,100,3,True,16.685626894429397,False,True,17.499943270766483,True,16.294901981682326,4,4,0.004385919980366361,16.366370117861898,True,314162,16.294901981682326,2409875235,11,1ee86b9c8d9320a837e852ce035dfad180cb498645135027fc70ea4a9feb4d12,40.08535926900004,pyvrp,40.0,0.023416855430077807,cvrp100_21909.json,0
"[""accepted""]",not_selected,True,0.30089360919776276,cvrp_s7799_n20-50-100_x66667_cvrp100_21995,0.08121212121212121,True,True,0.24,0.034545454545454546,0.017272727272727273,100,4,False,15.98086068412524,False,False,,False,15.679967074927477,4,4,0.0008905308764500958,15.693930569749421,True,314162,15.679967074927477,2512662477,11,4b7f062a1d17c0bcaedbff97c342fcf2d02838f623bb5dc4e97e1c2bc7357fc0,40.08011615699979,pyvrp,40.0,0.0188283732112538,cvrp100_21995.json,0
"[""accepted""]",stable_control,True,0.3791368124601213,cvrp_s7799_n20-50-100_x66667_cvrp100_22031,0.07191919191919192,True,True,0.2,0.017373737373737375,0.008686868686868687,100,4,False,17.729718369658386,False,True,18.508867431755164,True,17.350581557198264,4,4,0.000777887318303476,17.3640783545568,True,314161,17.350581557198264,1820275551,10,873007709ff0f2e75f3a5c4490ba94beefcc9c718e4d0bfc1fc7ddb5a93389e8,40.06744931599951,pyvrp,40.0,0.021384254648339714,cvrp100_22031.json,0
"[""pyvrp_cost_not_converged"", ""route_membership_ambiguous""]",unstable_cost,False,0.2054385638654157,cvrp_s7799_n20-50-100_x66667_cvrp100_22252,0.044848484848484846,False,False,0.0,0.0,0.0,100,1,True,15.27866436727147,False,True,15.95920249524455,True,15.073225803406054,4,4,0.018574007657100152,15.353196014895717,False,314161,15.073225803406054,3025019159,11,2c264b6719ca1d5de1e3925a4a1d1b38ad6ed494045290462028cfbb00ba70e0,40.099873791999926,pyvrp,40.0,0.013446107521380406,cvrp100_22252.json,0
"[""accepted""]",not_selected,True,0.15284341729768514,cvrp_s7799_n20-50-100_x66667_cvrp100_22454,0.052525252525252523,True,True,0.0,0.0,0.0,100,4,False,16.24242132159527,False,False,,False,16.089577904297585,4,4,2.2080838291298856e-16,16.089577904297588,True,314160,16.089577904297585,1631349477,11,95a984c3b3747460c0c20cf48641c7d373c309bbd611d3db12b6ee941cbfb348,40.082871409999825,pyvrp,40.0,0.009410137458660223,cvrp100_22454.json,0
"[""pyvrp_cost_not_converged"", ""route_membership_ambiguous""]",unstable_cost,False,0.24104719276386177,cvrp_s7799_n20-50-100_x66667_cvrp100_22627,0.07818181818181819,False,False,0.0,0.0,0.0,100,1,True,14.706260296739288,False,True,15.369341354145044,True,14.465213103975426,4,4,0.0035745791712584914,14.516920153444712,False,314159,14.465213103975426,917691865,11,73c6fd65783ce28bb0d264127cddde68059460e15d69a97b7d0d98f4acf33134,40.093298433999735,pyvrp,40.0,0.016390787861772543,cvrp100_22627.json,0
"[""pyvrp_cost_not_converged"", ""route_membership_ambiguous""]",unstable_cost,False,0.28425388018926157,cvrp_s7799_n20-50-100_x66667_cvrp100_23034,0.09696969696969697,False,False,0.0,0.0,0.0,100,1,True,16.58581541472989,False,True,17.791344502097388,True,16.301561534540628,4,4,0.0036007174714315156,16.360258851969665,False,314159,16.301561534540628,387764658,11,e7f2279bec92d0c7d63a3f2ce1ca98430a41805b0f92e23b98b24fe6697b20a6,40.10167572699993,pyvrp,40.0,0.017138372342960916,cvrp100_23034.json,0
"[""accepted""]",not_selected,True,0.24903592616450965,cvrp_s7799_n20-50-100_x66667_cvrp100_23078,0.06808080808080808,True,True,0.21,0.028888888888888888,0.028888888888888888,100,2,False,19.85305349537121,False,False,,False,19.6040175692067,4,4,0.0022820887911236174,19.648755677962377,True,314161,19.6040175692067,3324953588,11,14c00b98f067a8ea0e712c87f67d9024f7b05622330245a9ff999921305fb726,40.10185575499963,pyvrp,40.0,0.012543960868416186,cvrp100_23078.json,0
"[""accepted""]",not_selected,True,0.1971639761554922,cvrp_s7799_n20-50-100_x66667_cvrp100_2322,0.07373737373737374,True,True,0.2,0.03111111111111111,0.02074074074074074,100,3,False,15.744338407287552,False,False,,False,15.54717443113206,4,4,0.0012720216570233976,15.56695077371398,True,314160,15.54717443113206,2616949401,11,2de0ae39171257c2e363617db7d2a0f311de61e4ce144887ef63a6d771c2e50b,40.09518616500009,pyvrp,40.0,0.012522849233488991,cvrp100_2322.json,0
"[""route_membership_ambiguous""]",unstable_matrix,True,0.15170383303294166,cvrp_s7799_n20-50-100_x66667_cvrp100_23571,0.04080808080808081,False,False,0.21,0.051111111111111114,0.026767676767676763,100,4,True,13.626099894946352,False,True,13.917132862763738,True,13.47439606191341,4,4,0.00022957966227496872,13.477489509210663,True,314162,13.47439606191341,2284488439,10,1ca4278085ba5a1bffbe2580b75207fe47f3734532305f74922ab5b86fb68461,40.09910452399981,pyvrp,40.0,0.011133327526037408,cvrp100_23571.json,0
"[""accepted""]",not_selected,True,0.21183553952047873,cvrp_s7799_n20-50-100_x66667_cvrp100_23575,0.05555555555555555,True,True,0.0,0.0,0.0,100,4,False,15.453135612786394,False,False,,False,15.241300073265915,4,4,2.33097810667225e-16,15.241300073265919,True,314160,15.241300073265915,2694165281,11,a67004440ba8951b3e526571f81649ca0b745e3fce1ec4670506b9eb7c5ca8b0,40.09858943400013,pyvrp,40.0,0.013708256034794619,cvrp100_23575.json,0
"[""accepted""]",stable_control,True,0.11116188692272999,cvrp_s7799_n20-50-100_x66667_cvrp100_23653,0.03111111111111111,True,True,0.0,0.0,0.0,100,4,False,14.46733626719217,False,True,15.389466086164564,True,14.35617438026944,4,4,1.2373469368285224e-16,14.356174380269442,True,314160,14.35617438026944,1490776574,10,395cdfd4afc2d07a111a568036ca1fa34b6aafa7f91d482c4b5005bc971cc886,40.09092279699962,pyvrp,40.0,0.007683645756877424,cvrp100_23653.json,0
"[""accepted""]",not_selected,True,0.2301499835783769,cvrp_s7799_n20-50-100_x66667_cvrp100_23786,0.06303030303030303,True,True,0.0,0.0,0.0,100,2,False,16.230079041236152,False,False,,False,15.999929057657775,4,4,0.0029324288762525106,16.046847711644443,True,314160,15.999929057657775,1504681136,10,8973024c645447869b70bfd11c5f880c1b402131e4207f0aa7d6c53ce2b5a7d9,40.09368730700044,pyvrp,40.0,0.01418045981129416,cvrp100_23786.json,0
"[""pyvrp_cost_not_converged""]",unstable_cost,False,0.2984514509358682,cvrp_s7799_n20-50-100_x66667_cvrp100_23833,0.06424242424242424,True,False,0.0,0.0,0.0,100,3,True,17.641234875055083,False,True,17.95665265261215,True,17.342783424119215,4,4,0.005294623250622196,17.434606928467062,False,314161,17.342783424119215,2846022927,11,78a572fd3f18006f43d3b5b93a4c5df49962abf09f554be53da084ab79a32bad,40.10682927400012,pyvrp,40.0,0.01691783217272857,cvrp100_23833.json,0
"[""pyvrp_cost_not_converged"", ""route_membership_ambiguous""]",unstable_cost,False,0.453028159710092,cvrp_s7799_n20-50-100_x66667_cvrp100_24088,0.07171717171717172,False,False,0.0,0.0,0.0,100,1,True,16.452212977213023,False,True,17.04718567410803,True,15.99918481750293,4,4,0.007456943921161241,16.118489841471344,False,314160,15.99918481750293,967296273,10,a1a0769236d96435e9f8d1d399674113782b367fd769220220e4b8b7e1a4b8c4,40.08990316800009,pyvrp,40.0,0.027536001408294087,cvrp100_24088.json,0
"[""accepted""]",not_selected,True,0.1284493541081737,cvrp_s7799_n20-50-100_x66667_cvrp100_24196,0.04767676767676768,True,True,0.0,0.0,0.0,100,4,False,13.496487006999688,False,False,,False,13.368037652891514,4,4,7.972853842236254e-16,13.368037652891525,True,314162,13.368037652891514,2185540728,10,9a254ba3b4d4fbb39967c60e35eafa0acdb8f8aba0b58e98e3efe9d8ad5a4409,40.08876518600027,pyvrp,40.0,0.009517243564310919,cvrp100_24196.json,0
"[""pyvrp_cost_not_converged"", ""route_membership_ambiguous""]",unstable_cost,False,0.17364224166388453,cvrp_s7799_n20-50-100_x66667_cvrp100_24395,0.09070707070707071,False,False,0.0,0.0,0.0,100,1,True,14.393461570385012,False,True,14.849920882885598,True,14.219819328721128,4,4,0.0015064270071110633,14.241240448594153,False,314160,14.219819328721128,2377831316,11,c5ca70893029154488d6b22aded0552baaed32f0370d315fbd47783ab5cb75f9,40.076605186999586,pyvrp,40.0,0.012063966740367638,cvrp100_24395.json,0
"[""accepted""]",not_selected,True,0.31487951670079184,cvrp_s7799_n20-50-100_x66667_cvrp100_24461,0.09191919191919191,True,True,0.19,0.03737373737373737,0.018686868686868686,100,4,False,16.651140626992234,False,False,,False,16.336261110291442,4,4,0.0005398531325988754,16.345080292026786,True,314160,16.336261110291442,458394822,10,57fb8f24436f784e8851cf8fd27b82c214220206c9faa3c9b0c3078b02edd023,40.07986751200042,pyvrp,40.0,0.01891038720736994,cvrp100_24461.json,0
"[""route_membership_ambiguous""]",unstable_matrix,True,0.2591676335858004,cvrp_s7799_n20-50-100_x66667_cvrp100_24577,0.07878787878787878,False,False,0.19,0.07292929292929293,0.04861952861952862,100,3,True,16.686456509150606,False,True,17.216829332621675,True,16.427288875564805,4,4,0.0030290505753003483,16.47704796438396,True,314161,16.427288875564805,279719045,11,87940f778afebf68ef3b1979f5fc6ad41812928c428c06c0172f192011a1c820,40.082693729999846,pyvrp,40.0,0.015531615921191939,cvrp100_24577.json,0
"[""pyvrp_cost_not_converged"", ""route_membership_ambiguous""]",unstable_cost,False,0.41619006892369015,cvrp_s7799_n20-50-100_x66667_cvrp100_24589,0.09212121212121212,False,False,0.22,0.07737373737373737,0.07737373737373737,100,2,True,19.70244160185241,False,True,20.872283576831105,True,19.28625153292872,4,4,0.009139612896332104,19.46252040616098,False,314160,19.28625153292872,3146526775,10,05748dfba924b05d5627bda2d11f529cbace64219f300f879579390fc2e20fbe,40.08620744499967,pyvrp,40.0,0.021123781373601953,cvrp100_24589.json,0
"[""pyvrp_cost_not_converged""]",unstable_cost,False,0.07812408881917676,cvrp_s7799_n20-50-100_x66667_cvrp100_24738,0.09131313131313132,True,False,0.25,0.010101010101010102,0.010101010101010102,100,2,True,16.80193273535495,False,True,17.774797639825273,True,16.723808646535772,4,4,0.0056911916410149095,16.81898704651087,False,314160,16.723808646535772,96056070,11,e0b9f0e53cb5c1aef9f5fc7f33aadb7acee764cb044921598354f1d2c426120f,40.09743824599991,pyvrp,40.0,0.00464970846209773,cvrp100_24738.json,0
"[""route_membership_ambiguous""]",unstable_matrix,True,0.32701126885020493,cvrp_s7799_n20-50-100_x66667_cvrp100_2484,0.03838383838383838,False,False,0.21,0.07858585858585859,0.0523905723905724,100,3,True,15.685107121109127,False,True,16.904468259704128,True,15.358095852258922,4,4,0.004820861125606275,15.432135099516412,True,314159,15.358095852258922,1729611125,10,7393b316195af8d2ea4cd6e8b4f87604e4869b79b7478706fa1400d6dce11316,40.10648697800025,pyvrp,40.0,0.020848519957515042,cvrp100_2484.json,0
"[""accepted""]",not_selected,True,0.2445738931878907,cvrp_s7799_n20-50-100_x66667_cvrp100_25004,0.05898989898989899,True,True,0.0,0.0,0.0,100,3,False,14.019860455071282,False,False,,False,13.77528656188339,4,4,0.00453306555931117,13.837730838966706,True,314159,13.77528656188339,4231025069,10,1c56f7a0580c4191e26c035f4b53645d91aa54065f362a9f63e9e6bd20f34090,40.08459381400007,pyvrp,40.0,0.017444816513806534,cvrp100_25004.json,-1
"[""accepted""]",not_selected,True,0.2228506111205526,cvrp_s7799_n20-50-100_x66667_cvrp100_25052,0.03696969696969697,True,True,0.0,0.0,0.0,100,4,False,13.780617634947612,False,False,,False,13.55776702382706,4,4,3.9306402808332604e-16,13.557767023827065,True,314160,13.55776702382706,3306775675,11,f5a1a35cb35ab667e60a8b0bffdaaf4ea4b80e11e33776d730d0e3bf4c1627e5,40.0615957709997,pyvrp,40.0,0.01617130792130855,cvrp100_25052.json,0
"[""route_membership_ambiguous""]",unstable_matrix,True,0.32367279237125857,cvrp_s7799_n20-50-100_x66667_cvrp100_25155,0.0698989898989899,False,False,0.2,0.05131313131313131,0.03420875420875421,100,3,True,18.18908092614169,False,True,19.121604479026914,True,17.86540813377043,4,4,0.0011060797683863203,17.885168700261158,True,314159,17.86540813377043,2343357529,11,ecb6947a6417d0c2def7c44219d966ab4a416c6cb932880b6bf8f51762bf56b9,40.09984771600011,pyvrp,40.0,0.017794895392766654,cvrp100_25155.json,0
"[""accepted""]",not_selected,True,0.13554698094795548,cvrp_s7799_n20-50-100_x66667_cvrp100_25157,0.04101010101010101,True,True,0.0,0.0,0.0,100,4,False,14.999506613282353,False,False,,False,14.863959632334398,4,4,4.780305876332018e-16,14.863959632334405,True,314160,14.863959632334398,346718371,11,3582e2a0d3fd49966c0393d3bb9d9d9f2ae306e1bfb47c74994f459628c2e182,40.125760688999435,pyvrp,40.0,0.0090367626377741,cvrp100_25157.json,0
"[""accepted""]",stable_control,True,0.20947187827859537,cvrp_s7799_n20-50-100_x66667_cvrp100_25350,0.041616161616161614,True,True,0.0,0.0,0.0,100,4,False,12.394219835489478,False,True,12.679838062120835,True,12.184747957210883,4,4,2.915705512560906e-16,12.184747957210886,True,314160,12.184747957210883,2033367436,10,b6a470890bca71de65b6ad6028c7d4e8e6bf2274f52c0d155a9bf10818050059,40.09596138100005,pyvrp,40.0,0.016900771574084542,cvrp100_25350.json,0
"[""accepted""]",not_selected,True,0.12249308389750269,cvrp_s7799_n20-50-100_x66667_cvrp100_25837,0.036565656565656565,True,True,0.0,0.0,0.0,100,4,False,14.155655923667203,False,False,,False,14.0331628397697,4,4,3.5449119612016254e-05,14.033660303037742,True,314162,14.0331628397697,3044649689,10,885fa0cc77d5f4c5dbc8a1ab14d566b314f71772021255978281ec94b98f062a,40.100635591000355,pyvrp,40.0,0.008653296220113925,cvrp100_25837.json,0
"[""route_membership_ambiguous""]",unstable_matrix,True,0.4624552363778669,cvrp_s7799_n20-50-100_x66667_cvrp100_25894,0.09717171717171717,False,False,0.22,0.056767676767676765,0.036026936026936025,100,4,True,17.345968714504544,False,True,18.437296946540997,True,16.883513478126677,4,4,0.0005473664664581311,16.892754947240597,True,314159,16.883513478126677,2844611111,10,112e3b93fdcffa2f78a9d369f728c4ba203c2d2dc6ae00b0a459d0be91e9de63,40.10965763799959,pyvrp,40.0,0.02666067511070546,cvrp100_25894.json,0
"[""accepted""]",not_selected,True,0.13512470656429088,cvrp_s7799_n20-50-100_x66667_cvrp100_25903,0.08161616161616161,True,True,0.0,0.0,0.0,100,4,False,14.912579995551301,False,False,,False,14.77745528898701,4,4,4.80828885531893e-16,14.777455288987017,True,314159,14.77745528898701,2191110875,10,e8fa63e1c077ff0121d10754d0f45cfc0b7d8b0aa53f282876ad10e96b781a1b,40.11651301100028,pyvrp,40.0,0.009061121992613021,cvrp100_25903.json,0
"[""pyvrp_cost_not_converged""]",unstable_cost,False,0.33703712691276877,cvrp_s7799_n20-50-100_x66667_cvrp100_26073,0.09737373737373738,True,False,0.0,0.0,0.0,100,2,True,15.001886204281867,False,True,16.260883690388848,True,14.664849077369098,4,4,0.021405143437105173,14.978752275353683,False,314161,14.664849077369098,3518790362,9,453e59b534d7515c34ac1ed844f855304c110b8b2428111bef64ff9a9e429f24,40.097978368999975,pyvrp,40.0,0.022466316723331162,cvrp100_26073.json,0
"[""pyvrp_cost_not_converged"", ""route_membership_ambiguous""]",unstable_cost,False,0.12019017469259552,cvrp_s7799_n20-50-100_x66667_cvrp100_26200,0.06484848484848485,False,False,0.0,0.0,0.0,100,1,True,15.230813698695876,False,True,16.158681746021397,True,15.11062352400328,4,4,0.008757233745785985,15.24295078624755,False,314159,15.11062352400328,118568923,11,7e5144ba67f252b75f71cfa58cef7f277f2da7743c5700f7cb1014507c34c0ef,40.08654443699925,pyvrp,40.0,0.00789125105659238,cvrp100_26200.json,0
"[""accepted""]",not_selected,True,0.19295778391230378,cvrp_s7799_n20-50-100_x66667_cvrp100_2629,0.04262626262626262,True,True,0.0,0.0,0.0,100,3,False,14.799799400297754,False,False,,False,14.60684161638545,4,4,0.0012817570941600883,14.625564039250525,True,314160,14.60684161638545,2959993676,11,ef45fdc6955b5829df0babcd5f21f83e63b63e2f836a28cc7bbcd0d9488aac65,40.06792089800001,pyvrp,40.0,0.013037864817844877,cvrp100_2629.json,0
"[""accepted""]",not_selected,True,0.14536373154530047,cvrp_s7799_n20-50-100_x66667_cvrp100_26468,0.04525252525252525,True,True,0.0,0.0,0.0,100,4,False,14.229862350703973,False,False,,False,14.084498619158673,4,4,5.044856440921317e-16,14.08449861915868,True,314161,14.084498619158673,1575078013,11,754e881ca6216219661dd1d7202758fadb194c9acd74f7bf83ba6ef1a85a9e42,40.084713577,pyvrp,40.0,0.010215399696969598,cvrp100_26468.json,0
"[""pyvrp_cost_not_converged""]",unstable_cost,False,0.20176918321637238,cvrp_s7799_n20-50-100_x66667_cvrp100_26885,0.05858585858585859,True,False,0.19,0.03434343434343434,0.022895622895622896,100,3,True,14.688066599311224,False,True,15.549901195852941,True,14.486297416094851,4,4,0.010828560301281764,14.643163161207337,False,314159,14.486297416094851,1631780259,11,03919cb27c54560d53a968cad722e92bf00f26c0e1ea0e837a61d8b6bd54a909,40.10098318099972,pyvrp,40.0,0.013736946374265082,cvrp100_26885.json,0
"[""accepted""]",not_selected,True,0.37848074513554764,cvrp_s7799_n20-50-100_x66667_cvrp100_2698,0.09818181818181818,True,True,0.12,0.0024242424242424242,0.0024242424242424242,100,2,False,18.813496013696433,False,False,,False,18.435015268560885,4,4,0.004073142614131818,18.51010371484343,True,314161,18.435015268560885,3937363560,11,6c3c7a4d650b683a3888cded47f6eaf42c3c1303813061c26034814486a63275,40.082099401999585,pyvrp,40.0,0.020117512707899132,cvrp100_2698.json,0
"[""accepted""]",not_selected,True,0.32587974191275215,cvrp_s7799_n20-50-100_x66667_cvrp100_2711,0.0905050505050505,True,True,0.0,0.0,0.0,100,3,False,14.739709778265292,False,False,,False,14.41383003635254,4,4,0.0016649848754960845,14.437828845361038,True,314160,14.41383003635254,3946260943,10,5ef3f59333b02af1e58871b190c1f03a03c4b69c90c49f5272153a62ee21f235,40.08362639799998,pyvrp,40.0,0.022108965971181067,cvrp100_2711.json,0
"[""pyvrp_cost_not_converged"", ""route_membership_ambiguous""]",unstable_cost,False,0.31610679774624373,cvrp_s7799_n20-50-100_x66667_cvrp100_27222,0.09474747474747475,False,False,0.0,0.0,0.0,100,1,True,14.601434099180233,False,True,14.815159463264461,True,14.28532730143399,4,4,0.0043975267705083105,14.348147410667519,False,314160,14.28532730143399,3670290804,10,d679a118a53283a119c8a81338d3b72263e9a64db0c0dbf246a5e6210f26eb24,40.073945696999544,pyvrp,40.0,0.021649024034152295,cvrp100_27222.json,0
"[""accepted""]",not_selected,True,0.10073605797679619,cvrp_s7799_n20-50-100_x66667_cvrp100_2739,0.045858585858585856,True,True,0.2,0.014141414141414142,0.009427609427609429,100,3,False,16.098362084199753,False,False,,False,15.997626026222957,4,4,0.003861453084616897,16.059400108588463,True,314162,15.997626026222957,2787866498,11,1ddd29af95a12cb97672c97a7b02a9b1a694916220cb74d5b5b751992b84f793,40.10403225400023,pyvrp,40.0,0.006257534614385819,cvrp100_2739.json,0
"[""pyvrp_cost_not_converged"", ""route_membership_ambiguous""]",unstable_cost,False,0.3426498174403285,cvrp_s7799_n20-50-100_x66667_cvrp100_27625,0.09171717171717171,False,False,0.0,0.0,0.0,100,1,True,14.944106777301972,False,True,15.584126076814123,True,14.601456959861643,4,4,0.011723710446137547,14.772640213350801,False,314162,14.601456959861643,1464121975,10,9e74ec25d854dfd3a563a6b2cea247b414fa67075ab2f59c5bce96170aa1cff1,40.08463595600006,pyvrp,40.0,0.022928758643558818,cvrp100_27625.json,0
"[""accepted""]",stable_control,True,0.2859573025211457,cvrp_s7799_n20-50-100_x66667_cvrp100_27857,0.06686868686868687,True,True,0.0,0.0,0.0,100,4,False,13.473036672634818,False,True,14.077399306124345,True,13.187079370113672,4,4,5.388173649507467e-16,13.187079370113679,True,314161,13.187079370113672,3404447682,11,65b46068b5425d261cf45b17fe9dd340fda7e676d3e0a49fe0c0bb211959ad16,40.097252536999804,pyvrp,40.0,0.021224413580195743,cvrp100_27857.json,0
"[""accepted""]",not_selected,True,0.2570154504259339,cvrp_s7799_n20-50-100_x66667_cvrp100_28054,0.10303030303030303,True,True,0.0,0.0,0.0,100,3,False,16.218009870496864,False,False,,False,15.96099442007093,4,4,0.0023972213974944403,15.999256457420014,True,314162,15.96099442007093,3547842650,11,981905ca7c773856422676515f82c0546444c315c671f68e9868271848e0bcc1,40.090317156999845,pyvrp,40.0,0.01584753323485675,cvrp100_28054.json,0
"[""pyvrp_cost_not_converged""]",unstable_cost,False,0.25682174258687596,cvrp_s7799_n20-50-100_x66667_cvrp100_28281,0.07090909090909091,True,False,0.0,0.0,0.0,100,2,True,14.035976893518507,False,True,15.535396827929437,True,13.779155150931631,4,4,0.005727129002881147,13.85807015003173,False,314159,13.779155150931631,3890906947,11,68b17219a5e7bba9935c46b9168583c9234691214fe5e4a85956e176ac853bf9,40.07504180599972,pyvrp,40.0,0.01829738995263453,cvrp100_28281.json,-1
"[""pyvrp_cost_not_converged""]",unstable_cost,False,0.2596116615901316,cvrp_s7799_n20-50-100_x66667_cvrp100_28298,0.04868686868686869,True,False,0.0,0.0,0.0,100,3,True,16.936903324877438,False,True,18.12175862466942,True,16.677291663287306,4,4,0.007814049782337263,16.80760885057879,False,314159,16.677291663287306,4216186781,11,4e39ced366082fc65169548b564512c74337e4e82aa847bad9298b76bee17431,40.06922513800055,pyvrp,40.0,0.01532816575795211,cvrp100_28298.json,0
"[""pyvrp_cost_not_converged"", ""route_membership_ambiguous""]",unstable_cost,False,0.3395129194701241,cvrp_s7799_n20-50-100_x66667_cvrp100_2853,0.07696969696969697,False,False,0.0,0.0,0.0,100,1,True,17.61899471655862,False,True,18.103896365564356,True,17.279481797088497,4,4,0.006626831061327001,17.393990003785078,False,314161,17.279481797088497,3441211292,10,1e832dbc06c5348b0f86ad33e1a1c3430496e93ed02c0c8fe8ee3d58985426ca,40.08732027399947,pyvrp,40.0,0.019269710044866762,cvrp100_2853.json,0
"[""pyvrp_cost_not_converged""]",unstable_cost,False,0.05583278302964878,cvrp_s7799_n20-50-100_x66667_cvrp100_28598,0.015555555555555555,True,False,0.0,0.0,0.0,100,3,True,13.794130098566505,False,True,14.483400899564746,True,13.738297315536856,4,4,0.006121800264542921,13.82240042767748,False,314161,13.738297315536856,2405398149,11,72c083ff68660aedda58421a5cf9916b0f7f198e07fe26c41540a1e8c0539f8a,40.07573127199976,pyvrp,40.0,0.004047575499918691,cvrp100_28598.json,0
"[""accepted""]",stable_control,True,0.14613724764379832,cvrp_s7799_n20-50-100_x66667_cvrp100_28640,0.06222222222222222,True,True,0.0,0.0,0.0,100,2,False,13.735582457042927,False,True,14.411887665091255,True,13.589445209399129,4,4,0.00396005679933865,13.64326018429985,True,314162,13.589445209399129,2303884814,11,629ade80dbafe55509c56220003793e7593a7d363eec34f078d1a75845dc22dc,40.11142643600033,pyvrp,40.0,0.010639319308142362,cvrp100_28640.json,0
"[""accepted""]",not_selected,True,0.21575990578890014,cvrp_s7799_n20-50-100_x66667_cvrp100_28846,0.0901010101010101,True,True,0.21,0.03878787878787879,0.03878787878787879,100,2,False,16.249397479090053,False,False,,False,16.033637573301153,4,4,0.00471484974093848,16.109233765259933,True,314159,16.033637573301153,1734027954,10,61cbc6887fbbbc0286bd3e548874dbb5875c864fc92f37fb8246a0f6928c5048,40.09407943300084,pyvrp,40.0,0.01327802498932917,cvrp100_28846.json,0
"[""accepted""]",not_selected,True,0.11057271986898876,cvrp_s7799_n20-50-100_x66667_cvrp100_28963,0.031313131313131314,True,True,0.0,0.0,0.0,100,4,False,13.754492903440378,False,False,,False,13.643920183571389,4,4,3.9058206486853184e-16,13.643920183571394,True,314161,13.643920183571389,4208922598,11,4787adc2fadfaed9155417d33c4346aa92a9d3e4476a325041d28584e7250de2,40.08584856000016,pyvrp,40.0,0.008039025549341152,cvrp100_28963.json,0
"[""accepted""]",not_selected,True,0.2711243868064912,cvrp_s7799_n20-50-100_x66667_cvrp100_29124,0.08222222222222222,True,True,0.0,0.0,0.0,100,2,False,16.63587380322841,False,False,,False,16.36474941642192,4,4,0.002648472754313566,16.40809100938248,True,314162,16.36474941642192,1243510591,10,48fb9aa5e5380b35465e16dd1f40aaf2885f045501fd3c8ab7be0e4bbad99da7,40.08740420900085,pyvrp,40.0,0.016297574146894284,cvrp100_29124.json,0
"[""accepted""]",not_selected,True,0.17313246579313635,cvrp_s7799_n20-50-100_x66667_cvrp100_29173,0.05333333333333334,True,True,0.0,0.0,0.0,100,3,False,13.717297852219072,False,False,,False,13.544165386425936,4,4,0.0019571486162438313,13.570673330970157,True,314161,13.544165386425936,2008554694,11,ade2d7898909441dde02cb8589b711c5d6251f2d06a9a9bf3cdbfcc4f91f2d96,40.07432168299965,pyvrp,40.0,0.012621470180085678,cvrp100_29173.json,0
"[""pyvrp_cost_not_converged"", ""route_membership_ambiguous""]",unstable_cost,False,0.2706781912502869,cvrp_s7799_n20-50-100_x66667_cvrp100_2929,0.0905050505050505,False,False,0.0,0.0,0.0,100,1,True,16.684548600821824,False,True,17.679549430329022,True,16.413870409571537,4,4,0.007199213760236824,16.53203737128287,False,314162,16.413870409571537,1137898062,11,9f2d71f450a82e62bf0eb48aa9bb23871c3c94aeb58b3f1538f1daa49755836e,40.08523320400036,pyvrp,40.0,0.01622328525189793,cvrp100_2929.json,0
"[""accepted""]",not_selected,True,0.2723747130572143,cvrp_s7799_n20-50-100_x66667_cvrp100_29364,0.051515151515151514,True,True,0.0,0.0,0.0,100,4,False,14.496032846292213,False,False,,False,14.223658133234999,4,4,1.4327993956643538e-07,14.223660171199876,True,314160,14.223658133234999,358812930,11,bcd028c480cf2143caa0c3793b644a6a17329ba96c8295c7842816e386d1e695,40.08598851399984,pyvrp,40.0,0.018789603745060644,cvrp100_29364.json,0
"[""accepted""]",stable_control,True,0.3015136643398044,cvrp_s7799_n20-50-100_x66667_cvrp100_29429,0.04888888888888889,True,True,0.2,0.02404040404040404,0.016026936026936025,100,3,False,18.627843662685525,False,True,19.299554537697745,True,18.32632999834572,4,4,0.003938296983882605,18.398504528503842,True,314161,18.32632999834572,3561522036,11,454692a3710673d66842aae580e7a380850e9d02eb934598f874978f596f5741,40.11365960399962,pyvrp,40.0,0.016186181814687617,cvrp100_29429.json,0
"[""accepted""]",stable_control,True,0.337292479348708,cvrp_s7799_n20-50-100_x66667_cvrp100_29431,0.038181818181818185,True,True,0.19,0.007676767676767677,0.0038383838383838384,100,4,False,18.148291121163886,False,True,19.08097189007172,True,17.81099864181518,4,4,0.00018018179225318196,17.81420785947228,True,314160,17.81099864181518,3718815721,11,fb4c5fd014a6c8be9dc23970fcd4546ad299f544f40d408ba384d338c781376e,40.09346777300016,pyvrp,40.0,0.018585357546715215,cvrp100_29431.json,0
"[""pyvrp_cost_not_converged""]",unstable_cost,False,0.2954696417642726,cvrp_s7799_n20-50-100_x66667_cvrp100_29736,0.08808080808080808,True,False,0.0,0.0,0.0,100,3,True,14.34702749451926,False,True,15.84807445255659,True,14.051557852754987,4,4,0.005727644228292255,14.132040176988834,False,314162,14.051557852754987,3316193149,11,0541c79ddcbec359d0877b0c429fa69291933bb994904304c0e5c135b42d7ef8,40.13621973499994,pyvrp,40.0,0.020594484946595774,cvrp100_29736.json,0
"[""pyvrp_cost_not_converged""]",unstable_cost,False,0.5542221719239571,cvrp_s7799_n20-50-100_x66667_cvrp100_29771,0.07818181818181819,True,False,0.0,0.0,0.0,100,2,True,19.621792896925335,False,True,20.014765607336756,True,19.067570725001378,4,4,0.007853029855636897,19.217308927179282,False,314162,19.067570725001378,178852081,11,384d2597fb163ab6f761930d9e1c8160022e37bd3ee574c14e87f11146f56fb1,40.09554567499981,pyvrp,40.0,0.028245236041136774,cvrp100_29771.json,0
"[""pyvrp_cost_not_converged"", ""route_membership_ambiguous""]",unstable_cost,False,0.11816627617251996,cvrp_s7799_n20-50-100_x66667_cvrp100_29815,0.045858585858585856,False,False,0.0,0.0,0.0,100,1,True,17.775606703590494,False,True,18.454972103836738,True,17.657440427417974,4,4,0.0070123660643213815,17.781260863453976,False,314162,17.657440427417974,3415744244,10,fc0a35823e3dcd1008a553c91ce1627081c4c61b31d7583ed955bceb1d1e4de0,40.08826437699918,pyvrp,40.0,0.006647664866969157,cvrp100_29815.json,0
"[""accepted""]",not_selected,True,0.20578582260567124,cvrp_s7799_n20-50-100_x66667_cvrp100_30116,0.08545454545454545,True,True,0.19,0.028484848484848484,0.014242424242424242,100,4,False,15.909157815831112,False,False,,False,15.70337199322544,4,4,0.00033430136467559854,15.708621651912784,True,314162,15.70337199322544,4185743994,11,97314f91c1ac428d18ef307f649640587c798a28849cb17b770f467f8445e4bf,40.10596618999989,pyvrp,40.0,0.012935054450267314,cvrp100_30116.json,0
"[""pyvrp_cost_not_converged""]",unstable_cost,False,0.3136334610657503,cvrp_s7799_n20-50-100_x66667_cvrp100_30319,0.08424242424242424,True,False,0.17,0.02666666666666667,0.02666666666666667,100,2,True,16.24248927309443,False,True,17.138583678575433,True,15.928855812028681,4,4,0.0160540507998536,16.184578472418533,False,314159,15.928855812028681,834078399,11,59ad733d7f26160f30429e7ce80e45d034473cea14970ba5a52bc230414cabed,40.07680291500037,pyvrp,40.0,0.019309445479227246,cvrp100_30319.json,0
"[""accepted""]",not_selected,True,0.1891601629872568,cvrp_s7799_n20-50-100_x66667_cvrp100_30380,0.04565656565656566,True,True,0.18,0.007272727272727273,0.0048484848484848485,100,3,False,17.99753685809017,False,False,,False,17.808376695102915,4,4,0.0010455537102160223,17.826996309429404,True,314162,17.808376695102915,3142065518,11,5cc32bddd9eab8bfb322e6d3493fb7d27cd6dfa7ed26259531cfb4ab6d53a007,40.094681597999625,pyvrp,40.0,0.010510336190934172,cvrp100_30380.json,0
"[""accepted""]",not_selected,True,0.1787962648648893,cvrp_s7799_n20-50-100_x66667_cvrp100_30396,0.050101010101010104,True,True,0.0,0.0,0.0,100,2,False,16.84050614646299,False,False,,False,16.6617098815981,4,4,0.004677878043024667,16.739651328412474,True,314159,16.6617098815981,3046846240,11,cd5a632c90f535db7e51015a002d14d21a2083f5d066b04a0ea99444ca12c147,40.09675404100017,pyvrp,40.0,0.010617036287976528,cvrp100_30396.json,0
"[""accepted""]",not_selected,True,0.23875293098629236,cvrp_s7799_n20-50-100_x66667_cvrp100_30419,0.06606060606060606,True,True,0.0,0.0,0.0,100,3,False,15.699090621852896,False,False,,False,15.460337690866604,4,4,0.0013367846391313047,15.481004832807537,True,314162,15.460337690866604,510112387,11,7a7939f4ca9ec9c13b785f5e6be0073e8fe2491f3beb624e1ab735e6b7d4c7dd,40.079101309999714,pyvrp,40.0,0.015208073941171593,cvrp100_30419.json,0
"[""accepted""]",not_selected,True,0.3125867737451067,cvrp_s7799_n20-50-100_x66667_cvrp100_30607,0.08525252525252525,True,True,0.0,0.0,0.0,100,3,False,18.19513441689767,False,False,,False,17.882547643152563,4,4,0.00295351826850445,17.935364074304015,True,314160,17.882547643152563,1525817400,10,e504e165c6911d2cfa059a6f5c95dfaf3fbcd34761b408e2ae42130b4cb9561f,40.07862177199968,pyvrp,40.0,0.01717969027229664,cvrp100_30607.json,0
"[""route_membership_ambiguous""]",unstable_matrix,True,0.038298942012318093,cvrp_s7799_n20-50-100_x66667_cvrp100_3098,0.05353535353535353,False,False,0.19,0.06909090909090909,0.034545454545454546,100,4,True,14.964045925521733,False,True,16.820891707509663,True,14.925746983509415,4,4,0.000956184901202748,14.940018757414219,True,314159,14.925746983509415,2098959617,11,fdee67bfdc8c5173ab52b7ae2e9a3ccdb4424829a7add17f36562a0da9eac2b8,40.07744584300053,pyvrp,40.0,0.002559397518755127,cvrp100_3098.json,0
"[""route_membership_ambiguous""]",unstable_matrix,True,0.1636985819860719,cvrp_s7799_n20-50-100_x66667_cvrp100_31167,0.059393939393939395,False,False,0.21,0.07454545454545454,0.0503030303030303,100,4,True,18.846587179521986,False,True,20.270485602484623,True,18.682888597535914,4,4,0.000642091879104011,18.694884728582597,True,314160,18.682888597535914,2876619160,11,725ec882021d14265ccd77e228f08a1000d304c3b6889d49eb239a6ddff1ba86,40.103317992000484,pyvrp,40.0,0.008685847492003263,cvrp100_31167.json,0
"[""accepted""]",stable_control,True,0.15545025699523585,cvrp_s7799_n20-50-100_x66667_cvrp100_31340,0.06505050505050505,True,True,0.22,0.03414141414141414,0.01707070707070707,100,4,False,13.924885695493842,False,True,13.873828552948936,True,13.769435438498606,4,4,8.691282158453002e-05,13.770632178984192,True,314160,13.769435438498606,2232280263,10,5b98be547b247a01940cad886d6ed497249450276b6bb2f74de4e2463838932a,40.083079099000315,pyvrp,40.0,0.011163485316474826,cvrp100_31340.json,0
"[""accepted""]",not_selected,True,0.24553837569905568,cvrp_s7799_n20-50-100_x66667_cvrp100_31412,0.09212121212121212,True,True,0.16,0.006464646464646465,0.006464646464646465,100,2,False,17.34849655891298,False,False,,False,17.102958183213925,4,4,0.0025839036012779994,17.14715057845604,True,314159,17.102958183213925,335510877,10,f5f7b54dbd747d10c94f425c8f90ad7d6db03e6d337493f38087b453fdc00767,40.11618697199992,pyvrp,40.0,0.014153294198447856,cvrp100_31412.json,0
"[""pyvrp_cost_not_converged""]",unstable_cost,False,0.3411782451029097,cvrp_s7799_n20-50-100_x66667_cvrp100_31552,0.07939393939393939,True,False,0.0,0.0,0.0,100,2,True,17.83166714392504,False,True,18.108560333711793,True,17.49048889882213,4,4,0.008835747373269406,17.645030440167094,False,314161,17.49048889882213,1278802992,10,18f801f968c80458a83bd2f242a35346fddc87c5df80a570968b365ab166bc5c,40.08860800599996,pyvrp,40.0,0.019133278024379433,cvrp100_31552.json,0
"[""route_membership_ambiguous""]",unstable_matrix,True,0.4282104374817024,cvrp_s7799_n20-50-100_x66667_cvrp100_31600,0.10444444444444445,False,False,0.21,0.09696969696969697,0.07016835016835017,100,4,True,17.45070603171369,False,True,17.61543602692299,True,17.022495594231987,4,4,0.0006350667152514311,17.033306014594398,True,314162,17.022495594231987,1550427819,10,8dc34a290d8222c5db6d7e36c49d693aff8cd5b622c12f0d1f97163d87f61749,40.14561918900017,pyvrp,40.0,0.024538287259180388,cvrp100_31600.json,0
"[""route_membership_ambiguous""]",unstable_matrix,True,0.2982543481165827,cvrp_s7799_n20-50-100_x66667_cvrp100_31644,0.08808080808080808,False,False,0.22,0.06868686868686869,0.04579124579124579,100,3,True,16.879799636185428,False,True,17.13929417137171,True,16.581545288068845,4,4,0.001946803693536807,16.613826301680206,True,314161,16.581545288068845,3534904513,10,2037c31ecd12139038820b08018ee78a356913b1ae7985eb4965175a033af842,40.09815912300019,pyvrp,40.0,0.01766930618519969,cvrp100_31644.json,0
"[""pyvrp_cost_not_converged"", ""route_membership_ambiguous""]",unstable_cost,False,0.24071377499624802,cvrp_s7799_n20-50-100_x66667_cvrp100_31819,0.08949494949494949,False,False,0.0,0.0,0.0,100,1,True,17.871293757256733,False,True,17.963692458490964,True,17.630579982260485,4,4,0.004264276992997057,17.705761658852033,False,314162,17.630579982260485,2807926131,11,f21cb6297cb47b211e3ba5606ff7820b2d93ae8e3218ef1dfee5c449b741fde8,40.09669941899938,pyvrp,40.0,0.013469297649394012,cvrp100_31819.json,0
"[""pyvrp_cost_not_converged""]",unstable_cost,False,0.176659288382357,cvrp_s7799_n20-50-100_x66667_cvrp100_31826,0.09595959595959595,True,False,0.0,0.0,0.0,100,3,True,13.19295462645023,False,True,13.997099535165717,True,13.016295338067874,4,4,0.008291628193513591,13.124221619468097,False,314162,13.016295338067874,2010700434,10,ffa77a3a865dc564d17fd7c66c18cfda4c792043cadeba632906bd0310ed355e,40.09178125800008,pyvrp,40.0,0.013390426434740943,cvrp100_31826.json,0
"[""pyvrp_cost_not_converged""]",unstable_cost,False,0.1396518664394577,cvrp_s7799_n20-50-100_x66667_cvrp100_31862,0.03575757575757576,True,False,0.0,0.0,0.0,100,3,True,13.900391826614154,False,True,14.372969826045486,True,13.760739960174696,4,4,0.006654786720511728,13.852314749726082,False,314160,13.760739960174696,8269325,11,55573e876d8e1b78c78edced3c1a91d583a002ce638b23b396b81965168e8263,40.105674960000215,pyvrp,40.0,0.010046613662506663,cvrp100_31862.json,0
"[""accepted""]",stable_control,True,0.21954416000155064,cvrp_s7799_n20-50-100_x66667_cvrp100_31982,0.054747474747474746,True,True,0.0,0.0,0.0,100,2,False,16.82030132118294,False,True,17.489387361566102,True,16.600757161181388,4,4,0.001976610224457837,16.63357038751992,True,314159,16.600757161181388,3215756977,11,41a25d883c7045d53abcf9f8306e7249612c4d5713eaf0a7b7ba5323be1f7fa6,40.09974780599987,pyvrp,40.0,0.013052332167501892,cvrp100_31982.json,0
"[""pyvrp_cost_not_converged"", ""route_membership_ambiguous""]",unstable_cost,False,0.33027404175593844,cvrp_s7799_n20-50-100_x66667_cvrp100_32090,0.07757575757575758,False,False,0.0,0.0,0.0,100,1,True,16.183318088353268,False,True,16.501529160206477,True,15.85304404659733,4,4,0.016596455647504265,16.116148388994613,False,314161,15.85304404659733,4110710423,10,b58cb40bd67cff05537706bdb9fa1cbda5a7263654cd8f53444aa60e3d723ea4,40.09347980499933,pyvrp,40.0,0.020408301928739107,cvrp100_32090.json,0
"[""route_membership_ambiguous""]",unstable_matrix,True,0.26405041557721987,cvrp_s7799_n20-50-100_x66667_cvrp100_32168,0.10323232323232323,False,False,0.23,0.05515151515151515,0.028989898989898993,100,4,True,15.547943580802489,False,True,16.540524345737747,True,15.283893165225269,4,4,0.0002460098408604219,15.287653153350574,True,314159,15.283893165225269,369055997,9,9549f1d3ac4dbd18473a063187e099258938aa593a0163822db7c19e6aa078be,40.08918381900003,pyvrp,40.0,0.016982980045235744,cvrp100_32168.json,0
"[""accepted""]",stable_control,True,0.1955718765933181,cvrp_s7799_n20-50-100_x66667_cvrp100_32404,0.04262626262626262,True,True,0.0,0.0,0.0,100,2,False,14.507486321565729,False,True,15.215988513968595,True,14.31191444497241,4,4,0.004154363117671836,14.371371334485879,True,314161,14.31191444497241,3261843035,11,20dd0b898dded81d560a13acd77b1bf27009f441ec15785961300ce55970adec,40.08402960799958,pyvrp,40.0,0.013480755539475904,cvrp100_32404.json,0
"[""route_membership_ambiguous""]",unstable_matrix,True,0.27106663114017593,cvrp_s7799_n20-50-100_x66667_cvrp100_3245,0.08888888888888889,False,False,0.21,0.07333333333333333,0.05407407407407407,100,4,True,19.093175779688924,False,True,20.8531028231634,True,18.822109148548748,4,4,0.0009946419159994086,18.84083040725541,True,314159,18.822109148548748,3577196003,11,67fd2d8becb675f73c130a5e270260afb5066d77ee7bd31006e1b08719f4c799,40.093744443000105,pyvrp,40.0,0.014197042664245157,cvrp100_3245.json,0
"[""accepted""]",not_selected,True,0.3063599861167283,cvrp_s7799_n20-50-100_x66667_cvrp100_32456,0.0892929292929293,True,True,0.0,0.0,0.0,100,3,False,16.159173819978623,False,False,,False,15.852813833861894,4,4,0.0018443693930155131,15.882052278490242,True,314160,15.852813833861894,2370997960,10,37c36435ae9a7efd5c77c96f924fe122409e6d155ede251abec0f7ae0040cd1b,40.069748441999764,pyvrp,40.0,0.018958889206201607,cvrp100_32456.json,0
"[""pyvrp_cost_not_converged"", ""route_membership_ambiguous""]",unstable_cost,False,0.43425909486983727,cvrp_s7799_n20-50-100_x66667_cvrp100_32511,0.08606060606060606,False,False,0.0,0.0,0.0,100,1,True,17.04118229348996,False,True,17.763361663318445,True,16.606923198620123,4,4,0.004246443870111553,16.677443565838317,False,314162,16.606923198620123,1198317060,11,ce6e4dbf327d35f0835f61ce7bee49c510b63151e30ed49bfee5d74009c75a2d,40.0943546389999,pyvrp,40.0,0.02548292057386958,cvrp100_32511.json,0
"[""accepted""]",stable_control,True,0.11554110661664829,cvrp_s7799_n20-50-100_x66667_cvrp100_32834,0.04787878787878788,True,True,0.0,0.0,0.0,100,4,False,13.030770639432228,False,True,13.503672529258624,True,12.91522953281558,4,4,1.2478455447454781e-05,12.915390694931899,True,314160,12.91522953281558,64144087,10,3ecce5f5db53ec0eb4fc651ac98b24923b5d296cfa55d83178dd6112c487d475,40.09795640899938,pyvrp,40.0,0.008866789986081943,cvrp100_32834.json,0
"[""pyvrp_cost_not_converged""]",unstable_cost,False,0.35979519562595996,cvrp_s7799_n20-50-100_x66667_cvrp100_33076,0.08424242424242424,True,False,0.0,0.0,0.0,100,2,True,18.1814096445818,False,True,18.69322928525533,True,17.82161444895584,4,4,0.005229883463196214,17.914819415649895,False,314162,17.82161444895584,3646762333,11,38a9e1b92ec3276e5409ccdc1fe5d1a90afb9d02cf0b1706b3820a0f6bed6d28,40.11783570099942,pyvrp,40.0,0.019789180413366993,cvrp100_33076.json,0
"[""accepted""]",not_selected,True,0.1979237513357166,cvrp_s7799_n20-50-100_x66667_cvrp100_3331,0.05393939393939394,True,True,0.16,0.030303030303030304,0.020202020202020204,100,3,False,15.071694475182506,False,False,,False,14.873770723846789,4,4,0.004228276046068193,14.93666113231314,True,314160,14.873770723846789,124530695,11,5b6404398ccee3e820ccd1152e0506c535e0cd076133452ba82030cbcce3a4f6,40.07664399799978,pyvrp,40.0,0.0131321499159649,cvrp100_3331.json,0
"[""accepted""]",not_selected,True,0.41941781919412513,cvrp_s7799_n20-50-100_x66667_cvrp100_33365,0.08383838383838384,True,True,0.0,0.0,0.0,100,3,False,16.353658009482277,False,False,,False,15.934240190288152,4,4,0.0025562197223882033,15.974971609323838,True,314162,15.934240190288152,825475145,10,5e8b12441221e64f1d493603158b34880ce0e079a007800961a100ac5f1805c5,40.148343732000285,pyvrp,40.0,0.02564672802567693,cvrp100_33365.json,0
"[""pyvrp_cost_not_converged""]",unstable_cost,False,0.2225988365756013,cvrp_s7799_n20-50-100_x66667_cvrp100_33429,0.10262626262626262,True,False,0.0,0.0,0.0,100,2,True,13.832103454869129,False,True,14.350898792903237,True,13.609504618293528,4,4,0.008074244999201294,13.719391092899391,False,314159,13.609504618293528,256060275,10,803f1bb8c2b2faf9a3b0c0be90d292cf73e2d761872d345f43c07ab1faa1afb0,40.07623712900022,pyvrp,40.0,0.016092912932721224,cvrp100_33429.json,0
"[""accepted""]",not_selected,True,0.13442071321670568,cvrp_s7799_n20-50-100_x66667_cvrp100_33434,0.039191919191919194,True,True,0.0,0.0,0.0,100,4,False,13.603574551553994,False,False,,False,13.469153838337288,4,4,1.3188332843479754e-16,13.46915383833729,True,314160,13.469153838337288,1048809570,10,ae80b382b719363c08917beec072896a8b9e3d22e06e64aa11c636ce2ce9d57b,40.07046713700038,pyvrp,40.0,0.009881278829125852,cvrp100_33434.json,0
"[""pyvrp_cost_not_converged"", ""route_membership_ambiguous""]",unstable_cost,False,0.40906889602114305,cvrp_s7799_n20-50-100_x66667_cvrp100_33520,0.07595959595959596,False,False,0.0,0.0,0.0,100,1,True,17.894409083179458,False,True,18.876405659811788,True,17.485340187158315,4,4,0.0034612586434565906,17.545861472014895,False,314159,17.485340187158315,86754787,12,fa5bdc7f9b34944cef4a74bfa77048ed7b698be9c935b699989ab491cfeb59a0,40.09025592499984,pyvrp,40.0,0.02286015112986677,cvrp100_33520.json,0
"[""pyvrp_cost_not_converged"", ""route_membership_ambiguous""]",unstable_cost,False,0.45730540458773206,cvrp_s7799_n20-50-100_x66667_cvrp100_33593,0.10929292929292929,False,False,0.0,0.0,0.0,100,1,True,16.526425581946356,False,True,16.68177816268474,True,16.069120177358624,4,4,0.0023889987076839,16.10750928469595,False,314161,16.069120177358624,4103717935,10,c1bd3c51d395c44a20cba78e3b3f5fced597910ceb7e04c6c2764378c09fd9a0,40.10231937000026,pyvrp,40.0,0.02767116230428541,cvrp100_33593.json,0
"[""pyvrp_cost_not_converged""]",unstable_cost,False,0.31753051882759387,cvrp_s7799_n20-50-100_x66667_cvrp100_33604,0.06767676767676768,True,False,0.0,0.0,0.0,100,2,True,12.698462355950848,False,True,13.026470274719134,True,12.380931837123255,4,4,0.013780355329234955,12.55154547714585,False,314161,12.380931837123255,121825007,10,a90552e16816d1a55f6024258e1da45cf38ee21290f5c9d94b863c58e7f18530,40.08107819700035,pyvrp,40.0,0.02500543057315836,cvrp100_33604.json,0
"[""accepted""]",not_selected,True,0.3223466675922424,cvrp_s7799_n20-50-100_x66667_cvrp100_33658,0.06202020202020202,True,True,0.0,0.0,0.0,100,4,False,16.375324032820323,False,False,,False,16.05297736522808,4,4,3.215388373744612e-05,16.053493530795922,True,314159,16.05297736522808,195413080,11,74b3d805f52ec0268adf21a4f03b00ee78ccdd5187519507d465a6e0c86364d0,40.1036259980001,pyvrp,40.0,0.019684903147331772,cvrp100_33658.json,0
"[""accepted""]",not_selected,True,0.3507586592629437,cvrp_s7799_n20-50-100_x66667_cvrp100_33669,0.06060606060606061,True,True,0.0,0.0,0.0,100,4,False,16.014351192131073,False,False,,False,15.66359253286813,4,4,4.536269277109407e-16,15.663592532868137,True,314159,15.66359253286813,4092929802,11,b831161e65a64c0c59de9f61c9bd9898565678a8c65a16e420b91d0fad608ab2,40.096852010000475,pyvrp,40.0,0.021902770524683823,cvrp100_33669.json,0
"[""accepted""]",not_selected,True,0.1734953029389299,cvrp_s7799_n20-50-100_x66667_cvrp100_33730,0.0397979797979798,True,True,0.0,0.0,0.0,100,3,False,14.538663071666576,False,False,,False,14.365167768727646,4,4,0.0033344321550849085,14.413067446048881,True,314160,14.365167768727646,1336352110,10,d9500367f0a12ec79e77c18fe5e4b6e420fb8e52a5af52acfce5c5cadfbc72dd,40.07674308300011,pyvrp,40.0,0.011933373934295461,cvrp100_33730.json,0
"[""accepted""]",not_selected,True,0.14240771260968188,cvrp_s7799_n20-50-100_x66667_cvrp100_33867,0.03535353535353535,True,True,0.0,0.0,0.0,100,3,False,14.5357772748074,False,False,,False,14.393369562197718,4,4,0.001838134418735247,14.41982651019157,True,314159,14.393369562197718,462526972,11,44a6f1c7d0cea886384dff419809a80bf16dad96957725da2e30f83ba991ce57,40.09151977900001,pyvrp,40.0,0.009797048339237766,cvrp100_33867.json,0
"[""pyvrp_cost_not_converged"", ""route_membership_ambiguous""]",unstable_cost,False,0.4650315428561349,cvrp_s7799_n20-50-100_x66667_cvrp100_33970,0.07838383838383839,False,False,0.0,0.0,0.0,100,1,True,19.072158857509077,False,True,20.122269038258985,True,18.607127314652942,4,4,0.001198685404035454,18.629431406576046,False,314161,18.607127314652942,469051586,10,efb8027edbe0162c31e74b12b73acbf10587a9da85347ce73ca9dcbedc6ead9e,40.09472020499925,pyvrp,40.0,0.024382742736700887,cvrp100_33970.json,0
"[""accepted""]",not_selected,True,0.42878447680663,cvrp_s7799_n20-50-100_x66667_cvrp100_3430,0.13474747474747475,True,True,0.23,0.028888888888888888,0.028888888888888888,100,2,False,17.74420435529878,False,False,,False,17.31541987849215,4,4,0.0048767825186558904,17.399863415458768,True,314159,17.31541987849215,2967760971,10,ede85a4bc6f4e0476d60cdd17aa1a566708fdc17854e9006d65b910047dae872,40.10413410399997,pyvrp,40.0,0.024164762094761733,cvrp100_3430.json,0
"[""accepted""]",stable_control,True,0.28496036488122556,cvrp_s7799_n20-50-100_x66667_cvrp100_34370,0.06848484848484848,True,True,0.14,0.0028282828282828283,0.0018855218855218854,100,4,False,15.651966589182251,False,True,15.702948002529316,True,15.367006224301026,4,4,2.7340156007316368e-05,15.367426360648563,True,314161,15.367006224301026,298315650,11,102ccaad2d61d3a08d17796e04f186fe31b5716758c11e7feb6d732d09c0b2c2,40.06810083500022,pyvrp,40.0,0.018206042241246154,cvrp100_34370.json,0
"[""accepted""]",stable_control,True,0.3876322413957318,cvrp_s7799_n20-50-100_x66667_cvrp100_34534,0.07757575757575758,True,True,0.0,0.0,0.0,100,2,False,14.62786088375046,False,True,15.291599735541125,True,14.240228642354728,4,4,0.002142069278285987,14.270732198645284,True,314160,14.240228642354728,3477974995,9,666d5f1c6bad7a397849c4222469cbe2448446eea65f1a929cf108ace01afb5f,40.1417412109995,pyvrp,40.0,0.026499584900095536,cvrp100_34534.json,0
"[""pyvrp_cost_not_converged"", ""route_membership_ambiguous""]",unstable_cost,False,0.5022185488843327,cvrp_s7799_n20-50-100_x66667_cvrp100_34580,0.08444444444444445,False,False,0.0,0.0,0.0,100,1,True,16.797687108418184,False,True,18.172923089388014,True,16.29546855953385,4,4,0.0037478133129195445,16.356540933541535,False,314160,16.29546855953385,1074989338,11,e00a6e56781d4a1ab899bd2919ee48679c20af64834b2b5fcc3771b489f40150,40.08491511699958,pyvrp,40.0,0.029898077374750313,cvrp100_34580.json,0
"[""route_membership_ambiguous""]",unstable_matrix,True,0.22398107171889237,cvrp_s7799_n20-50-100_x66667_cvrp100_34757,0.10444444444444445,False,False,0.21,0.09616161616161616,0.0641077441077441,100,3,True,17.253403794085727,False,True,18.310474861977802,True,17.029422722366835,4,4,0.001524114295222599,17.055377508977383,True,314160,17.029422722366835,661193280,10,9c5ee6a77f7ae2dbb028f4fcf9cf1254b89b5e944ee6dd691e76f6a0440c4edf,40.09146299399981,pyvrp,40.0,0.012981848358274125,cvrp100_34757.json,0
"[""route_membership_ambiguous""]",unstable_matrix,True,0.1973735640801042,cvrp_s7799_n20-50-100_x66667_cvrp100_34968,0.06464646464646465,False,False,0.17,0.08161616161616161,0.08161616161616161,100,2,True,13.03022885186333,False,True,13.492092103856512,True,12.832855287783225,4,4,0.003280372586780593,12.874951834479392,True,314161,12.832855287783225,1658024252,11,b1da808faee4f2ec9133e8253648535c3398a1d188f136d07b0026c21a3d2141,40.08216142999936,pyvrp,40.0,0.01514735975277055,cvrp100_34968.json,0
"[""pyvrp_cost_not_converged""]",unstable_cost,False,0.45030392349314496,cvrp_s7799_n20-50-100_x66667_cvrp100_35127,0.09757575757575758,True,False,0.0,0.0,0.0,100,3,True,18.184312915244742,False,True,18.913186212408995,True,17.734008991751598,4,4,0.006091371444189051,17.842033427714945,False,314162,17.734008991751598,2155026795,11,1d27139a3a13f8473bd8352190335ff3cab21d5812f5e0f7ec480dff0413e037,40.136276309000095,pyvrp,40.0,0.02476331800887756,cvrp100_35127.json,0
"[""pyvrp_cost_not_converged""]",unstable_cost,False,0.32628946877161624,cvrp_s7799_n20-50-100_x66667_cvrp100_35317,0.08080808080808081,True,False,0.0,0.0,0.0,100,2,True,17.906702433790883,False,True,18.356697995178965,True,17.580412965019267,4,4,0.007408692756196941,17.710660843204156,False,314159,17.580412965019267,525515884,11,22e3c2d62649240562a97f00a1046ebd9b4f5bce947349df49b7aff17c867ac6,40.09686586099997,pyvrp,40.0,0.018221639074980717,cvrp100_35317.json,0
"[""accepted""]",not_selected,True,0.36303078888769136,cvrp_s7799_n20-50-100_x66667_cvrp100_35328,0.08646464646464647,True,True,0.23,0.02282828282828283,0.01521885521885522,100,3,False,17.224909836738092,False,False,,False,16.8618790478504,4,4,0.004930314010186176,16.945013406358083,True,314161,16.8618790478504,528406660,10,498b04a467cb8a6271cb7a2b3d48946281623b3240e4e399928328eac3cda994,40.08537675499974,pyvrp,40.0,0.021075918093539297,cvrp100_35328.json,0
"[""accepted""]",not_selected,True,0.2962187360041906,cvrp_s7799_n20-50-100_x66667_cvrp100_35342,0.06424242424242424,True,True,0.0,0.0,0.0,100,3,False,15.639256049871339,False,False,,False,15.343037313867148,4,4,0.002246302767954998,15.377502421054125,True,314162,15.343037313867148,3116762938,10,715b6f1b085d3c6fe10958fe36a003dbf9f78a67c0927e2c41ca5d6212bc12eb,40.088115103000746,pyvrp,40.0,0.018940717835911863,cvrp100_35342.json,0
"[""accepted""]",not_selected,True,0.4180325568102887,cvrp_s7799_n20-50-100_x66667_cvrp100_35558,0.10767676767676768,True,True,0.0,0.0,0.0,100,2,False,17.152601560550377,False,False,,False,16.734569003740088,4,4,0.004138133284744571,16.80381888074032,True,314159,16.734569003740088,105260867,10,db4b8607d22f9e0787122d6e1f0623c959e20b349f2f73738863cf43206fd56b,40.07207282099989,pyvrp,40.0,0.02437137919484648,cvrp100_35558.json,0
"[""accepted""]",not_selected,True,0.32119116674948955,cvrp_s7799_n20-50-100_x66667_cvrp100_35959,0.08060606060606061,True,True,0.0,0.0,0.0,100,4,False,17.099185857834595,False,False,,False,16.777994691085105,4,4,4.234968176129196e-16,16.777994691085112,True,314162,16.777994691085105,183477033,10,9b80c20fb6c2f1674f9968e19eb974583d2708206526e81099bca0aa80e87810,40.099545997999485,pyvrp,40.0,0.01878400348530772,cvrp100_35959.json,0
"[""accepted""]",not_selected,True,0.2975237242727502,cvrp_s7799_n20-50-100_x66667_cvrp100_36177,0.06505050505050505,True,True,0.0,0.0,0.0,100,4,False,17.287470426620658,False,False,,False,16.989946702347908,4,4,2.491833980671776e-06,16.98998903847443,True,314161,16.989946702347908,748746052,12,49095cf33703f55abf4a398cbf3107f4527a615fb49ac994566b0df875a81e52,40.107057850000274,pyvrp,40.0,0.017210367794156797,cvrp100_36177.json,0
"[""pyvrp_cost_not_converged"", ""route_membership_ambiguous""]",unstable_cost,False,0.20632214524381887,cvrp_s7799_n20-50-100_x66667_cvrp100_36310,0.09838383838383838,False,False,0.0,0.0,0.0,100,1,True,16.184211625198508,False,True,16.54084237055921,True,15.977889479954689,4,4,0.0036354551424663127,16.03597638043035,False,314162,15.977889479954689,1640904609,10,2f11ff95a798ee2fab8bf4edd56b98bb88823a18cdb4d54dac0983a40dd33552,40.08098696599973,pyvrp,40.0,0.012748359328333252,cvrp100_36310.json,0
"[""pyvrp_cost_not_converged""]",unstable_cost,False,0.24291503812574256,cvrp_s7799_n20-50-100_x66667_cvrp100_36328,0.08949494949494949,True,False,0.0,0.0,0.0,100,3,True,14.102350956403312,False,True,14.592921010822476,True,13.859435918277569,4,4,0.005349330867181574,13.933574626636936,False,314161,13.859435918277569,242099491,10,e6c7aba5fd54b28550938cc7db57a684523b32d1e1cd2a669bae7b14c9e71c63,40.09998659099983,pyvrp,40.0,0.017225144862491496,cvrp100_36328.json,0
"[""pyvrp_cost_not_converged"", ""route_membership_ambiguous""]",unstable_cost,False,0.2259194070452466,cvrp_s7799_n20-50-100_x66667_cvrp100_36335,0.08747474747474747,False,False,0.21,0.08383838383838384,0.08383838383838384,100,2,True,17.968145112873668,False,True,19.322423379926473,True,17.74222570582842,4,4,0.0054076165693015136,17.838168859531546,False,314160,17.74222570582842,2374055296,10,62fdd3f7e49afc03dcd69df14379089cbcc2f5687f139d4f717355aef4c60d6b,40.09915494899997,pyvrp,40.0,0.012573329390766204,cvrp100_36335.json,-1
"[""accepted""]",not_selected,True,0.24424032201941515,cvrp_s7799_n20-50-100_x66667_cvrp100_3643,0.09434343434343434,True,True,0.0,0.0,0.0,100,2,False,15.204090703877355,False,False,,False,14.95985038185794,4,4,0.002625850180297723,14.999132707680369,True,314161,14.95985038185794,2899460881,10,ce0c423bb82e3894f65cd6746c89cb16fc5baa691921b5a303528fc0560c982f,40.14805055799934,pyvrp,40.0,0.01606411897800168,cvrp100_3643.json,0
"[""pyvrp_cost_not_converged"", ""route_membership_ambiguous""]",unstable_cost,False,0.3025391425335435,cvrp_s7799_n20-50-100_x66667_cvrp100_36438,0.0995959595959596,False,False,0.0,0.0,0.0,100,1,True,17.38107702545139,False,True,17.927656802595017,True,17.078537882917846,4,4,0.003060695030277915,17.130810078940506,False,314161,17.078537882917846,3656791162,10,39fb6a1aa867096dc65d176f375f38490b82a1085e72e0570f700acc4b26354a,40.08408962500016,pyvrp,40.0,0.017406236799395722,cvrp100_36438.json,0
"[""accepted""]",not_selected,True,0.1107877573701952,cvrp_s7799_n20-50-100_x66667_cvrp100_36440,0.0707070707070707,True,True,0.0,0.0,0.0,100,2,False,14.17021866368107,False,False,,False,14.059430906310874,4,4,0.001615909672481584,14.082149676701968,True,314159,14.059430906310874,2995252825,11,073ca36f295242480c837bfb6af76832dcb5aa31b4b7b373b439461eebfdc43d,40.08472511999935,pyvrp,40.0,0.00781835199580578,cvrp100_36440.json,0
"[""accepted""]",not_selected,True,0.2176754278193549,cvrp_s7799_n20-50-100_x66667_cvrp100_36518,0.08626262626262626,True,True,0.0,0.0,0.0,100,4,False,14.241773929152476,False,False,,False,14.024098501333121,4,4,3.7999380264579386e-16,14.024098501333127,True,314160,14.024098501333121,220970603,10,c065046d9694ea7e2eab7deb0c8faf252b9dd7a4a617b3151b40c64081fd936d,40.08992585099986,pyvrp,40.0,0.015284291753415629,cvrp100_36518.json,0
"[""pyvrp_cost_not_converged"", ""route_membership_ambiguous""]",unstable_cost,False,0.49663378801545477,cvrp_s7799_n20-50-100_x66667_cvrp100_36576,0.11131313131313131,False,False,0.0,0.0,0.0,100,1,True,17.668971423685928,False,True,18.927451970182794,True,17.172337635670473,4,4,0.00553058786530988,17.267310757817317,False,314159,17.172337635670473,1511755243,11,c9a371b84442ea3b4af4ca5ee979b5df2c6457d05f4020365d7cdc3425452cfd,40.09591001900026,pyvrp,40.0,0.02810767962133315,cvrp100_36576.json,1
"[""accepted""]",stable_control,True,0.07375242708464391,cvrp_s7799_n20-50-100_x66667_cvrp100_36608,0.06161616161616162,True,True,0.0,0.0,0.0,100,3,False,14.284326496983148,False,True,14.753925197233022,True,14.210574069898504,4,4,0.0033397768325086393,14.2580342159538,True,314159,14.210574069898504,3899640452,10,2718d7248009f00d3c27acd36850f42c73b8fc57f8153759c6ded17f5b5e6cef,40.0977824090005,pyvrp,40.0,0.005163171473308205,cvrp100_36608.json,0
"[""pyvrp_cost_not_converged"", ""route_membership_ambiguous""]",unstable_cost,False,0.3503127426787742,cvrp_s7799_n20-50-100_x66667_cvrp100_36734,0.09131313131313132,False,False,0.0,0.0,0.0,100,1,True,16.29247868516078,False,True,16.826015257583183,True,15.942165942482006,4,4,0.0010924170820253134,15.959581436882056,False,314161,15.942165942482006,2875028298,10,8873ea0552f7e5df12d2c0eab444bb011b4ff92e778d475fafc8a440e6abaa0d,40.14444162399923,pyvrp,40.0,0.021501500750640213,cvrp100_36734.json,0
"[""accepted""]",stable_control,True,0.10888369870762027,cvrp_s7799_n20-50-100_x66667_cvrp100_36762,0.05191919191919192,True,True,0.0,0.0,0.0,100,2,False,13.528656758413698,False,True,13.782079670940368,True,13.419773059706078,4,4,0.002258624447101616,13.450083287213285,True,314159,13.419773059706078,2676743947,11,6b0cc4470aa1806eb136b3f2f37ed98128294c38c8f9dae26bffe1a01b4cfc92,40.08873396200033,pyvrp,40.0,0.008048374694694185,cvrp100_36762.json,0
"[""pyvrp_cost_not_converged""]",unstable_cost,False,0.36502118046640675,cvrp_s7799_n20-50-100_x66667_cvrp100_36780,0.058787878787878785,True,False,0.0,0.0,0.0,100,3,True,16.15614170561863,False,True,16.653503534544836,True,15.791120525152223,4,4,0.009212478828724406,15.936595888672024,False,314159,15.791120525152223,11342139,12,c593731e6b6ba76b1b6b5f06264d38e808c45ea0888b09145173c3a97a8c3d7c,40.0842041169999,pyvrp,40.0,0.022593338627344618,cvrp100_36780.json,0
"[""accepted""]",not_selected,True,0.09637941737942235,cvrp_s7799_n20-50-100_x66667_cvrp100_3696,0.01696969696969697,True,True,0.0,0.0,0.0,100,2,False,13.430725795744472,False,False,,False,13.33434637836505,4,4,0.002400637468655793,13.366357309900987,True,314160,13.33434637836505,1758806584,10,c7019d256b31f257b5d181d461036eff05ae593b0c025193783d1eb9da84992c,40.098845802999676,pyvrp,40.0,0.007176039392447442,cvrp100_3696.json,0
"[""pyvrp_cost_not_converged"", ""route_membership_ambiguous""]",unstable_cost,False,0.4051723625772006,cvrp_s7799_n20-50-100_x66667_cvrp100_37098,0.08222222222222222,False,False,0.0,0.0,0.0,100,1,True,18.322077482312753,False,True,19.020429509191693,True,17.916905119735553,4,4,0.0050922688466278395,18.00814281750477,False,314161,17.916905119735553,846526594,11,9f82d314a49abf4602223b343e35075532cdb01833c88f082902711d2ba1eac2,40.0890038739999,pyvrp,40.0,0.022113887629191305,cvrp100_37098.json,0
"[""accepted""]",not_selected,True,0.22710068273018003,cvrp_s7799_n20-50-100_x66667_cvrp100_37298,0.07131313131313131,True,True,0.0,0.0,0.0,100,4,False,13.191125098987103,False,False,,False,12.964024416256922,4,4,6.004706493907772e-05,12.964802867872917,True,314161,12.964024416256922,225836767,11,030f27fc7ab23c52b2b98071f14ba09c29b01a870cb383b97fe433187a8c7501,40.08419645899994,pyvrp,40.0,0.017216172314795063,cvrp100_37298.json,0
"[""pyvrp_cost_not_converged"", ""route_membership_ambiguous""]",unstable_cost,False,0.3472524977464353,cvrp_s7799_n20-50-100_x66667_cvrp100_37411,0.12646464646464647,False,False,0.0,0.0,0.0,100,1,True,17.0252296750808,False,True,17.369692628538736,True,16.677977177334366,4,4,0.004094449025674341,16.74626430473832,False,314161,16.677977177334366,1355950586,9,99fd41291f63f0847faad4e381b517647dcbf1721e0fb826aa0dbd9d80b54768,40.08171928600041,pyvrp,40.0,0.020396347325328357,cvrp100_37411.json,0
"[""route_membership_ambiguous""]",unstable_matrix,True,0.27855890284548224,cvrp_s7799_n20-50-100_x66667_cvrp100_37490,0.0707070707070707,False,False,0.21,0.08686868686868687,0.07595959595959596,100,3,True,16.727009648466296,False,True,17.547941799067697,True,16.448450745620814,4,4,0.0017524366271347836,16.477275613167063,True,314159,16.448450745620814,177798502,11,e900d1e4bbda1fe678262a8b768466a7d3ff37f94b6ca1ad8d6f48f07ace7990,40.0809594830007,pyvrp,40.0,0.016653239801952487,cvrp100_37490.json,0
"[""accepted""]",not_selected,True,0.283336189672724,cvrp_s7799_n20-50-100_x66667_cvrp100_37514,0.0795959595959596,True,True,0.22,0.008888888888888889,0.005925925925925926,100,3,False,13.651103444793309,False,False,,False,13.367767255120585,4,4,0.0010136592261828076,13.381317615732202,True,314160,13.367767255120585,86763571,11,8fc73e560b5eda7d9d936acbeda867fdd2603e0c292e4ed55ca53c9f4f589cd1,40.16116265400069,pyvrp,40.0,0.020755552166062573,cvrp100_37514.json,0
"[""pyvrp_cost_not_converged"", ""route_membership_ambiguous""]",unstable_cost,False,0.3190912885016495,cvrp_s7799_n20-50-100_x66667_cvrp100_37580,0.0993939393939394,False,False,0.0,0.0,0.0,100,1,True,18.362135430687665,False,True,18.811591963887018,True,18.043044142186016,4,4,0.002799392643518676,18.093553707224334,False,314161,18.043044142186016,565489556,11,8a200bed78e1e27406287ec6885996828249592998f5159a3c16712a20dd145f,40.082403310999325,pyvrp,40.0,0.01737767863144986,cvrp100_37580.json,0
"[""pyvrp_cost_not_converged""]",unstable_cost,False,0.33380273225526835,cvrp_s7799_n20-50-100_x66667_cvrp100_37749,0.07797979797979798,True,False,0.0,0.0,0.0,100,2,True,18.515651611040777,False,True,19.056695089861982,True,18.18184887878551,4,4,0.007280145280308484,18.31421538008768,False,314159,18.18184887878551,37050314,11,3818c86ab740d1bfe5c80cb52c777fc404ee86f3a6100be7969f7aa722b11024,40.08446927700061,pyvrp,40.0,0.018028138532063528,cvrp100_37749.json,0
"[""accepted""]",not_selected,True,0.07700670403925258,cvrp_s7799_n20-50-100_x66667_cvrp100_38097,0.027676767676767678,True,True,0.0,0.0,0.0,100,4,False,12.598522067729082,False,False,,False,12.52151536368983,4,4,2.8372873215511436e-16,12.521515363689833,True,314159,12.52151536368983,3519588621,10,37759829bc68f5fecb095f8c048427ea65e1b5459aff331a3e0beeff5b945c0e,40.09100359599961,pyvrp,40.0,0.006112360134408468,cvrp100_38097.json,0
"[""pyvrp_cost_not_converged"", ""route_membership_ambiguous""]",unstable_cost,False,0.3025035303106218,cvrp_s7799_n20-50-100_x66667_cvrp100_3820,0.05191919191919192,False,False,0.0,0.0,0.0,100,1,True,13.943909536322483,False,True,14.169898403004595,True,13.641406006011861,4,4,0.013218099645179655,13.821719469899678,False,314162,13.641406006011861,823150495,11,4a92a39a4c722da7218349b0f4ef0a05ea7d4bee25378d05bb43ece31e0287d7,40.099401005999425,pyvrp,40.0,0.021694312453952067,cvrp100_3820.json,0
"[""accepted""]",stable_control,True,0.15946213437139,cvrp_s7799_n20-50-100_x66667_cvrp100_3855,0.030303030303030304,True,True,0.22,0.018383838383838384,0.012255892255892256,100,3,False,14.225343384215448,False,True,15.120080251398909,True,14.065881249844058,4,4,0.0010924342669425783,14.081247300516132,True,314160,14.065881249844058,3063565730,10,bbf9c1e59514487ce71add8b8272da7b0421153e6c8d574d4681519d16ce2cd4,40.0702599010001,pyvrp,40.0,0.011209721274519843,cvrp100_3855.json,0
"[""route_membership_ambiguous""]",unstable_matrix,True,0.0816346580168652,cvrp_s7799_n20-50-100_x66667_cvrp100_38880,0.02909090909090909,False,False,0.18,0.06181818181818182,0.041212121212121214,100,4,True,14.190504783922238,False,True,14.97059655172367,True,14.108870125905373,4,4,0.00018728146467654943,14.111512455767484,True,314159,14.108870125905373,1118537995,12,104cc3e03095b970aeb35650a93c995e539d4109a5ab749238d8a93645401f1a,40.12062681600037,pyvrp,40.0,0.005752766322263378,cvrp100_38880.json,0
"[""accepted""]",not_selected,True,0.29518963544483157,cvrp_s7799_n20-50-100_x66667_cvrp100_38967,0.04242424242424243,True,True,0.0,0.0,0.0,100,3,False,14.28684030671116,False,False,,False,13.991650671266328,4,4,0.0022866017500215276,14.023644004176935,True,314160,13.991650671266328,2901096163,10,3343e8aaa5873ce70457a0e7a257b1419ad59af4ebc9f795793f5a4a661a4610,40.09338279599979,pyvrp,40.0,0.020661645899840285,cvrp100_38967.json,0
"[""pyvrp_cost_not_converged""]",unstable_cost,False,0.06543065556588523,cvrp_s7799_n20-50-100_x66667_cvrp100_39277,0.048484848484848485,True,False,0.0,0.0,0.0,100,3,True,12.834119036934831,False,True,13.36648461318054,True,12.768688381368946,4,4,0.005706087487534439,12.841547634374102,False,314159,12.768688381368946,3062964960,10,ec1ae53863014aa436c19d0d6892aeff2b57defd025e7b230d7b2204cd622adb,40.08509473999948,pyvrp,40.0,0.0050981805122412216,cvrp100_39277.json,0
"[""accepted""]",stable_control,True,0.26300062526824064,cvrp_s7799_n20-50-100_x66667_cvrp100_39389,0.08282828282828283,True,True,0.2,0.03737373737373737,0.024915824915824916,100,3,False,19.371426311136254,False,True,20.098431266247378,True,19.108425685868013,4,4,0.0019687761627928207,19.14604589886685,True,314159,19.108425685868013,3519893909,11,ae3ffcf3446f331add1316983a24b3a7f83e2ce8b187afe06361443a03984407,40.09872015400106,pyvrp,40.0,0.013576730027207481,cvrp100_39389.json,0
"[""pyvrp_cost_not_converged"", ""route_membership_ambiguous""]",unstable_cost,False,0.1915248075442637,cvrp_s7799_n20-50-100_x66667_cvrp100_39453,0.0705050505050505,False,False,0.0,0.0,0.0,100,1,True,15.092073615611248,False,True,15.384462001580676,True,14.900548808066985,4,4,0.006337196872850647,14.994976519377225,False,314162,14.900548808066985,1231095337,11,c55b0d0de3ba7a86e00cd936dab89f01150f2f3a4d73b0b2a4966585191cf6cf,40.081330191000234,pyvrp,40.0,0.012690423623838567,cvrp100_39453.json,0
"[""accepted""]",not_selected,True,0.4169544000276666,cvrp_s7799_n20-50-100_x66667_cvrp100_3949,0.07494949494949495,True,True,0.0,0.0,0.0,100,2,False,19.68191506867612,False,False,,False,19.264960668648452,4,4,0.0021996252106921865,19.307336361818205,True,314160,19.264960668648452,598092365,11,0f217af3dfde67d9c79a631a185d6a51be0f72433a258efa8cfebd9439cd3cf4,40.14042479700038,pyvrp,40.0,0.02118464583211478,cvrp100_3949.json,0
"[""pyvrp_cost_not_converged"", ""route_membership_ambiguous""]",unstable_cost,False,0.4337940203005317,cvrp_s7799_n20-50-100_x66667_cvrp100_39666,0.07797979797979798,False,False,0.0,0.0,0.0,100,1,True,18.546285084590263,False,True,19.60020776727035,True,18.11249106428973,4,4,0.00838757402644586,18.2644109238948,False,314162,18.11249106428973,1763441307,11,1f9d2b8be6be5ca425664946e7761423b9c173d854f16fbf33493022bbed872f,40.08270357999936,pyvrp,40.0,0.02338980654734799,cvrp100_39666.json,0
"[""pyvrp_cost_not_converged"", ""route_membership_ambiguous""]",unstable_cost,False,0.10258515428150616,cvrp_s7799_n20-50-100_x66667_cvrp100_39765,0.08,False,False,0.0,0.0,0.0,100,1,True,15.438496621856087,False,True,16.92737836050458,True,15.335911467574581,4,4,0.0028290351995349117,15.3792973009333,False,314159,15.335911467574581,356077062,11,1c9f89029fdd78c8b5a34e3e0cbee904a50d49f2103080f87d3a91762efc83a6,40.09885787700114,pyvrp,40.0,0.006644763204227906,cvrp100_39765.json,0
"[""pyvrp_cost_not_converged""]",unstable_cost,False,0.32316256799340337,cvrp_s7799_n20-50-100_x66667_cvrp100_39787,0.0595959595959596,True,False,0.0,0.0,0.0,100,2,True,17.358716307333918,False,True,18.27926530167194,True,17.035553739340514,4,4,0.007604934776305063,17.16510801440644,False,314159,17.035553739340514,2017913436,11,1f758e0bcf2f3a138bd2624330d1a6f0cde7d3fbc8ce50f205e4e63ec1649090,40.09214620900093,pyvrp,40.0,0.01861673192140768,cvrp100_39787.json,0
"[""accepted""]",not_selected,True,0.30107267394924264,cvrp_s7799_n20-50-100_x66667_cvrp100_39879,0.06464646464646465,True,True,0.19,0.03696969696969697,0.018484848484848486,100,4,False,17.707379190866675,False,False,,False,17.406306516917432,4,4,0.0003112006129529841,17.411723370174744,True,314161,17.406306516917432,2583736223,11,e82afb8d7cec5e716deb29edf2589d324b9e041cbaa55ead1171205be72cd2bf,40.096057338998435,pyvrp,40.0,0.01700266711996169,cvrp100_39879.json,0
"[""pyvrp_cost_not_converged""]",unstable_cost,False,0.5384456032205289,cvrp_s7799_n20-50-100_x66667_cvrp100_39904,0.08404040404040404,True,False,0.0,0.0,0.0,100,3,True,15.601990825499184,False,True,16.678259114113686,True,15.063545222278655,4,4,0.012698118461388495,15.254823903959633,False,314161,15.063545222278655,2706005196,10,e054282de9367b7869862942f7fda4252d21dd6e7d9c9bcd1e379042ed7ca4ed,40.088329521999185,pyvrp,40.0,0.034511339561905004,cvrp100_39904.json,0
"[""accepted""]",not_selected,True,0.253397962581726,cvrp_s7799_n20-50-100_x66667_cvrp100_40071,0.07171717171717172,True,True,0.0,0.0,0.0,100,4,False,14.803331736745655,False,False,,False,14.549933774163929,4,4,4.883477456246563e-16,14.549933774163936,True,314159,14.549933774163929,81323011,10,8088d026d5ce75554c2ac3493cf163b17787701117ad184a9cf3f25e649b8c0e,40.155785236000156,pyvrp,40.0,0.017117630482651917,cvrp100_40071.json,0
"[""accepted""]",not_selected,True,0.42044886997546627,cvrp_s7799_n20-50-100_x66667_cvrp100_40084,0.1096969696969697,True,True,0.0,0.0,0.0,100,3,False,17.509897283210236,False,False,,False,17.08944841323477,4,4,0.0033398909942209108,17.146525308086336,True,314162,17.08944841323477,813952773,11,e7abb4dae984177cb24ecabd00f4c27bfeff11acc5c834c2548d7c382c026a07,40.104163224999866,pyvrp,40.0,0.024012069469911926,cvrp100_40084.json,0
"[""accepted""]",stable_control,True,0.41090367404461503,cvrp_s7799_n20-50-100_x66667_cvrp100_40292,0.1,True,True,0.21,0.04181818181818182,0.02619528619528619,100,4,False,18.877133961170482,False,True,19.923429274794028,True,18.466230287125867,4,4,0.00019609841531390205,18.469851485621994,True,314159,18.466230287125867,773305038,11,5e7d73b3b54c071fc967d1cc66dbdb28f66381d7a8d70f87f1b776ec00199709,40.147076451999965,pyvrp,40.0,0.021767270121080224,cvrp100_40292.json,0
"[""accepted""]",not_selected,True,0.33132521121537906,cvrp_s7799_n20-50-100_x66667_cvrp100_40487,0.07757575757575758,True,True,0.0,0.0,0.0,100,3,False,15.768930546713655,False,False,,False,15.437605335498276,4,4,0.0011098420515029941,15.454738639074119,True,314159,15.437605335498276,1043828794,10,90e3aa22a2f2b402c3539a7d39aa53f1bfddcb9793cd4ca82e36670bc7607c3d,40.09653892000097,pyvrp,40.0,0.0210112670757136,cvrp100_40487.json,0
"[""route_membership_ambiguous""]",unstable_matrix,True,0.023283990787378528,cvrp_s7799_n20-50-100_x66667_cvrp100_4081,0.01090909090909091,False,False,0.19,0.08747474747474747,0.043737373737373735,100,4,True,12.894378851240026,False,True,13.540627562808073,True,12.871094860452647,4,4,0.0009930055816099212,12.883875929490507,True,314159,12.871094860452647,530781273,10,4ac1d1db2dde69c323cc0b3782a4627af7b07ff3f01faf967d8d120ac5b1a298,40.085810090999075,pyvrp,40.0,0.0018057473768997687,cvrp100_4081.json,0
"[""pyvrp_cost_not_converged"", ""route_membership_ambiguous""]",unstable_cost,False,0.38923170772608273,cvrp_s7799_n20-50-100_x66667_cvrp100_40892,0.10484848484848484,False,False,0.0,0.0,0.0,100,1,True,17.65936397900307,False,True,18.207068497910356,True,17.27013227127699,4,4,0.00268902156485782,17.3165720293824,False,314161,17.27013227127699,3977217094,11,c82bcaa464465b8da2258666d5be71a37168d7e807ef2da5c13e89504939234c,40.0810291279995,pyvrp,40.0,0.022041094355882692,cvrp100_40892.json,0
"[""pyvrp_cost_not_converged"", ""route_membership_ambiguous""]",unstable_cost,False,0.40301705371315677,cvrp_s7799_n20-50-100_x66667_cvrp100_40919,0.10282828282828282,False,False,0.0,0.0,0.0,100,1,True,17.439695085249603,False,True,17.920274272592035,True,17.036678031536447,4,4,0.00681685968878661,17.152814675240464,False,314161,17.036678031536447,791050486,11,6cb18d5223eb4df1b475f487227dbbab839c3fd45af349903842c8dd744164f3,40.14985115300078,pyvrp,40.0,0.02310918004833848,cvrp100_40919.json,0
"[""accepted""]",not_selected,True,0.13930214168602362,cvrp_s7799_n20-50-100_x66667_cvrp100_41037,0.08565656565656565,True,True,0.0,0.0,0.0,100,3,False,12.723432765136055,False,False,,False,12.584130623450031,4,4,0.004818586752059391,12.644768348558372,True,314162,12.584130623450031,3176346785,10,cd00382d156ff1e58dbaa13e89f9afedcd29a7be712c4439fff308c5a26617ea,40.143993899000634,pyvrp,40.0,0.010948471553033277,cvrp100_41037.json,0
"[""accepted""]",not_selected,True,0.20876969161841252,cvrp_s7799_n20-50-100_x66667_cvrp100_41039,0.07414141414141415,True,True,0.0,0.0,0.0,100,4,False,13.10749277468632,False,False,,False,12.898723083067907,4,4,5.508628498993255e-16,12.898723083067914,True,314160,12.898723083067907,4186653844,10,b261ec0d6c0e5762bcfb31d730119a83e713342e6ca26ddca4f3035380f5b922,40.090611120000176,pyvrp,40.0,0.01592750766352482,cvrp100_41039.json,0
"[""route_membership_ambiguous""]",unstable_matrix,True,0.2793899191959781,cvrp_s7799_n20-50-100_x66667_cvrp100_41303,0.08525252525252525,False,False,0.22,0.05717171717171717,0.05717171717171717,100,2,True,18.057488422885722,False,True,18.92236844243259,True,17.778098503689744,4,4,0.0026117764709496947,17.824530923059907,True,314161,17.778098503689744,3152183227,11,3547e71c91b1383ad000d2562beb678ff4bdc71f6aaf608eea2497e35f43d1e0,40.0901211700002,pyvrp,40.0,0.01547224689574684,cvrp100_41303.json,0
"[""pyvrp_cost_not_converged"", ""route_membership_ambiguous""]",unstable_cost,False,0.42577924353814467,cvrp_s7799_n20-50-100_x66667_cvrp100_41336,0.0901010101010101,False,False,0.0,0.0,0.0,100,1,True,16.63353641431856,False,True,17.924969253155417,True,16.207757170780415,4,4,0.016406350607995637,16.473667317493494,False,314160,16.207757170780415,423994653,10,39675a90a93da9ce252b927322a93f63fae5bbac30b01a5f08008c572e31ebef,40.07945640199978,pyvrp,40.0,0.02559763798464549,cvrp100_41336.json,0
"[""accepted""]",not_selected,True,0.22824026994604196,cvrp_s7799_n20-50-100_x66667_cvrp100_4160,0.07212121212121213,True,True,0.0,0.0,0.0,100,3,False,14.284924096309302,False,False,,False,14.05668382636326,4,4,0.0031104964158258945,14.10040709102356,True,314160,14.05668382636326,2371286210,10,9bef6b3ebb2e08322b5864fe91b4c1f2c5099cbf6db7e9dcf051f72f96943020,40.09969436500069,pyvrp,40.0,0.015977702675018822,cvrp100_4160.json,0
"[""accepted""]",not_selected,True,0.23637987958813866,cvrp_s7799_n20-50-100_x66667_cvrp100_41782,0.09393939393939393,True,True,0.0,0.0,0.0,100,4,False,15.737298388999678,False,False,,False,15.50091850941154,4,4,4.8080616013497266e-05,15.501663803122247,True,314159,15.50091850941154,2344407018,11,55be9f02b6bcf73235b8b747dfd544ba15affd16934ba788397e4ae43178246c,40.08291653900051,pyvrp,40.0,0.015020359514398446,cvrp100_41782.json,0
"[""accepted""]",not_selected,True,0.1611829413850998,cvrp_s7799_n20-50-100_x66667_cvrp100_4180,0.05313131313131313,True,True,0.0,0.0,0.0,100,4,False,13.41327577184276,False,False,,False,13.252092830457661,4,4,1.3404349502575164e-16,13.252092830457663,True,314159,13.252092830457661,2210879389,10,752c1202690c09a79e538eb7f73e2da70184e2d2501d47c3c4c4b701f531e1d1,40.11775470599969,pyvrp,40.0,0.012016672446521687,cvrp100_4180.json,-1
"[""accepted""]",stable_control,True,0.15612771163571892,cvrp_s7799_n20-50-100_x66667_cvrp100_41800,0.06282828282828283,True,True,0.18,0.02666666666666667,0.02666666666666667,100,2,False,17.313813818341565,False,True,18.401893652410127,True,17.157686106705846,4,4,0.0032708880434956272,17.21380697704632,True,314162,17.157686106705846,1113644808,11,d3940f60a67a8271f67495c3060935843a87e33c8449441c61b590e9d634b8a3,40.08867379000003,pyvrp,40.0,0.009017522844696611,cvrp100_41800.json,0
"[""accepted""]",not_selected,True,0.062130068253793524,cvrp_s7799_n20-50-100_x66667_cvrp100_41897,0.04040404040404041,True,True,0.0,0.0,0.0,100,4,False,12.925581217328306,False,False,,False,12.863451149074512,4,4,5.868402924952749e-05,12.864206028217994,True,314159,12.863451149074512,3264973286,10,cba29ea8d8205a523de944a37f479dccde3b38b30e35598240e3bdbd72c0240f,40.07077221099826,pyvrp,40.0,0.004806752378028514,cvrp100_41897.json,0
"[""accepted""]",not_selected,True,0.2853928389897362,cvrp_s7799_n20-50-100_x66667_cvrp100_41967,0.05232323232323232,True,True,0.17,0.0034343434343434343,0.0017171717171717172,100,4,False,16.86031822551059,False,False,,False,16.574925386520853,4,4,7.870965381747253e-05,16.576229993160077,True,314159,16.574925386520853,1481649327,11,c36ecaca9c81b7b8c6eb93b5f9fb2f6ab0651d2287d76cdb2a342f0562fcda28,40.091223040999466,pyvrp,40.0,0.01692689516132152,cvrp100_41967.json,0
"[""accepted""]",not_selected,True,0.18018450242277595,cvrp_s7799_n20-50-100_x66667_cvrp100_4226,0.0698989898989899,True,True,0.0,0.0,0.0,100,4,False,16.88418446691151,False,False,,False,16.703999964488734,4,4,2.1268640363704887e-16,16.703999964488737,True,314159,16.703999964488734,53886770,10,b9385afaf0a3dabc90f95b9a234860341a47f579913cd12bb210e5d4c0b95461,40.07025721500031,pyvrp,40.0,0.01067179186391202,cvrp100_4226.json,0
"[""accepted""]",stable_control,True,0.1518055300096357,cvrp_s7799_n20-50-100_x66667_cvrp100_42317,0.055353535353535356,True,True,0.0,0.0,0.0,100,3,False,13.7553390724755,False,True,14.542521120151688,True,13.603533542465865,4,4,0.0015561154499740275,13.624702211185536,True,314162,13.603533542465865,3862917763,11,c3e3e02bba0aafba8a1ee2fb653fdfabbe882cfdb9b3284295c9ff0638178817,40.0797329069992,pyvrp,40.0,0.011036116900484068,cvrp100_42317.json,0
"[""pyvrp_cost_not_converged"", ""route_membership_ambiguous""]",unstable_cost,False,0.23068613642435487,cvrp_s7799_n20-50-100_x66667_cvrp100_42370,0.06666666666666667,False,False,0.0,0.0,0.0,100,1,True,15.527259488836949,False,True,15.95034460676737,True,15.296573352412594,4,4,0.002880211690666435,15.34063072180935,False,314159,15.296573352412594,3491076116,10,7208f9a7e473b3c1dfee621fd08598ac6144db45ffc3ad728023ca9ba5a137e9,40.08120081299967,pyvrp,40.0,0.014856848150840953,cvrp100_42370.json,-1
"[""accepted""]",not_selected,True,0.179506333333034,cvrp_s7799_n20-50-100_x66667_cvrp100_42474,0.027474747474747475,True,True,0.0,0.0,0.0,100,4,False,15.42772946634886,False,False,,False,15.248223133015825,4,4,1.1649598932967077e-16,15.248223133015827,True,314159,15.248223133015825,247588040,11,aed410d9fb6666cc3a9d4e2f1ed2f799f2a0001cb2f9228d720379a4f16e42dd,40.08771728099964,pyvrp,40.0,0.01163530471055869,cvrp100_42474.json,0
"[""accepted""]",stable_control,True,0.2602667743147862,cvrp_s7799_n20-50-100_x66667_cvrp100_42676,0.08464646464646465,True,True,0.0,0.0,0.0,100,2,False,20.989743122418073,False,True,22.375403316589466,True,20.729476348103287,4,4,0.0014004461778860907,20.758506864024568,True,314162,20.729476348103287,3446919585,11,2482950bfaa896f1be8e5ba2ca33b409092fd13922f72f09531b22db0f557821,40.08631088200127,pyvrp,40.0,0.012399712221194766,cvrp100_42676.json,0
"[""route_membership_ambiguous""]",unstable_matrix,True,0.3334893390084126,cvrp_s7799_n20-50-100_x66667_cvrp100_42699,0.0698989898989899,False,False,0.22,0.07333333333333333,0.04915824915824916,100,3,True,16.13613981966365,False,True,17.565472332985323,True,15.802650480655238,4,4,0.00224200402390743,15.83808008662127,True,314162,15.802650480655238,401582977,11,d99ac977e211e908c5dea22bfc4e0fec3f21211ebd6299acffee1c7ed2655fda,40.15828242399948,pyvrp,40.0,0.02066723161397123,cvrp100_42699.json,0
"[""route_membership_ambiguous""]",unstable_matrix,True,0.13771747761160924,cvrp_s7799_n20-50-100_x66667_cvrp100_42749,0.0692929292929293,False,False,0.2,0.06060606060606061,0.04040404040404041,100,3,True,16.342787039357194,False,True,17.396013748046443,True,16.205069561745585,4,4,0.0013790075333341408,16.227416474749436,True,314159,16.205069561745585,4218604870,11,6ad62896b3f704cc27f7a42a2bd25bd78f754bfd641066d0e2015d1cd71aa010,40.08755098399888,pyvrp,40.0,0.008426804882175473,cvrp100_42749.json,0
"[""accepted""]",not_selected,True,0.21770983363736995,cvrp_s7799_n20-50-100_x66667_cvrp100_42971,0.08848484848484849,True,True,0.15,0.04080808080808081,0.04080808080808081,100,2,False,14.583583217504046,False,False,,False,14.365873383866676,4,4,0.0010812749890550507,14.381406843452583,True,314161,14.365873383866676,2930669987,11,7565267d2be02f3a44bf19dc85cf8184cc4cd6dc7a0290e247b734efce55a6e9,40.09068089600078,pyvrp,40.0,0.01492841850938679,cvrp100_42971.json,0
"[""accepted""]",stable_control,True,0.10505887274812586,cvrp_s7799_n20-50-100_x66667_cvrp100_43024,0.06222222222222222,True,True,0.0,0.0,0.0,100,4,False,13.221569258421425,False,True,13.440787276663645,True,13.1165103856733,4,4,5.417162910465888e-16,13.116510385673307,True,314161,13.1165103856733,4266426104,10,e0fd340036faa32bec9f883581ab103cdb45d0a2fccfa9106a922a8d14cec681,40.104473385001256,pyvrp,40.0,0.007946021436238291,cvrp100_43024.json,0
"[""accepted""]",stable_control,True,0.19266650896581972,cvrp_s7799_n20-50-100_x66667_cvrp100_43133,0.0602020202020202,True,True,0.0,0.0,0.0,100,4,False,15.19521880463688,False,True,16.344823891394807,True,15.00255229567106,4,4,4.736145702122466e-16,15.002552295671068,True,314162,15.00255229567106,179992140,11,ff1bfdb213adc41c5aab126a4411775e709f42fba2dde73ace146e7aa2ef9f7b,40.08256033199905,pyvrp,40.0,0.01267941656141383,cvrp100_43133.json,0
"[""accepted""]",not_selected,True,0.33521221227236886,cvrp_s7799_n20-50-100_x66667_cvrp100_43510,0.08424242424242424,True,True,0.0,0.0,0.0,100,4,False,16.163525503691588,False,False,,False,15.828313291419219,4,4,3.366796208847929e-16,15.828313291419224,True,314161,15.828313291419219,3534077531,10,75b4089b9e911e0e504a234161f4b546cc39b63f19c0a39bd7b76f6ea4ae72d5,40.107999312000175,pyvrp,40.0,0.02073880554064828,cvrp100_43510.json,0
"[""pyvrp_cost_not_converged"", ""route_membership_ambiguous""]",unstable_cost,False,0.3045668272454112,cvrp_s7799_n20-50-100_x66667_cvrp100_43600,0.07717171717171717,False,False,0.0,0.0,0.0,100,1,True,14.395260425408392,False,True,15.253271591972505,True,14.09069359816298,4,4,0.010962671345116822,14.245165241104383,False,314159,14.09069359816298,3107362062,10,7c1874d512eb5c9ae4c6bee2c2497b1ccf5af759d5a15167da37aed3a35086c9,40.14539225899898,pyvrp,40.0,0.02115743781250631,cvrp100_43600.json,0
"[""accepted""]",not_selected,True,0.3396508299526815,cvrp_s7799_n20-50-100_x66667_cvrp100_43672,0.06626262626262626,True,True,0.17,0.028484848484848484,0.028484848484848484,100,2,False,17.197893188126276,False,False,,False,16.858242358173595,4,4,0.004033507356951096,16.926240202750552,True,314160,16.858242358173595,1958926255,11,f4cae830c81c8d9b5e8f7c64541bcdf6dc05e6b5b13fb53886deba6a89a51823,40.09022142700087,pyvrp,40.0,0.019749560381453136,cvrp100_43672.json,0
"[""accepted""]",stable_control,True,0.23407117893825458,cvrp_s7799_n20-50-100_x66667_cvrp100_43802,0.08686868686868687,True,True,0.0,0.0,0.0,100,3,False,16.464938821387342,False,True,17.091486239709365,True,16.230867642449088,4,4,0.002697376391434455,16.274648401640327,True,314161,16.230867642449088,2365816428,10,d8cd73c20a68e7dd467322d9be33f0b41683e7f775ac7e80790375de6f3b65f0,40.06642676899901,pyvrp,40.0,0.014216340642226063,cvrp100_43802.json,0
"[""pyvrp_cost_not_converged"", ""route_membership_ambiguous""]",unstable_cost,False,0.2910197113878219,cvrp_s7799_n20-50-100_x66667_cvrp100_4393,0.09151515151515152,False,False,0.0,0.0,0.0,100,1,True,18.048216249316884,False,True,18.49092615076884,True,17.75719653792906,4,4,0.004231121685850897,17.83232939728061,False,314161,17.75719653792906,1018121836,11,d5d39d45a3112ac5a6477b56c91edd244b1384a49f1bcd2ca904e598b4340705,40.15955530800056,pyvrp,40.0,0.016124569174465475,cvrp100_4393.json,0
"[""accepted""]",not_selected,True,0.3547442045689131,cvrp_s7799_n20-50-100_x66667_cvrp100_44182,0.09212121212121212,True,True,0.0,0.0,0.0,100,3,False,19.139043213288453,False,False,,False,18.78429900871954,4,4,0.0020170479285737375,18.822187840124787,True,314161,18.78429900871954,3578938040,11,cf64455cd084e105765a49654a8a5b4688901a82b6828addaf142d5079c1a451,40.088872075000836,pyvrp,40.0,0.01853510651580588,cvrp100_44182.json,0
"[""accepted""]",stable_control,True,0.33088720664491333,cvrp_s7799_n20-50-100_x66667_cvrp100_44280,0.1008080808080808,True,True,0.0,0.0,0.0,100,2,False,16.21511308673931,False,True,16.78958970542474,True,15.884225880094398,4,4,0.0037208247015304728,15.943328300113743,True,314162,15.884225880094398,1773924483,11,7d152299436bd699464df394184ee29eccafc56fb2c33f261a762e97a3760e31,40.05575609100015,pyvrp,40.0,0.020406099228226306,cvrp100_44280.json,0
"[""accepted""]",stable_control,True,0.05459636215751473,cvrp_s7799_n20-50-100_x66667_cvrp100_4429,0.022424242424242423,True,True,0.0,0.0,0.0,100,3,False,15.205595522790507,False,True,15.978678985003647,True,15.150999160632992,4,4,0.0038303358860412636,15.209032576427346,True,314160,15.150999160632992,4155102957,11,1665c4f859bff47eb49fef190da724fce9736eccc2eb65f69e04163a9ec2fab9,40.08280086800005,pyvrp,40.0,0.003590544156964087,cvrp100_4429.json,0
"[""pyvrp_cost_not_converged""]",unstable_cost,False,0.37495554788823426,cvrp_s7799_n20-50-100_x66667_cvrp100_44293,0.08707070707070708,True,False,0.16,0.0032323232323232323,0.0021548821548821547,100,3,True,18.602712573083323,False,True,19.431535637252804,True,18.22775702519509,4,4,0.010421285682107748,18.417713688498694,False,314159,18.22775702519509,3543474976,11,8d0978473be67d860ba2abd4dcfb6f31d5619f98914367af24170d7f62352257,40.079529901999194,pyvrp,40.0,0.020155960933932064,cvrp100_44293.json,0
"[""route_membership_ambiguous""]",unstable_matrix,True,0.1637741301581208,cvrp_s7799_n20-50-100_x66667_cvrp100_44308,0.08707070707070708,False,False,0.22,0.05919191919191919,0.029595959595959596,100,4,True,15.827898270635597,False,True,16.782126603242638,True,15.664124140477476,4,4,0.0006550907087928379,15.67438556266328,True,314161,15.664124140477476,4222587180,11,37f3afd0e402510fe3aea12eba62e4a6d0f808969f1d7eb3ca410f84973a5a1a,40.103869313999894,pyvrp,40.0,0.010347181120184453,cvrp100_44308.json,0
"[""accepted""]",not_selected,True,0.14152597740920392,cvrp_s7799_n20-50-100_x66667_cvrp100_4449,0.024444444444444446,True,True,0.0,0.0,0.0,100,4,False,13.759805199731442,False,False,,False,13.618279222322238,4,4,7.826349322410234e-16,13.618279222322249,True,314160,13.618279222322238,1638469554,9,222b79f1f56c3dcb3512f5c9e7191fcf18e474ba5d53d9f858714f2a7cb6a4b8,40.07812309200017,pyvrp,40.0,0.01028546373694056,cvrp100_4449.json,0
"[""pyvrp_cost_not_converged""]",unstable_cost,False,0.42193135122072434,cvrp_s7799_n20-50-100_x66667_cvrp100_44610,0.09494949494949495,True,False,0.0,0.0,0.0,100,2,True,17.580152030769497,False,True,18.644241541751466,True,17.158220679548773,4,4,0.010763354724661955,17.342900695166787,False,314161,17.158220679548773,1963081937,10,14eba9031937c610222174283ce2b8565c3bf32dad497852da690e04b1224032,40.147315450998576,pyvrp,40.0,0.02400043813513347,cvrp100_44610.json,0
"[""accepted""]",not_selected,True,0.22161159865955327,cvrp_s7799_n20-50-100_x66667_cvrp100_44901,0.09616161616161616,True,True,0.21,0.041212121212121214,0.027474747474747475,100,4,False,13.920890615951029,False,False,,False,13.699279017291476,4,4,3.889760118334028e-06,13.699332304200647,True,314159,13.699279017291476,1647244242,10,14ac0400a0150de1408b7df3b56b371689f70b25cb456bffeb3e9a8c13912573,40.073605712001154,pyvrp,40.0,0.015919354930181203,cvrp100_44901.json,0
"[""accepted""]",not_selected,True,0.3684403303014392,cvrp_s7799_n20-50-100_x66667_cvrp100_45020,0.08161616161616161,True,True,0.0,0.0,0.0,100,2,False,16.46938385984625,False,False,,False,16.10094352954481,4,4,0.003811936080546758,16.16231929711593,True,314159,16.10094352954481,2155778863,10,0e605c0edb1db591e56fea1ec29407c35afcf9f1dd0116f6e255dac13b25439b,40.15493144100037,pyvrp,40.0,0.022371227329258375,cvrp100_45020.json,0
"[""accepted""]",not_selected,True,0.07074187597288173,cvrp_s7799_n20-50-100_x66667_cvrp100_45022,0.08505050505050506,True,True,0.25,0.029494949494949494,0.014747474747474747,100,4,False,12.380888807672005,False,False,,False,12.310146931699123,4,4,8.561323391133425e-05,12.31120084318787,True,314162,12.310146931699123,2940474418,10,7a87682b828f0f7f0091784164a6c404580cbfbdbc31a3f0505738d5ed9d3e44,40.07195559899992,pyvrp,40.0,0.005713796244502693,cvrp100_45022.json,0
"[""accepted""]",not_selected,True,0.31293775594830286,cvrp_s7799_n20-50-100_x66667_cvrp100_45079,0.07535353535353535,True,True,0.23,0.04363636363636364,0.029090909090909094,100,3,False,13.7024660593783,False,False,,False,13.389528303429998,4,4,0.0011258046380237796,13.40460229649495,True,314160,13.389528303429998,2742767816,10,a48004e7a4f9e40d0cda45df80e12d41cc433a252644927b24350ece629631e5,40.09756655199999,pyvrp,40.0,0.02283806101706201,cvrp100_45079.json,0
"[""pyvrp_cost_not_converged""]",unstable_cost,False,0.4897168760869981,cvrp_s7799_n20-50-100_x66667_cvrp100_45198,0.10848484848484849,True,False,0.0,0.0,0.0,100,2,True,17.71204684871043,False,True,18.83729196237601,True,17.22232997262343,4,4,0.009048086274940775,17.378159100071226,False,314159,17.22232997262343,3550353253,11,f8d96aa3b6fbf0b203798322a169ea9a570485428226e17760038b08db4f343b,40.101942724000764,pyvrp,40.0,0.02764880198601401,cvrp100_45198.json,0
"[""route_membership_ambiguous""]",unstable_matrix,True,0.14171689242755825,cvrp_s7799_n20-50-100_x66667_cvrp100_45251,0.058383838383838385,False,False,0.24,0.0903030303030303,0.045151515151515144,100,4,True,14.04439946877397,False,True,14.65875288460885,True,13.902682576346411,4,4,0.00042478803808515596,13.908588269602138,True,314159,13.902682576346411,3508526925,9,ec5e9c6a663c26cefa2876bad39777f9c4e590e82869ba0e5c76d8a7056ab89d,40.07558500599953,pyvrp,40.0,0.01009063383184512,cvrp100_45251.json,0
"[""accepted""]",not_selected,True,0.2553695708330821,cvrp_s7799_n20-50-100_x66667_cvrp100_45506,0.05515151515151515,True,True,0.0,0.0,0.0,100,4,False,15.554136154279547,False,False,,False,15.298766583446465,4,4,2.9880905025252255e-06,15.298812297545593,True,314159,15.298766583446465,1425640065,11,683ef361de7f3bdd443a5a03be80b6cf429cd95e4d9d5a06cec0e7f3f6685adf,40.108481984998434,pyvrp,40.0,0.01641811337512434,cvrp100_45506.json,0
"[""pyvrp_cost_not_converged"", ""route_membership_ambiguous""]",unstable_cost,False,0.36871172768900706,cvrp_s7799_n20-50-100_x66667_cvrp100_45596,0.08,False,False,0.0,0.0,0.0,100,1,True,15.056792714299547,False,True,15.270380706641461,True,14.68808098661054,4,4,0.0012239269912436462,14.706058125379625,False,314162,14.68808098661054,866080993,10,d750775ce2addd587d3b2606d944f53ccc5de9bb5e85cad2ae5edcd204fe62d5,40.06782521099922,pyvrp,40.0,0.024488065598381972,cvrp100_45596.json,0
"[""accepted""]",not_selected,True,0.09333937252795366,cvrp_s7799_n20-50-100_x66667_cvrp100_4592,0.010303030303030303,True,True,0.0,0.0,0.0,100,4,False,14.452608612248717,False,False,,False,14.359269239720764,4,4,1.237080250913099e-16,14.359269239720765,True,314162,14.359269239720764,4270545533,10,0879896f5ec07e7185c4f63bc31460315d7229a35a676a6c39da1c79f41f9ccb,40.10538123999868,pyvrp,40.0,0.006458306249907556,cvrp100_4592.json,0
"[""pyvrp_cost_not_converged"", ""route_membership_ambiguous""]",unstable_cost,False,0.26994023467594985,cvrp_s7799_n20-50-100_x66667_cvrp100_45999,0.08767676767676767,False,False,0.0,0.0,0.0,100,1,True,17.582704699766204,False,True,18.031564785405344,True,17.312764465090254,4,4,0.0019867971225426993,17.347161415712755,False,314159,17.312764465090254,2785642898,11,82f6b2c3b29b1f6a7c3b862e2238bb3688e2eea7e6ccc8fabd8b1ac035dd47a6,40.089508049999495,pyvrp,40.0,0.015352600142317083,cvrp100_45999.json,0
"[""route_membership_ambiguous""]",unstable_matrix,True,0.15036748425755064,cvrp_s7799_n20-50-100_x66667_cvrp100_46209,0.05595959595959596,False,False,0.21,0.05292929292929293,0.05292929292929293,100,2,True,13.92541340832695,False,True,14.200386083514928,True,13.7750459240694,4,4,0.0022923979549469755,13.806623811175037,True,314159,13.7750459240694,2724196771,11,3c2ad210a1c46d8556c81b0a4aefe323edad9a036c6b4ba3565698c152821327,40.100166018999516,pyvrp,40.0,0.01079806249541114,cvrp100_46209.json,0
"[""accepted""]",not_selected,True,0.24563281665817627,cvrp_s7799_n20-50-100_x66667_cvrp100_4647,0.06202020202020202,True,True,0.0,0.0,0.0,100,4,False,13.644819047214465,False,False,,False,13.399186230556289,4,4,3.9771598263542505e-16,13.399186230556294,True,314159,13.399186230556289,106957739,11,b81bf537f2852b7f09b9bf6b8e7249735dfc933f7fd5428f659724ba959e6f7a,40.08568198899957,pyvrp,40.0,0.0180019108944007,cvrp100_4647.json,0
"[""accepted""]",not_selected,True,0.3987556691381897,cvrp_s7799_n20-50-100_x66667_cvrp100_46828,0.08121212121212121,True,True,0.0,0.0,0.0,100,3,False,14.595959759402295,False,False,,False,14.197204090264105,4,4,0.0036005747348523552,14.248322184617052,True,314160,14.197204090264105,2718356116,10,14a659a58b3208d0399aa1a39891c110dfaab143433836def20338cf502df85f,40.130176947999644,pyvrp,40.0,0.027319592250953068,cvrp100_46828.json,0
"[""pyvrp_cost_not_converged"", ""route_membership_ambiguous""]",unstable_cost,False,0.20917022196932855,cvrp_s7799_n20-50-100_x66667_cvrp100_47089,0.08767676767676767,False,False,0.0,0.0,0.0,100,1,True,16.192563910994277,False,True,17.229485904367326,True,15.983393689024949,4,4,0.004073803316319031,16.04850689124133,False,314161,15.983393689024949,3437317070,11,3aad0261dd9478870c7cab099f4d75f0619fce9d56a5311cad182be79ce7eec6,40.0967216450008,pyvrp,40.0,0.012917671538557775,cvrp100_47089.json,0
"[""pyvrp_cost_not_converged""]",unstable_cost,False,0.010210130141333096,cvrp_s7799_n20-50-100_x66667_cvrp100_47318,0.0,True,False,0.0,0.0,0.0,100,2,True,13.344542444315922,False,True,14.154843959795263,True,13.334332314174588,4,4,0.010939842677968681,13.480207811907412,False,314161,13.334332314174588,1342468397,10,59adffb3cea6271355fbfec4e12c11d0252f7b3c4e69ff71f56a448f6a58e160,40.0979832539997,pyvrp,40.0,0.000765116539884219,cvrp100_47318.json,0
"[""accepted""]",not_selected,True,0.5103378783828347,cvrp_s7799_n20-50-100_x66667_cvrp100_47323,0.10303030303030303,True,True,0.0,0.0,0.0,100,4,False,14.656671490686072,False,False,,False,14.146333612303238,4,4,6.278506106541032e-16,14.146333612303247,True,314160,14.146333612303238,3139853653,9,d85acc3059e342ad1288e1101ec4c40ffa8a4b3197b2fb90cafc8ca20b6d2946,40.06076798600043,pyvrp,40.0,0.03481949354648093,cvrp100_47323.json,0
"[""pyvrp_cost_not_converged""]",unstable_cost,False,0.2092053967957579,cvrp_s7799_n20-50-100_x66667_cvrp100_47325,0.03494949494949495,True,False,0.0,0.0,0.0,100,2,True,12.909326711556801,False,True,13.500579749223078,True,12.700121314761043,4,4,0.01651972235728752,12.909923792784765,False,314162,12.700121314761043,2063752446,11,5047936e8bdd1df061c8c6f89ede4dee71330fa54d00654e95a0c57af8a8cca4,40.06791146000069,pyvrp,40.0,0.016205755843832752,cvrp100_47325.json,0
"[""pyvrp_cost_not_converged""]",unstable_cost,False,0.21244190247933759,cvrp_s7799_n20-50-100_x66667_cvrp100_47520,0.08505050505050506,True,False,0.0,0.0,0.0,100,3,True,13.387810255033669,False,True,13.705282073818228,True,13.175368352554331,4,4,0.011507841112058423,13.32698839814837,False,314162,13.175368352554331,3066241369,9,c917eaf1ac49bacacb069038e0d129bf7ff9314bdef7bcceb9c435fe8cb2b59b,40.0898630669999,pyvrp,40.0,0.015868308441215156,cvrp100_47520.json,0
"[""pyvrp_cost_not_converged"", ""route_membership_ambiguous""]",unstable_cost,False,0.24554649307496135,cvrp_s7799_n20-50-100_x66667_cvrp100_47588,0.06505050505050505,False,False,0.0,0.0,0.0,100,1,True,14.178857625118306,False,True,14.98850764082407,True,13.933311132043345,4,4,0.004534891392677947,13.996497184767552,False,314162,13.933311132043345,2853673594,10,c5efa2a910d575b02670bcee3d4b1ee51659f8a17a8fbc74aacf430d4f8476df,40.07440011700055,pyvrp,40.0,0.01731779100736351,cvrp100_47588.json,0
"[""pyvrp_cost_not_converged"", ""route_membership_ambiguous""]",unstable_cost,False,0.6090796836626993,cvrp_s7799_n20-50-100_x66667_cvrp100_47625,0.08787878787878788,False,False,0.0,0.0,0.0,100,1,True,18.826767908273744,False,True,19.044246002204737,True,18.217688224611045,4,4,0.00877756339829666,18.37759513797297,False,314161,18.217688224611045,2815216603,11,2e844c4fb9319ee8396270e78f2c2f7a3ae35137cc4acb3c9316c870f5a7c077,40.09543626999948,pyvrp,40.0,0.032351792226377254,cvrp100_47625.json,0
"[""pyvrp_cost_not_converged""]",unstable_cost,False,0.3071119995003073,cvrp_s7799_n20-50-100_x66667_cvrp100_47886,0.07696969696969697,True,False,0.0,0.0,0.0,100,2,True,17.029059139491864,False,True,17.54875486467781,True,16.721947139991556,4,4,0.007402671004173307,16.84573421321809,False,314162,16.721947139991556,1234272653,10,8d9da8da39de9ffcdcc6382388222b2de86a9556f3ffd7d0c6ae1c7e8623eba8,40.08847901799891,pyvrp,40.0,0.01803458411792628,cvrp100_47886.json,0
"[""pyvrp_cost_not_converged"", ""route_membership_ambiguous""]",unstable_cost,False,0.19758622130813208,cvrp_s7799_n20-50-100_x66667_cvrp100_4821,0.07777777777777778,False,False,0.0,0.0,0.0,100,1,True,18.2701696995298,False,True,19.11293099504193,True,18.072583478221667,4,4,0.005410666225850484,18.170368195261144,False,314160,18.072583478221667,995919303,11,0bbae5ff84ada7dbf72b48e1398f91118af9c1a73a504dec09461596459a1ad3,40.075709992001066,pyvrp,40.0,0.010814689986881575,cvrp100_4821.json,0
"[""accepted""]",not_selected,True,0.3758279992918361,cvrp_s7799_n20-50-100_x66667_cvrp100_48264,0.06666666666666667,True,True,0.19,0.010707070707070707,0.010707070707070707,100,2,False,15.189288041687607,False,False,,False,14.813460042395771,4,4,0.0012234385474029776,14.831583400432052,True,314161,14.813460042395771,3720405901,11,213f4f083dd347ee1aad6b4f83f1b11243edf154dcdb2d7a58e542341d42744e,40.09197909999966,pyvrp,40.0,0.024742963479286267,cvrp100_48264.json,0
"[""pyvrp_cost_not_converged""]",unstable_cost,False,0.30105727764014745,cvrp_s7799_n20-50-100_x66667_cvrp100_48279,0.0797979797979798,True,False,0.22,0.03737373737373737,0.03737373737373737,100,2,True,17.329816430034988,False,True,17.886689306283017,True,17.02875915239484,4,4,0.0053987253811934215,17.120692746641105,False,314160,17.02875915239484,4141596810,10,86d86109728009d22928695547b21225a6a27a05a8859d216d2f5374d61619ac,40.077166566001324,pyvrp,40.0,0.017372213886719147,cvrp100_48279.json,0
"[""accepted""]",not_selected,True,0.1386356792773622,cvrp_s7799_n20-50-100_x66667_cvrp100_48344,0.06787878787878789,True,True,0.0,0.0,0.0,100,4,False,13.314284381365137,False,False,,False,13.175648702087775,4,4,5.392848214354027e-16,13.175648702087782,True,314161,13.175648702087775,1555071434,10,4d07bb399c291353ca1201a2b2fdb96962e6e61c98d3ea6f9828ed5d30cbfb7c,40.09347580400026,pyvrp,40.0,0.010412552061108044,cvrp100_48344.json,0
"[""accepted""]",not_selected,True,0.42545647967404676,cvrp_s7799_n20-50-100_x66667_cvrp100_48383,0.06262626262626263,True,True,0.0,0.0,0.0,100,4,False,15.386520532179725,False,False,,False,14.961064052505678,4,4,5.936599272505441e-16,14.961064052505687,True,314159,14.961064052505678,1446776276,11,8c971bee365f43245635c49da53df495d1c6b68cbefa571587e998f298bb9693,40.15175311800158,pyvrp,40.0,0.027651246997931547,cvrp100_48383.json,0
"[""route_membership_ambiguous""]",unstable_matrix,True,5.329070518200751e-15,cvrp_s7799_n20-50-100_x66667_cvrp100_48684,0.0,False,False,0.2,0.08747474747474747,0.0602020202020202,100,4,True,12.55097310423138,False,True,13.475557623873666,True,12.550973104231375,4,4,0.0007503038397375355,12.560390147543922,True,314161,12.550973104231375,1527712028,10,7f01f050de72cdcb527db3e5fdd96a09ceb4eaeb6788516245c4990776cbb64d,40.079230592000386,pyvrp,40.0,4.245942106595808e-16,cvrp100_48684.json,0
"[""pyvrp_cost_not_converged"", ""route_membership_ambiguous""]",unstable_cost,False,0.26775350422525257,cvrp_s7799_n20-50-100_x66667_cvrp100_48702,0.05353535353535353,False,False,0.0,0.0,0.0,100,1,True,14.260164145211892,False,True,16.285717939691356,True,13.99241064098664,4,4,0.005277788651257741,14.066259627071377,False,314161,13.99241064098664,2063565223,11,e93950407a2167c30e58aff3f5ae7e964677c4672a06f7f057f2d66fb2447abc,40.07219629999963,pyvrp,40.0,0.018776326941170284,cvrp100_48702.json,1
"[""pyvrp_cost_not_converged"", ""route_membership_ambiguous""]",unstable_cost,False,0.2887581768623573,cvrp_s7799_n20-50-100_x66667_cvrp100_48854,0.08646464646464647,False,False,0.0,0.0,0.0,100,1,True,15.098664812770219,False,True,15.566641223077816,True,14.809906635907861,4,4,0.012450271910090446,14.994294000487967,False,314159,14.809906635907861,2689601306,11,e1a0b1b172e4ce674ecfda1aea2f961641acb93db7a00145de0c67e1947d37fb,40.15106051299881,pyvrp,40.0,0.019124749137958877,cvrp100_48854.json,0
"[""pyvrp_cost_not_converged"", ""route_membership_ambiguous""]",unstable_cost,False,0.2072882713809463,cvrp_s7799_n20-50-100_x66667_cvrp100_49056,0.07656565656565656,False,False,0.0,0.0,0.0,100,1,True,15.674851930291547,False,True,17.467079781340225,True,15.467563658910601,4,4,0.006940645488662648,15.574918534840421,False,314160,15.467563658910601,645866710,10,2a4ec9fee607920e4766bdbaf8d1cc9ffff75661c16c74fe6dac3929d5fe2a28,40.09527202500067,pyvrp,40.0,0.013224257064933614,cvrp100_49056.json,0
"[""accepted""]",not_selected,True,0.2522473769047533,cvrp_s7799_n20-50-100_x66667_cvrp100_49088,0.08545454545454545,True,True,0.0,0.0,0.0,100,3,False,14.003092886114448,False,False,,False,13.750845509209695,4,4,0.003156795910099392,13.794254122073577,True,314159,13.750845509209695,464594724,10,d3536b1d6b4999b4d5dbc60957a9a451e30548c104a5d65cec08d8f4ab1d75b3,40.05983460100106,pyvrp,40.0,0.018013690186607513,cvrp100_49088.json,0
"[""accepted""]",not_selected,True,0.3551738798288522,cvrp_s7799_n20-50-100_x66667_cvrp100_49093,0.08505050505050506,True,True,0.0,0.0,0.0,100,3,False,14.266048856227634,False,False,,False,13.910874976398782,4,4,0.0027314862517371324,13.94887234014645,True,314159,13.910874976398782,1366598818,10,95c1f8a19a9c98ee0c9ffefd194681de2ddf815f477292884e99445af906700f,40.121263496999745,pyvrp,40.0,0.024896443535857248,cvrp100_49093.json,0
"[""accepted""]",not_selected,True,0.30951475137911366,cvrp_s7799_n20-50-100_x66667_cvrp100_49225,0.07454545454545454,True,True,0.0,0.0,0.0,100,3,False,15.390190441079772,False,False,,False,15.080675689700659,4,4,0.0013630848659835224,15.101231930502095,True,314161,15.080675689700659,2128520476,11,185b91436840223bdeaf54ec3f5a8b194bd83093f05c5c91281aceaf4b46d0dd,40.077633023998715,pyvrp,40.0,0.020111170980246697,cvrp100_49225.json,0
"[""accepted""]",not_selected,True,0.08038156006913155,cvrp_s7799_n20-50-100_x66667_cvrp100_49326,0.04,True,True,0.0,0.0,0.0,100,2,False,13.22491803009558,False,False,,False,13.144536470026448,4,4,0.002455545454491725,13.176813476806823,True,314162,13.144536470026448,2532546510,11,dd73a07ebf8f4ba0743ae333fdab38b37f0648a69d567ab6067560e91c5894ce,40.092906586000026,pyvrp,40.0,0.006078038433675692,cvrp100_49326.json,1
"[""pyvrp_cost_not_converged"", ""route_membership_ambiguous""]",unstable_cost,False,0.4391891078312966,cvrp_s7799_n20-50-100_x66667_cvrp100_49484,0.05858585858585859,False,False,0.0,0.0,0.0,100,1,True,17.416686341777847,False,True,18.098717264561067,True,16.97749723394655,4,4,0.005132193333343494,17.06462903206747,False,314161,16.97749723394655,77890834,11,62c771889ea5e31c4e9c62655a673b4c2c46b9cf9fcdd1227f47c139ec398dfd,40.08624781600156,pyvrp,40.0,0.025216571006265558,cvrp100_49484.json,0
"[""accepted""]",not_selected,True,0.1597169743766198,cvrp_s7799_n20-50-100_x66667_cvrp100_49539,0.04,True,True,0.0,0.0,0.0,100,4,False,15.622563143590787,False,False,,False,15.462846169214167,4,4,6.975183739484006e-05,15.463924731145823,True,314161,15.462846169214167,3011534916,11,e4d18a0501bab21a9719dcb0db997814376a15522ae6a29a0751eb6837920d98,40.094455311000274,pyvrp,40.0,0.010223480802005545,cvrp100_49539.json,0
"[""pyvrp_cost_not_converged"", ""route_membership_ambiguous""]",unstable_cost,False,0.36455527043505676,cvrp_s7799_n20-50-100_x66667_cvrp100_49778,0.09535353535353536,False,False,0.0,0.0,0.0,100,1,True,16.21823436653054,False,True,16.754258307857416,True,15.853679096095485,4,4,0.009659121184254991,16.00681170370096,False,314160,15.853679096095485,1745507244,10,fa7991d164ae32060786681cfc046310d4937735f36309ef8d74729f8c9d6a6a,40.06056192299911,pyvrp,40.0,0.022478110884091487,cvrp100_49778.json,0
"[""accepted""]",not_selected,True,0.11681529841730764,cvrp_s7799_n20-50-100_x66667_cvrp100_49785,0.058383838383838385,True,True,0.16,0.0032323232323232323,0.0021548821548821547,100,4,False,14.388874010257346,False,False,,False,14.272058711840039,4,4,9.575653548133933e-06,14.272195376129682,True,314161,14.272058711840039,1122698424,10,058921e92bf735627dd1a22791c10ee02bd3e773c0de79bc3067a5144ae0b59f,40.083607997999934,pyvrp,40.0,0.0081184461226107,cvrp100_49785.json,0
"[""accepted""]",not_selected,True,0.2550055070668975,cvrp_s7799_n20-50-100_x66667_cvrp100_49798,0.03313131313131313,True,True,0.0,0.0,0.0,100,4,False,16.32176923103933,False,False,,False,16.066763723972432,4,4,3.712114189877667e-05,16.067360140588484,True,314160,16.066763723972432,3215541655,11,7dee7c2c262adb6f084be8a40e85f6f75364fafea8b66352d4b89a90d26a30f5,40.08318019299986,pyvrp,40.0,0.015623643702911206,cvrp100_49798.json,0
"[""pyvrp_cost_not_converged""]",unstable_cost,False,0.26752074075492516,cvrp_s7799_n20-50-100_x66667_cvrp100_49959,0.08545454545454545,True,False,0.0,0.0,0.0,100,2,True,19.618692076696128,False,True,20.23619304136248,True,19.351171335941203,4,4,0.008690778110343533,19.519348072197108,False,314161,19.351171335941203,538194844,11,b80128dacf55cb253dd4e9ff1da043e9c80a30745e5f3500f038118d59d1f0a8,40.0958085000002,pyvrp,40.0,0.01363601302824346,cvrp100_49959.json,0
"[""accepted""]",not_selected,True,0.196408326233934,cvrp_s7799_n20-50-100_x66667_cvrp100_5006,0.06363636363636363,True,True,0.18,0.007272727272727273,0.003636363636363637,100,4,False,14.503301780751562,False,False,,False,14.306893454517628,4,4,8.041650147788196e-05,14.308043964836257,True,314159,14.306893454517628,3516651312,11,46e47713ea8f9cb1ef019945fa0976456686ee38299592b8ec76a4def7f8e686,40.06505419899986,pyvrp,40.0,0.013542318101289355,cvrp100_5006.json,0
"[""accepted""]",not_selected,True,0.19021089513271505,cvrp_s7799_n20-50-100_x66667_cvrp100_50064,0.056767676767676765,True,True,0.19,0.007676767676767677,0.0038383838383838384,100,4,False,16.05986954998266,False,False,,False,15.869658654849946,4,4,6.594815798109958e-05,15.870705229606022,True,314161,15.869658654849946,2904163605,10,4b3ef7aaa68f5532d984b2002fe661a23f4a244c9ba47483878e0615409299d3,40.0903832490003,pyvrp,40.0,0.01184386302396338,cvrp100_50064.json,0
"[""accepted""]",not_selected,True,0.3168486052465198,cvrp_s7799_n20-50-100_x66667_cvrp100_50165,0.0694949494949495,True,True,0.19,0.0038383838383838384,0.0025589225589225588,100,3,False,16.34208920268388,False,False,,False,16.02524059743736,4,4,0.0017519268065023562,16.05331564602066,True,314160,16.02524059743736,4167656286,11,2974ba902071db7e559e35de3911f12d0ccea54cee7bde37659bf5e4002fbd75,40.08914583099977,pyvrp,40.0,0.01938850053483268,cvrp100_50165.json,0
"[""pyvrp_cost_not_converged""]",unstable_cost,False,0.25693335879256907,cvrp_s7799_n20-50-100_x66667_cvrp100_5019,0.07494949494949495,True,False,0.0,0.0,0.0,100,2,True,14.36606849359347,False,True,14.80727755471603,True,14.109135134800901,4,4,0.006937146926895557,14.20701227824244,False,314162,14.109135134800901,431980486,11,78a60c7213c3cf1a3c312f3b97e7423b73877b54bfc04558fd92a5b84b6cb2cc,40.09043159599969,pyvrp,40.0,0.017884737143439636,cvrp100_5019.json,0
"[""accepted""]",not_selected,True,0.450964860992352,cvrp_s7799_n20-50-100_x66667_cvrp100_50296,0.08262626262626263,True,True,0.0,0.0,0.0,100,3,False,14.749588667639992,False,False,,False,14.29862380664764,4,4,0.004059998119985587,14.356676192421011,True,314162,14.29862380664764,1028320964,11,d3126c1445a5f71c261ce6c3d89a30581f6c40bf3163ad79f39318af7eb7e022,40.091133189000175,pyvrp,40.0,0.03057474151680927,cvrp100_50296.json,0
"[""pyvrp_cost_not_converged"", ""route_membership_ambiguous""]",unstable_cost,False,0.45547697815170807,cvrp_s7799_n20-50-100_x66667_cvrp100_50703,0.08747474747474747,False,False,0.0,0.0,0.0,100,1,True,16.47972276071976,False,True,16.86585552272031,True,16.02424578256805,4,4,0.011116823090966807,16.20238448809903,False,314161,16.02424578256805,2270640234,11,7924821a507c6c1718c3dc5596b436a0be37affceb613002f2c0f1ce4f73507f,40.10466503299904,pyvrp,40.0,0.027638631108367923,cvrp100_50703.json,0
"[""route_membership_ambiguous""]",unstable_matrix,True,0.3047034289441015,cvrp_s7799_n20-50-100_x66667_cvrp100_50769,0.09292929292929293,False,False,0.23,0.08828282828282828,0.04414141414141414,100,4,True,17.599186194401575,False,True,18.95084313806304,True,17.294482765457474,4,4,0.0008300597781649834,17.308838219985248,True,314161,17.294482765457474,987599298,11,69dbe3b4a1793cf5545e3aac82010fc2c7dd5bf822eb634c1e4fa98e7d2a64b7,40.091909452001346,pyvrp,40.0,0.017313495384293952,cvrp100_50769.json,0
"[""pyvrp_cost_not_converged"", ""route_membership_ambiguous""]",unstable_cost,False,0.5265072069566799,cvrp_s7799_n20-50-100_x66667_cvrp100_50809,0.1004040404040404,False,False,0.0,0.0,0.0,100,1,True,19.995025345611275,False,True,20.821428593008285,True,19.468518138654595,4,4,0.005271450572652801,19.571145469745307,False,314159,19.468518138654595,441290192,11,753aa2e864b37eeab5d66b005877a05c5cc48fa61e5f643d4e47ad802c7df5d2,40.109613311999055,pyvrp,40.0,0.02633190995540515,cvrp100_50809.json,0
"[""pyvrp_cost_not_converged""]",unstable_cost,False,0.4274694096244325,cvrp_s7799_n20-50-100_x66667_cvrp100_50908,0.07737373737373737,True,False,0.14,0.014141414141414142,0.009427609427609429,100,3,True,16.787367156794343,False,True,18.052992253105963,True,16.35989774716991,4,4,0.014167232023081986,16.591672214427962,False,314162,16.35989774716991,3023529214,11,c6251389ef0bad99765aded178e82e72cc417090602e69917ea5de0a277400c7,40.09239691699986,pyvrp,40.0,0.025463755312662175,cvrp100_50908.json,0
"[""accepted""]",stable_control,True,0.2758124777756734,cvrp_s7799_n20-50-100_x66667_cvrp100_51110,0.09878787878787879,True,True,0.0,0.0,0.0,100,2,False,18.80433304608797,False,True,18.887445194394214,True,18.528520568312295,4,4,0.0025030651813907566,18.57489866300952,True,314161,18.528520568312295,1705945092,10,3730a91c8a42a44fba6eab3fb7521a356070cb05b2f9f9bf340eccd7d7889c18,40.08443461199931,pyvrp,40.0,0.014667495895742663,cvrp100_51110.json,0
"[""accepted""]",not_selected,True,0.18302852658312574,cvrp_s7799_n20-50-100_x66667_cvrp100_51253,0.04262626262626262,True,True,0.17,0.0034343434343434343,0.0022895622895622897,100,4,False,13.915934819888419,False,False,,False,13.732906293305293,4,4,6.122027657878745e-05,13.7337470256268,True,314162,13.732906293305293,1428201774,10,fb6ecffc8d50f68fa21b9c9597f20ec77ea5fae2a7f45652e3ef607d3ae61739,40.101498779000394,pyvrp,40.0,0.013152442071052565,cvrp100_51253.json,0
"[""accepted""]",not_selected,True,0.21731202040793107,cvrp_s7799_n20-50-100_x66667_cvrp100_51668,0.06828282828282828,True,True,0.19,0.0038383838383838384,0.0025589225589225588,100,3,False,16.40726226471003,False,False,,False,16.1899502443021,4,4,0.0025711521886932925,16.231577070307573,True,314159,16.1899502443021,1049117941,11,8a7b8015658dbd31f4094098ac7e5a27f7abb8bcf2dfd88a7936aa7adb6c80f4,40.08415779900133,pyvrp,40.0,0.013244867845828371,cvrp100_51668.json,0
"[""pyvrp_cost_not_converged"", ""route_membership_ambiguous""]",unstable_cost,False,0.33657737494428375,cvrp_s7799_n20-50-100_x66667_cvrp100_51701,0.08565656565656565,False,False,0.0,0.0,0.0,100,1,True,16.420398850584757,False,True,17.384262144412716,True,16.083821475640473,4,4,0.0034521069225709735,16.139344547097927,False,314162,16.083821475640473,2525752646,11,27ad994ac601c667f1dc506a50ea6ef07a65dba848f74f34c54f701244453f4d,40.08674633800001,pyvrp,40.0,0.020497515194784547,cvrp100_51701.json,0
"[""pyvrp_cost_not_converged""]",unstable_cost,False,0.3717693938436639,cvrp_s7799_n20-50-100_x66667_cvrp100_51887,0.06424242424242424,True,False,0.0,0.0,0.0,100,3,True,14.100051747649852,False,True,15.406600604222715,True,13.728282353806188,4,4,0.006606104033853943,13.818972815241553,False,314161,13.728282353806188,1273710190,9,d9ffae50a18d4475d80b1dbf6eefb7fa682036b5604c94b7fbde8259a3441179,40.10926809400007,pyvrp,40.0,0.026366526910486635,cvrp100_51887.json,-1
"[""pyvrp_cost_not_converged""]",unstable_cost,False,0.10357583574792173,cvrp_s7799_n20-50-100_x66667_cvrp100_51974,0.04505050505050505,True,False,0.0,0.0,0.0,100,3,True,16.538926843850778,False,True,17.850561036313646,True,16.435351008102856,4,4,0.006296028093119826,16.538828439770157,False,314159,16.435351008102856,4243861184,11,917406ca8e6ad8e53fa672fddb8fc46cff6ef5b62ab477459cfb0024b44d28be,40.109449059000326,pyvrp,40.0,0.006262548756990937,cvrp100_51974.json,0
"[""pyvrp_cost_not_converged""]",unstable_cost,False,0.4319949162521688,cvrp_s7799_n20-50-100_x66667_cvrp100_5215,0.08383838383838384,True,False,0.21,0.04868686868686869,0.04868686868686869,100,2,True,18.122193074549244,False,True,18.87488402089911,True,17.690198158297076,4,4,0.008200686259835457,17.83526992326759,False,314160,17.690198158297076,445290068,11,d2422bf5fbe6a1fef587c54a2cee9bfa17cf135c654541c88242f865d6934872,40.0881614810005,pyvrp,40.0,0.023837893927907722,cvrp100_5215.json,0
"[""accepted""]",stable_control,True,0.29295970287004636,cvrp_s7799_n20-50-100_x66667_cvrp100_52175,0.09131313131313132,True,True,0.18,0.0498989898989899,0.03892255892255892,100,3,False,17.384375339655556,False,True,17.676540391466773,True,17.09141563678551,4,4,0.0011698236101366033,17.11140957832808,True,314161,17.09141563678551,2113738729,12,a4ccc03a6522f83b8ff2b2526b351b1aa3dfbb8fe3f966a686d101a83c701811,40.08913184999983,pyvrp,40.0,0.016851897013623204,cvrp100_52175.json,0
"[""accepted""]",not_selected,True,0.14991554391677475,cvrp_s7799_n20-50-100_x66667_cvrp100_52250,0.05191919191919192,True,True,0.18,0.0036363636363636364,0.0018181818181818184,100,4,False,13.52721467552125,False,False,,False,13.377299131604476,4,4,9.155077627112511e-05,13.378523833724385,True,314159,13.377299131604476,1031311747,10,a3dcc568c503adb9cad813ff721bec8f7cc240c7f93f3259ce4f5259ee7fc39f,40.101894053999786,pyvrp,40.0,0.011082513844336398,cvrp100_52250.json,0
"[""pyvrp_cost_not_converged""]",unstable_cost,False,0.27888115575689376,cvrp_s7799_n20-50-100_x66667_cvrp100_52275,0.044848484848484846,True,False,0.0,0.0,0.0,100,3,True,13.707180174042115,False,True,14.144559233785301,True,13.428299018285221,4,4,0.00798465212179546,13.535519314533676,False,314159,13.428299018285221,2370953141,11,6077eca72796bdacdb70bcd520c8979e19b4f3365944bf4ba1f54c80079c30f4,40.073407269999734,pyvrp,40.0,0.02034562559300294,cvrp100_52275.json,0
"[""accepted""]",not_selected,True,0.31734926731668445,cvrp_s7799_n20-50-100_x66667_cvrp100_52348,0.0898989898989899,True,True,0.0,0.0,0.0,100,3,False,14.468597188435263,False,False,,False,14.151247921118578,4,4,0.003441697916653139,14.199952241606734,True,314159,14.151247921118578,4099143962,11,8688822c436e650ada75f72a41ee8f4e0624df21eb01b97ebc672fb1ec1d193c,40.08387277499969,pyvrp,40.0,0.02193365833491732,cvrp100_52348.json,1
"[""pyvrp_cost_not_converged"", ""route_membership_ambiguous""]",unstable_cost,False,0.23746213539609862,cvrp_s7799_n20-50-100_x66667_cvrp100_52604,0.06424242424242424,False,False,0.0,0.0,0.0,100,1,True,14.79614568223365,False,True,15.699517929286316,True,14.558683546837552,4,4,0.0049112703187906654,14.6301851772218,False,314159,14.558683546837552,4144839672,11,c0a1d29d8ee769bdb96c7ba4546e9d343455627039a359ce94afe8c30f71a60c,40.08644063000065,pyvrp,40.0,0.016048918447810995,cvrp100_52604.json,0
"[""accepted""]",not_selected,True,0.5372386367775945,cvrp_s7799_n20-50-100_x66667_cvrp100_52616,0.07838383838383839,True,True,0.13,0.00787878787878788,0.00787878787878788,100,2,False,17.128137245517653,False,False,,False,16.59089860874006,4,4,0.0024802312361262772,16.63204787370486,True,314161,16.59089860874006,1106241272,11,33b1ee77927f87eeee0ee2c87dc07366438c8cdd72962de5cb0674e9912f8d98,40.12177469100061,pyvrp,40.0,0.031365853103389116,cvrp100_52616.json,0
"[""accepted""]",not_selected,True,0.14471530431842972,cvrp_s7799_n20-50-100_x66667_cvrp100_52668,0.06323232323232324,True,True,0.24,0.03797979797979798,0.01898989898989899,100,4,False,13.616466089897138,False,False,,False,13.471750785578708,4,4,0.0008791373233588612,13.4835943045053,True,314159,13.471750785578708,1154273327,11,b971495b03af7195aa1e43c0c06fbf09a8b973fff16d18c0bb9597de8ccdc245,40.102409586999784,pyvrp,40.0,0.010627963479144017,cvrp100_52668.json,0
"[""route_membership_ambiguous""]",unstable_matrix,True,0.35452651667086066,cvrp_s7799_n20-50-100_x66667_cvrp100_52714,0.11414141414141414,False,False,0.23,0.09272727272727273,0.06181818181818182,100,4,True,14.143417386527625,False,True,14.519000853320183,True,13.788890869856765,4,4,0.0009899568224309414,13.802541276447135,True,314161,13.788890869856765,1748617400,10,dc8a578c005775421c345f7f134e84daa366db0d1daea0237f0c97e36e4e71c2,40.08800333399995,pyvrp,40.0,0.025066538516254667,cvrp100_52714.json,0
"[""route_membership_ambiguous""]",unstable_matrix,True,0.40538953443830295,cvrp_s7799_n20-50-100_x66667_cvrp100_52817,0.08282828282828283,False,False,0.23,0.055353535353535356,0.0369023569023569,100,3,True,16.25652188705022,False,True,17.39505643394961,True,15.851132352611916,4,4,0.004158094468375175,15.917042858364795,True,314160,15.851132352611916,3398312890,10,25da71b34a3ea13b4e0eacb175f97c2af669b18c59e9e69eb5c6cf2c2f677a59,40.10503625599995,pyvrp,40.0,0.024937039869594255,cvrp100_52817.json,0
"[""accepted""]",not_selected,True,0.23336480521166258,cvrp_s7799_n20-50-100_x66667_cvrp100_52829,0.08565656565656565,True,True,0.0,0.0,0.0,100,2,False,15.037991883820881,False,False,,False,14.804627078609219,4,4,0.004384764383588538,14.869541880135815,True,314162,14.804627078609219,2041556647,10,87fb063bd7504b240b14444ff62afc31e5516e8a52e7d8bbe0031c21979a0416,40.097755598999356,pyvrp,40.0,0.015518348926809556,cvrp100_52829.json,0
"[""accepted""]",not_selected,True,0.25438787436193167,cvrp_s7799_n20-50-100_x66667_cvrp100_52907,0.08424242424242424,True,True,0.23,0.02404040404040404,0.016026936026936025,100,3,False,15.760744803111129,False,False,,False,15.506356928749197,4,4,0.0012686314596123446,15.526028780972986,True,314159,15.506356928749197,1027894697,10,0783189eebea77c60a3da551b7ddbb9cb9e3f0772c61ecb32df369df6c7bd839,40.07391780200123,pyvrp,40.0,0.016140599796509374,cvrp100_52907.json,0
"[""accepted""]",stable_control,True,0.1677413753251944,cvrp_s7799_n20-50-100_x66667_cvrp100_52928,0.02383838383838384,True,True,0.0,0.0,0.0,100,2,False,13.60042317663343,False,True,13.822442088041209,True,13.432681801308236,4,4,0.002163808332666095,13.46174755011996,True,314159,13.432681801308236,348930006,10,2981ece2b0eea814292d2671d28b86be16c1754f79159d04f5e182ce1fcfc897,40.08639290999963,pyvrp,40.0,0.012333540886682624,cvrp100_52928.json,0
"[""accepted""]",not_selected,True,0.3034284006311285,cvrp_s7799_n20-50-100_x66667_cvrp100_53051,0.07373737373737374,True,True,0.0,0.0,0.0,100,4,False,15.408841711816251,False,False,,False,15.105413311185123,4,4,2.3519473486831497e-16,15.105413311185126,True,314160,15.105413311185123,1312037363,10,4e05a9cf251738ffad13f526b76ac1926c7ac2d5c412128a40e5ac156acb2fbe,40.105064355999275,pyvrp,40.0,0.019691837083279585,cvrp100_53051.json,0
"[""pyvrp_cost_not_converged"", ""route_membership_ambiguous""]",unstable_cost,False,0.21033993650364202,cvrp_s7799_n20-50-100_x66667_cvrp100_53099,0.04666666666666667,False,False,0.0,0.0,0.0,100,1,True,14.800262766644405,False,True,16.057021339941958,True,14.589922830140763,4,4,0.006323500864407704,14.6821822197688,False,314162,14.589922830140763,184602658,10,a2507701235fa9558ed7400e4f07ec9f464c2bf294462c572c7afebf6a65ba77,40.08994955900016,pyvrp,40.0,0.014211905546548038,cvrp100_53099.json,0
"[""accepted""]",not_selected,True,0.1641356774420153,cvrp_s7799_n20-50-100_x66667_cvrp100_53228,0.046464646464646465,True,True,0.0,0.0,0.0,100,4,False,13.725505290243332,False,False,,False,13.561369612801316,4,4,1.3098653676716034e-16,13.561369612801318,True,314159,13.561369612801316,3690766052,10,04a17549e181155db2d5649c5dbe84d5ad488da1c986ed0b3849daf0a391c284,40.095135122999636,pyvrp,40.0,0.011958443348434674,cvrp100_53228.json,0
"[""pyvrp_cost_not_converged"", ""route_membership_ambiguous""]",unstable_cost,False,0.45896032438572476,cvrp_s7799_n20-50-100_x66667_cvrp100_53251,0.10929292929292929,False,False,0.0,0.0,0.0,100,1,True,17.83329866945655,False,True,18.6431509615886,True,17.374338345070825,4,4,0.0022850418350834224,17.414039435046206,False,314161,17.374338345070825,2166191688,10,0b0bf45a566664650738b1f81bca3536376d04a33926db8e31612a663ae7f72d,40.09970251300001,pyvrp,40.0,0.025736142981320407,cvrp100_53251.json,0
"[""pyvrp_cost_not_converged"", ""route_membership_ambiguous""]",unstable_cost,False,0.44878666620485674,cvrp_s7799_n20-50-100_x66667_cvrp100_53254,0.06585858585858585,False,False,0.0,0.0,0.0,100,1,True,16.74733648786917,False,True,17.001886322121926,True,16.298549821664313,4,4,0.0012081856073281874,16.31824149497917,False,314162,16.298549821664313,1553841159,11,c3bd15d68d2db1d31ee5f9a372abf915605ef7e3c2bccfae53c7f3f6e5fe86d4,40.07172485400042,pyvrp,40.0,0.026797495024354027,cvrp100_53254.json,0
"[""pyvrp_cost_not_converged""]",unstable_cost,False,0.4279937972969243,cvrp_s7799_n20-50-100_x66667_cvrp100_53351,0.08303030303030302,True,False,0.0,0.0,0.0,100,2,True,15.822508354512635,False,True,16.23961802098818,True,15.394514557215711,4,4,0.008313562950378217,15.522497823077638,False,314160,15.394514557215711,112786236,10,b0bec731fa407b9e0e61a123a27d2a4d079b49d81d8d340f7f1550e6f620fbd9,40.10791995599902,pyvrp,40.0,0.02704968060104446,cvrp100_53351.json,0
"[""accepted""]",not_selected,True,0.08675945964320775,cvrp_s7799_n20-50-100_x66667_cvrp100_53501,0.04808080808080808,True,True,0.0,0.0,0.0,100,4,False,14.238552388294663,False,False,,False,14.151792928651455,4,4,5.020867245178162e-16,14.151792928651462,True,314162,14.151792928651455,909758862,10,dfb3755992cc212fc2fae08607e5398d8fefa436c6990319fd84b223de52060c,40.07786044400018,pyvrp,40.0,0.006093278114039993,cvrp100_53501.json,0
"[""accepted""]",not_selected,True,0.12195586665090374,cvrp_s7799_n20-50-100_x66667_cvrp100_53681,0.04707070707070707,True,True,0.0,0.0,0.0,100,3,False,13.644635922118596,False,False,,False,13.522680055467692,4,4,0.0014149501687654373,13.541813973894337,True,314160,13.522680055467692,3301540476,11,47d86ee3373cc17875bc0041c8699bb31c6d7d2728d82c5931fa86fcf48c14b9,40.096284587998525,pyvrp,40.0,0.008938008118868716,cvrp100_53681.json,0
"[""pyvrp_cost_not_converged"", ""route_membership_ambiguous""]",unstable_cost,False,0.41311357785130554,cvrp_s7799_n20-50-100_x66667_cvrp100_53706,0.0903030303030303,False,False,0.0,0.0,0.0,100,1,True,16.810165197579725,False,True,17.39019247815526,True,16.39705161972842,4,4,0.006118605650630331,16.497378712422567,False,314159,16.39705161972842,1512395271,10,6cf22dcc584be6e6a0331ee7c3745c569eade646cc207c970a11a9463040a59e,40.09577369500039,pyvrp,40.0,0.02457522415727267,cvrp100_53706.json,0
"[""accepted""]",stable_control,True,0.1341579153864778,cvrp_s7799_n20-50-100_x66667_cvrp100_5396,0.06060606060606061,True,True,0.0,0.0,0.0,100,4,False,12.340068992776605,False,True,13.603147332604621,True,12.205911077390127,4,4,7.276625350362916e-16,12.205911077390136,True,314160,12.205911077390127,1237354615,10,032deda4a992b59ca6b4089d8df8796e1859d160754be6e0c5df180a1a9bfc13,40.0743754160012,pyvrp,40.0,0.010871731386996996,cvrp100_5396.json,0
"[""pyvrp_cost_not_converged"", ""route_membership_ambiguous""]",unstable_cost,False,0.2502183022849884,cvrp_s7799_n20-50-100_x66667_cvrp100_53980,0.0694949494949495,False,False,0.0,0.0,0.0,100,1,True,17.143724827861856,False,True,18.698039724930194,True,16.893506525576868,4,4,0.0019426372961242823,16.926324481415772,False,314160,16.893506525576868,3148976729,11,b206fefc44983daa0489b713a7b16b2db255ccea2b38813cde379775d6608cba,40.086545234998994,pyvrp,40.0,0.014595328891323284,cvrp100_53980.json,0
"[""pyvrp_cost_not_converged"", ""route_membership_ambiguous""]",unstable_cost,False,0.12505412976114805,cvrp_s7799_n20-50-100_x66667_cvrp100_54016,0.07313131313131313,False,False,0.0,0.0,0.0,100,1,True,14.075398269587767,False,True,14.817309265505534,True,13.950344139826619,4,4,0.0038011466899168836,14.003371444276922,False,314162,13.950344139826619,3061777293,11,2752bc81b578a9d6ac718c7126c2240fbf716fc9add6dfa79c009ae1adad83ee,40.065260246001344,pyvrp,40.0,0.008884589079894686,cvrp100_54016.json,0
"[""pyvrp_cost_not_converged"", ""route_membership_ambiguous""]",unstable_cost,False,0.08179687122036583,cvrp_s7799_n20-50-100_x66667_cvrp100_5449,0.05171717171717172,False,False,0.24,0.10545454545454545,0.10545454545454545,100,2,True,14.46036515705501,False,True,14.77589445697527,True,14.378568285834644,4,4,0.0051938113614770735,14.453247857159386,False,314161,14.378568285834644,3288286572,10,5d1575bb4e8b896ba433b4694563759ec54535bfd9503e156f139a21ee0b89da,40.08487677700032,pyvrp,40.0,0.005656625564566624,cvrp100_5449.json,0
"[""route_membership_ambiguous""]",unstable_matrix,True,0.1966683694490925,cvrp_s7799_n20-50-100_x66667_cvrp100_5463,0.11737373737373738,False,False,0.23,0.09898989898989899,0.051616161616161615,100,4,True,16.839517001315315,False,True,18.109355234185564,True,16.642848631866222,4,4,0.0008328798323321087,16.65671012484426,True,314162,16.642848631866222,2033682244,10,b7afd76ca5077e9adddf300d5caf7b95e710234c471526760cf444fcdb1b5ac9,40.08486249199996,pyvrp,40.0,0.011678979238759102,cvrp100_5463.json,0
"[""pyvrp_cost_not_converged""]",unstable_cost,False,0.309713913311743,cvrp_s7799_n20-50-100_x66667_cvrp100_54883,0.07212121212121213,True,False,0.21,0.03939393939393939,0.03939393939393939,100,2,True,18.284003652263788,False,True,19.499174924780302,True,17.974289738952045,4,4,0.006409194998604027,18.089490466850396,False,314161,17.974289738952045,2257321818,10,fde6bb8cc0355ea02c68840b5df35276fc64e92f0fa1d985546f999c2b29ba3c,40.06564920399978,pyvrp,40.0,0.01693906428821986,cvrp100_54883.json,0
"[""accepted""]",not_selected,True,0.3423787331232653,cvrp_s7799_n20-50-100_x66667_cvrp100_54949,0.07555555555555556,True,True,0.0,0.0,0.0,100,3,False,15.261490912175194,False,False,,False,14.919112179051929,4,4,0.002896022807804507,14.962318268194657,True,314159,14.919112179051929,2713130467,11,3f3b1c724758a1f526c45395639c4bbd5b58ae0c126a82752d2095682c329e12,40.14420277700083,pyvrp,40.0,0.022434160272645776,cvrp100_54949.json,0
"[""route_membership_ambiguous""]",unstable_matrix,True,0.5755808832606242,cvrp_s7799_n20-50-100_x66667_cvrp100_54994,0.11070707070707071,False,False,0.21,0.052121212121212124,0.03515151515151515,100,4,True,18.680001663547497,False,True,18.940955396335585,True,18.104420780286873,4,4,0.0009781061820074667,18.122128826173736,True,314161,18.104420780286873,1197606612,10,1e6373460671098011f90e910903459aa7a357a80d85c983934bbe5789693f5b,40.06071095900006,pyvrp,40.0,0.030812678372712538,cvrp100_54994.json,0
"[""accepted""]",not_selected,True,0.6559699480125118,cvrp_s7799_n20-50-100_x66667_cvrp100_55040,0.12606060606060607,True,True,0.22,0.04888888888888889,0.034478114478114476,100,3,False,18.117362613688186,False,False,,False,17.461392665675675,4,4,0.004935935014384033,17.54758096513409,True,314161,17.461392665675675,1600749913,10,40c91713526c87c6ab195e7f8f084cd23de5c1f676a9c3b6b7cf575a0d3ad057,40.111491255000146,pyvrp,40.0,0.03620670193557354,cvrp100_55040.json,-1
"[""pyvrp_cost_not_converged"", ""route_membership_ambiguous""]",unstable_cost,False,0.2697477717447363,cvrp_s7799_n20-50-100_x66667_cvrp100_55053,0.08464646464646465,False,False,0.0,0.0,0.0,100,1,True,14.579861061811428,False,True,15.211732698372884,True,14.310113290066692,4,4,0.011501273173841,14.474697812164361,False,314162,14.310113290066692,852018358,11,4620b6fe6421713064c304c49baf8d802c7171dbc6343644e717ef668474af5d,40.065438715999335,pyvrp,40.0,0.018501395219140883,cvrp100_55053.json,0
"[""accepted""]",not_selected,True,0.17632616423043146,cvrp_s7799_n20-50-100_x66667_cvrp100_55131,0.08707070707070708,True,True,0.21,0.008484848484848486,0.008484848484848486,100,2,False,16.478620484836608,False,False,,False,16.302294320606176,4,4,0.002112764403848734,16.33673722774782,True,314162,16.302294320606176,3305958295,11,8bf6875c2eefc768e393a722f0466f9d4d78aaeaf24b0de8b185cfe3e11c6656,40.07701319300031,pyvrp,40.0,0.010700298874695506,cvrp100_55131.json,0
"[""accepted""]",not_selected,True,0.10722461731141486,cvrp_s7799_n20-50-100_x66667_cvrp100_55134,0.07171717171717172,True,True,0.0,0.0,0.0,100,4,False,13.930098491599347,False,False,,False,13.822873874287932,4,4,6.425425188550949e-16,13.822873874287941,True,314162,13.822873874287932,1300144108,10,a4729ad44d1884900669180bbf4c063a30954771195271629358a2d309d999e5,40.061066059999575,pyvrp,40.0,0.007697333753675718,cvrp100_55134.json,-1
"[""route_membership_ambiguous""]",unstable_matrix,True,0.4806320767532206,cvrp_s7799_n20-50-100_x66667_cvrp100_55326,0.07858585858585859,False,False,0.18,0.05393939393939394,0.026969696969696966,100,4,True,16.72505694324216,False,True,17.29791520034308,True,16.244424866488938,4,4,0.00039035626366662316,16.250765979485234,True,314160,16.244424866488938,2076805546,11,5fab8ae1fdb32f74149fcb8cd09f33805ba64bfc15ad449edda4014345d3bed0,40.07162604000041,pyvrp,40.0,0.02873724606046393,cvrp100_55326.json,0
"[""accepted""]",not_selected,True,0.3035780889618849,cvrp_s7799_n20-50-100_x66667_cvrp100_55379,0.040202020202020204,True,True,0.15,0.03494949494949495,0.018653198653198654,100,4,False,16.323966857513597,False,False,,False,16.02038876855171,4,4,0.00043724718255934826,16.027393638404266,True,314160,16.02038876855171,3178197454,11,2acca75aa06455c67439f51a07e85a8e48a219e611eac321bdd69a33a5c97bc0,40.09680427300009,pyvrp,40.0,0.018597078247690385,cvrp100_55379.json,0
"[""pyvrp_cost_not_converged"", ""route_membership_ambiguous""]",unstable_cost,False,0.3972839011665208,cvrp_s7799_n20-50-100_x66667_cvrp100_55534,0.09535353535353536,False,False,0.0,0.0,0.0,100,1,True,17.277830791930228,False,True,17.993657068717464,True,16.880546890763707,4,4,0.009723429279137474,17.044683694649212,False,314160,16.880546890763707,548303505,11,40800cee724fd946bac578a66df6ea9b8ccae695dac74f562d842abc709c0c78,40.091042869000376,pyvrp,40.0,0.02299385298715137,cvrp100_55534.json,0
"[""accepted""]",not_selected,True,0.26805039208611703,cvrp_s7799_n20-50-100_x66667_cvrp100_55538,0.07494949494949495,True,True,0.0,0.0,0.0,100,3,False,14.215591636336331,False,False,,False,13.947541244250214,4,4,0.004458983177285314,14.009733096022819,True,314162,13.947541244250214,2059585802,10,0495717e3eaedafae218097536b431fd3a165fd1fc5ff8d4f061cd69ddae3187,40.098296791000394,pyvrp,40.0,0.01885608414643511,cvrp100_55538.json,-1
"[""pyvrp_cost_not_converged"", ""route_membership_ambiguous""]",unstable_cost,False,0.296104382411416,cvrp_s7799_n20-50-100_x66667_cvrp100_55592,0.07212121212121213,False,False,0.0,0.0,0.0,100,1,True,16.25008849787213,False,True,16.627341581012764,True,15.953984115460715,4,4,0.007015763407394166,16.065913493420112,False,314159,15.953984115460715,3401699808,11,ccf944d9e47f6416b4753791632cb48d83373a55821a6a6ddc83c5ff875831f3,40.13765118899937,pyvrp,40.0,0.01822170891255081,cvrp100_55592.json,0
"[""route_membership_ambiguous""]",unstable_matrix,True,0.12270234453298734,cvrp_s7799_n20-50-100_x66667_cvrp100_55624,0.05414141414141414,False,False,0.22,0.05919191919191919,0.029595959595959596,100,4,True,14.0323659298648,False,True,14.539786455341087,True,13.909663585331813,4,4,0.00016274092705224842,13.911927256878675,True,314160,13.909663585331813,3410332294,10,fa6d55dc4111bf3990c5cb61a317bad42640658eaa9db118a491568790eb8b32,40.07851294700049,pyvrp,40.0,0.008744237796125485,cvrp100_55624.json,0
"[""route_membership_ambiguous""]",unstable_matrix,True,0.35982447029839904,cvrp_s7799_n20-50-100_x66667_cvrp100_55644,0.07535353535353535,False,False,0.2,0.06868686868686869,0.05127946127946128,100,4,True,15.931200832419993,False,True,16.7764424324472,True,15.571376362121594,4,4,0.0006158726482154086,15.580966346918093,True,314161,15.571376362121594,3695539196,11,974a26c44733e1879e01cb17fcb3172b30568f62f818889984f061bb05560ee0,40.10969312399902,pyvrp,40.0,0.022586148657805897,cvrp100_55644.json,0
"[""accepted""]",stable_control,True,0.004625945788916397,cvrp_s7799_n20-50-100_x66667_cvrp100_55665,0.0,True,True,0.0,0.0,0.0,100,4,False,13.617228156288245,False,True,14.344757913551941,True,13.612602210499329,4,4,2.6725437278721104e-06,13.612638590773987,True,314159,13.612602210499329,822930782,11,9caba6d6b1c6100570a90d3b9d8a31f33d98d77d00d5d8597ceee49885f5a33d,40.065788439000244,pyvrp,40.0,0.0003397127327105994,cvrp100_55665.json,0
"[""route_membership_ambiguous""]",unstable_matrix,True,0.24465919405119507,cvrp_s7799_n20-50-100_x66667_cvrp100_55706,0.09393939393939393,False,False,0.21,0.07818181818181819,0.03909090909090909,100,4,True,16.32310930246115,False,True,16.7874975764675,True,16.078450108409957,4,4,0.0009997753746187439,16.09452494689038,True,314159,16.078450108409957,4279940550,10,c8a8d20a67ec87caa2f0b25957b8ed4d30eae2248e7bb2bf05ad14a409d64665,40.08964500000002,pyvrp,40.0,0.014988516557584165,cvrp100_55706.json,0
"[""route_membership_ambiguous""]",unstable_matrix,True,0.10776770217582587,cvrp_s7799_n20-50-100_x66667_cvrp100_55720,0.0498989898989899,False,False,0.22,0.060404040404040404,0.030202020202020202,100,4,True,15.307817460200468,False,True,15.993791323766821,True,15.200049758024642,4,4,0.0009112363363406009,15.21390059567834,True,314162,15.200049758024642,4108620502,10,16ac85d21a44b5bb1b46b225ac60fb04037d4a93b61eece857444ab64b941838,40.08212809299948,pyvrp,40.0,0.007040043589232515,cvrp100_55720.json,0
"[""accepted""]",not_selected,True,0.2095581828332307,cvrp_s7799_n20-50-100_x66667_cvrp100_55735,0.04101010101010101,True,True,0.21,0.040606060606060604,0.024612794612794614,100,4,False,16.36178294865288,False,False,,False,16.15222476581965,4,4,0.0009863841199099267,16.16815706382987,True,314162,16.15222476581965,3888958224,11,52b0d472402a615f289bed56e3c9d05b00794c9d143caccce162cf86bb66f859,40.09562632199959,pyvrp,40.0,0.01280778405940682,cvrp100_55735.json,0
"[""pyvrp_cost_not_converged"", ""route_membership_ambiguous""]",unstable_cost,False,0.28865822922553974,cvrp_s7799_n20-50-100_x66667_cvrp100_55769,0.10444444444444445,False,False,0.0,0.0,0.0,100,1,True,15.589152928915631,False,True,16.119378664888988,True,15.300494699690091,4,4,0.00398135077106696,15.361411336060408,False,314159,15.300494699690091,1773946446,11,5561f0d4c5f6ca2de6cf43ac83fa192968272b7ceff13d77efd91f04cc0e3bf0,40.0806145509996,pyvrp,40.0,0.018516607704201833,cvrp100_55769.json,0
"[""pyvrp_cost_not_converged""]",unstable_cost,False,0.30784784090887385,cvrp_s7799_n20-50-100_x66667_cvrp100_55790,0.08868686868686869,True,False,0.11,0.0022222222222222222,0.0022222222222222222,100,2,True,16.630787674209078,False,True,17.21216827828398,True,16.322939833300204,4,4,0.00598506182370939,16.420633637347194,False,314159,16.322939833300204,4257033665,11,1d64c495e91529d87730944d8191c0b6b84fe16f20376a32a6319fae1e9e9f92,40.10996614499891,pyvrp,40.0,0.018510719211831582,cvrp100_55790.json,0
"[""accepted""]",not_selected,True,0.29686121483192096,cvrp_s7799_n20-50-100_x66667_cvrp100_55818,0.08262626262626263,True,True,0.0,0.0,0.0,100,4,False,16.981489154478428,False,False,,False,16.684627939646507,4,4,5.998578790228232e-05,16.685628780199323,True,314162,16.684627939646507,1589981362,10,f41927fb7513867001c2894a58293e8bc60bd39c371872bd2ac269b7c01a18b5,40.08774700199865,pyvrp,40.0,0.017481459495772872,cvrp100_55818.json,0
"[""pyvrp_cost_not_converged"", ""route_membership_ambiguous""]",unstable_cost,False,0.18894002178128844,cvrp_s7799_n20-50-100_x66667_cvrp100_55932,0.06767676767676768,False,False,0.0,0.0,0.0,100,1,True,15.883263185704669,False,True,17.387901381557963,True,15.69432316392338,4,4,0.0017583085989506526,15.721918627297217,False,314159,15.69432316392338,465382286,10,339ca7bc2992a3389a27906a3fd1160533c53b4f04cd12d6bd9e0da6e282b553,40.07086319500013,pyvrp,40.0,0.011895541840000431,cvrp100_55932.json,0
"[""accepted""]",not_selected,True,0.2495024612984924,cvrp_s7799_n20-50-100_x66667_cvrp100_5601,0.09090909090909091,True,True,0.22,0.008888888888888889,0.005925925925925926,100,3,False,13.906474176995712,False,False,,False,13.65697171569722,4,4,0.00457974279456626,13.719517133507779,True,314162,13.65697171569722,2128382708,11,30147ea3b6d3eb0d68bb40fc6e5d69e694b921cbd0e64388c29f71260f172708,40.07194057099878,pyvrp,40.0,0.017941460798972533,cvrp100_5601.json,0
"[""pyvrp_cost_not_converged"", ""route_membership_ambiguous""]",unstable_cost,False,0.13941405420430897,cvrp_s7799_n20-50-100_x66667_cvrp100_56142,0.04565656565656566,False,False,0.0,0.0,0.0,100,1,True,14.230137444127225,False,True,15.51695429949514,True,14.090723389922916,4,4,0.002868183683684888,14.13113817284121,False,314159,14.090723389922916,3102373806,11,3e3b1ad9dc4d030c7cf43f6f2aec5e77969d76d00069347a02a1e2d3913d46e1,40.10290807900128,pyvrp,40.0,0.009797098218601193,cvrp100_56142.json,0
"[""accepted""]",stable_control,True,0.0265411414487442,cvrp_s7799_n20-50-100_x66667_cvrp100_56145,0.019393939393939394,True,True,0.19,0.007676767676767677,0.0038383838383838384,100,4,False,15.111245424081272,False,True,16.017596174119408,True,15.084704282632527,4,4,3.540074004768811e-05,15.085238292327533,True,314162,15.084704282632527,2432382767,11,241dbfad156239a3915373f20f6b9951215cc74da677266ed4ddd5c1c718e472,40.0915119149995,pyvrp,40.0,0.001756383455095518,cvrp100_56145.json,0
"[""pyvrp_cost_not_converged"", ""route_membership_ambiguous""]",unstable_cost,False,0.23223078349266224,cvrp_s7799_n20-50-100_x66667_cvrp100_56155,0.09212121212121212,False,False,0.25,0.08484848484848485,0.08484848484848485,100,2,True,15.969294570115864,False,True,16.522184388129794,True,15.737063786623201,4,4,0.007707789487978013,15.858361761449375,False,314161,15.737063786623201,3099579951,10,f77919da453e121f1675240baa6385f163eb235f841f8b07767ac4904d6032db,40.08441008000045,pyvrp,40.0,0.014542332003020802,cvrp100_56155.json,0
"[""accepted""]",not_selected,True,0.42396749447426174,cvrp_s7799_n20-50-100_x66667_cvrp100_5625,0.07636363636363637,True,True,0.21,0.03515151515151515,0.025555555555555557,100,4,False,20.30671911177356,False,False,,False,19.8827516172993,4,4,0.00039001875979886906,19.890506263426467,True,314160,19.8827516172993,229500090,10,c452c92d6b00a0bc02725ef9d40641c1c803649777629b7e90eaf8f267e4c8c7,40.073528770999474,pyvrp,40.0,0.02087818776340148,cvrp100_5625.json,0
"[""accepted""]",not_selected,True,0.1886879912804389,cvrp_s7799_n20-50-100_x66667_cvrp100_56297,0.052525252525252523,True,True,0.0,0.0,0.0,100,3,False,14.393254307318639,False,False,,False,14.2045663160382,4,4,0.001535614544939424,14.226379054677665,True,314159,14.2045663160382,2161291440,11,ea6f839e621185c13774490a319891c4356aea54534f93b312c66673a3ce4681,40.05767345999993,pyvrp,40.0,0.013109473872388637,cvrp100_56297.json,0
"[""pyvrp_cost_not_converged"", ""route_membership_ambiguous""]",unstable_cost,False,0.3789618768964136,cvrp_s7799_n20-50-100_x66667_cvrp100_56445,0.09252525252525252,False,False,0.0,0.0,0.0,100,1,True,14.587869317292812,False,True,16.232107043183664,True,14.208907440396398,4,4,0.005990633409375249,14.294027796019558,False,314160,14.208907440396398,2388404951,10,fc45b4c4ecd485f286fda84c8b3c6d25736d79d8e60bb95bc288fd229025259a,40.102351015999375,pyvrp,40.0,0.025977877142564134,cvrp100_56445.json,-1
"[""pyvrp_cost_not_converged""]",unstable_cost,False,0.44969950253097224,cvrp_s7799_n20-50-100_x66667_cvrp100_5653,0.08262626262626263,True,False,0.0,0.0,0.0,100,2,True,19.198518370309106,False,True,19.879615041782966,True,18.748818867778134,4,4,0.01780786900817371,19.082695378233502,False,314160,18.748818867778134,3357861653,12,55d74c95676df47e126b9caea555cb25b407049b575efccf3568ead72cabcca4,40.06306698200024,pyvrp,40.0,0.023423656651882133,cvrp100_5653.json,0
"[""accepted""]",not_selected,True,0.30324822402380747,cvrp_s7799_n20-50-100_x66667_cvrp100_56571,0.05515151515151515,True,True,0.0,0.0,0.0,100,3,False,18.08657490744184,False,False,,False,17.783326683418032,4,4,0.002451160008493884,17.82691646260241,True,314160,17.783326683418032,1477868446,12,f5ed9253ae841eeb049841e06e2e0557d8d2988758448ada607a6bad91d8f578,40.07941371599918,pyvrp,40.0,0.016766481524317464,cvrp100_56571.json,0
"[""accepted""]",not_selected,True,0.36757425567996904,cvrp_s7799_n20-50-100_x66667_cvrp100_56666,0.07191919191919192,True,True,0.0,0.0,0.0,100,4,False,18.706931923274606,False,False,,False,18.339357667594637,4,4,5.811621775191328e-16,18.339357667594648,True,314160,18.339357667594637,3984297486,12,b5287c13d2f186eda109c865a98bceb93e0353de163774e59be15d323317cc4c,40.090657123999335,pyvrp,40.0,0.01964909356529192,cvrp100_56666.json,0
"[""route_membership_ambiguous""]",unstable_matrix,True,0.4271743268365036,cvrp_s7799_n20-50-100_x66667_cvrp100_56845,0.07272727272727272,False,False,0.23,0.06707070707070707,0.057811447811447814,100,4,True,19.920665695037147,False,True,20.6232303759332,True,19.493491368200644,4,4,0.0008435669776430796,19.50993543379783,True,314160,19.493491368200644,670177281,11,fa4e1c9175c5ab949a1e107d4e373c284f3ecee476469efcb1cfcc59060992b7,40.11162023199904,pyvrp,40.0,0.02144377770181274,cvrp100_56845.json,0
"[""pyvrp_cost_not_converged""]",unstable_cost,False,0.19825599338368427,cvrp_s7799_n20-50-100_x66667_cvrp100_56904,0.0890909090909091,True,False,0.0,0.0,0.0,100,3,True,14.617150908150222,False,True,15.721512176158743,True,14.418894914766538,4,4,0.005286237532776333,14.495116618246135,False,314160,14.418894914766538,470760540,11,20ce20456f58145120806cd33eb2bb16b8c0030c5304a0e5214893d4836344b0,40.08404339400113,pyvrp,40.0,0.01356324461787836,cvrp100_56904.json,0
"[""pyvrp_cost_not_converged"", ""route_membership_ambiguous""]",unstable_cost,False,0.3184156060074237,cvrp_s7799_n20-50-100_x66667_cvrp100_56941,0.1008080808080808,False,False,0.0,0.0,0.0,100,1,True,15.620315957682175,False,True,16.671969484131374,True,15.301900351674751,4,4,0.003795431304667777,15.359977663290405,False,314160,15.301900351674751,1125943588,10,f014e7e85117e8a6db0203a539262b42b5862ff73f6969a00ee47be447a564ac,40.09691591999945,pyvrp,40.0,0.02038470968641481,cvrp100_56941.json,0
"[""pyvrp_cost_not_converged"", ""route_membership_ambiguous""]",unstable_cost,False,0.2510483137149855,cvrp_s7799_n20-50-100_x66667_cvrp100_57044,0.09858585858585858,False,False,0.0,0.0,0.0,100,1,True,16.324273018755378,False,True,16.65370127996958,True,16.073224705040392,4,4,0.004362569696428652,16.14334526806249,False,314160,16.073224705040392,3333163910,11,5a0064d30cc4929a318deee332d8df71be4905775313880a711df11dd9c5db9f,40.11808220700004,pyvrp,40.0,0.015378835763562004,cvrp100_57044.json,0
"[""route_membership_ambiguous""]",unstable_matrix,True,0.49154787919801635,cvrp_s7799_n20-50-100_x66667_cvrp100_57047,0.08060606060606061,False,False,0.2,0.0903030303030303,0.05932659932659932,100,4,True,18.823556949774982,False,True,19.480431891277647,True,18.332009070576966,4,4,0.0005766622895674844,18.342580448899977,True,314162,18.332009070576966,4094326300,11,fc7c9c1caf7db8bee684cb049ccb0bd1a647238c68d96758f1fcc9305091a253,40.08027053599835,pyvrp,40.0,0.026113442879555894,cvrp100_57047.json,0
"[""pyvrp_cost_not_converged"", ""route_membership_ambiguous""]",unstable_cost,False,0.5162280314830081,cvrp_s7799_n20-50-100_x66667_cvrp100_57094,0.09252525252525252,False,False,0.0,0.0,0.0,100,1,True,14.834025725602048,False,True,15.437744719366302,True,14.31779769411904,4,4,0.019216743034599065,14.5929391332283,False,314160,14.31779769411904,598489478,11,c8c38938a541cc0f199570c062f3b223af3d0b1e0828e7f9af5760aa19fd1e2a,40.10623665899948,pyvrp,40.0,0.034800265351572775,cvrp100_57094.json,0
"[""accepted""]",not_selected,True,0.36382340896228627,cvrp_s7799_n20-50-100_x66667_cvrp100_57635,0.11313131313131314,True,True,0.0,0.0,0.0,100,3,False,18.85037317180226,False,False,,False,18.486549762839974,4,4,0.003079186649567781,18.54347330006628,True,314159,18.486549762839974,3455735042,10,1ce5ca24f9bef98f31bd34bc6bb120af3f74cd0f15ae469edb98b181d3b9598d,40.0625869029991,pyvrp,40.0,0.019300594510591407,cvrp100_57635.json,0
"[""accepted""]",not_selected,True,0.06513291229734719,cvrp_s7799_n20-50-100_x66667_cvrp100_57715,0.09353535353535354,True,True,0.17,0.02282828282828283,0.01521885521885522,100,4,False,13.222250278745962,False,False,,False,13.157117366448615,4,4,2.6515638698875848e-05,13.157466235819022,True,314160,13.157117366448615,2862423584,10,9eb7e3da9f73210f920061a64db16c4b0ce573aa27ed8e9901d2771840d5d9b2,40.11149600799945,pyvrp,40.0,0.00492600812450546,cvrp100_57715.json,0
"[""route_membership_ambiguous""]",unstable_matrix,True,0.1979512386483968,cvrp_s7799_n20-50-100_x66667_cvrp100_57800,0.05272727272727273,False,False,0.18,0.07838383838383839,0.05225589225589226,100,4,True,15.516780134131892,False,True,16.05112048323254,True,15.318828895483495,4,4,0.0007767715726859154,15.330728126296346,True,314161,15.318828895483495,1954794318,11,e87f48e9bc8f667ae1be3f92a4b1d197fbb134e7f0edb1ca1c4fd85ef3b788ce,40.1060652160013,pyvrp,40.0,0.012757236806685697,cvrp100_57800.json,0
"[""accepted""]",not_selected,True,0.21718326034924829,cvrp_s7799_n20-50-100_x66667_cvrp100_57991,0.05595959595959596,True,True,0.17,0.006868686868686869,0.006868686868686869,100,2,False,17.27410839636869,False,False,,False,17.05692513601944,4,4,0.0019523266538212579,17.090225825594725,True,314162,17.05692513601944,3089393612,12,a2ab146bb5bd03dfa13cb9c9f69a3c4474b7df4144fd88015ac8c366c0b4810f,40.161350150001454,pyvrp,40.0,0.01257276238899276,cvrp100_57991.json,0
"[""pyvrp_cost_not_converged""]",unstable_cost,False,0.442075477754031,cvrp_s7799_n20-50-100_x66667_cvrp100_58007,0.09111111111111111,True,False,0.22,0.03676767676767677,0.03676767676767677,100,2,True,18.111874645195655,False,True,19.50189696087817,True,17.669799167441624,4,4,0.006279767755055119,17.780761402491624,False,314162,17.669799167441624,3466271046,10,d5d29a9a00f1d185102c98cfe11823f10711a75838eaa82016746ed65cf26413,40.080214876001264,pyvrp,40.0,0.02440804645648846,cvrp100_58007.json,-1
"[""accepted""]",stable_control,True,0.5530890143567717,cvrp_s7799_n20-50-100_x66667_cvrp100_58018,0.06747474747474748,True,True,0.0,0.0,0.0,100,2,False,17.73365180190706,False,True,18.086404343042542,True,17.18056278755029,4,4,0.004122099125944027,17.251382770400078,True,314161,17.18056278755029,2738864787,11,cf53b263e6da38643fe9a51f2326d02ca775a46963ea22cadb398765eac05bef,40.06754795099914,pyvrp,40.0,0.03118867002324321,cvrp100_58018.json,0
"[""route_membership_ambiguous""]",unstable_matrix,True,0.14867965178767406,cvrp_s7799_n20-50-100_x66667_cvrp100_58129,0.08949494949494949,False,False,0.2,0.09717171717171717,0.06478114478114479,100,4,True,14.327876507444406,False,True,14.751340164918512,True,14.179196855656732,4,4,0.00023340666927779282,14.182506374767845,True,314162,14.179196855656732,4014299191,11,eee52a1f8c2f05a7746a3d6b10ce7fc49a538543d23fd1627a6cf71491c013a8,40.1203078719991,pyvrp,40.0,0.010376949557767603,cvrp100_58129.json,0
"[""route_membership_ambiguous""]",unstable_matrix,True,0.44393506476788325,cvrp_s7799_n20-50-100_x66667_cvrp100_58140,0.09676767676767677,False,False,0.22,0.07090909090909091,0.051683501683501686,100,4,True,16.43662799812055,False,True,18.3258003765776,True,15.992692933352666,4,4,0.000942880600611274,16.007772133271057,True,314159,15.992692933352666,115127002,10,9ff69938e2b12c3804130d32af2aa33255c9aa10e9241f42985de1450eccab3e,40.09667058499872,pyvrp,40.0,0.027008889220991383,cvrp100_58140.json,0
"[""pyvrp_cost_not_converged"", ""route_membership_ambiguous""]",unstable_cost,False,0.5787080650441858,cvrp_s7799_n20-50-100_x66667_cvrp100_58153,0.10141414141414141,False,False,0.0,0.0,0.0,100,1,True,20.052698312243848,False,True,20.515086553401442,True,19.473990247199662,4,4,0.009704800486612984,19.662981437226982,False,314160,19.473990247199662,1226718593,11,75789f9330de156a9c6f649a7601fa8b627397251867f1a1b95e8fa489dfa516,40.0724392230004,pyvrp,40.0,0.028859361270639382,cvrp100_58153.json,0
"[""pyvrp_cost_not_converged"", ""route_membership_ambiguous""]",unstable_cost,False,0.21297895602640082,cvrp_s7799_n20-50-100_x66667_cvrp100_58176,0.08484848484848485,False,False,0.0,0.0,0.0,100,1,True,15.094986809140561,False,True,15.729774117656294,True,14.88200785311416,4,4,0.010136295685316233,15.032856285104524,False,314162,14.88200785311416,2950672216,10,67a12b34ec8ea0af2519d40f5f0f18ec8ed66673da6a5033b9bc6240faaa1ce9,40.1028274349992,pyvrp,40.0,0.014109250887018619,cvrp100_58176.json,0
"[""accepted""]",stable_control,True,0.1364098914448899,cvrp_s7799_n20-50-100_x66667_cvrp100_58401,0.0797979797979798,True,True,0.2,0.04565656565656566,0.03043771043771044,100,3,False,13.847169501808507,False,True,14.363239851315875,True,13.710759610363617,4,4,0.0023972517160888765,13.743627752368443,True,314160,13.710759610363617,2276283829,11,07785c789d373730fa9a4cfd41be28028d30f44bb3c78847fbd657fe899d24fa,40.08430101399972,pyvrp,40.0,0.009851102886194476,cvrp100_58401.json,0
"[""route_membership_ambiguous""]",unstable_matrix,True,0.17409940038876925,cvrp_s7799_n20-50-100_x66667_cvrp100_58456,0.051111111111111114,False,False,0.17,0.08484848484848485,0.04242424242424243,100,4,True,14.149270634835792,False,True,14.801186170534786,True,13.975171234447023,4,4,6.180595808661981e-05,13.976034983294593,True,314159,13.975171234447023,2111669333,12,c0ab943e45113c878886bc77440a4bc93ec76a395ec567bf19270dcc339a44ce,40.06625066500055,pyvrp,40.0,0.01230447878777108,cvrp100_58456.json,0
"[""accepted""]",not_selected,True,0.3395133126259502,cvrp_s7799_n20-50-100_x66667_cvrp100_5863,0.08121212121212121,True,True,0.0,0.0,0.0,100,4,False,14.933791605397667,False,False,,False,14.594278292771717,4,4,3.6514793066815395e-16,14.594278292771723,True,314162,14.594278292771717,3766845902,10,09a937fa202fa6f8e5dea95d37bcf8e4cf08b3d873a70b01cf0c13b492a4525f,40.088352581000436,pyvrp,40.0,0.022734568795190403,cvrp100_5863.json,0
"[""accepted""]",not_selected,True,0.2354901833251457,cvrp_s7799_n20-50-100_x66667_cvrp100_5876,0.07333333333333333,True,True,0.0,0.0,0.0,100,2,False,15.442228254794697,False,False,,False,15.206738071469552,4,4,0.001576620927860434,15.230713332957523,True,314160,15.206738071469552,1755279720,11,aa19a17c9030e3682e2a368455fe4ee7802307306fb2d98e6cf4ee6c9316b385,40.070541301998674,pyvrp,40.0,0.015249754079501302,cvrp100_5876.json,0
"[""pyvrp_cost_not_converged"", ""route_membership_ambiguous""]",unstable_cost,False,0.24050367906315806,cvrp_s7799_n20-50-100_x66667_cvrp100_5892,0.0795959595959596,False,False,0.0,0.0,0.0,100,1,True,15.267317047553876,False,True,16.245815505468652,True,15.026813368490718,4,4,0.006572845973842601,15.125582298239486,False,314161,15.026813368490718,4210266619,10,762a2fc08cfba208caf80828dabc4a539a42ffbd5b50a433f1f8e072c1a05b5c,40.109903817001396,pyvrp,40.0,0.01575284500309054,cvrp100_5892.json,0
"[""route_membership_ambiguous""]",unstable_matrix,True,0.0903342563111007,cvrp_s7799_n20-50-100_x66667_cvrp100_58925,0.04525252525252525,False,False,0.21,0.09636363636363636,0.07377104377104378,100,4,True,13.374333409193211,False,True,13.844651090709675,True,13.28399915288211,4,4,0.0008033001538711863,13.294670191445645,True,314160,13.28399915288211,2325182380,11,eb6f9b8a906513b0bf8a20be5cecb3aa0161fd7adb195ef2b0c65ddd986946c2,40.09115681200092,pyvrp,40.0,0.006754299713285673,cvrp100_58925.json,0
"[""accepted""]",not_selected,True,0.3418900288423945,cvrp_s7799_n20-50-100_x66667_cvrp100_59255,0.09494949494949495,True,True,0.22,0.027676767676767678,0.027676767676767678,100,2,False,15.522413249619019,False,False,,False,15.180523220776625,4,4,0.0019462088083469819,15.210067688784216,True,314160,15.180523220776625,1460125081,10,cc4ded7a9d0bdc544b0c60986ede0adaa6daec3307505ae1e009421eea283221,40.07312937899951,pyvrp,40.0,0.02202557188398433,cvrp100_59255.json,0
"[""accepted""]",not_selected,True,0.42558873580254897,cvrp_s7799_n20-50-100_x66667_cvrp100_59356,0.09878787878787879,True,True,0.21,0.02909090909090909,0.02909090909090909,100,2,False,18.186422101438403,False,False,,False,17.760833365635854,4,4,0.003608086822430165,17.824915994457783,True,314162,17.760833365635854,4224659310,10,9e249f549fc36ad1ddb3245b2655f3d5ad56cb78f4bd7a0f2b0436f7477af056,40.079324514999826,pyvrp,40.0,0.023401454856196713,cvrp100_59356.json,0
"[""pyvrp_cost_not_converged""]",unstable_cost,False,0.11389130637133071,cvrp_s7799_n20-50-100_x66667_cvrp100_59432,0.0496969696969697,True,False,0.0,0.0,0.0,100,2,True,13.411879404274725,False,True,14.486424756160844,True,13.297988097903394,4,4,0.009290520750061657,13.421533332261038,False,314160,13.297988097903394,3286065309,11,c1018d27b397e188fe453b05d9a04104074c095dd6c8a0a2b57e383f20b736eb,40.090677318001326,pyvrp,40.0,0.008491823027802539,cvrp100_59432.json,0
"[""pyvrp_cost_not_converged"", ""route_membership_ambiguous""]",unstable_cost,False,0.33948432022991426,cvrp_s7799_n20-50-100_x66667_cvrp100_59790,0.047474747474747475,False,False,0.0,0.0,0.0,100,1,True,16.71405519553245,False,True,17.458490191417578,True,16.374570875302535,4,4,0.004882778610726892,16.454524279732293,False,314159,16.374570875302535,199568163,11,84d60100c7393f1015c4ca45bb9cec61dda0d4a2f547de2423ffe833177acf02,40.121165332999226,pyvrp,40.0,0.02031130783393943,cvrp100_59790.json,0
"[""accepted""]",not_selected,True,0.2696095196295101,cvrp_s7799_n20-50-100_x66667_cvrp100_60016,0.05313131313131313,True,True,0.0,0.0,0.0,100,4,False,14.119899971142686,False,False,,False,13.850290451513176,4,4,6.412706093128102e-16,13.850290451513185,True,314162,13.850290451513176,4046412025,11,cb2c0470ad54f9d1ee81b5a93b37549efb4fb88dadc09cebf84466b33e7d3b68,40.07877310599906,pyvrp,40.0,0.019094293881721548,cvrp100_60016.json,0
"[""pyvrp_cost_not_converged"", ""route_membership_ambiguous""]",unstable_cost,False,0.5519079649568361,cvrp_s7799_n20-50-100_x66667_cvrp100_60552,0.09636363636363636,False,False,0.0,0.0,0.0,100,1,True,17.27394859792488,False,True,17.90619886053235,True,16.722040632968042,4,4,0.009753668327117614,16.885141871054596,False,314160,16.722040632968042,1688494057,11,8d707a1d946327041620327c0451b84481b0fd59d13b519f730e9f3ff4a0cea3,40.11276753600032,pyvrp,40.0,0.03195030724029924,cvrp100_60552.json,0
"[""pyvrp_cost_not_converged""]",unstable_cost,False,0.2193084761152324,cvrp_s7799_n20-50-100_x66667_cvrp100_60578,0.07939393939393939,True,False,0.0,0.0,0.0,100,3,True,14.194566645105157,False,True,14.609020011955021,True,13.975258168989924,4,4,0.006598414583011283,14.067472716293535,False,314161,13.975258168989924,2003519145,11,9067974899e645eea923bbb2c9d8075c8522d8de6b5763e02b5624d747ca4e6d,40.10830271300074,pyvrp,40.0,0.015450170589805119,cvrp100_60578.json,0
"[""route_membership_ambiguous""]",unstable_matrix,True,0.10364113487148074,cvrp_s7799_n20-50-100_x66667_cvrp100_60946,0.09535353535353536,False,False,0.23,0.07737373737373737,0.07737373737373737,100,2,True,13.444689852901773,False,True,13.821345438689313,True,13.341048718030292,4,4,0.0012576758045753527,13.35782743221062,True,314161,13.341048718030292,1776449400,10,09fc1bd81397f58f4f6558ef7b5f8d1aba3b8abd8bc77c1b551d85d57cc8ffc0,40.09214948100089,pyvrp,40.0,0.007708704031511135,cvrp100_60946.json,0
"[""accepted""]",not_selected,True,0.3226449334011967,cvrp_s7799_n20-50-100_x66667_cvrp100_6102,0.04707070707070707,True,True,0.0,0.0,0.0,100,4,False,16.019375365916826,False,False,,False,15.69673043251563,4,4,2.2633463026421656e-16,15.696730432515633,True,314160,15.69673043251563,3498039912,10,4d84dbc64c1820ce78bd2073d281980471d7b97c7da6c5e6738e2c4d76eee9f0,40.0978025000004,pyvrp,40.0,0.020140918483479896,cvrp100_6102.json,0
"[""pyvrp_cost_not_converged"", ""route_membership_ambiguous""]",unstable_cost,False,0.32274098346822555,cvrp_s7799_n20-50-100_x66667_cvrp100_61156,0.10484848484848484,False,False,0.19,0.09838383838383838,0.09838383838383838,100,2,True,18.634562323643575,False,True,19.72002888363132,True,18.31182134017535,4,4,0.0052784050838397155,18.408478551031696,False,314161,18.31182134017535,3954833603,11,765ed2470f0c83ac1cbbb27819e7744f96fdda81e94e79cef2f5d73592fb97b3,40.06581529700088,pyvrp,40.0,0.017319482897579574,cvrp100_61156.json,0
"[""accepted""]",not_selected,True,0.48509622535278396,cvrp_s7799_n20-50-100_x66667_cvrp100_61221,0.07696969696969697,True,True,0.0,0.0,0.0,100,4,False,18.956429008423758,False,False,,False,18.471332783070974,4,4,1.9233661807320004e-16,18.471332783070977,True,314162,18.471332783070974,3592927035,11,c6ad0d50c2c6f4024e310d292db4874380b3506384b5c13fbbd1e4f0db1a192e,40.10385237999981,pyvrp,40.0,0.025590063673765744,cvrp100_61221.json,0
"[""accepted""]",not_selected,True,0.15367601429409206,cvrp_s7799_n20-50-100_x66667_cvrp100_61281,0.05858585858585859,True,True,0.17,0.010303030303030303,0.005151515151515152,100,4,False,13.46603860410767,False,False,,False,13.312362589813578,4,4,0.0006607971732644143,13.321159361382398,True,314159,13.312362589813578,937704370,11,c0f1bd92776a1aa11ca67b8f19db982b8412adfdc06e0a294c314cda5362af40,40.08626077200097,pyvrp,40.0,0.011412117461716978,cvrp100_61281.json,0
"[""pyvrp_cost_not_converged"", ""route_membership_ambiguous""]",unstable_cost,False,0.09385881706995747,cvrp_s7799_n20-50-100_x66667_cvrp100_61375,0.06060606060606061,False,False,0.0,0.0,0.0,100,1,True,14.10119390398775,False,True,15.024669143118459,True,14.007335086917793,4,4,0.0033029064349149864,14.053600004112385,False,314161,14.007335086917793,2777802352,10,6bbd22ded8a3cd0b951e789a59225c43990ff01d11b8f0e0cc6cb5ffd3913ff7,40.104316795999694,pyvrp,40.0,0.006656090094854638,cvrp100_61375.json,0
"[""pyvrp_cost_not_converged""]",unstable_cost,False,0.2728991432960335,cvrp_s7799_n20-50-100_x66667_cvrp100_61411,0.0892929292929293,True,False,0.0,0.0,0.0,100,2,True,14.74671708240606,False,True,15.418888661456505,True,14.473817939110026,4,4,0.006041982441072578,14.56126849295341,False,314160,14.473817939110026,4003325788,11,dbe60a9b56d362f75d1460ef5daa41090c12976cb31039c4363b5cdfaa91d010,40.07691944600083,pyvrp,40.0,0.018505755672333517,cvrp100_61411.json,0
"[""accepted""]",not_selected,True,0.09121052901409143,cvrp_s7799_n20-50-100_x66667_cvrp100_61432,0.051111111111111114,True,True,0.0,0.0,0.0,100,3,False,14.57669853194911,False,False,,False,14.485488002935018,4,4,0.001760050774460907,14.510983197313028,True,314162,14.485488002935018,3789505763,10,ab9cc2ab79f9eb24b4a1c2cbd204ab869e3f8546029646c64a2d8837bc715f17,40.10634054200091,pyvrp,40.0,0.006257283075051378,cvrp100_61432.json,0
"[""pyvrp_cost_not_converged"", ""route_membership_ambiguous""]",unstable_cost,False,0.4369094927157491,cvrp_s7799_n20-50-100_x66667_cvrp100_61630,0.10565656565656566,False,False,0.0,0.0,0.0,100,1,True,18.496168094226153,False,True,19.528302253151008,True,18.059258601510404,4,4,0.010984474962511167,18.25763007546021,False,314160,18.059258601510404,168639214,10,cf9f24571c1bf871473a26faa9a73ea2c9fed62a88473d8f81892658d2effbb5,40.11370762000115,pyvrp,40.0,0.023621622083556688,cvrp100_61630.json,0
"[""pyvrp_cost_not_converged"", ""route_membership_ambiguous""]",unstable_cost,False,0.1724140158381644,cvrp_s7799_n20-50-100_x66667_cvrp100_61675,0.037575757575757575,False,False,0.25,0.05919191919191919,0.03946127946127946,100,3,True,13.583739742529097,False,True,15.71208067822282,True,13.411325726690933,4,4,0.011419108911834881,13.56447111581611,False,314159,13.411325726690933,1892393939,10,9be582a2ef088556dc581850599c021448c81e4e273fae0c3d9a232b9851e10e,40.10922627000036,pyvrp,40.0,0.012692676619705568,cvrp100_61675.json,0
"[""accepted""]",not_selected,True,0.3156184009651035,cvrp_s7799_n20-50-100_x66667_cvrp100_6168,0.0696969696969697,True,True,0.0,0.0,0.0,100,4,False,16.67704701912798,False,False,,False,16.361428618162876,4,4,2.1713957636050326e-16,16.36142861816288,True,314160,16.361428618162876,3686154345,11,12bc7e52b32f5bd309f5ab077804728dcbb99b8bd1d95c8f61bd3657a2e764ee,40.091458574999706,pyvrp,40.0,0.018925316970270604,cvrp100_6168.json,0
"[""accepted""]",not_selected,True,0.2005282952610763,cvrp_s7799_n20-50-100_x66667_cvrp100_6188,0.08282828282828283,True,True,0.0,0.0,0.0,100,4,False,14.594292714215408,False,False,,False,14.393764418954332,4,4,4.936462172636553e-16,14.393764418954339,True,314160,14.393764418954332,1853265974,11,56812726a2b53262c39c33acdf63b3620f7f2923d764406ab6108ec4dd20bd65,40.09338167699934,pyvrp,40.0,0.013740185919784516,cvrp100_6188.json,0
"[""pyvrp_cost_not_converged"", ""route_membership_ambiguous""]",unstable_cost,False,0.2821287031256503,cvrp_s7799_n20-50-100_x66667_cvrp100_61968,0.06808080808080808,False,False,0.19,0.07454545454545454,0.07454545454545454,100,2,True,15.779520669710813,False,True,15.937254754955955,True,15.497391966585162,4,4,0.011267135072151177,15.672003175138748,False,314161,15.497391966585162,731617802,10,0ecf32acaf37eb555a6e37e098ced3dac97e256244144557f1856cc53ed1d924,40.108980180999424,pyvrp,40.0,0.017879421626995518,cvrp100_61968.json,0
"[""pyvrp_cost_not_converged"", ""route_membership_ambiguous""]",unstable_cost,False,0.24838852256089083,cvrp_s7799_n20-50-100_x66667_cvrp100_62123,0.057777777777777775,False,False,0.0,0.0,0.0,100,1,True,16.04862722155868,False,True,16.433320427538984,True,15.800238698997788,4,4,0.015678966776283373,16.04797011661672,False,314161,15.800238698997788,1229514901,11,a80692ed40a1dc1e04f58adcca93843f895668bb4431c4afa70c0dfdd2c07010,40.104443823998736,pyvrp,40.0,0.015477244198632884,cvrp100_62123.json,0
"[""accepted""]",stable_control,True,0.358380269869226,cvrp_s7799_n20-50-100_x66667_cvrp100_62287,0.06606060606060606,True,True,0.16,0.01292929292929293,0.008619528619528619,100,4,False,16.759930149930252,False,True,17.461494374089632,True,16.401549880061026,4,4,5.928882182818758e-05,16.40252230862957,True,314160,16.401549880061026,486697334,11,2d17c4a86c732beaf4db452f11ae8b7e059425ab3c05239ef5f3b5cd2d53a8bf,40.107674550999945,pyvrp,40.0,0.02138316011243743,cvrp100_62287.json,0
"[""route_membership_ambiguous""]",unstable_matrix,True,0.1528414236083684,cvrp_s7799_n20-50-100_x66667_cvrp100_62330,0.06747474747474748,False,False,0.19,0.07131313131313131,0.07131313131313131,100,2,True,14.909477047089405,False,True,15.753875530949001,True,14.756635623481037,4,4,0.0024265307464521684,14.792443053535605,True,314160,14.756635623481037,1214764268,11,68855deb6eba2fc451d804991acfcbe06f15e1f1c2a61e1cb9f206d827658670,40.07356247400094,pyvrp,40.0,0.010251293397188988,cvrp100_62330.json,0
"[""pyvrp_cost_not_converged"", ""route_membership_ambiguous""]",unstable_cost,False,0.1793841192751806,cvrp_s7799_n20-50-100_x66667_cvrp100_62638,0.1008080808080808,False,False,0.0,0.0,0.0,100,1,True,15.301996693016132,False,True,15.782937700830585,True,15.122612573740952,4,4,0.0013141404575344403,15.142485810747724,False,314161,15.122612573740952,1153360023,10,bbd172f8dd6254808d0fabee493b7192ae8f5e9f21008423c54818655955f46b,40.09668711999984,pyvrp,40.0,0.01172292236588,cvrp100_62638.json,0
"[""accepted""]",not_selected,True,0.33082464114171195,cvrp_s7799_n20-50-100_x66667_cvrp100_6284,0.05757575757575758,True,True,0.0,0.0,0.0,100,4,False,14.402400817817337,False,False,,False,14.071576176675626,4,4,3.7871169876719035e-16,14.07157617667563,True,314162,14.071576176675626,2295819529,11,76c7ab65e9563fea8d6261ab4912f9ea50bd43eef514a7a6d8e180a49f692ee4,40.10377876199891,pyvrp,40.0,0.02297010375745451,cvrp100_6284.json,0
"[""accepted""]",not_selected,True,0.3835991616858152,cvrp_s7799_n20-50-100_x66667_cvrp100_62910,0.09393939393939393,True,True,0.0,0.0,0.0,100,2,False,20.287631115667153,False,False,,False,19.904031953981338,4,4,0.00418520306405232,19.987334369502136,True,314159,19.904031953981338,1785901902,11,a68e0dad37f2456d50896ac60bf00366729d5632d828f7b991a359418026b73c,40.09477268000046,pyvrp,40.0,0.01890803117913457,cvrp100_62910.json,0
"[""pyvrp_cost_not_converged""]",unstable_cost,False,0.14825541199976122,cvrp_s7799_n20-50-100_x66667_cvrp100_63132,0.07595959595959596,True,False,0.0,0.0,0.0,100,3,True,14.280135902195298,False,True,15.476577565037813,True,14.131880490195536,4,4,0.01689628967418363,14.370656836598824,False,314160,14.131880490195536,3190306501,10,2e4fd44f23716e7e7c2b9bfa286c1af5b8fd688694bac76f451587642f865712,40.0594287469994,pyvrp,40.0,0.01038193284819998,cvrp100_63132.json,0
"[""pyvrp_cost_not_converged"", ""route_membership_ambiguous""]",unstable_cost,False,0.42827236083071085,cvrp_s7799_n20-50-100_x66667_cvrp100_63240,0.10020202020202021,False,False,0.0,0.0,0.0,100,1,True,17.94717834302274,False,True,18.936368802459,True,17.518905982192027,4,4,0.0034694503388919477,17.57968695648896,False,314161,17.518905982192027,2575671287,10,dc3980c016cff5a5b865679ee177c2ee81802d5c79c9bc86f44b3981ec0a51d1,40.08854481100025,pyvrp,40.0,0.02386293559049681,cvrp100_63240.json,0
"[""route_membership_ambiguous""]",unstable_matrix,True,0.17784376035077898,cvrp_s7799_n20-50-100_x66667_cvrp100_63323,0.043434343434343436,False,False,0.26,0.06808080808080808,0.045387205387205386,100,3,True,16.80987564442245,False,True,18.322752309392115,True,16.632031884071672,4,4,0.0015163473279889168,16.65725182117811,True,314161,16.632031884071672,1692018213,10,5aabd0889d700bc6f63ed9527667391e3f4771a384ae141b8c8ae3c046793723,40.08301153499997,pyvrp,40.0,0.010579718976671185,cvrp100_63323.json,0
"[""route_membership_ambiguous""]",unstable_matrix,True,0.3181254694014033,cvrp_s7799_n20-50-100_x66667_cvrp100_63379,0.06101010101010101,False,False,0.18,0.05717171717171717,0.038114478114478115,100,4,True,15.944488013158416,False,True,16.502549346390587,True,15.626362543757013,4,4,0.0009863328139871016,15.64177533789718,True,314162,15.626362543757013,3416334031,11,e1ed865faf323299604c9c4c00fdc9decf76b2447bf890e4c8b3c6d9c2e08455,40.090939595000236,pyvrp,40.0,0.019952065512474637,cvrp100_63379.json,0
"[""accepted""]",not_selected,True,0.1983973482498449,cvrp_s7799_n20-50-100_x66667_cvrp100_63566,0.02303030303030303,True,True,0.0,0.0,0.0,100,4,False,13.190263926761387,False,False,,False,12.991866578511543,4,4,9.536914097261761e-05,12.993105601666766,True,314159,12.991866578511543,4244608930,10,067d0eb9c69cceae29d40892807271b41757d0f16920fe9bb8a58419f6e7dd3a,40.0945949550005,pyvrp,40.0,0.015041196245309514,cvrp100_63566.json,0
"[""route_membership_ambiguous""]",unstable_matrix,True,0.17581028478108962,cvrp_s7799_n20-50-100_x66667_cvrp100_63724,0.0701010101010101,False,False,0.2,0.07434343434343435,0.07434343434343435,100,2,True,16.003592269868683,False,True,17.295291136830915,True,15.827781985087594,4,4,0.0015959114476743926,15.85304172354889,True,314160,15.827781985087594,3658990511,10,0b70ecdc8eecad4cb30c3035ae0ddb62d28ab20cb35a9df7c2c3f1f245caeec7,40.13464480199946,pyvrp,40.0,0.010985676329189073,cvrp100_63724.json,0
"[""accepted""]",not_selected,True,0.1431516831187114,cvrp_s7799_n20-50-100_x66667_cvrp100_64055,0.03878787878787879,True,True,0.0,0.0,0.0,100,4,False,15.58414546485128,False,False,,False,15.440993781732569,4,4,5.752080677286993e-16,15.440993781732578,True,314160,15.440993781732569,349958059,11,09b3145cb8e98035b2be72f338ad995648adb300ebccebd9a82c9d5acb6dcc1a,40.083521978000135,pyvrp,40.0,0.009185725546619023,cvrp100_64055.json,0
"[""accepted""]",not_selected,True,0.18239705956665553,cvrp_s7799_n20-50-100_x66667_cvrp100_64113,0.08363636363636363,True,True,0.0,0.0,0.0,100,2,False,14.31429107351099,False,False,,False,14.131894013944335,4,4,0.003246243819174642,14.177769587540332,True,314159,14.131894013944335,1177587363,10,63b1f2ec505f130d734e0b4e7d254173414b98dc62eb4124d8e34362835f1697,40.08897249199981,pyvrp,40.0,0.01274230477988439,cvrp100_64113.json,0
"[""accepted""]",stable_control,True,0.21540735214443885,cvrp_s7799_n20-50-100_x66667_cvrp100_64116,0.036565656565656565,True,True,0.0,0.0,0.0,100,3,False,16.76001894584311,False,True,17.59621927243807,True,16.544611593698672,4,4,0.0015039641223489266,16.569494095953793,True,314162,16.544611593698672,2840151452,11,12cdaa00faa1bd28fc9e4e7a4a824a979c180030f4b1c7ebee0f8fbb2471bde2,40.0826433050006,pyvrp,40.0,0.01285245278304802,cvrp100_64116.json,0
"[""pyvrp_cost_not_converged"", ""route_membership_ambiguous""]",unstable_cost,False,0.3122190045452804,cvrp_s7799_n20-50-100_x66667_cvrp100_6417,0.04767676767676768,False,False,0.0,0.0,0.0,100,1,True,17.26510462082686,False,True,18.096754492020924,True,16.95288561628158,4,4,0.008542716329837129,17.09770930907365,False,314162,16.95288561628158,3813266598,12,d76def01da33dedffca5a6b0e6da248a17bd04bf0404df720b1a8d875832d5f2,40.062838072000886,pyvrp,40.0,0.018083817700626687,cvrp100_6417.json,0
"[""accepted""]",not_selected,True,0.14049518549258266,cvrp_s7799_n20-50-100_x66667_cvrp100_64768,0.07333333333333333,True,True,0.0,0.0,0.0,100,2,False,17.341220009056844,False,False,,False,17.20072482356426,4,4,0.0018870041161995511,17.233182662107943,True,314159,17.20072482356426,2124795332,11,e01e5151377b51227073fd3f15d49db241bc728fcd7a2b35b3f4a310db0073e0,40.09755915599999,pyvrp,40.0,0.008101805145151603,cvrp100_64768.json,0
"[""accepted""]",not_selected,True,0.2974056041008897,cvrp_s7799_n20-50-100_x66667_cvrp100_64849,0.10222222222222223,True,True,0.16,0.01292929292929293,0.008619528619528619,100,3,False,14.630125427949222,False,False,,False,14.332719823848333,4,4,0.0015992860614341285,14.355641942885054,True,314161,14.332719823848333,882344440,11,30f560ee54232875c64f87e9fe21f50f8cc9e4467d0c43e407c3b102e43c17a5,40.07800530299937,pyvrp,40.0,0.02032830173367683,cvrp100_64849.json,0
"[""route_membership_ambiguous""]",unstable_matrix,True,0.4106564005714084,cvrp_s7799_n20-50-100_x66667_cvrp100_6506,0.07818181818181819,False,False,0.24,0.09919191919191919,0.08363636363636362,100,3,True,16.68189132197854,False,True,17.30057186445317,True,16.27123492140713,4,4,0.0037127581811492974,16.331646081978988,True,314162,16.27123492140713,3134501929,11,5b1bec743e6a9a055f61e0d1c186c1fa4a6a85044fdc9394ba453163b4bfb1cf,40.07658293500026,pyvrp,40.0,0.024616897007976844,cvrp100_6506.json,0
"[""accepted""]",not_selected,True,0.4887477251116259,cvrp_s7799_n20-50-100_x66667_cvrp100_65214,0.07555555555555556,True,True,0.0,0.0,0.0,100,2,False,16.13742478105285,False,False,,False,15.648677055941224,4,4,0.00312584910384836,15.69759245909295,True,314161,15.648677055941224,3646445865,11,12f6bc54de94d2ced6419fb7ecdebbf27bd0f37603495028c6cb4686f80ae181,40.13640406800005,pyvrp,40.0,0.03028659973588045,cvrp100_65214.json,0
"[""pyvrp_cost_not_converged""]",unstable_cost,False,0.16998858075701406,cvrp_s7799_n20-50-100_x66667_cvrp100_65259,0.06444444444444444,True,False,0.0,0.0,0.0,100,2,True,14.144055906367829,False,True,14.731625845832427,True,13.974067325610815,4,4,0.008919322855827628,14.09870654369701,False,314162,13.974067325610815,400223222,11,a336dea9800fe849a11b744d2b2225bea77ddd561319a08c36b8cfea77fcee38,40.06962929600013,pyvrp,40.0,0.012018375908743623,cvrp100_65259.json,0
"[""route_membership_ambiguous""]",unstable_matrix,True,0.41384440123707655,cvrp_s7799_n20-50-100_x66667_cvrp100_65279,0.07515151515151515,False,False,0.25,0.06484848484848485,0.032424242424242425,100,4,True,16.003489845985886,False,True,16.823123136542076,True,15.58964544474881,4,4,0.0006701609181707013,15.600093015854018,True,314162,15.58964544474881,3494313097,10,5f63e21c694826ebb9e963bffcdac909af241ef07b8f9cbe57e0161757eaf5e8,40.087571853000554,pyvrp,40.0,0.025859634693421577,cvrp100_65279.json,0
"[""route_membership_ambiguous""]",unstable_matrix,True,0.1681507264918949,cvrp_s7799_n20-50-100_x66667_cvrp100_65538,0.09313131313131313,False,False,0.19,0.09414141414141414,0.04707070707070707,100,4,True,14.918132328783477,False,True,15.77488065489155,True,14.749981602291582,4,4,0.00013704332342329286,14.752002988790792,True,314159,14.749981602291582,2521177809,11,6549fe7e2d8512e28c880797ee854b37b99c0f962869a953ace8c7fc3b701a2d,40.08538153900008,pyvrp,40.0,0.01127156689496982,cvrp100_65538.json,0
"[""pyvrp_cost_not_converged"", ""route_membership_ambiguous""]",unstable_cost,False,0.4607985358689284,cvrp_s7799_n20-50-100_x66667_cvrp100_65710,0.07454545454545454,False,False,0.0,0.0,0.0,100,1,True,15.286906552173837,False,True,15.929620536846233,True,14.826108016304909,4,4,0.007830886257007001,14.942209581814692,False,314160,14.826108016304909,609101045,11,41e8b7b5c9b17292b0f99d7a408cd8712e0a2365be328daad07eb2acdc73bb01,40.08128002800004,pyvrp,40.0,0.030143347465115607,cvrp100_65710.json,0
"[""route_membership_ambiguous""]",unstable_matrix,True,0.18735893991957298,cvrp_s7799_n20-50-100_x66667_cvrp100_65760,0.10828282828282829,False,False,0.23,0.08282828282828283,0.05521885521885522,100,3,True,16.656337602031797,False,True,17.94882261445551,True,16.468978662112224,4,4,0.002888973513773042,16.51655710526596,True,314161,16.468978662112224,994018163,11,5c5556ff19233067197790a3f21336896749bf8b6b1f6551c41f6e40799b91e2,40.079608711999754,pyvrp,40.0,0.011248507588890266,cvrp100_65760.json,0
"[""accepted""]",not_selected,True,0.34206285177402407,cvrp_s7799_n20-50-100_x66667_cvrp100_6584,0.09878787878787879,True,True,0.0,0.0,0.0,100,3,False,15.031663387500716,False,False,,False,14.689600535726692,4,4,0.0032114061380082203,14.736774809052013,True,314162,14.689600535726692,3146344368,10,3f9a304e7732e93da244b8084164a55dc081de82d06fa39baa998c616bc98290,40.11870157700105,pyvrp,40.0,0.022756154322778388,cvrp100_6584.json,0
"[""accepted""]",stable_control,True,0.1327719410731092,cvrp_s7799_n20-50-100_x66667_cvrp100_65863,0.051111111111111114,True,True,0.0,0.0,0.0,100,4,False,17.83527392614353,False,True,18.658680768289155,True,17.70250198507042,4,4,1.0709883734751556e-05,17.702691576808494,True,314162,17.70250198507042,2070122690,12,03b276183a0d07487c2f70bc5c911bdf7c4e5c37195a150a906541fa512b19fc,40.06616110699906,pyvrp,40.0,0.007444345493258039,cvrp100_65863.json,0
"[""pyvrp_cost_not_converged"", ""route_membership_ambiguous""]",unstable_cost,False,0.6667851780243659,cvrp_s7799_n20-50-100_x66667_cvrp100_66024,0.10626262626262627,False,False,0.0,0.0,0.0,100,1,True,19.257341753698164,False,True,19.838018020225817,True,18.590556575673798,4,4,0.007678525776860769,18.733304643546298,False,314161,18.590556575673798,348317586,10,52f36e6a0ec432fea096f9490b2fe242da9265aa63c0ddf66592b985ad886b02,40.0963003650013,pyvrp,40.0,0.034624985449838476,cvrp100_66024.json,0
"[""accepted""]",not_selected,True,0.1761512551416562,cvrp_s7799_n20-50-100_x66667_cvrp100_66080,0.08181818181818182,True,True,0.0,0.0,0.0,100,2,False,13.887735498817094,False,False,,False,13.711584243675437,4,4,0.0028825059602104663,13.75110796698176,True,314161,13.711584243675437,1826158993,11,24343c8e2899b99b36c1aff453f7c3c41f7f3cf172943f32598157a68484c9f2,40.086517218000154,pyvrp,40.0,0.012683943696699876,cvrp100_66080.json,0
"[""pyvrp_cost_not_converged"", ""route_membership_ambiguous""]",unstable_cost,False,0.6145186152556725,cvrp_s7799_n20-50-100_x66667_cvrp100_66112,0.1006060606060606,False,False,0.0,0.0,0.0,100,1,True,19.896753839218857,False,True,20.897280824150513,True,19.282235223963184,4,4,0.012320522780691425,19.519802442302673,False,314159,19.282235223963184,3363231192,11,17018900000f364b71623c1be12c7f80f1269fb2586cb06e461e72fbebd1d462,40.09146347600108,pyvrp,40.0,0.030885370559512255,cvrp100_66112.json,0
"[""route_membership_ambiguous""]",unstable_matrix,True,0.1447102320302296,cvrp_s7799_n20-50-100_x66667_cvrp100_66251,0.062424242424242424,False,False,0.21,0.0698989898989899,0.046599326599326606,100,3,True,14.50098819607068,False,True,15.731850361241174,True,14.35627796404045,4,4,0.0024116367942200703,14.39090009220658,True,314161,14.35627796404045,2343163225,11,b53e7c80d1b4f460d39a425ace8ac5aae1f8141cd32d671ca165168f8bb857c4,40.13426534999962,pyvrp,40.0,0.009979335895842023,cvrp100_66251.json,0
"[""accepted""]",not_selected,True,0.11860877522995672,cvrp_s7799_n20-50-100_x66667_cvrp100_66259,0.0707070707070707,True,True,0.0,0.0,0.0,100,3,False,14.657099472796487,False,False,,False,14.53849069756653,4,4,0.0026545880656786876,14.577084401465271,True,314162,14.53849069756653,2540729580,11,c625692ccae712f2ccef939972d9f402237be66d1c46d3e0cf6539e88574d29b,40.088631695000004,pyvrp,40.0,0.00809224058621517,cvrp100_66259.json,0
"[""accepted""]",not_selected,True,0.20241819866753374,cvrp_s7799_n20-50-100_x66667_cvrp100_66449,0.053737373737373736,True,True,0.0,0.0,0.0,100,4,False,14.5986314440773,False,False,,False,14.396213245409767,4,4,3.1501183459567716e-05,14.396666743164333,True,314159,14.396213245409767,1931929481,10,115d3a799fab4366c19aff466d13a0300572a9a9e58042f874518c08a83b42b9,40.098859157000334,pyvrp,40.0,0.013865559894633499,cvrp100_66449.json,0
"[""pyvrp_cost_not_converged""]",unstable_cost,False,0.3139899673344253,cvrp_s7799_n20-50-100_x66667_cvrp100_66501,0.10686868686868686,True,False,0.0,0.0,0.0,100,2,True,14.081813471985118,False,True,14.44153802514678,True,13.767823504650693,4,4,0.009896570041346671,13.904077734281367,False,314162,13.767823504650693,3756314153,10,c7593f5206fa87156f017700e90d351df5aebcc32152b3076f46eb57e54e8b67,40.090614173001086,pyvrp,40.0,0.022297551942375076,cvrp100_66501.json,0
"[""pyvrp_cost_not_converged"", ""route_membership_ambiguous""]",unstable_cost,False,0.21667782838570915,cvrp_s7799_n20-50-100_x66667_cvrp100_6732,0.0698989898989899,False,False,0.22,0.06606060606060606,0.06606060606060606,100,2,True,14.308218302902503,False,True,14.804617610740138,True,14.091540474516794,4,4,0.007061112000791654,14.191042420071046,False,314162,14.091540474516794,1207915370,10,39c764dc0c40cbb7bfb8f36b5165654f12106d20f41e55022d3469a17ff14278,40.11318805200062,pyvrp,40.0,0.015143592570275142,cvrp100_6732.json,0
"[""route_membership_ambiguous""]",unstable_matrix,True,0.36260594578296335,cvrp_s7799_n20-50-100_x66667_cvrp100_6961,0.08464646464646465,False,False,0.22,0.08808080808080808,0.07474747474747474,100,3,True,16.753216108946525,False,True,17.700754382657827,True,16.39061016316356,4,4,0.001192611020551562,16.410157785477715,True,314161,16.39061016316356,2138790736,10,a461a4518fd33f78f05199389ca4b3bb4b3defd6a87a56623ab529af0f4acc70,40.1088395250008,pyvrp,40.0,0.021643960384974986,cvrp100_6961.json,0
"[""pyvrp_cost_not_converged""]",unstable_cost,False,0.3131983971348866,cvrp_s7799_n20-50-100_x66667_cvrp100_7063,0.0898989898989899,True,False,0.0,0.0,0.0,100,2,True,16.273506145428485,False,True,16.479616826219598,True,15.960307748293598,4,4,0.006549380676838297,16.064837879456665,False,314162,15.960307748293598,765131729,10,d6ce2c2b21a765990ef208d0fc5f5c7c13093db9df2c08f5a7180d860611a693,40.10778477399981,pyvrp,40.0,0.019245907694136925,cvrp100_7063.json,0
"[""accepted""]",not_selected,True,0.05764489070879719,cvrp_s7799_n20-50-100_x66667_cvrp100_7088,0.042828282828282827,True,True,0.0,0.0,0.0,100,4,False,14.979039804460369,False,False,,False,14.921394913751572,4,4,9.410184538033189e-05,14.922799044548604,True,314162,14.921394913751572,4241171545,10,b68f23ba81bfb491569263f31fd3fa397d9ac7fb08babd56e7c07eeda22639b1,40.0869387849998,pyvrp,40.0,0.00384837022007459,cvrp100_7088.json,0
"[""accepted""]",not_selected,True,0.46010862513949213,cvrp_s7799_n20-50-100_x66667_cvrp100_7115,0.06808080808080808,True,True,0.19,0.0038383838383838384,0.0025589225589225588,100,4,False,16.42473020554335,False,False,,False,15.96462158040386,4,4,2.3959212898729247e-05,15.965004080171152,True,314162,15.96462158040386,1118351808,10,21c94bf6dd20b539238e43add30a5618de658200f3d682cb340458af72801b4e,40.07663434400092,pyvrp,40.0,0.02801316182254277,cvrp100_7115.json,0
"[""accepted""]",not_selected,True,0.2229667099436341,cvrp_s7799_n20-50-100_x66667_cvrp100_7167,0.04,True,True,0.0,0.0,0.0,100,2,False,17.223048774602656,False,False,,False,17.000082064659022,4,4,0.0018886345889508873,17.03218900766134,True,314161,17.000082064659022,3594345038,11,c89664a2ab5e69f5046069d6dbe5c42fb64ab16b04ac33450f532ef1a5009d34,40.100286118999065,pyvrp,40.0,0.012945832811692658,cvrp100_7167.json,0
"[""accepted""]",not_selected,True,0.439336621208799,cvrp_s7799_n20-50-100_x66667_cvrp100_7549,0.06505050505050505,True,True,0.0,0.0,0.0,100,3,False,18.06236526204231,False,False,,False,17.62302864083351,4,4,0.0021875493937456407,17.661579886452728,True,314162,17.62302864083351,2247339652,11,acd978016dd47e9d0896ad288f577d2fab3d01ac655b3bafb4eb9abbe7f58657,40.075096386999576,pyvrp,40.0,0.024323316178975516,cvrp100_7549.json,0
"[""accepted""]",not_selected,True,0.10020583867665778,cvrp_s7799_n20-50-100_x66667_cvrp100_7823,0.03878787878787879,True,True,0.25,0.03434343434343434,0.022323232323232325,100,4,False,14.816425009021618,False,False,,False,14.71621917034496,4,4,0.0007082322863759007,14.726641671894782,True,314161,14.71621917034496,563582018,10,f247ec6b618007249d1e273328b6ab707c8e9e4ec2cd51ddbb3ef75975f37586,40.077102584000386,pyvrp,40.0,0.006763159035708219,cvrp100_7823.json,0
"[""route_membership_ambiguous""]",unstable_matrix,True,0.14674194492015147,cvrp_s7799_n20-50-100_x66667_cvrp100_8142,0.1096969696969697,False,False,0.2,0.09858585858585858,0.0492929292929293,100,4,True,14.82511737134193,False,True,15.323719614415932,True,14.678375426421779,4,4,0.0004801236845241893,14.685422862114342,True,314161,14.678375426421779,93775889,11,d1ea01954c5b7fc67d39c6156d8a21538cace644846aec8479ad0f5f500a100c,40.1209936389987,pyvrp,40.0,0.00989819785196539,cvrp100_8142.json,0
"[""accepted""]",stable_control,True,0.35016096990174006,cvrp_s7799_n20-50-100_x66667_cvrp100_8144,0.09252525252525252,True,True,0.0,0.0,0.0,100,3,False,16.21342350009296,False,True,16.590304969056287,True,15.863262530191221,4,4,0.0041022138163354935,15.928337024914729,True,314161,15.863262530191221,2432215418,11,86d81e0d0fb61d115943e7be3bc2ecbfd5a795a727be3cef9f65eda46985286b,40.08978205499989,pyvrp,40.0,0.021596979188246847,cvrp100_8144.json,0
"[""accepted""]",not_selected,True,0.17229370458974813,cvrp_s7799_n20-50-100_x66667_cvrp100_8164,0.05898989898989899,True,True,0.23,0.028686868686868688,0.019124579124579124,100,3,False,16.47848806955032,False,False,,False,16.30619436496057,4,4,0.0044198350700477606,16.37826505467384,True,314162,16.30619436496057,495189082,10,ff289b15b190768239d1d049b4050a628a17eb10afd44a19c6151e3f105249f6,40.115718696999465,pyvrp,40.0,0.010455674322944716,cvrp100_8164.json,0
"[""route_membership_ambiguous""]",unstable_matrix,True,0.28353975020777966,cvrp_s7799_n20-50-100_x66667_cvrp100_8267,0.0903030303030303,False,False,0.23,0.07919191919191919,0.05279461279461279,100,4,True,16.464561260174417,False,True,17.493315850201064,True,16.181021509966637,4,4,0.0009749817275100284,16.1967977102713,True,314161,16.181021509966637,1139182558,10,c99957f85fb61b17e4d558140a723d49412896a447dcafc218df89a3dec7e92f,40.086043368999526,pyvrp,40.0,0.01722121505257626,cvrp100_8267.json,0
"[""route_membership_ambiguous""]",unstable_matrix,True,0.38350186270968223,cvrp_s7799_n20-50-100_x66667_cvrp100_8284,0.07353535353535354,False,False,0.22,0.08828282828282828,0.07016835016835017,100,3,True,17.72073251110614,False,True,18.41245649738065,True,17.337230648396456,4,4,0.0014614594317569052,17.3625683076481,True,314161,17.337230648396456,1203110397,11,a66a4f0763fae331e2e3d411d5e58ad005842676f7e7dbf897d4dce8f196f0f4,40.07544928900097,pyvrp,40.0,0.021641422693408956,cvrp100_8284.json,0
"[""accepted""]",not_selected,True,0.19087069979947202,cvrp_s7799_n20-50-100_x66667_cvrp100_8554,0.08262626262626263,True,True,0.0,0.0,0.0,100,3,False,15.154735088101777,False,False,,False,14.963864388302305,4,4,0.0013834393429436448,14.984565987019556,True,314159,14.963864388302305,1142555166,10,3a23444f5e539036b88dfaa2b48c51b2655d5353657a3ed3e7dd5ee94bf80d55,40.08669318799912,pyvrp,40.0,0.012594789594793224,cvrp100_8554.json,0
"[""pyvrp_cost_not_converged"", ""route_membership_ambiguous""]",unstable_cost,False,0.5679100698645101,cvrp_s7799_n20-50-100_x66667_cvrp100_8580,0.10949494949494949,False,False,0.23,0.07616161616161617,0.07616161616161617,100,2,True,19.596772870434922,False,True,19.51730038602804,True,19.028862800570412,4,4,0.00726847059850755,19.167173530359392,False,314161,19.028862800570412,3268146951,11,1c58f676b801567c748403f41ec50a0cb8d13e62a08473d191642655dfce8cc4,40.100267902998894,pyvrp,40.0,0.028979775069052284,cvrp100_8580.json,0
"[""accepted""]",not_selected,True,0.10253154336794168,cvrp_s7799_n20-50-100_x66667_cvrp100_8699,0.035555555555555556,True,True,0.0,0.0,0.0,100,4,False,13.947459083696142,False,False,,False,13.8449275403282,4,4,1.202444761040373e-05,13.845094017934079,True,314161,13.8449275403282,1086744308,11,b21a99b6ae3d2fe7da0a22855a525bfc93444fb2dcdf45d74e588c9c3819246f,40.083882984999946,pyvrp,40.0,0.007351270417978551,cvrp100_8699.json,0
"[""accepted""]",not_selected,True,0.18976308611844495,cvrp_s7799_n20-50-100_x66667_cvrp100_8780,0.08,True,True,0.0,0.0,0.0,100,3,False,15.169377531127491,False,False,,False,14.979614445009046,4,4,0.001393314708491355,15.000485762142807,True,314162,14.979614445009046,3626167380,10,45ba56eb1aa817941a8aa1f3fe6b029e3b512487b19dea213cd9bcfdf9b119a8,40.0883578009998,pyvrp,40.0,0.012509615884307183,cvrp100_8780.json,0
"[""accepted""]",not_selected,True,0.12005970783959796,cvrp_s7799_n20-50-100_x66667_cvrp100_8862,0.05090909090909091,True,True,0.19,0.01292929292929293,0.006464646464646465,100,4,False,13.805906534323285,False,False,,False,13.685846826483687,4,4,4.7323240884557974e-05,13.686494485109765,True,314162,13.685846826483687,1082118631,10,9b4eb9e65acaae912dc973ecf6e25dc9e7ff64bcaa64fba9c7fcbd93c4a8291a,40.080836818000535,pyvrp,40.0,0.00869625674642327,cvrp100_8862.json,0
"[""accepted""]",not_selected,True,0.21994221525212332,cvrp_s7799_n20-50-100_x66667_cvrp100_8934,0.05818181818181818,True,True,0.0,0.0,0.0,100,3,False,13.71422624537221,False,False,,False,13.494284030120086,4,4,0.002407355678201687,13.526769571403262,True,314159,13.494284030120086,3945197459,10,ddb3c8f8db47cb43bfbd06d4cda4652941b4ac115cc2654cfdf427e6bced05ba,40.102164316998824,pyvrp,40.0,0.016037522738575324,cvrp100_8934.json,0
"[""route_membership_ambiguous""]",unstable_matrix,True,0.22747399961179582,cvrp_s7799_n20-50-100_x66667_cvrp100_8957,0.10949494949494949,False,False,0.19,0.05717171717171717,0.04202020202020202,100,3,True,19.301194425894458,False,True,20.771523840248847,True,19.073720426282662,4,4,0.004072187101562277,19.151392184581375,True,314159,19.073720426282662,2759524400,10,8e3697f3d17c16013082b5a59645d3fb9fb5ba6dbffd855b0b9e0ddebfd86bf1,40.11378362100004,pyvrp,40.0,0.011785488223807383,cvrp100_8957.json,0
"[""pyvrp_cost_not_converged"", ""route_membership_ambiguous""]",unstable_cost,False,0.24259544216353213,cvrp_s7799_n20-50-100_x66667_cvrp100_9013,0.08040404040404041,False,False,0.0,0.0,0.0,100,1,True,14.083119867307895,False,True,15.10682186449659,True,13.840524425144363,4,4,0.012163444071038419,14.008872869903447,False,314161,13.840524425144363,3819173784,10,0d43ca39754ed0826fb33be7d6e62e884204c7fd373f8e8dd4a5620e1f9c9456,40.07423544099947,pyvrp,40.0,0.017225972969717132,cvrp100_9013.json,0
"[""accepted""]",not_selected,True,0.2928533831712983,cvrp_s7799_n20-50-100_x66667_cvrp100_9150,0.05696969696969697,True,True,0.0,0.0,0.0,100,2,False,15.890430973231965,False,False,,False,15.597577590060666,4,4,0.0026157531118682856,15.638377002179475,True,314159,15.597577590060666,2022510826,11,88893d87830907f5ece56e3a7c1a213a22e765d6b62e51250d2b431a5ca2285e,40.07995509400098,pyvrp,40.0,0.01842954314232389,cvrp100_9150.json,0
"[""accepted""]",not_selected,True,0.1409259305398507,cvrp_s7799_n20-50-100_x66667_cvrp100_9330,0.038585858585858585,True,True,0.0,0.0,0.0,100,4,False,16.01120917828849,False,False,,False,15.870283247748638,4,4,5.239586557074219e-05,15.871114784976257,True,314162,15.870283247748638,9113261,10,6ff3d93fc0a30574a43014d3d597441a4f174524dc467479695bddbd739f94e8,40.088354690000415,pyvrp,40.0,0.008801704416612644,cvrp100_9330.json,0
"[""pyvrp_cost_not_converged""]",unstable_cost,False,0.5532719347832415,cvrp_s7799_n20-50-100_x66667_cvrp100_9837,0.08949494949494949,True,False,0.0,0.0,0.0,100,2,True,15.164451986581446,False,True,15.3496775943892,True,14.611180051798204,4,4,0.006655975086813535,14.70843170221192,False,314160,14.611180051798204,812369085,10,dace3574b514fb8b46a6b13405d4cb974ace408dc003b2e962583bb659854a3c,40.083161239999754,pyvrp,40.0,0.03648479584180258,cvrp100_9837.json,0
"[""accepted""]",not_selected,True,0.0,cvrp_s7799_n20-50-100_x66667_cvrp20_0171,0.0,True,True,0.0,0.0,0.0,20,4,False,6.283435419277544,False,False,,False,6.283435419277544,4,4,1.4135235908929673e-16,6.283435419277545,True,314160,6.283435419277544,112878991,4,a55940316b80d86ac528aac11f6998f1680bd30823857e4aa79dfc0bb38edd00,10.01116110700059,pyvrp,10.0,0.0,cvrp20_0171.json,0
"[""accepted""]",not_selected,True,8.881784197001252e-16,cvrp_s7799_n20-50-100_x66667_cvrp20_0229,0.0,True,True,0.0,0.0,0.0,20,4,False,6.474630719961233,False,False,,False,6.474630719961232,4,4,1.37178235812257e-16,6.474630719961233,True,314160,6.474630719961232,2728103517,4,1bdbe029fd2d96e0ee5f0e5be47aa9260f7cf5aa017aef1594119ba87219b48e,10.007598561000123,pyvrp,10.0,1.3717823581225698e-16,cvrp20_0229.json,0
"[""route_membership_ambiguous""]",unstable_matrix,True,0.0004960877282007559,cvrp_s7799_n20-50-100_x66667_cvrp20_0432,0.18947368421052632,False,False,0.4,0.18947368421052632,0.09473684210526316,20,4,True,5.811423521322145,False,True,5.811423521322146,True,5.810927433593944,4,4,8.537152354248819e-05,5.811423521322145,True,314160,5.810927433593944,1406791915,4,ede7273a8f666a1a6a035b22d155c6c4723bb6a98e503aa51d000cb26f729a45,10.010558979000052,pyvrp,10.0,8.536423586761612e-05,cvrp20_0432.json,0
"[""accepted""]",not_selected,True,8.881784197001252e-16,cvrp_s7799_n20-50-100_x66667_cvrp20_0828,0.0,True,True,0.0,0.0,0.0,20,4,False,6.897206985543459,False,False,,False,6.897206985543458,4,4,1.2877363569945728e-16,6.897206985543459,True,314159,6.897206985543458,3033927673,4,b8e9e3233e143b305b442cc063c1740dcd2b7c334e149d99ce4f3fbf64805603,10.010240043000522,pyvrp,10.0,1.2877363569945726e-16,cvrp20_0828.json,0
"[""accepted""]",not_selected,True,8.881784197001252e-16,cvrp_s7799_n20-50-100_x66667_cvrp20_0959,0.0,True,True,0.0,0.0,0.0,20,4,False,5.066165886169333,False,False,,False,5.066165886169332,4,4,3.506314004146048e-16,5.066165886169334,True,314159,5.066165886169332,2737121543,4,e2cb989f808bdc5b2eecfee25fa16d1d0bec7af96504246f277714bdd2d5fb8c,10.014734652000698,pyvrp,10.0,1.7531570020730238e-16,cvrp20_0959.json,0
"[""accepted""]",stable_control,True,-8.881784197001252e-16,cvrp_s7799_n20-50-100_x66667_cvrp20_0983,0.0,True,True,0.0,0.0,0.0,20,4,False,5.277180103391914,False,True,5.277180103391915,True,5.277180103391915,4,4,1.6830549693182677e-16,5.277180103391916,True,314161,5.277180103391915,3990013694,4,088994ebb618f985801ab87b979e04870b2b89bebac3db606e09ec848412aa46,10.010772038998766,pyvrp,10.0,-1.683054969318268e-16,cvrp20_0983.json,0
"[""accepted""]",not_selected,True,8.881784197001252e-16,cvrp_s7799_n20-50-100_x66667_cvrp20_10019,0.0,True,True,0.0,0.0,0.0,20,4,False,5.999824629636699,False,False,,False,5.999824629636698,4,4,1.4803406341460124e-16,5.999824629636699,True,314161,5.999824629636698,3165274809,4,5cc085216289f9ff903bd4d9e69262aeb92706ad2d614d413d087e96e5c1fb51,10.011789620000854,pyvrp,10.0,1.480340634146012e-16,cvrp20_10019.json,0
"[""accepted""]",not_selected,True,0.0,cvrp_s7799_n20-50-100_x66667_cvrp20_10031,0.0,True,True,0.0,0.0,0.0,20,4,False,7.400658992195631,False,False,,False,7.400658992195631,4,4,1.2001342321498048e-16,7.400658992195632,True,314159,7.400658992195631,1125269130,4,ebee88b644e0e45f710a7c365b6bb55d609fdd4d4481cabd231f017d8b65dd2c,10.011528928998814,pyvrp,10.0,0.0,cvrp20_10031.json,0
"[""accepted""]",not_selected,True,0.0,cvrp_s7799_n20-50-100_x66667_cvrp20_10215,0.0,True,True,0.0,0.0,0.0,20,4,False,6.981068052557104,False,False,,False,6.981068052557104,4,4,1.2722672419369888e-16,6.981068052557105,True,314160,6.981068052557104,543197788,4,b85e6ba5e09a86ad80969061f9286640fedfa2c20f6574f778f0fd823b05c33a,10.01037281599929,pyvrp,10.0,0.0,cvrp20_10215.json,0
"[""accepted""]",not_selected,True,1.7763568394002505e-15,cvrp_s7799_n20-50-100_x66667_cvrp20_10287,0.0,True,True,0.0,0.0,0.0,20,4,False,7.132640906050376,False,False,,False,7.132640906050375,4,4,1.2452308077737574e-16,7.1326409060503755,True,314159,7.132640906050375,2350277145,5,5a75a12ae4b3e06b637c061e32b575392ac00be4cd48437235b3f02c6ae07244,10.011405405000914,pyvrp,10.0,2.490461615547514e-16,cvrp20_10287.json,0
"[""accepted""]",not_selected,True,8.881784197001252e-16,cvrp_s7799_n20-50-100_x66667_cvrp20_10302,0.0,True,True,0.0,0.0,0.0,20,4,False,5.926687911940631,False,False,,False,5.92668791194063,4,4,1.4986083844750666e-16,5.926687911940631,True,314161,5.92668791194063,639075945,4,caceb47c115108df44ac6d3eb337af48cbd96a6e0eabd39be0f9fa5a30f68ef0,10.011831869998787,pyvrp,10.0,1.4986083844750663e-16,cvrp20_10302.json,0
"[""accepted""]",not_selected,True,8.881784197001252e-16,cvrp_s7799_n20-50-100_x66667_cvrp20_1089,0.0,True,True,0.0,0.0,0.0,20,4,False,5.833773014894825,False,False,,False,5.833773014894824,4,4,1.5224768214882938e-16,5.833773014894825,True,314160,5.833773014894824,3160252957,3,fb7b3d77cf573f0a911ce91f5621b7cbfcbf256c364a6da9ec6ec93ae74e69b9,10.010923408999588,pyvrp,10.0,1.5224768214882936e-16,cvrp20_1089.json,0
"[""accepted""]",not_selected,True,8.881784197001252e-16,cvrp_s7799_n20-50-100_x66667_cvrp20_10891,0.0,True,True,0.0,0.0,0.0,20,4,False,6.307433180347645,False,False,,False,6.307433180347644,4,4,1.408145586809327e-16,6.307433180347645,True,314159,6.307433180347644,2294230719,4,6c9c78bbd18701f81a0394aca053a10cf0aa4b6a675f1d824637c3b855bed23c,10.008986601000288,pyvrp,10.0,1.4081455868093267e-16,cvrp20_10891.json,0
"[""accepted""]",not_selected,True,8.881784197001252e-16,cvrp_s7799_n20-50-100_x66667_cvrp20_11055,0.0,True,True,0.0,0.0,0.0,20,4,False,6.702052320808223,False,False,,False,6.702052320808222,4,4,1.3252334914523869e-16,6.702052320808223,True,314161,6.702052320808222,3652918129,4,de40bf9c4198da7c3a50681395a7fecda995798cc667129ae88b76251b42900e,10.012261094001587,pyvrp,10.0,1.3252334914523866e-16,cvrp20_11055.json,0
"[""accepted""]",not_selected,True,8.881784197001252e-16,cvrp_s7799_n20-50-100_x66667_cvrp20_11112,0.0,True,True,0.0,0.0,0.0,20,4,False,6.130888322342566,False,False,,False,6.130888322342565,4,4,1.4486945007028918e-16,6.130888322342566,True,314160,6.130888322342565,3430621280,4,084bad8ac2381cf2236e1b3295dbf19364b9206722939bc2afbfb163490e6457,10.012395861000186,pyvrp,10.0,1.4486945007028916e-16,cvrp20_11112.json,0
"[""route_membership_ambiguous""]",unstable_matrix,True,0.00023697677439393772,cvrp_s7799_n20-50-100_x66667_cvrp20_11228,0.24210526315789474,False,False,0.55,0.24210526315789474,0.12105263157894737,20,4,True,6.12143296270831,False,True,6.121432962708311,True,6.121195985933916,4,4,3.8714129549236826e-05,6.121432962708312,True,314162,6.121195985933916,3951122216,4,018dd81bcb7d50d3ed13d8a73a2337ed8e087f7506867c5f36e056366f1b7787,10.011042180000004,pyvrp,10.0,3.871263082314176e-05,cvrp20_11228.json,0
"[""accepted""]",stable_control,True,8.881784197001252e-16,cvrp_s7799_n20-50-100_x66667_cvrp20_11373,0.0,True,True,0.0,0.0,0.0,20,4,False,5.800505950363862,False,True,5.800505950363861,True,5.800505950363861,4,4,1.5312085312909826e-16,5.800505950363862,True,314160,5.800505950363861,3831044994,4,fbbd13de85b62d6a97260b746c155a05798dad99a76b6a642e54a0ebaa47fc3c,10.00846201100103,pyvrp,10.0,1.5312085312909824e-16,cvrp20_11373.json,0
"[""accepted""]",not_selected,True,8.881784197001252e-16,cvrp_s7799_n20-50-100_x66667_cvrp20_11394,0.0,True,True,0.0,0.0,0.0,20,4,False,5.834223243866015,False,False,,False,5.834223243866014,4,4,1.5223593314396022e-16,5.834223243866015,True,314162,5.834223243866014,3042502862,4,7c0eb90ea95a0071fbdbcee03c2083fd474858ec33ee5e99deab3b254a2810c3,10.010569998999927,pyvrp,10.0,1.522359331439602e-16,cvrp20_11394.json,0
"[""accepted""]",not_selected,True,1.7763568394002505e-15,cvrp_s7799_n20-50-100_x66667_cvrp20_11404,0.0,True,True,0.0,0.0,0.0,20,4,False,5.097785247787314,False,False,,False,5.0977852477873125,4,4,3.4845658517515544e-16,5.097785247787314,True,314161,5.0977852477873125,1303495002,3,47d8a7011a34540464773e7ad5b4d1b2ed75449a8b8ff748ef42abadb5544e26,10.00806551000096,pyvrp,10.0,3.484565851751553e-16,cvrp20_11404.json,0
"[""accepted""]",stable_control,True,0.0,cvrp_s7799_n20-50-100_x66667_cvrp20_11413,0.0,True,True,0.0,0.0,0.0,20,4,False,4.776392576805974,False,True,4.776392576805975,True,4.776392576805974,4,4,1.8595172097308212e-16,4.776392576805975,True,314159,4.776392576805974,3512902205,3,6576be0ebed76ec1361f9054c10f572e578e3b229cc5a47ffbda9f081d176262,10.010358371999246,pyvrp,10.0,0.0,cvrp20_11413.json,0
"[""route_membership_ambiguous""]",unstable_matrix,True,0.00013159616264690754,cvrp_s7799_n20-50-100_x66667_cvrp20_11416,0.14736842105263157,False,False,0.7,0.14736842105263157,0.0982456140350877,20,4,True,5.307631555035869,False,True,5.307499958873222,True,5.307499958873222,4,4,2.4794378458482676e-05,5.30763155503587,True,314160,5.307499958873222,2098576021,3,4c87339d4f4d613ec874bed2c51548b334a25219bc4cbf8a0d77af359a508218,10.011126233999676,pyvrp,10.0,2.4793763712187106e-05,cvrp20_11416.json,0
"[""accepted""]",not_selected,True,0.0,cvrp_s7799_n20-50-100_x66667_cvrp20_11574,0.0,True,True,0.0,0.0,0.0,20,4,False,5.951150810547348,False,False,,False,5.951150810547348,4,4,2.98489636030056e-16,5.951150810547349,True,314159,5.951150810547348,598903599,4,cab0fec5d20d14bef8aedfbf4ac82acd867174a40631ecfc27c2640e2900b268,10.008529597000233,pyvrp,10.0,0.0,cvrp20_11574.json,0
"[""accepted""]",not_selected,True,8.881784197001252e-16,cvrp_s7799_n20-50-100_x66667_cvrp20_11672,0.0,True,True,0.0,0.0,0.0,20,4,False,5.572753131183007,False,False,,False,5.572753131183006,4,4,3.187574969830322e-16,5.572753131183008,True,314160,5.572753131183006,3627858818,4,b8ffa89b40400001d64ecaf50d659cc1b95f21e31b21bb0838b4cfd1e728bf24,10.013333622000573,pyvrp,10.0,1.5937874849151608e-16,cvrp20_11672.json,0
"[""accepted""]",not_selected,True,-8.881784197001252e-16,cvrp_s7799_n20-50-100_x66667_cvrp20_11939,0.0,True,True,0.0,0.0,0.0,20,4,False,6.15949303480988,False,False,,False,6.159493034809881,4,4,4.036160501139736e-05,6.159741641834822,True,314161,6.159493034809881,428932295,4,940a9afc79ce9deed346c12355cdae030218f979a295c67459ed53aeb468fdea,10.009484087000601,pyvrp,10.0,-1.4419667571351349e-16,cvrp20_11939.json,0
"[""accepted""]",not_selected,True,0.0,cvrp_s7799_n20-50-100_x66667_cvrp20_11952,0.0,True,True,0.0,0.0,0.0,20,4,False,4.992818625724909,False,False,,False,4.992818625724909,4,4,3.557823691507201e-16,4.992818625724911,True,314160,4.992818625724909,828401326,3,e41bfadba1f76d7ee4cc93d834a5db87afa56156eaf8187b1c8268dde913da94,10.012883453999166,pyvrp,10.0,0.0,cvrp20_11952.json,0
"[""accepted""]",not_selected,True,0.0,cvrp_s7799_n20-50-100_x66667_cvrp20_11985,0.0,True,True,0.0,0.0,0.0,20,4,False,5.986063135092501,False,False,,False,5.986063135092501,4,4,1.4837438223684895e-16,5.986063135092502,True,314159,5.986063135092501,2530903171,4,e026e3650b2144af1b40e40b6bab7c82137da1c346d99c8604e089686d7d3cbc,10.008906099999876,pyvrp,10.0,0.0,cvrp20_11985.json,0
"[""accepted""]",not_selected,True,8.881784197001252e-16,cvrp_s7799_n20-50-100_x66667_cvrp20_12204,0.0,True,True,0.0,0.0,0.0,20,4,False,6.069420629474226,False,False,,False,6.069420629474225,4,4,4.390098201730988e-16,6.0694206294742274,True,314160,6.069420629474225,2140781334,4,ff08dcd091db1b57f7be9f973a99f051705103838d1fbb292d4816308722c560,10.01132007600063,pyvrp,10.0,1.4633660672436624e-16,cvrp20_12204.json,0
"[""accepted""]",not_selected,True,8.881784197001252e-16,cvrp_s7799_n20-50-100_x66667_cvrp20_12449,0.0,True,True,0.0,0.0,0.0,20,4,False,5.5898603648418455,False,False,,False,5.589860364841845,4,4,1.5889098505687892e-16,5.5898603648418455,True,314159,5.589860364841845,2422624441,3,e34d065f50cef3a566344b351b5340c6c30afa463a76df3fa6eafbbaa74ac5da,10.010918374999164,pyvrp,10.0,1.588909850568789e-16,cvrp20_12449.json,0
"[""accepted""]",stable_control,True,0.0,cvrp_s7799_n20-50-100_x66667_cvrp20_1262,0.0,True,True,0.0,0.0,0.0,20,4,False,4.091795878812153,False,True,4.091795878812153,True,4.091795878812153,4,4,2.1706322749363614e-16,4.091795878812154,True,314160,4.091795878812153,1270464699,4,f31e08db93660f66c1f0c0ab13f69a91ef9fe778b9ec8019c569ff690fb66cb3,10.010542342999543,pyvrp,10.0,0.0,cvrp20_1262.json,0
"[""accepted""]",not_selected,True,1.7763568394002505e-15,cvrp_s7799_n20-50-100_x66667_cvrp20_12638,0.0,True,True,0.0,0.0,0.0,20,4,False,8.568287021003915,False,False,,False,8.568287021003913,4,4,2.0731761611694021e-16,8.568287021003915,True,314160,8.568287021003913,4205464947,4,d092e928034eb96ed4ef3f3132cf9d127244e228a1350fdf6ae2efe0ab52e9c9,10.011671299998852,pyvrp,10.0,2.0731761611694016e-16,cvrp20_12638.json,0
"[""accepted""]",not_selected,True,8.881784197001252e-16,cvrp_s7799_n20-50-100_x66667_cvrp20_12692,0.0,True,True,0.0,0.0,0.0,20,4,False,5.6732291619790525,False,False,,False,5.673229161979052,4,4,1.5655606257764718e-16,5.6732291619790525,True,314160,5.673229161979052,3965454924,4,062e31a3a900404008b5c571d42ccd768c57ff0e993e73845393400a70b75970,10.00927116100138,pyvrp,10.0,1.5655606257764715e-16,cvrp20_12692.json,0
"[""accepted""]",not_selected,True,1.7763568394002505e-15,cvrp_s7799_n20-50-100_x66667_cvrp20_12731,0.0,True,True,0.0,0.0,0.0,20,4,False,7.286100544942708,False,False,,False,7.286100544942706,4,4,2.438007585049348e-16,7.286100544942708,True,314159,7.286100544942706,334749146,4,49e1908d9eeb4864834ce77b91fa1f61ee0a3e95c587d80e4fda4733714ce7d9,10.010919857000772,pyvrp,10.0,2.4380075850493474e-16,cvrp20_12731.json,0
"[""accepted""]",not_selected,True,8.881784197001252e-16,cvrp_s7799_n20-50-100_x66667_cvrp20_12872,0.0,True,True,0.0,0.0,0.0,20,4,False,7.369063365024064,False,False,,False,7.369063365024063,4,4,1.2052799327465478e-16,7.369063365024064,True,314159,7.369063365024063,1863632929,4,19d3f37d1f95e1a40873b5900828a4cf61400d3c929e291e4b327ba039c32e04,10.007347937000304,pyvrp,10.0,1.2052799327465478e-16,cvrp20_12872.json,0
"[""accepted""]",not_selected,True,0.0,cvrp_s7799_n20-50-100_x66667_cvrp20_12878,0.0,True,True,0.0,0.0,0.0,20,4,False,6.433462164220325,False,False,,False,6.433462164220325,4,4,4.141681712094583e-16,6.433462164220328,True,314161,6.433462164220325,4290338274,4,e8bbb5d79f7dc4204afdac0efd32b90213805f846ab969d8ced8b801dbda01c6,10.010698033000153,pyvrp,10.0,0.0,cvrp20_12878.json,0
"[""accepted""]",not_selected,True,0.0,cvrp_s7799_n20-50-100_x66667_cvrp20_12901,0.0,True,True,0.0,0.0,0.0,20,4,False,4.756055071463086,False,False,,False,4.756055071463086,4,4,1.8674687453248905e-16,4.756055071463087,True,314159,4.756055071463086,832277100,3,6843ee5a87dd3f23a6ff8662cdaa76494204f7486cdad59f718e3dd2f95c2317,10.007733853999525,pyvrp,10.0,0.0,cvrp20_12901.json,0
"[""accepted""]",not_selected,True,1.7763568394002505e-15,cvrp_s7799_n20-50-100_x66667_cvrp20_12969,0.0,True,True,0.0,0.0,0.0,20,4,False,5.983196609364543,False,False,,False,5.9831966093645415,4,4,4.453364034419335e-16,5.983196609364544,True,314160,5.9831966093645415,1223798039,4,0107ee9e7b0468055e6153f84641cfb659caab7748c17c2d8e3b40b75506a43d,10.01097907699841,pyvrp,10.0,2.968909356279555e-16,cvrp20_12969.json,0
"[""accepted""]",not_selected,True,0.0,cvrp_s7799_n20-50-100_x66667_cvrp20_1322,0.0,True,True,0.0,0.0,0.0,20,4,False,7.289045738711548,False,False,,False,7.289045738711548,4,4,1.2185112448713e-16,7.289045738711549,True,314159,7.289045738711548,1364145310,4,43a980f417e7b3ccdbd5c162dccb0fd9897c6c5714e6be649360a5dcfb1a996e,10.008239631000833,pyvrp,10.0,0.0,cvrp20_1322.json,0
"[""accepted""]",not_selected,True,8.881784197001252e-16,cvrp_s7799_n20-50-100_x66667_cvrp20_13250,0.0,True,True,0.0,0.0,0.0,20,4,False,5.202180648699987,False,False,,False,5.202180648699986,4,4,1.707319448666357e-16,5.202180648699987,True,314161,5.202180648699986,1077096660,3,bb3276e1b390728041de123becf61cf00f8e42b63a3ecf90492098945b0d4215,10.014086277000388,pyvrp,10.0,1.7073194486663568e-16,cvrp20_13250.json,0
"[""accepted""]",not_selected,True,-1.7763568394002505e-15,cvrp_s7799_n20-50-100_x66667_cvrp20_13392,0.0,True,True,0.0,0.0,0.0,20,4,False,7.111415328029409,False,False,,False,7.111415328029411,4,4,1.2489474721008053e-16,7.111415328029412,True,314160,7.111415328029411,1703198068,4,fc6f1aeed8d5a9f5900b2a7ae91b39d8c85e470992c1c56df7d90e46c31adee5,10.013901938000345,pyvrp,10.0,-2.4978949442016116e-16,cvrp20_13392.json,0
"[""accepted""]",not_selected,True,0.0,cvrp_s7799_n20-50-100_x66667_cvrp20_1342,0.0,True,True,0.0,0.0,0.0,20,4,False,5.688968625960873,False,False,,False,5.688968625960873,4,4,0.0,5.688968625960873,True,314159,5.688968625960873,161293115,3,da1cb49e055ebbd6afc6069655355d57974586872aa5dc86c00da2d9db5108ae,10.012434877999112,pyvrp,10.0,0.0,cvrp20_1342.json,0
"[""accepted""]",not_selected,True,0.0,cvrp_s7799_n20-50-100_x66667_cvrp20_13485,0.0,True,True,0.0,0.0,0.0,20,4,False,6.16817004703883,False,False,,False,6.16817004703883,4,4,1.4399382846562661e-16,6.1681700470388305,True,314160,6.16817004703883,90391439,4,7950012278e8b455690d32ba3c22b5a97c62f094a6c3f2ef28410818bbbe02b2,10.010671602000002,pyvrp,10.0,0.0,cvrp20_13485.json,0
"[""accepted""]",not_selected,True,8.881784197001252e-16,cvrp_s7799_n20-50-100_x66667_cvrp20_13641,0.0,True,True,0.0,0.0,0.0,20,4,False,5.287876745569155,False,False,,False,5.287876745569154,4,4,1.6796503822528626e-16,5.287876745569155,True,314160,5.287876745569154,2700635668,4,5fa63afd1011fb23cf71497e8fe02c55378534a14ccc836ebcfe3e27a5879b80,10.012563991000206,pyvrp,10.0,1.6796503822528624e-16,cvrp20_13641.json,0
"[""accepted""]",not_selected,True,8.881784197001252e-16,cvrp_s7799_n20-50-100_x66667_cvrp20_13820,0.0,True,True,0.0,0.0,0.0,20,4,False,6.017636525170529,False,False,,False,6.017636525170528,4,4,4.4278767053396734e-16,6.017636525170531,True,314159,6.017636525170528,2789161076,3,af60a7563045e5c4fa461f7bc1b066953f79da424091dbdfe977c6d2d3dcf1bb,10.013394146999417,pyvrp,10.0,1.4759589017798908e-16,cvrp20_13820.json,0
"[""accepted""]",not_selected,True,0.0,cvrp_s7799_n20-50-100_x66667_cvrp20_13869,0.0,True,True,0.0,0.0,0.0,20,4,False,5.740356943536174,False,False,,False,5.740356943536174,4,4,1.547252946875094e-16,5.740356943536175,True,314161,5.740356943536174,1840766411,4,1f30a45e0958e1ce24ad1d1f016f9f79e99ae20c4f61ef7eb466c50bdbda509f,10.010950599998978,pyvrp,10.0,0.0,cvrp20_13869.json,0
"[""accepted""]",stable_control,True,1.7763568394002505e-15,cvrp_s7799_n20-50-100_x66667_cvrp20_13943,0.0,True,True,0.0,0.0,0.0,20,4,False,6.5985982835287915,False,True,6.598598283528792,True,6.59859828352879,4,4,4.038032237470045e-16,6.598598283528792,True,314161,6.59859828352879,2195667934,4,56cecfe1aef73c8ea3df75359ee2e5797e28a8210e92297ff5dd5869a2434d7e,10.01068351700087,pyvrp,10.0,2.692021491646696e-16,cvrp20_13943.json,0
"[""accepted""]",not_selected,True,1.7763568394002505e-15,cvrp_s7799_n20-50-100_x66667_cvrp20_1420,0.0,True,True,0.0,0.0,0.0,20,4,False,5.853756378184828,False,False,,False,5.853756378184826,4,4,3.0345588791843017e-16,5.853756378184828,True,314160,5.853756378184826,4109833895,4,0afcd28b5ebf3669f9814ea9d59e7bc3809c03345a3399de8da120eb4bcd7c85,10.010957697000777,pyvrp,10.0,3.0345588791843007e-16,cvrp20_1420.json,0
"[""accepted""]",not_selected,True,8.881784197001252e-16,cvrp_s7799_n20-50-100_x66667_cvrp20_14205,0.0,True,True,0.0,0.0,0.0,20,4,False,5.248666711113564,False,False,,False,5.248666711113563,4,4,3.384396337528882e-16,5.2486667111135645,True,314160,5.248666711113563,2033466299,3,9ce8c97bce88eb8fa7be2ad4d10cec6154d1c228a5c53331252d252bb364da29,10.011245715000769,pyvrp,10.0,1.6921981687644408e-16,cvrp20_14205.json,0
"[""accepted""]",not_selected,True,8.881784197001252e-16,cvrp_s7799_n20-50-100_x66667_cvrp20_14281,0.0,True,True,0.0,0.0,0.0,20,4,False,6.4679113584122145,False,False,,False,6.467911358412214,4,4,1.37320747066973e-16,6.4679113584122145,True,314160,6.467911358412214,1356318528,4,fb95adca0bdb25cbb1e5bfe14f0bef077e883a75b71a147fd4bcfe4da74b27f8,10.011322454998663,pyvrp,10.0,1.3732074706697297e-16,cvrp20_14281.json,0
"[""accepted""]",not_selected,True,0.0,cvrp_s7799_n20-50-100_x66667_cvrp20_14387,0.0,True,True,0.0,0.0,0.0,20,4,False,5.626511988178092,False,False,,False,5.626511988178092,4,4,1.5785595437569203e-16,5.626511988178093,True,314159,5.626511988178092,3245947894,4,f052b01eba8239ffacf3ca978d508904fe02ffda044d93bac8411a1d2fe83588,10.0130010390003,pyvrp,10.0,0.0,cvrp20_14387.json,0
"[""accepted""]",not_selected,True,8.881784197001252e-16,cvrp_s7799_n20-50-100_x66667_cvrp20_14510,0.0,True,True,0.0,0.0,0.0,20,4,False,7.295769796875473,False,False,,False,7.295769796875472,4,4,2.434776437382938e-16,7.295769796875474,True,314162,7.295769796875472,1490861445,4,46bd57fa01fb3db702552dab07cff0fc16c8c6bac3e768b4d0276c933a1cf157,10.00740486200084,pyvrp,10.0,1.217388218691469e-16,cvrp20_14510.json,0
"[""accepted""]",not_selected,True,0.0,cvrp_s7799_n20-50-100_x66667_cvrp20_14571,0.0,True,True,0.0,0.0,0.0,20,4,False,5.401027583985312,False,False,,False,5.401027583985312,4,4,1.644461921160484e-16,5.401027583985313,True,314160,5.401027583985312,3904315131,4,e3ca9442d6ffbf0c1a19ddd1b8b396862c8d807ff388d961f0bbe2aa0442c491,10.007875769000748,pyvrp,10.0,0.0,cvrp20_14571.json,0
"[""accepted""]",not_selected,True,-8.881784197001252e-16,cvrp_s7799_n20-50-100_x66667_cvrp20_14805,0.0,True,True,0.0,0.0,0.0,20,4,False,6.901159832207299,False,False,,False,6.9011598322073,4,4,1.2869987673014753e-16,6.901159832207301,True,314162,6.9011598322073,1673759058,4,98f802d055cf01e673781ff124ebf6292ac6d1b58ecc7e1d52664002a4ba862e,10.012495507000494,pyvrp,10.0,-1.2869987673014756e-16,cvrp20_14805.json,0
"[""accepted""]",not_selected,True,1.7763568394002505e-15,cvrp_s7799_n20-50-100_x66667_cvrp20_14868,0.0,True,True,0.0,0.0,0.0,20,4,False,7.788848511357053,False,False,,False,7.788848511357052,4,4,1.1403205729384225e-16,7.7888485113570525,True,314160,7.788848511357052,2142918852,4,1cace926efcb654a7a7667b303f4fb8d55f10e1249caf7684d14723441a14635,10.00856714099973,pyvrp,10.0,2.2806411458768444e-16,cvrp20_14868.json,0
"[""accepted""]",not_selected,True,1.7763568394002505e-15,cvrp_s7799_n20-50-100_x66667_cvrp20_14904,0.0,True,True,0.0,0.0,0.0,20,4,False,5.312410641207058,False,False,,False,5.312410641207056,4,4,3.34378676531797e-16,5.312410641207058,True,314159,5.312410641207056,1271514138,4,ff5fd8a0f53d647c28ff18fbc2b397fcaaa0fa92038c3c471b666e227c4f0444,10.012302305000048,pyvrp,10.0,3.3437867653179686e-16,cvrp20_14904.json,0
"[""accepted""]",not_selected,True,0.0,cvrp_s7799_n20-50-100_x66667_cvrp20_1497,0.0,True,True,0.0,0.0,0.0,20,4,False,8.197997607437303,False,False,,False,8.197997607437303,4,4,0.0,8.197997607437303,True,314159,8.197997607437303,3252922123,4,9b8984cee06604226bfba91bcd2207dddc3c9094040ae7fcc79a7ceb9b21369d,10.011086738000813,pyvrp,10.0,0.0,cvrp20_1497.json,0
"[""accepted""]",not_selected,True,1.7763568394002505e-15,cvrp_s7799_n20-50-100_x66667_cvrp20_15054,0.0,True,True,0.0,0.0,0.0,20,4,False,6.209251698441924,False,False,,False,6.209251698441922,4,4,0.0,6.209251698441922,True,314159,6.209251698441922,2917992315,4,8b12d8f6044cf4d1c1a41978ee769b7eba37c0f29c8738fedbe04ff639b3c98a,10.01109007299965,pyvrp,10.0,2.860822729808148e-16,cvrp20_15054.json,0
"[""accepted""]",not_selected,True,8.881784197001252e-16,cvrp_s7799_n20-50-100_x66667_cvrp20_15152,0.0,True,True,0.0,0.0,0.0,20,4,False,5.82278389442746,False,False,,False,5.8227838944274595,4,4,4.576050403743128e-16,5.822783894427462,True,314159,5.8227838944274595,2506896847,4,66b109ad4eda79e8e64c394bd2cafe1b2bfd6b70f2b5d4d361aaa5cb95b485f9,10.00956767199932,pyvrp,10.0,1.5253501345810423e-16,cvrp20_15152.json,0
"[""accepted""]",not_selected,True,8.881784197001252e-16,cvrp_s7799_n20-50-100_x66667_cvrp20_15264,0.0,True,True,0.0,0.0,0.0,20,4,False,6.614693746897917,False,False,,False,6.614693746897916,4,4,4.028206536923889e-16,6.614693746897919,True,314159,6.614693746897916,3031265624,4,bab348d7ab4707caf4b8799ddea6a1ac1bf5553e33c4024cab78c85e5c44e35c,10.009937508000803,pyvrp,10.0,1.3427355123079628e-16,cvrp20_15264.json,0
"[""accepted""]",not_selected,True,-8.881784197001252e-16,cvrp_s7799_n20-50-100_x66667_cvrp20_15429,0.0,True,True,0.0,0.0,0.0,20,4,False,5.726225111114271,False,False,,False,5.726225111114272,4,4,1.5510714344363134e-16,5.726225111114273,True,314160,5.726225111114272,656664779,4,024e404207ae83ab1252918bcdd8caabcbbcdb6c5a47ca5ffbef11f151caa7be,10.014797759999055,pyvrp,10.0,-1.5510714344363136e-16,cvrp20_15429.json,0
"[""accepted""]",not_selected,True,0.0,cvrp_s7799_n20-50-100_x66667_cvrp20_15507,0.0,True,True,0.0,0.0,0.0,20,4,False,6.793634568655151,False,False,,False,6.793634568655151,4,4,1.3073685532013337e-16,6.793634568655152,True,314161,6.793634568655151,538874672,4,346e4e2725a31856b7cf14eedf0f8dacc85559ec99a722b2a4e815de76f2ba97,10.01257777399951,pyvrp,10.0,0.0,cvrp20_15507.json,0
"[""accepted""]",not_selected,True,0.0,cvrp_s7799_n20-50-100_x66667_cvrp20_15641,0.0,True,True,0.0,0.0,0.0,20,4,False,6.2205297268079045,False,False,,False,6.2205297268079045,4,4,1.4278179812764892e-16,6.220529726807905,True,314159,6.2205297268079045,685664618,3,7f7fa7e169e4f8771d20fc35d33e995f6d7e230489d9a566560968eab7f3a395,10.009261420000257,pyvrp,10.0,0.0,cvrp20_15641.json,0
"[""accepted""]",not_selected,True,-8.881784197001252e-16,cvrp_s7799_n20-50-100_x66667_cvrp20_15673,0.0,True,True,0.0,0.0,0.0,20,4,False,6.041559596123737,False,False,,False,6.041559596123738,4,4,2.9402289444268004e-16,6.04155959612374,True,314161,6.041559596123738,1844875836,4,076e8eae00ba64d51d4231db3ae0aaaa7aaeb62b146de5301fb4adbc0ec4f4f0,10.006954739999856,pyvrp,10.0,-1.4701144722134004e-16,cvrp20_15673.json,0
"[""accepted""]",not_selected,True,8.881784197001252e-16,cvrp_s7799_n20-50-100_x66667_cvrp20_15690,0.0,True,True,0.0,0.0,0.0,20,4,False,7.422264252175558,False,False,,False,7.422264252175557,4,4,3.5899223856377354e-16,7.42226425217556,True,314162,7.422264252175557,4246763738,5,388616a604428e3f9bcee6753f1a15a9346c9aa8485ae0791065f35978e5a250,10.01229517000138,pyvrp,10.0,1.1966407952125783e-16,cvrp20_15690.json,0
"[""accepted""]",not_selected,True,8.881784197001252e-16,cvrp_s7799_n20-50-100_x66667_cvrp20_1581,0.0,True,True,0.0,0.0,0.0,20,4,False,5.5527741096485554,False,False,,False,5.552774109648555,4,4,4.798565917656282e-16,5.552774109648557,True,314159,5.552774109648555,580343903,3,4ba25626bc5f076b249b5672ae6b3d31593f33eb92e501b8912365c70f2d658d,10.0138140379986,pyvrp,10.0,1.5995219725520935e-16,cvrp20_1581.json,0
"[""accepted""]",not_selected,True,8.881784197001252e-16,cvrp_s7799_n20-50-100_x66667_cvrp20_16049,0.0,True,True,0.0,0.0,0.0,20,4,False,5.9014892278482645,False,False,,False,5.901489227848264,4,4,1.5050072708917968e-16,5.9014892278482645,True,314159,5.901489227848264,2071867353,4,00ea4c2a85c9f979867946315035fcebf6102b87cdced88197fd0b80be2062bf,10.01198356200075,pyvrp,10.0,1.5050072708917965e-16,cvrp20_16049.json,0
"[""accepted""]",stable_control,True,8.881784197001252e-16,cvrp_s7799_n20-50-100_x66667_cvrp20_16061,0.0,True,True,0.0,0.0,0.0,20,4,False,4.886579675480273,False,True,4.886579675480273,True,4.886579675480272,4,4,1.8175871032182271e-16,4.886579675480273,True,314159,4.886579675480272,2506574635,3,73266e03b9b9dcd2eddb4a889403d912602d2847767c42609568846ee57e9acc,10.010359285000959,pyvrp,10.0,1.817587103218227e-16,cvrp20_16061.json,0
"[""accepted""]",not_selected,True,8.881784197001252e-16,cvrp_s7799_n20-50-100_x66667_cvrp20_16260,0.0,True,True,0.0,0.0,0.0,20,4,False,6.212895549097751,False,False,,False,6.21289554909775,4,4,1.4295724315357408e-16,6.212895549097751,True,314159,6.21289554909775,312739303,4,cccc55eb7e8032d06573e2bf88635a9aabf5a4c3647d5d4de0db41ed236c03e4,10.008094450000499,pyvrp,10.0,1.4295724315357406e-16,cvrp20_16260.json,0
"[""accepted""]",stable_control,True,8.881784197001252e-16,cvrp_s7799_n20-50-100_x66667_cvrp20_16369,0.0,True,True,0.0,0.0,0.0,20,4,False,6.7661532259041195,False,True,6.807909604019128,True,6.766153225904119,4,4,1.3126785487206338e-16,6.7661532259041195,True,314161,6.766153225904119,1446101831,4,57f5bd28b6959f5af1661eeeb21b00ecd6e817745e7ced16eeffcc081987d393,10.012555633000375,pyvrp,10.0,1.3126785487206335e-16,cvrp20_16369.json,0
"[""accepted""]",not_selected,True,8.881784197001252e-16,cvrp_s7799_n20-50-100_x66667_cvrp20_16399,0.0,True,True,0.0,0.0,0.0,20,4,False,5.324216327994036,False,False,,False,5.324216327994035,4,4,3.336372397305492e-16,5.324216327994037,True,314162,5.324216327994035,606656202,4,7ec8a1a665a0a74f983548910799565aeed19d7e424b8000cd6d7eadc2cdd637,10.008788557999651,pyvrp,10.0,1.6681861986527458e-16,cvrp20_16399.json,0
"[""accepted""]",not_selected,True,8.881784197001252e-16,cvrp_s7799_n20-50-100_x66667_cvrp20_16602,0.0,True,True,0.0,0.0,0.0,20,4,False,6.851180808983315,False,False,,False,6.851180808983314,4,4,2.592774718587312e-16,6.851180808983316,True,314159,6.851180808983314,4224494858,4,b0fc116a8f2948aff388e572a9fc8361fb98a4618a3efc91d7ab6cf9f653d988,10.014210942999853,pyvrp,10.0,1.2963873592936557e-16,cvrp20_16602.json,0
"[""accepted""]",not_selected,True,8.881784197001252e-16,cvrp_s7799_n20-50-100_x66667_cvrp20_16672,0.0,True,True,0.0,0.0,0.0,20,4,False,4.919124558823228,False,False,,False,4.919124558823227,4,4,3.61112392694768e-16,4.919124558823229,True,314159,4.919124558823227,1798710447,4,0abc8e76d693eb292f2e44eb1b6178f3a8149d7d32506626c8a679584e5749c0,10.010436578000736,pyvrp,10.0,1.8055619634738396e-16,cvrp20_16672.json,0
"[""accepted""]",not_selected,True,1.7763568394002505e-15,cvrp_s7799_n20-50-100_x66667_cvrp20_1677,0.0,True,True,0.0,0.0,0.0,20,4,False,6.559812210097945,False,False,,False,6.5598122100979435,4,4,2.707938554499761e-16,6.559812210097945,True,314162,6.5598122100979435,650462419,4,8c252fc2c84cb9f2879e09ecd69d5239d8343e7b0e0202cf411937de9b257dc3,10.009696179000457,pyvrp,10.0,2.70793855449976e-16,cvrp20_1677.json,0
"[""accepted""]",not_selected,True,3.552713678800501e-15,cvrp_s7799_n20-50-100_x66667_cvrp20_16786,0.0,True,True,0.0,0.0,0.0,20,4,False,8.302564227393617,False,False,,False,8.302564227393614,4,4,4.2790559416314065e-16,8.302564227393617,True,314162,8.302564227393614,3266639478,4,8ec939976e9a89710574a2fcf18b26f0bc6b9292aed1dbb285f874293ed676d4,10.011195835999388,pyvrp,10.0,4.2790559416314045e-16,cvrp20_16786.json,0
"[""accepted""]",not_selected,True,0.0,cvrp_s7799_n20-50-100_x66667_cvrp20_17187,0.0,True,True,0.0,0.0,0.0,20,4,False,4.343462052725954,False,False,,False,4.343462052725954,4,4,0.0,4.343462052725954,True,314159,4.343462052725954,1820982057,3,1154af8afebcdbfb3548a6130b855c4fed5690a8c59245d440ad1c236df0c29d,10.011108093000075,pyvrp,10.0,0.0,cvrp20_17187.json,0
"[""accepted""]",not_selected,True,0.0,cvrp_s7799_n20-50-100_x66667_cvrp20_17504,0.0,True,True,0.0,0.0,0.0,20,4,False,5.764061345052778,False,False,,False,5.764061345052778,4,4,0.0,5.764061345052778,True,314159,5.764061345052778,580757088,3,10dc4fba08e3364a40a1f78e8c1cd92f1014319b7f88bff8abf4a5a44ebbc26c,10.007987756998773,pyvrp,10.0,0.0,cvrp20_17504.json,0
"[""route_membership_ambiguous""]",unstable_matrix,True,0.0003425463508408555,cvrp_s7799_n20-50-100_x66667_cvrp20_17633,0.24736842105263157,False,False,0.5,0.24736842105263157,0.12368421052631579,20,4,True,5.641400355812132,False,True,5.641400355812132,True,5.641057809461291,4,4,6.072377954828439e-05,5.641400355812132,True,314162,5.641057809461291,471935348,4,73c8f4a11b2666bf370490a2f905c988709e5ae89582609d327a0047ed61de6b,10.012785203000021,pyvrp,10.0,6.072009239477966e-05,cvrp20_17633.json,0
"[""accepted""]",not_selected,True,0.0,cvrp_s7799_n20-50-100_x66667_cvrp20_17826,0.0,True,True,0.0,0.0,0.0,20,4,False,5.7638534449570615,False,False,,False,5.7638534449570615,4,4,3.0818910584106353e-16,5.763853444957063,True,314159,5.7638534449570615,4012154622,4,e9a3e44b3fc9631656b3ead3ddf2d8d9b0082f2d4d9e6e440aca778b63276962,10.01054288100022,pyvrp,10.0,0.0,cvrp20_17826.json,0
"[""accepted""]",stable_control,True,0.0,cvrp_s7799_n20-50-100_x66667_cvrp20_17874,0.0,True,True,0.0,0.0,0.0,20,4,False,6.617538857770313,False,True,6.617538857770314,True,6.617538857770313,4,4,2.684316446913572e-16,6.617538857770315,True,314160,6.617538857770313,3039302971,4,3b15850f2d5748471a2d5beeb837dcbba6511d62af63aa29c845135df83b56cd,10.01290715200048,pyvrp,10.0,0.0,cvrp20_17874.json,0
"[""accepted""]",not_selected,True,8.881784197001252e-16,cvrp_s7799_n20-50-100_x66667_cvrp20_17985,0.0,True,True,0.0,0.0,0.0,20,4,False,6.457554333974505,False,False,,False,6.457554333974504,4,4,1.3754099056158742e-16,6.457554333974505,True,314159,6.457554333974504,70090015,4,5f2cf70394f9d42bf0e12ebc100ac4ef62877c468ec61cee40bd463786f63e18,10.010306804999345,pyvrp,10.0,1.375409905615874e-16,cvrp20_17985.json,0
"[""accepted""]",not_selected,True,8.881784197001252e-16,cvrp_s7799_n20-50-100_x66667_cvrp20_18073,0.0,True,True,0.0,0.0,0.0,20,4,False,7.808404950680383,False,False,,False,7.808404950680382,4,4,2.2749291956809544e-16,7.808404950680384,True,314160,7.808404950680382,1430899365,5,acf60317c2073eee0021d345b29f4ca7ba5f0c056b1a0afa3ed1712b5cbed295,10.00988546500048,pyvrp,10.0,1.1374645978404772e-16,cvrp20_18073.json,0
"[""accepted""]",not_selected,True,8.881784197001252e-16,cvrp_s7799_n20-50-100_x66667_cvrp20_18261,0.0,True,True,0.0,0.0,0.0,20,4,False,6.149920892745407,False,False,,False,6.149920892745406,4,4,1.4442111291997947e-16,6.149920892745407,True,314159,6.149920892745406,827642850,4,8d244efe92c0aa8c1dc5d8808905edc32a4c373d53e459a10f0b4e65ca9c4a4f,10.008313850999912,pyvrp,10.0,1.4442111291997945e-16,cvrp20_18261.json,0
"[""accepted""]",not_selected,True,0.0,cvrp_s7799_n20-50-100_x66667_cvrp20_18323,0.0,True,True,0.0,0.0,0.0,20,4,False,6.369861908913794,False,False,,False,6.369861908913794,4,4,0.0,6.369861908913794,True,314159,6.369861908913794,3352416175,4,e267cbeb7819cc510fb77d802ccca97126154afb4cd8c20ad36463935b1b12b6,10.012674710000283,pyvrp,10.0,0.0,cvrp20_18323.json,0
"[""accepted""]",not_selected,True,0.0,cvrp_s7799_n20-50-100_x66667_cvrp20_18404,0.0,True,True,0.0,0.0,0.0,20,4,False,5.646277985331545,False,False,,False,5.646277985331545,4,4,1.5730334602857357e-16,5.646277985331546,True,314160,5.646277985331545,3452679126,4,3690f4258e71d4a4651b9845e455e02ced33eae61b00c2b6790f59961375640c,10.010660814999937,pyvrp,10.0,0.0,cvrp20_18404.json,0
"[""accepted""]",not_selected,True,0.0,cvrp_s7799_n20-50-100_x66667_cvrp20_18710,0.0,True,True,0.0,0.0,0.0,20,4,False,5.131204086066644,False,False,,False,5.131204086066644,4,4,1.7309356728022172e-16,5.131204086066645,True,314159,5.131204086066644,2866638976,4,37ae36693ef132ec4351e8454453ffe21c73c9cb2b2d6a99ae337df4db1874c2,10.013326009999219,pyvrp,10.0,0.0,cvrp20_18710.json,0
"[""accepted""]",not_selected,True,8.881784197001252e-16,cvrp_s7799_n20-50-100_x66667_cvrp20_18835,0.0,True,True,0.0,0.0,0.0,20,4,False,6.653502950595984,False,False,,False,6.653502950595983,4,4,1.3349034730954276e-16,6.653502950595984,True,314159,6.653502950595983,1109005267,3,6265a6e35aaeac73b16a6f89a178765ae9dca2c91e202a6337a312fcca8f72b1,10.014749678999578,pyvrp,10.0,1.3349034730954274e-16,cvrp20_18835.json,0
"[""accepted""]",not_selected,True,8.881784197001252e-16,cvrp_s7799_n20-50-100_x66667_cvrp20_19179,0.0,True,True,0.0,0.0,0.0,20,4,False,6.285185814051799,False,False,,False,6.285185814051798,4,4,1.4131299312017533e-16,6.285185814051799,True,314161,6.285185814051798,3673507709,4,ecd6abefec874e10dbca7bab567d117c268966c9bc16f9f9bb3d9b1468ff9d9f,10.010512859998926,pyvrp,10.0,1.413129931201753e-16,cvrp20_19179.json,0
"[""accepted""]",not_selected,True,0.0,cvrp_s7799_n20-50-100_x66667_cvrp20_19196,0.0,True,True,0.0,0.0,0.0,20,4,False,6.6293002244925505,False,False,,False,6.6293002244925505,4,4,0.0,6.6293002244925505,True,314159,6.6293002244925505,2521971604,4,fd83a578b760577cf42da8c6c9139eafe3ddb7c8cf4fb897abcab444258a67b9,10.010164310000619,pyvrp,10.0,0.0,cvrp20_19196.json,0
"[""accepted""]",not_selected,True,0.0,cvrp_s7799_n20-50-100_x66667_cvrp20_19368,0.0,True,True,0.0,0.0,0.0,20,4,False,6.81016342450123,False,False,,False,6.81016342450123,4,4,3.9125863698278633e-16,6.810163424501233,True,314160,6.81016342450123,230706586,4,de75e92260e5970802379aaa268ac5905e6d31548c37c17250f2422f3318a328,10.013311200998942,pyvrp,10.0,0.0,cvrp20_19368.json,0
"[""accepted""]",not_selected,True,0.0,cvrp_s7799_n20-50-100_x66667_cvrp20_19512,0.0,True,True,0.0,0.0,0.0,20,4,False,6.692857728797627,False,False,,False,6.692857728797627,4,4,2.65410817229395e-16,6.6928577287976285,True,314161,6.692857728797627,3636005121,4,3f938e59fc9e62c47ba894d33b53e59a4aa135ac93470592e545bc6ff83567e6,10.012361589000648,pyvrp,10.0,0.0,cvrp20_19512.json,0
"[""accepted""]",not_selected,True,8.881784197001252e-16,cvrp_s7799_n20-50-100_x66667_cvrp20_19535,0.0,True,True,0.0,0.0,0.0,20,4,False,5.6461837732107,False,False,,False,5.646183773210699,4,4,4.71917912368125e-16,5.646183773210701,True,314161,5.646183773210699,1870225284,4,249a034a125600b0bbc05fb885d7878905ab8fbb8171f80f694ef19334775da7,10.009264952999729,pyvrp,10.0,1.5730597078937497e-16,cvrp20_19535.json,0
"[""accepted""]",not_selected,True,0.0,cvrp_s7799_n20-50-100_x66667_cvrp20_19656,0.0,True,True,0.0,0.0,0.0,20,4,False,5.455829614764447,False,False,,False,5.455829614764447,4,4,3.255887673971915e-16,5.455829614764449,True,314160,5.455829614764447,314685216,4,83d60095459414f58c8f6d37f61f23287bb6b967d2beaa62e56b415527b07d3b,10.009710980000818,pyvrp,10.0,0.0,cvrp20_19656.json,0
"[""accepted""]",not_selected,True,0.0,cvrp_s7799_n20-50-100_x66667_cvrp20_19682,0.0,True,True,0.0,0.0,0.0,20,4,False,5.918725481792962,False,False,,False,5.918725481792962,4,4,1.5006244544240443e-16,5.918725481792963,True,314159,5.918725481792962,1565687801,3,9a1fa08806a7cc261ddaed2ba0f5eca167f39ac3d97b8bd95fbe45fa21f26b7d,10.009990823999033,pyvrp,10.0,0.0,cvrp20_19682.json,0
"[""accepted""]",stable_control,True,0.0,cvrp_s7799_n20-50-100_x66667_cvrp20_19685,0.0,True,True,0.0,0.0,0.0,20,4,False,4.360516648753309,False,True,4.360516648753309,True,4.360516648753309,4,4,2.0368651039414316e-16,4.36051664875331,True,314159,4.360516648753309,1262713736,3,769a52dd5bb6e1b7797737b80b9f89598c728d9aa0d565245cd74836576f43ea,10.009441980999327,pyvrp,10.0,0.0,cvrp20_19685.json,0
"[""accepted""]",not_selected,True,8.881784197001252e-16,cvrp_s7799_n20-50-100_x66667_cvrp20_1985,0.0,True,True,0.0,0.0,0.0,20,4,False,5.9707915914954635,False,False,,False,5.970791591495463,4,4,1.4875388063539316e-16,5.9707915914954635,True,314159,5.970791591495463,704289375,4,84a3fe380cafecc0cc214ecf6bb36e515ab3bfc5f16df4032007763409dc4bb9,10.010496622000574,pyvrp,10.0,1.4875388063539314e-16,cvrp20_1985.json,0
"[""accepted""]",not_selected,True,0.0,cvrp_s7799_n20-50-100_x66667_cvrp20_19895,0.0,True,True,0.0,0.0,0.0,20,4,False,6.066737161715766,False,False,,False,6.066737161715766,4,4,2.92802670043129e-16,6.066737161715768,True,314159,6.066737161715766,836904747,4,3115b5cf29ba1e4c4d429181151d19f87c7a6b95054e9abed52fd84a96140298,10.012534555999082,pyvrp,10.0,0.0,cvrp20_19895.json,0
"[""accepted""]",not_selected,True,0.0,cvrp_s7799_n20-50-100_x66667_cvrp20_19924,0.0,True,True,0.0,0.0,0.0,20,4,False,5.073049719395378,False,False,,False,5.073049719395378,4,4,3.5015561401041467e-16,5.07304971939538,True,314160,5.073049719395378,2556225987,4,416b6f8227cb686d9a33632faf91481e750c948f71e330054dca1d894ce87483,10.01089187099933,pyvrp,10.0,0.0,cvrp20_19924.json,0
"[""accepted""]",not_selected,True,0.0,cvrp_s7799_n20-50-100_x66667_cvrp20_20180,0.0,True,True,0.0,0.0,0.0,20,4,False,6.333974565919383,False,False,,False,6.333974565919383,4,4,0.0,6.333974565919383,True,314159,6.333974565919383,120483336,4,6f2c7a62903d51fc4a045ea56c76fe14b91daf3c47a5655ce861dec9e854cadc,10.010370824998972,pyvrp,10.0,0.0,cvrp20_20180.json,0
"[""accepted""]",not_selected,True,1.7763568394002505e-15,cvrp_s7799_n20-50-100_x66667_cvrp20_20187,0.0,True,True,0.0,0.0,0.0,20,4,False,8.182881959379214,False,False,,False,8.182881959379213,4,4,4.34164111915165e-16,8.182881959379216,True,314162,8.182881959379213,1974039923,5,1551193f94763ee5cca1856f4c669e9814d92fbb7c474d6f3a45c09270eced62,10.011399459999666,pyvrp,10.0,2.1708205595758245e-16,cvrp20_20187.json,0
"[""accepted""]",not_selected,True,0.0,cvrp_s7799_n20-50-100_x66667_cvrp20_20266,0.0,True,True,0.0,0.0,0.0,20,4,False,7.244524870357052,False,False,,False,7.244524870357052,4,4,1.2259995453039982e-16,7.244524870357053,True,314159,7.244524870357052,2815338661,4,a53a8d73c40c6c0415fa4ec10d381cb8a85530a6fe8fcf18edea4ca4fef8a9bd,10.012969629999134,pyvrp,10.0,0.0,cvrp20_20266.json,0
"[""accepted""]",not_selected,True,1.7763568394002505e-15,cvrp_s7799_n20-50-100_x66667_cvrp20_20435,0.0,True,True,0.0,0.0,0.0,20,4,False,7.399417881124263,False,False,,False,7.399417881124261,4,4,2.4006710635058125e-16,7.399417881124263,True,314160,7.399417881124261,740312718,5,36bdfa3e71129a0fc7af4cab0f7b72373019ccad24d1463394b61668e66c97da,10.011556065999685,pyvrp,10.0,2.400671063505812e-16,cvrp20_20435.json,0
"[""accepted""]",not_selected,True,1.7763568394002505e-15,cvrp_s7799_n20-50-100_x66667_cvrp20_20642,0.0,True,True,0.0,0.0,0.0,20,4,False,6.175078104534321,False,False,,False,6.175078104534319,4,4,2.8766548525044295e-16,6.175078104534321,True,314161,6.175078104534319,1630597455,4,66a4fc2f869ee7a69e51a2e7029872c65cc7b175452a5078b9d3eaaed395268d,10.010796692999065,pyvrp,10.0,2.876654852504429e-16,cvrp20_20642.json,0
"[""accepted""]",not_selected,True,8.881784197001252e-16,cvrp_s7799_n20-50-100_x66667_cvrp20_20992,0.0,True,True,0.0,0.0,0.0,20,4,False,5.294337151694297,False,False,,False,5.294337151694296,4,4,3.355201583321493e-16,5.294337151694298,True,314159,5.294337151694296,1675693524,4,efffea6d3db4a9fa3c222504113ba9e3f37b5d135892f78d78dc0c38377e2481,10.01126935100001,pyvrp,10.0,1.6776007916607463e-16,cvrp20_20992.json,0
"[""accepted""]",not_selected,True,0.0,cvrp_s7799_n20-50-100_x66667_cvrp20_21069,0.0,True,True,0.0,0.0,0.0,20,4,False,7.131205636959967,False,False,,False,7.131205636959967,4,4,1.2454814303724885e-16,7.131205636959968,True,314162,7.131205636959967,3430159608,4,38e2e5e7454a2ce95933c7cdba781e13a29ae683756c2764d2bee1325acc6664,10.01359039899944,pyvrp,10.0,0.0,cvrp20_21069.json,0
"[""accepted""]",not_selected,True,8.881784197001252e-16,cvrp_s7799_n20-50-100_x66667_cvrp20_21139,0.0,True,True,0.0,0.0,0.0,20,4,False,5.394282609396769,False,False,,False,5.394282609396768,4,4,3.293036290508511e-16,5.39428260939677,True,314160,5.394282609396768,1117324317,4,458fd04bd7836e7f696b52f801557c7743dceb2e467084f2b3aa1c8ffcf32fab,10.009293455999796,pyvrp,10.0,1.646518145254255e-16,cvrp20_21139.json,0
"[""accepted""]",not_selected,True,1.7763568394002505e-15,cvrp_s7799_n20-50-100_x66667_cvrp20_21172,0.0,True,True,0.0,0.0,0.0,20,4,False,6.542630324495816,False,False,,False,6.542630324495814,4,4,4.072574984290755e-16,6.542630324495817,True,314160,6.542630324495814,1884495406,4,c233d58e845d7ebea1f3c3426d44549396d4d0d4a442ba3b0edf675fdc34d463,10.007532945999628,pyvrp,10.0,2.715049989527169e-16,cvrp20_21172.json,0
"[""route_membership_ambiguous""]",unstable_matrix,True,0.0004996480061238984,cvrp_s7799_n20-50-100_x66667_cvrp20_21198,0.05263157894736842,False,False,0.5,0.05263157894736842,0.02631578947368421,20,4,True,5.655116843393456,False,True,5.654617195387332,True,5.654617195387332,4,4,8.836106651611479e-05,5.655116843393457,True,314159,5.654617195387332,171991500,4,8d7ba11cbf57c15f4ce4d166ce98a59ab8f096e0d1c28da62eca2e6358005e5a,10.010328415000913,pyvrp,10.0,8.83532595277157e-05,cvrp20_21198.json,0
"[""accepted""]",not_selected,True,1.7763568394002505e-15,cvrp_s7799_n20-50-100_x66667_cvrp20_21237,0.0,True,True,0.0,0.0,0.0,20,4,False,6.0181004628349495,False,False,,False,6.018100462834948,4,4,2.9516902390882684e-16,6.0181004628349495,True,314161,6.018100462834948,3902248105,4,2c696a2305d5efb9be6a1b7a72ff18fc0ece7f0804ea8b574a2c8a1530908641,10.011056634999477,pyvrp,10.0,2.9516902390882674e-16,cvrp20_21237.json,0
"[""accepted""]",not_selected,True,1.7763568394002505e-15,cvrp_s7799_n20-50-100_x66667_cvrp20_21576,0.0,True,True,0.0,0.0,0.0,20,4,False,5.115643479613445,False,False,,False,5.115643479613444,4,4,3.4724015590204467e-16,5.115643479613445,True,314160,5.115643479613444,2244831001,4,af43da0f4939996acd6f9457c7802746ec129f0e7371114780dc603b8061a08c,10.009086752999792,pyvrp,10.0,3.4724015590204457e-16,cvrp20_21576.json,0
"[""accepted""]",not_selected,True,8.881784197001252e-16,cvrp_s7799_n20-50-100_x66667_cvrp20_21681,0.0,True,True,0.0,0.0,0.0,20,4,False,6.147399058867467,False,False,,False,6.1473990588674665,4,4,2.8896071694546997e-16,6.147399058867468,True,314160,6.1473990588674665,3918786507,5,2c9228ebf5353f0e7afc305d5c472772f3cf8ad3e9fb83f1d8d7a419277e4c40,10.012447514998712,pyvrp,10.0,1.4448035847273496e-16,cvrp20_21681.json,0
"[""accepted""]",not_selected,True,0.0,cvrp_s7799_n20-50-100_x66667_cvrp20_21899,0.0,True,True,0.0,0.0,0.0,20,4,False,5.99812209895213,False,False,,False,5.99812209895213,4,4,0.0,5.99812209895213,True,314159,5.99812209895213,4255681507,3,806a35cbb17aedffd306a733d4fdc6cc9a637b985b9961a4293d58757af7f93f,10.008875200001057,pyvrp,10.0,0.0,cvrp20_21899.json,0
"[""accepted""]",not_selected,True,0.0,cvrp_s7799_n20-50-100_x66667_cvrp20_22045,0.0,True,True,0.0,0.0,0.0,20,4,False,5.930698456236408,False,False,,False,5.930698456236408,4,4,1.4975949734321156e-16,5.930698456236409,True,314160,5.930698456236408,3613321843,4,3c6837158cea235a01ff58dc9f22ea63ed24ef0fab055a378e5ac44b29ad8f1e,10.010709434000091,pyvrp,10.0,0.0,cvrp20_22045.json,0
"[""accepted""]",not_selected,True,1.7763568394002505e-15,cvrp_s7799_n20-50-100_x66667_cvrp20_22104,0.0,True,True,0.0,0.0,0.0,20,4,False,6.726342914425638,False,False,,False,6.726342914425636,4,4,2.640895449428531e-16,6.726342914425638,True,314159,6.726342914425636,3266013270,4,2d6a53c395469c338653dbad6f7116a1d38365722a15c008db59ff3475a25a30,10.013175670999772,pyvrp,10.0,2.64089544942853e-16,cvrp20_22104.json,0
"[""accepted""]",not_selected,True,0.0,cvrp_s7799_n20-50-100_x66667_cvrp20_2214,0.0,True,True,0.0,0.0,0.0,20,4,False,5.848156546779545,False,False,,False,5.848156546779545,4,4,6.074929168503372e-16,5.848156546779548,True,314160,5.848156546779545,3242267554,5,e9d8ada3ab6753368be44ad0b7fa1d8d3588a634879842665c52e0b559dde30d,10.009314863998952,pyvrp,10.0,0.0,cvrp20_2214.json,0
"[""accepted""]",not_selected,True,1.7763568394002505e-15,cvrp_s7799_n20-50-100_x66667_cvrp20_2238,0.0,True,True,0.0,0.0,0.0,20,4,False,6.26136663519378,False,False,,False,6.261366635193778,4,4,2.837011379298148e-16,6.26136663519378,True,314159,6.261366635193778,321394387,4,7ef8ce5b39f5c645bfa68214c93888823e4808427e2d12d5ec0ceb8f3b70b2bf,10.01024955899993,pyvrp,10.0,2.837011379298147e-16,cvrp20_2238.json,0
"[""accepted""]",not_selected,True,8.881784197001252e-16,cvrp_s7799_n20-50-100_x66667_cvrp20_22527,0.0,True,True,0.0,0.0,0.0,20,4,False,6.136208936539601,False,False,,False,6.1362089365396,4,4,0.0,6.1362089365396,True,314159,6.1362089365396,539165614,4,4c6fc265e940ce4d53aeb84ce6cf5900fc29043afad4647f4fc071f731abb95b,10.010168446000534,pyvrp,10.0,1.4474383595565712e-16,cvrp20_22527.json,0
"[""accepted""]",stable_control,True,8.881784197001252e-16,cvrp_s7799_n20-50-100_x66667_cvrp20_2253,0.0,True,True,0.0,0.0,0.0,20,4,False,5.251942916408604,False,True,5.2519429164086056,True,5.251942916408603,4,4,3.3822851231882074e-16,5.251942916408605,True,314159,5.251942916408603,1510526029,4,cb451737035b8fb47e15481290b7a9e7f37e21687f1b8454c23bec671e450b9e,10.01092805100052,pyvrp,10.0,1.6911425615941034e-16,cvrp20_2253.json,0
"[""accepted""]",not_selected,True,0.0,cvrp_s7799_n20-50-100_x66667_cvrp20_22726,0.0,True,True,0.0,0.0,0.0,20,4,False,5.45044199687164,False,False,,False,5.45044199687164,4,4,0.0,5.45044199687164,True,314159,5.45044199687164,535449947,4,5930055696f680467906d9ff0ba7d25d2f1a413c65d36a27ae2f13a1a098dc87,10.010637178998877,pyvrp,10.0,0.0,cvrp20_22726.json,0
"[""accepted""]",not_selected,True,8.881784197001252e-16,cvrp_s7799_n20-50-100_x66667_cvrp20_22985,0.0,True,True,0.0,0.0,0.0,20,4,False,6.744625876075963,False,False,,False,6.744625876075962,4,4,1.3168683274940513e-16,6.744625876075963,True,314162,6.744625876075962,3299562792,4,e2509bfb2d931a355cf70f023f8521c521854e544a5e758e5cb16cdf51fa5a8d,10.013911818999986,pyvrp,10.0,1.316868327494051e-16,cvrp20_22985.json,0
"[""accepted""]",not_selected,True,0.0,cvrp_s7799_n20-50-100_x66667_cvrp20_23212,0.0,True,True,0.0,0.0,0.0,20,4,False,5.239258591535083,False,False,,False,5.239258591535083,4,4,3.390473687002696e-16,5.239258591535084,True,314160,5.239258591535083,1153040362,3,f1b8d7c7974e87fd10657485aa6f18a492900639c82d739b2921ff56a9663723,10.012636763000046,pyvrp,10.0,0.0,cvrp20_23212.json,0
"[""accepted""]",not_selected,True,1.7763568394002505e-15,cvrp_s7799_n20-50-100_x66667_cvrp20_23240,0.0,True,True,0.0,0.0,0.0,20,4,False,6.701633508857257,False,False,,False,6.701633508857255,4,4,3.9759489318220343e-16,6.701633508857258,True,314159,6.701633508857255,342196116,4,8d7c8a0a0976902d56614f1f1bf2efe8e97e9969a5ce44c3fa6577cf412b7e1f,10.014544521000062,pyvrp,10.0,2.650632621214689e-16,cvrp20_23240.json,0
"[""accepted""]",not_selected,True,8.881784197001252e-16,cvrp_s7799_n20-50-100_x66667_cvrp20_23642,0.0,True,True,0.0,0.0,0.0,20,4,False,6.638373224086468,False,False,,False,6.638373224086467,4,4,1.3379458938486408e-16,6.638373224086468,True,314159,6.638373224086467,2669379608,4,bcde48dddb72e6f6c3e4085fff219c1b1d8470044a6ebb1d934d0b4a6868f092,10.012061109999195,pyvrp,10.0,1.3379458938486408e-16,cvrp20_23642.json,0
"[""accepted""]",not_selected,True,0.0,cvrp_s7799_n20-50-100_x66667_cvrp20_23662,0.0,True,True,0.0,0.0,0.0,20,4,False,5.939363749322189,False,False,,False,5.939363749322189,4,4,0.0,5.939363749322189,True,314159,5.939363749322189,77079471,5,3cc34abbb4bdd67a9827c5c7f53061a21781673dd5f3acb6edf734ae89d0354d,10.011077502000262,pyvrp,10.0,0.0,cvrp20_23662.json,0
"[""accepted""]",not_selected,True,8.881784197001252e-16,cvrp_s7799_n20-50-100_x66667_cvrp20_23686,0.0,True,True,0.0,0.0,0.0,20,4,False,5.549266257401157,False,False,,False,5.549266257401156,4,4,1.600533076810913e-16,5.549266257401157,True,314159,5.549266257401156,3934273912,4,892bb7edcba355455c4a996e0d7b414e0dee4daf54c621feea9fd0d4971d5edf,10.010420614000395,pyvrp,10.0,1.6005330768109128e-16,cvrp20_23686.json,0
"[""accepted""]",not_selected,True,0.0,cvrp_s7799_n20-50-100_x66667_cvrp20_23754,0.0,True,True,0.0,0.0,0.0,20,4,False,5.245447417716878,False,False,,False,5.245447417716878,4,4,1.6932367231444134e-16,5.245447417716879,True,314161,5.245447417716878,2795583055,3,f1e44965d8ea9e8edafd423425bc5d0ab4d1e7b1ac947e2de6ac212d9e47f7d5,10.009803121000004,pyvrp,10.0,0.0,cvrp20_23754.json,0
"[""accepted""]",not_selected,True,1.7763568394002505e-15,cvrp_s7799_n20-50-100_x66667_cvrp20_2378,0.0,True,True,0.0,0.0,0.0,20,4,False,5.934147082656541,False,False,,False,5.934147082656539,4,4,2.9934492938200464e-16,5.934147082656541,True,314162,5.934147082656539,3845098716,4,f73daab296925d406c2a8b8c191b447584df85d8e03afc2beb3428e9e0da4a47,10.011361490000127,pyvrp,10.0,2.9934492938200454e-16,cvrp20_2378.json,0
"[""accepted""]",not_selected,True,-8.881784197001252e-16,cvrp_s7799_n20-50-100_x66667_cvrp20_23869,0.0,True,True,0.0,0.0,0.0,20,4,False,6.193457910453014,False,False,,False,6.193457910453015,4,4,0.0,6.193457910453015,True,314159,6.193457910453015,1551332587,4,9f76c395c306ac06fe256ec5092de13f81c8bb82dfa80199e8704de4c29efdf6,10.013239684998553,pyvrp,10.0,-1.4340590225067991e-16,cvrp20_23869.json,0
"[""accepted""]",not_selected,True,1.7763568394002505e-15,cvrp_s7799_n20-50-100_x66667_cvrp20_23874,0.0,True,True,0.0,0.0,0.0,20,4,False,6.164925990579303,False,False,,False,6.1649259905793015,4,4,2.8813919941856936e-16,6.164925990579303,True,314160,6.1649259905793015,694506260,3,dea478d49e95dc6e04114680b438f3206b5a1add16a2b72ad2d99a49d919f8d7,10.013196450001487,pyvrp,10.0,2.8813919941856926e-16,cvrp20_23874.json,0
"[""accepted""]",not_selected,True,8.881784197001252e-16,cvrp_s7799_n20-50-100_x66667_cvrp20_23918,0.0,True,True,0.0,0.0,0.0,20,4,False,4.836734908704438,False,False,,False,4.836734908704437,4,4,3.672636340278702e-16,4.836734908704439,True,314159,4.836734908704437,1581564744,4,6cb34d7402f4e26cc6f4e6f9868ddfe9e0ace02d5715dab8f0ef74add43ea000,10.013620783000079,pyvrp,10.0,1.8363181701393505e-16,cvrp20_23918.json,0
"[""accepted""]",not_selected,True,3.552713678800501e-15,cvrp_s7799_n20-50-100_x66667_cvrp20_23967,0.0,True,True,0.0,0.0,0.0,20,4,False,7.350323555052055,False,False,,False,7.350323555052052,4,4,3.6250584605476004e-16,7.3503235550520545,True,314161,7.350323555052052,2264283888,4,a8c087bb5649d3cabd4d93af908cd7da8a7197f0e30d4d878602c1166e70de22,10.007605049999256,pyvrp,10.0,4.833411280730132e-16,cvrp20_23967.json,0
"[""accepted""]",not_selected,True,0.0,cvrp_s7799_n20-50-100_x66667_cvrp20_2411,0.0,True,True,0.0,0.0,0.0,20,4,False,6.198269035693081,False,False,,False,6.198269035693081,4,4,2.865891798453729e-16,6.198269035693083,True,314159,6.198269035693081,3027776630,4,e85f52196eef1707ccc6018b2bdf9198aff83980403d83e9539c33f4f0910ef0,10.01106898299986,pyvrp,10.0,0.0,cvrp20_2411.json,0
"[""accepted""]",not_selected,True,8.881784197001252e-16,cvrp_s7799_n20-50-100_x66667_cvrp20_24149,0.0,True,True,0.0,0.0,0.0,20,4,False,6.02046628717486,False,False,,False,6.020466287174859,4,4,2.950530332151095e-16,6.020466287174861,True,314159,6.020466287174859,4262458124,5,85d031ae7216441419a467568264c9077c4ecfe45a61dff624e7acf2140b1eb2,10.012051342000632,pyvrp,10.0,1.4752651660755472e-16,cvrp20_24149.json,0
"[""accepted""]",not_selected,True,8.881784197001252e-16,cvrp_s7799_n20-50-100_x66667_cvrp20_24188,0.0,True,True,0.0,0.0,0.0,20,4,False,7.056675779147488,False,False,,False,7.056675779147487,4,4,3.7759071586852423e-16,7.05667577914749,True,314161,7.056675779147487,1587590027,4,669969575620d68fdeb330e645e3ce5bffc1e26f27aea38303ede7ff72ef014c,10.010604387000058,pyvrp,10.0,1.2586357195617473e-16,cvrp20_24188.json,0
"[""accepted""]",stable_control,True,8.881784197001252e-16,cvrp_s7799_n20-50-100_x66667_cvrp20_24195,0.0,True,True,0.0,0.0,0.0,20,4,False,5.7577674325075305,False,True,5.7577674325075305,True,5.75776743250753,4,4,6.17029729047823e-16,5.757767432507533,True,314159,5.75776743250753,1118122014,4,3720133b7f0c47729acec8ad68183107dc5d253e6bd678e91b148bd3f02eb968,10.013379944000917,pyvrp,10.0,1.5425743226195573e-16,cvrp20_24195.json,0
"[""accepted""]",not_selected,True,8.881784197001252e-16,cvrp_s7799_n20-50-100_x66667_cvrp20_24339,0.0,True,True,0.0,0.0,0.0,20,4,False,5.286996252526068,False,False,,False,5.286996252526067,4,4,1.6799301101750614e-16,5.286996252526068,True,314161,5.286996252526067,2437981778,4,c1874d79abb069eb1c553b07cb2e50cf44fea977ca7755115ea1a2e034300c56,10.009531740000966,pyvrp,10.0,1.6799301101750612e-16,cvrp20_24339.json,0
"[""accepted""]",not_selected,True,1.7763568394002505e-15,cvrp_s7799_n20-50-100_x66667_cvrp20_24417,0.0,True,True,0.0,0.0,0.0,20,4,False,7.340872436054259,False,False,,False,7.340872436054258,4,4,2.419817065170319e-16,7.340872436054259,True,314159,7.340872436054258,2276957709,4,6f15b8806ac4446ba7c731f49a85d7053c2d95534e2874b3ec244ed467569eb7,10.013085136999507,pyvrp,10.0,2.4198170651703186e-16,cvrp20_24417.json,0
"[""accepted""]",not_selected,True,8.881784197001252e-16,cvrp_s7799_n20-50-100_x66667_cvrp20_24940,0.0,True,True,0.0,0.0,0.0,20,4,False,5.736606488367702,False,False,,False,5.736606488367701,4,4,1.5482645035895574e-16,5.736606488367702,True,314159,5.736606488367701,443821210,3,3b8ff4c8efbd38a01a744dd10cdfb9533fad27a7ce94ca88e2b763ea4ab805a8,10.01316898100049,pyvrp,10.0,1.5482645035895571e-16,cvrp20_24940.json,0
"[""accepted""]",not_selected,True,0.0,cvrp_s7799_n20-50-100_x66667_cvrp20_25209,0.0,True,True,0.0,0.0,0.0,20,4,False,7.117321035847485,False,False,,False,7.117321035847485,4,4,1.247911138512198e-16,7.117321035847486,True,314161,7.117321035847485,3599365097,4,5124a55a7036c46d7fcbab490ca9ed55d454fffde2a165355cc4cd704902f568,10.012779704999048,pyvrp,10.0,0.0,cvrp20_25209.json,0
"[""accepted""]",not_selected,True,0.0,cvrp_s7799_n20-50-100_x66667_cvrp20_25223,0.0,True,True,0.0,0.0,0.0,20,4,False,6.140426269013112,False,False,,False,6.140426269013112,4,4,0.0,6.140426269013112,True,314159,6.140426269013112,1086668046,4,79077977176ae7d6546046071302c816b5e80b0f141497f23d794789afdfe06a,10.012401060001139,pyvrp,10.0,0.0,cvrp20_25223.json,0
"[""accepted""]",not_selected,True,0.0,cvrp_s7799_n20-50-100_x66667_cvrp20_25465,0.0,True,True,0.0,0.0,0.0,20,4,False,6.113284329017832,False,False,,False,6.113284329017832,4,4,4.358598611964877e-16,6.1132843290178345,True,314159,6.113284329017832,567289651,4,a1518ee80567829766329ec89e21aabf388eb32efc3d04eb5c2cbab75118da06,10.01313291400038,pyvrp,10.0,0.0,cvrp20_25465.json,0
"[""accepted""]",stable_control,True,8.881784197001252e-16,cvrp_s7799_n20-50-100_x66667_cvrp20_25579,0.0,True,True,0.0,0.0,0.0,20,4,False,6.664007616653629,False,True,6.664007616653628,True,6.664007616653629,4,4,2.6655984530405723e-16,6.664007616653631,True,314159,6.664007616653628,954163273,4,d0ed9fc2ee74b382ed241b45ee19fa5d59314989769a8ef0fc6ed996d424e1df,10.004646749999665,ortools,10.0,1.3327992265202862e-16,cvrp20_25579.json,0
"[""accepted""]",not_selected,True,8.881784197001252e-16,cvrp_s7799_n20-50-100_x66667_cvrp20_25662,0.0,True,True,0.0,0.0,0.0,20,4,False,5.668857798111015,False,False,,False,5.668857798111014,4,4,3.133535718592502e-16,5.6688577981110155,True,314162,5.668857798111014,2473609161,3,34a8e681e8cc2e05dbf48eb6162ccb833415d942913a23444b0c257f6a45e93b,10.012592184000823,pyvrp,10.0,1.5667678592962507e-16,cvrp20_25662.json,0
"[""accepted""]",not_selected,True,0.0,cvrp_s7799_n20-50-100_x66667_cvrp20_25736,0.0,True,True,0.0,0.0,0.0,20,4,False,6.162424211340621,False,False,,False,6.162424211340621,4,4,1.441280881094851e-16,6.162424211340622,True,314159,6.162424211340621,3003917130,4,0c74c1c8b2f2d2fdd816542bf9182705ade061c089bfd3c0b9aae58f4346a7c7,10.010516347998418,pyvrp,10.0,0.0,cvrp20_25736.json,0
"[""accepted""]",not_selected,True,0.0,cvrp_s7799_n20-50-100_x66667_cvrp20_25788,0.0,True,True,0.0,0.0,0.0,20,4,False,6.024338282897075,False,False,,False,6.024338282897075,4,4,2.9486339511233577e-16,6.024338282897077,True,314160,6.024338282897075,206159665,4,d460ccc4086d800d3fa3f20152b821d4b7be6735db808d82331314ab6257c7e5,10.011971276999247,pyvrp,10.0,0.0,cvrp20_25788.json,0
"[""accepted""]",not_selected,True,8.881784197001252e-16,cvrp_s7799_n20-50-100_x66667_cvrp20_26513,0.0,True,True,0.0,0.0,0.0,20,4,False,5.982889381714389,False,False,,False,5.982889381714388,4,4,2.9690618128915464e-16,5.98288938171439,True,314159,5.982889381714388,842392136,4,78f2e1ae235a7e4fc42f3b0e2068707800b68a41292b82d4d6c955aab91146ca,10.012568221000038,pyvrp,10.0,1.484530906445773e-16,cvrp20_26513.json,0
"[""accepted""]",stable_control,True,1.7763568394002505e-15,cvrp_s7799_n20-50-100_x66667_cvrp20_26731,0.0,True,True,0.0,0.0,0.0,20,4,False,5.896448033972096,False,True,5.896448033972094,True,5.896448033972094,4,4,3.012587966799433e-16,5.896448033972096,True,314162,5.896448033972094,1201447146,3,770636b0779834b9bb930bfb40c5903d5de47b9b40ac28a39f6e01c8a17d1609,10.010697907999202,pyvrp,10.0,3.012587966799432e-16,cvrp20_26731.json,0
"[""accepted""]",not_selected,True,2.6645352591003757e-15,cvrp_s7799_n20-50-100_x66667_cvrp20_2684,0.0,True,True,0.0,0.0,0.0,20,4,False,5.475725636210573,False,False,,False,5.47572563621057,4,4,4.866086133826721e-16,5.475725636210573,True,314160,5.47572563621057,2177723883,4,9ea0174f828adeb1560f585a07e75b650d231f21b6fb8aa666b6a42d1eb89f80,10.012636946999919,pyvrp,10.0,4.866086133826719e-16,cvrp20_2684.json,0
"[""accepted""]",not_selected,True,8.881784197001252e-16,cvrp_s7799_n20-50-100_x66667_cvrp20_26894,0.0,True,True,0.0,0.0,0.0,20,4,False,6.2669907568130965,False,False,,False,6.266990756813096,4,4,4.251698083651477e-16,6.266990756813098,True,314162,6.266990756813096,2355989919,4,d9eb48d42f5582fab1d0e6c0c55c38b9e42e8157a9fe48f131a816d59e006527,10.01215736299855,pyvrp,10.0,1.417232694550492e-16,cvrp20_26894.json,0
"[""accepted""]",not_selected,True,8.881784197001252e-16,cvrp_s7799_n20-50-100_x66667_cvrp20_2708,0.0,True,True,0.0,0.0,0.0,20,4,False,5.33823557031529,False,False,,False,5.338235570315289,4,4,1.6638052180369914e-16,5.33823557031529,True,314159,5.338235570315289,1768470873,3,f1bf3c54c13031b14c332355911db8f40e6d14fe3d2b5086fc3ffd818b544890,10.00819396100087,pyvrp,10.0,1.663805218036991e-16,cvrp20_2708.json,0
"[""accepted""]",not_selected,True,8.881784197001252e-16,cvrp_s7799_n20-50-100_x66667_cvrp20_27583,0.0,True,True,0.0,0.0,0.0,20,4,False,5.753856112281234,False,False,,False,5.753856112281233,4,4,1.5436229241192978e-16,5.753856112281234,True,314159,5.753856112281233,2095180521,4,ba662fdd1e03104de092892af7b43f6930cef875df704802d4babbec5d4fac24,10.010353933999795,pyvrp,10.0,1.5436229241192976e-16,cvrp20_27583.json,0
"[""accepted""]",not_selected,True,1.7763568394002505e-15,cvrp_s7799_n20-50-100_x66667_cvrp20_27608,0.0,True,True,0.0,0.0,0.0,20,4,False,6.370542046857443,False,False,,False,6.370542046857441,4,4,0.0,6.370542046857441,True,314159,6.370542046857441,832178509,4,4f141ebd48ac770c982263ce82a4eb571d9b2ddbaa8652a1e5345c64b29af792,10.010238605000268,pyvrp,10.0,2.7883919866387484e-16,cvrp20_27608.json,0
"[""accepted""]",stable_control,True,2.6645352591003757e-15,cvrp_s7799_n20-50-100_x66667_cvrp20_27701,0.0,True,True,0.0,0.0,0.0,20,4,False,5.993706864736723,False,True,5.993706864736723,True,5.99370686473672,4,4,4.445554844827097e-16,5.993706864736723,True,314160,5.99370686473672,895739752,4,0821140443a669af25c21480ba31258ff27a4c7f50678009d32327cacd050901,10.011601729998802,pyvrp,10.0,4.445554844827095e-16,cvrp20_27701.json,0
"[""accepted""]",not_selected,True,1.7763568394002505e-15,cvrp_s7799_n20-50-100_x66667_cvrp20_2774,0.0,True,True,0.0,0.0,0.0,20,4,False,6.225748389239191,False,False,,False,6.22574838923919,4,4,2.8532422583453107e-16,6.225748389239191,True,314159,6.22574838923919,447680588,4,bd3826c105c45bc5576aefa432cb81f7b509b4344022cc3e520090bb359ed522,10.011188272999789,pyvrp,10.0,2.8532422583453097e-16,cvrp20_2774.json,0
"[""accepted""]",not_selected,True,1.7763568394002505e-15,cvrp_s7799_n20-50-100_x66667_cvrp20_27935,0.0,True,True,0.0,0.0,0.0,20,4,False,6.106352224896388,False,False,,False,6.106352224896386,4,4,2.9090310777649125e-16,6.106352224896388,True,314161,6.106352224896386,3874156458,4,752f6eef3735ceb619e40e93d7875a269cbd0b4f2a8df65dae3868354629947e,10.012222732999362,pyvrp,10.0,2.9090310777649115e-16,cvrp20_27935.json,0
"[""accepted""]",not_selected,True,8.881784197001252e-16,cvrp_s7799_n20-50-100_x66667_cvrp20_27965,0.0,True,True,0.0,0.0,0.0,20,4,False,6.506624624093643,False,False,,False,6.506624624093642,4,4,1.3650371290995543e-16,6.506624624093643,True,314159,6.506624624093642,3381014737,4,889079777d05d9904fc4fb171a92be5a7d8c4830b1d0ce637883b0301b6fe470,10.011230209000132,pyvrp,10.0,1.3650371290995543e-16,cvrp20_27965.json,0
"[""accepted""]",not_selected,True,1.7763568394002505e-15,cvrp_s7799_n20-50-100_x66667_cvrp20_28000,0.0,True,True,0.0,0.0,0.0,20,4,False,5.648441290191075,False,False,,False,5.648441290191073,4,4,3.144862003762034e-16,5.648441290191075,True,314162,5.648441290191073,357898658,4,c92772c7a3dd60a58f3724325169964406129ad447b07d1cfd49fcfc35721037,10.010107066000273,pyvrp,10.0,3.144862003762033e-16,cvrp20_28000.json,0
"[""accepted""]",not_selected,True,-8.881784197001252e-16,cvrp_s7799_n20-50-100_x66667_cvrp20_28207,0.0,True,True,0.0,0.0,0.0,20,4,False,7.231703790256054,False,False,,False,7.231703790256055,4,4,3.6845193558543576e-16,7.2317037902560575,True,314160,7.231703790256055,1594541700,4,4b07ad21fef268c332d7309b52e3d082429e1891ac377cf1161975af4c1e0e89,10.007502435000788,pyvrp,10.0,-1.2281731186181195e-16,cvrp20_28207.json,0
"[""accepted""]",not_selected,True,0.0,cvrp_s7799_n20-50-100_x66667_cvrp20_28287,0.0,True,True,0.0,0.0,0.0,20,4,False,6.605743745737844,False,False,,False,6.605743745737844,4,4,1.344554760049836e-16,6.605743745737845,True,314159,6.605743745737844,3484704606,4,0db2e8ab177b6c84161190ee1b1777076bae6dd82765dca6dd4898f86b89da9d,10.009790023999813,pyvrp,10.0,0.0,cvrp20_28287.json,0
"[""accepted""]",not_selected,True,-8.881784197001252e-16,cvrp_s7799_n20-50-100_x66667_cvrp20_2847,0.0,True,True,0.0,0.0,0.0,20,4,False,6.04578661403768,False,False,,False,6.045786614037681,4,4,0.0,6.045786614037681,True,314159,6.045786614037681,783396501,4,fbfdf82855544366f97c2b106dfa0c84533a44437d31615f12a3494c0a0ecd5c,10.009587168000508,pyvrp,10.0,-1.4690866158555256e-16,cvrp20_2847.json,0
"[""accepted""]",not_selected,True,8.881784197001252e-16,cvrp_s7799_n20-50-100_x66667_cvrp20_28545,0.0,True,True,0.0,0.0,0.0,20,4,False,5.7101242795922165,False,False,,False,5.710124279592216,4,4,3.1108899779097413e-16,5.710124279592217,True,314162,5.710124279592216,1691986950,3,9d870a1edb712278baaa689f4b227ecf13b2918acc8ffe439fc2746edba43746,10.012169718000223,pyvrp,10.0,1.5554449889548704e-16,cvrp20_28545.json,0
"[""accepted""]",not_selected,True,0.0,cvrp_s7799_n20-50-100_x66667_cvrp20_28579,0.0,True,True,0.0,0.0,0.0,20,4,False,5.6556658471184775,False,False,,False,5.6556658471184775,4,4,0.0,5.6556658471184775,True,314159,5.6556658471184775,3807928934,3,e5c323c3543ecac5914f74f6190c102eb945e5d8b606563d5f00d526e3df2198,10.013367959998504,pyvrp,10.0,0.0,cvrp20_28579.json,0
"[""accepted""]",not_selected,True,1.7763568394002505e-15,cvrp_s7799_n20-50-100_x66667_cvrp20_2883,0.0,True,True,0.0,0.0,0.0,20,4,False,5.939727723997174,False,False,,False,5.939727723997172,4,4,2.9906368135757602e-16,5.939727723997174,True,314162,5.939727723997172,3858917280,4,8433881ff4376381bda2059e5c7112b72eb1d2fa9c663693fa6057f198e75741,10.008917709999878,pyvrp,10.0,2.9906368135757593e-16,cvrp20_2883.json,0
"[""accepted""]",not_selected,True,0.0,cvrp_s7799_n20-50-100_x66667_cvrp20_28881,0.0,True,True,0.0,0.0,0.0,20,4,False,6.610573920287463,False,False,,False,6.610573920287463,4,4,1.3435723288326872e-16,6.610573920287464,True,314162,6.610573920287463,3604365270,4,196bd02b14e46dbce3073daba82b28c23c91a0793f9bf2946d7502db34de20d3,10.009723574999953,pyvrp,10.0,0.0,cvrp20_28881.json,0
"[""accepted""]",not_selected,True,1.7763568394002505e-15,cvrp_s7799_n20-50-100_x66667_cvrp20_28937,0.0,True,True,0.0,0.0,0.0,20,4,False,5.32396060293885,False,False,,False,5.323960602938849,4,4,3.336532652814324e-16,5.32396060293885,True,314162,5.323960602938849,2907600749,4,2554ba867278184947205ed213584674c12459d1476af9a93af5d3f4c8774c0c,10.013415202998658,pyvrp,10.0,3.336532652814323e-16,cvrp20_28937.json,0
"[""accepted""]",not_selected,True,1.7763568394002505e-15,cvrp_s7799_n20-50-100_x66667_cvrp20_28995,0.0,True,True,0.0,0.0,0.0,20,4,False,5.917595876805503,False,False,,False,5.9175958768055015,4,4,1.5009109073862458e-16,5.917595876805502,True,314160,5.9175958768055015,1418166759,3,a8293c5d434bfce56337cff042d3b5e38b4fbafe7b72a1e9ade5ecbf149fdabb,10.009928186000252,pyvrp,10.0,3.0018218147724906e-16,cvrp20_28995.json,0
"[""accepted""]",not_selected,True,0.0,cvrp_s7799_n20-50-100_x66667_cvrp20_29158,0.0,True,True,0.0,0.0,0.0,20,4,False,6.46830059487035,False,False,,False,6.46830059487035,4,4,1.373124836536648e-16,6.4683005948703505,True,314159,6.46830059487035,2331361425,4,63f46239a7c8b46f1282204d0ea6e20b50e819946beb8319811114ac2742c256,10.006798512000387,pyvrp,10.0,0.0,cvrp20_29158.json,0
"[""accepted""]",not_selected,True,8.881784197001252e-16,cvrp_s7799_n20-50-100_x66667_cvrp20_29220,0.0,True,True,0.0,0.0,0.0,20,4,False,5.509188797450451,False,False,,False,5.5091887974504505,4,4,1.6121764062817336e-16,5.509188797450451,True,314159,5.5091887974504505,955163210,4,23fcfde661b3e8cb7c3112a5ec2b0652a8b4de329c6e56845682915aa4be9259,10.01326681899991,pyvrp,10.0,1.6121764062817333e-16,cvrp20_29220.json,0
"[""accepted""]",not_selected,True,0.0,cvrp_s7799_n20-50-100_x66667_cvrp20_29225,0.0,True,True,0.0,0.0,0.0,20,4,False,5.613182504759239,False,False,,False,5.613182504759239,4,4,3.1646162188636016e-16,5.613182504759241,True,314159,5.613182504759239,2619956985,4,814981cc9002dee0c71adc3e7097f5351fccf0f95bddf07ec1b76a63f291c948,10.013737626000875,pyvrp,10.0,0.0,cvrp20_29225.json,0
"[""accepted""]",not_selected,True,8.881784197001252e-16,cvrp_s7799_n20-50-100_x66667_cvrp20_29255,0.0,True,True,0.0,0.0,0.0,20,4,False,5.755688490434832,False,False,,False,5.7556884904348316,4,4,3.0862629941705725e-16,5.755688490434833,True,314159,5.7556884904348316,4263382178,4,ee5688da5ec0c83c79b32e7bd7fa7da7b3a00982aa16cfeca7b770cb4d56a1b7,10.012089095000192,pyvrp,10.0,1.543131497085286e-16,cvrp20_29255.json,0
"[""accepted""]",not_selected,True,0.0,cvrp_s7799_n20-50-100_x66667_cvrp20_29337,0.0,True,True,0.0,0.0,0.0,20,4,False,5.236997583513681,False,False,,False,5.236997583513681,4,4,1.6959687407459448e-16,5.2369975835136815,True,314159,5.236997583513681,1100639980,3,306f4c4e612777e2637ed02f53a27ec14c938edf405a02f934adf141d4edfc84,10.010718182000346,pyvrp,10.0,0.0,cvrp20_29337.json,0
"[""accepted""]",not_selected,True,8.881784197001252e-16,cvrp_s7799_n20-50-100_x66667_cvrp20_29478,0.0,True,True,0.0,0.0,0.0,20,4,False,5.807824174053867,False,False,,False,5.8078241740538665,4,4,3.0585582245000226e-16,5.807824174053868,True,314161,5.8078241740538665,3741234365,4,e22b62b68fd977d734527dc1a11adf3916f6ac7d6ab10a6775f67f4242201b1d,10.007510161998653,pyvrp,10.0,1.529279112250011e-16,cvrp20_29478.json,0
"[""accepted""]",not_selected,True,-8.881784197001252e-16,cvrp_s7799_n20-50-100_x66667_cvrp20_29530,0.0,True,True,0.0,0.0,0.0,20,4,False,5.994374466830789,False,False,,False,5.99437446683079,4,4,2.963373157999263e-16,5.9943744668307914,True,314159,5.99437446683079,576030269,4,6c89b590748fc44a0742072db536ec8f1ac8b036473303a4b8389ffd46068fe1,10.01042694500029,pyvrp,10.0,-1.4816865789996317e-16,cvrp20_29530.json,0
"[""accepted""]",not_selected,True,0.0,cvrp_s7799_n20-50-100_x66667_cvrp20_2967,0.0,True,True,0.0,0.0,0.0,20,4,False,5.450970772113942,False,False,,False,5.450970772113942,4,4,1.629394940519339e-16,5.450970772113943,True,314160,5.450970772113942,3982060607,4,8fe1f7f174d254cc4f08a129508c3bdc8cb5766ca2f8a7b56ada992a257c81c6,10.011056142000598,pyvrp,10.0,0.0,cvrp20_2967.json,0
"[""accepted""]",not_selected,True,1.7763568394002505e-15,cvrp_s7799_n20-50-100_x66667_cvrp20_29693,0.0,True,True,0.0,0.0,0.0,20,4,False,5.618401204567276,False,False,,False,5.618401204567275,4,4,3.161676738137223e-16,5.618401204567276,True,314159,5.618401204567275,2009974163,4,f2e81c7c208b371416d2342545b7a37794de998df78ac652d461b5b58839ab7a,10.007048462999592,pyvrp,10.0,3.161676738137222e-16,cvrp20_29693.json,0
"[""accepted""]",not_selected,True,1.7763568394002505e-15,cvrp_s7799_n20-50-100_x66667_cvrp20_29778,0.0,True,True,0.0,0.0,0.0,20,4,False,6.075217578944217,False,False,,False,6.0752175789442155,4,4,2.9239394578341267e-16,6.075217578944217,True,314160,6.0752175789442155,3974241391,4,959c96f18f267f2f2d39bd8aacc1f9a1e89d4ff2b500476980afbca040d9da32,10.010773444000733,pyvrp,10.0,2.9239394578341257e-16,cvrp20_29778.json,0
"[""accepted""]",not_selected,True,2.6645352591003757e-15,cvrp_s7799_n20-50-100_x66667_cvrp20_29802,0.0,True,True,0.0,0.0,0.0,20,4,False,6.727933313789405,False,False,,False,6.727933313789403,4,4,5.280542349489328e-16,6.727933313789406,True,314159,6.727933313789403,2973456196,4,a0a96ed152d0f58445acd36951e1db4b9c9e23ad7433d1ed883f6a6f307305a9,10.012119181999878,pyvrp,10.0,3.960406762116994e-16,cvrp20_29802.json,0
"[""accepted""]",not_selected,True,8.881784197001252e-16,cvrp_s7799_n20-50-100_x66667_cvrp20_30079,0.0,True,True,0.0,0.0,0.0,20,4,False,6.24373318856443,False,False,,False,6.243733188564429,4,4,2.8450236192886935e-16,6.2437331885644305,True,314162,6.243733188564429,3132159790,4,cf085652d6a28a3ade3fde84332cd4b61ca64840f7c66ffd3d7593bc515e1938,10.010862395000004,pyvrp,10.0,1.4225118096443465e-16,cvrp20_30079.json,0
"[""accepted""]",not_selected,True,8.881784197001252e-16,cvrp_s7799_n20-50-100_x66667_cvrp20_30090,0.0,True,True,0.0,0.0,0.0,20,4,False,7.924858076647885,False,False,,False,7.924858076647884,4,4,2.24149987573232e-16,7.924858076647886,True,314159,7.924858076647884,915216003,4,87ee0301b3de9035f1cdd89f069610bad48c28c9dfa97b11330b66e3cf484482,10.010419850001199,pyvrp,10.0,1.12074993786616e-16,cvrp20_30090.json,0
"[""accepted""]",not_selected,True,-8.881784197001252e-16,cvrp_s7799_n20-50-100_x66667_cvrp20_30190,0.0,True,True,0.0,0.0,0.0,20,4,False,6.420483065182374,False,False,,False,6.420483065182375,4,4,1.383351393786281e-16,6.420483065182376,True,314160,6.420483065182375,3732206801,4,d206af4af93117a21e3e9a8312932965c9eaa9b9a55ec0d3dfda5c7e3b0a5222,10.012851371000579,pyvrp,10.0,-1.3833513937862813e-16,cvrp20_30190.json,0
"[""accepted""]",not_selected,True,8.881784197001252e-16,cvrp_s7799_n20-50-100_x66667_cvrp20_30206,0.0,True,True,0.0,0.0,0.0,20,4,False,6.155787446035556,False,False,,False,6.155787446035555,4,4,2.885669550764392e-16,6.155787446035557,True,314162,6.155787446035555,2902078117,4,0c521a479a4ab1263de6ad957992cbc678beaa560da4ba4c58d63af820f46aa1,10.010239202998491,pyvrp,10.0,1.4428347753821959e-16,cvrp20_30206.json,0
"[""accepted""]",not_selected,True,0.0,cvrp_s7799_n20-50-100_x66667_cvrp20_30250,0.0,True,True,0.0,0.0,0.0,20,4,False,6.255997946026007,False,False,,False,6.255997946026007,4,4,2.839446008016426e-16,6.2559979460260084,True,314159,6.255997946026007,2035616044,4,cd0d163adb778b57e7d007e7498beb8dca6bae0b8eb60eeb9a1b1b3980f99024,10.008181638999304,pyvrp,10.0,0.0,cvrp20_30250.json,0
"[""accepted""]",not_selected,True,0.0,cvrp_s7799_n20-50-100_x66667_cvrp20_3026,0.0,True,True,0.0,0.0,0.0,20,4,False,6.791181200878425,False,False,,False,6.791181200878425,4,4,1.3078408504035221e-16,6.791181200878426,True,314161,6.791181200878425,1959190058,4,f71d00b0932002464ed6dac761b8bc368cf0733b04647efe9c87df38366f6233,10.010642519000612,pyvrp,10.0,0.0,cvrp20_3026.json,0
"[""accepted""]",not_selected,True,0.0,cvrp_s7799_n20-50-100_x66667_cvrp20_30383,0.0,True,True,0.0,0.0,0.0,20,4,False,6.171726519915523,False,False,,False,6.171726519915523,4,4,4.317325549831471e-16,6.171726519915525,True,314160,6.171726519915523,1911737663,4,441ebd336e0060f20901971d6082dfc75b021b3d43f3f06f3be6b2753f0a765c,10.010303163999197,pyvrp,10.0,0.0,cvrp20_30383.json,0
"[""accepted""]",not_selected,True,8.881784197001252e-16,cvrp_s7799_n20-50-100_x66667_cvrp20_30452,0.0,True,True,0.0,0.0,0.0,20,4,False,5.182548521929685,False,False,,False,5.182548521929684,4,4,1.7137869832609275e-16,5.182548521929685,True,314162,5.182548521929684,290830195,3,da85c26ec302fcf3a6a379b9b65af7c37cbc694c9f737f614c2aeb56f77d75ce,10.010945918000289,pyvrp,10.0,1.7137869832609272e-16,cvrp20_30452.json,0
"[""accepted""]",not_selected,True,8.881784197001252e-16,cvrp_s7799_n20-50-100_x66667_cvrp20_30547,0.0,True,True,0.0,0.0,0.0,20,4,False,5.399023137626519,False,False,,False,5.399023137626518,4,4,3.2901448912500133e-16,5.39902313762652,True,314159,5.399023137626518,3366800948,4,7c631811f4d553a99e3aab24558b73c7f9e70c00b5f951ee897eaa1b111f3387,10.013007206000111,pyvrp,10.0,1.6450724456250064e-16,cvrp20_30547.json,0
"[""accepted""]",stable_control,True,-8.881784197001252e-16,cvrp_s7799_n20-50-100_x66667_cvrp20_30552,0.0,True,True,0.0,0.0,0.0,20,4,False,6.051413609758047,False,True,6.051413609758049,True,6.051413609758048,4,4,1.4677205641140056e-16,6.051413609758049,True,314159,6.051413609758048,1600074881,3,c01bb7fef6a74ba9cb03a2e33648abb8ca963bf7ed6bb0debbe3ed016bc3edf6,10.011930716000279,pyvrp,10.0,-1.4677205641140056e-16,cvrp20_30552.json,0
"[""accepted""]",not_selected,True,8.881784197001252e-16,cvrp_s7799_n20-50-100_x66667_cvrp20_30736,0.0,True,True,0.0,0.0,0.0,20,4,False,6.529806391575777,False,False,,False,6.529806391575776,4,4,1.3601910476947382e-16,6.529806391575777,True,314159,6.529806391575776,3023353628,4,e16963f0ec102ad98778257e9fd6101f2b6b6a1b1d3c00ef2c2502f2ac91153c,10.009790677000638,pyvrp,10.0,1.360191047694738e-16,cvrp20_30736.json,0
"[""accepted""]",not_selected,True,0.0,cvrp_s7799_n20-50-100_x66667_cvrp20_30791,0.0,True,True,0.0,0.0,0.0,20,4,False,7.120010080223733,False,False,,False,7.120010080223733,4,4,2.494879669249614e-16,7.120010080223735,True,314159,7.120010080223733,3103676598,4,2e4e82a1e46c8ea59e86190f4eb6d75847dc92f343a0cebf84889a06ae6087c0,10.01125573200079,pyvrp,10.0,0.0,cvrp20_30791.json,0
"[""accepted""]",not_selected,True,0.00040634193208166636,cvrp_s7799_n20-50-100_x66667_cvrp20_31008,0.031578947368421054,True,True,0.3,0.031578947368421054,0.021052631578947368,20,4,False,7.1195716237868245,False,False,,False,7.119165281854743,4,4,5.707718756261308e-05,7.1195716237868245,True,314160,7.119165281854743,3408484884,4,92c13ebbf59e72a15533e2f6454b19b1e4f0d28affa7bc31f87815d6b81a13c3,10.011464815999716,pyvrp,10.0,5.7073929943208777e-05,cvrp20_31008.json,0
"[""accepted""]",not_selected,True,0.0,cvrp_s7799_n20-50-100_x66667_cvrp20_31437,0.0,True,True,0.0,0.0,0.0,20,4,False,5.4782268110593195,False,False,,False,5.4782268110593195,4,4,1.6212881473017708e-16,5.47822681105932,True,314159,5.4782268110593195,2726754116,4,11307a75fb98e621250b9c42b04b5ffc40036006b32d5c6a966f2d281f306c9b,10.012797835001038,pyvrp,10.0,0.0,cvrp20_31437.json,0
"[""accepted""]",not_selected,True,-8.881784197001252e-16,cvrp_s7799_n20-50-100_x66667_cvrp20_31606,0.0,True,True,0.0,0.0,0.0,20,4,False,5.538205084782641,False,False,,False,5.538205084782642,4,4,3.207459478669644e-16,5.538205084782644,True,314162,5.538205084782642,1405010974,4,977bf0129b3fb9984beae1d2091cc77d3574ff43debca89bbef320d5482b654f,10.01129424499959,pyvrp,10.0,-1.6037297393348223e-16,cvrp20_31606.json,0
"[""accepted""]",not_selected,True,0.0,cvrp_s7799_n20-50-100_x66667_cvrp20_31715,0.0,True,True,0.0,0.0,0.0,20,4,False,6.180918850396893,False,False,,False,6.180918850396893,4,4,1.4369682585997598e-16,6.1809188503968935,True,314159,6.180918850396893,1032567198,4,02a1f927f905ef5e3b203ca63be6f6a6119022dbb592294afb7b8755b0f3e3f5,10.013074240001515,pyvrp,10.0,0.0,cvrp20_31715.json,0
"[""accepted""]",not_selected,True,8.881784197001252e-16,cvrp_s7799_n20-50-100_x66667_cvrp20_31785,0.0,True,True,0.0,0.0,0.0,20,4,False,6.186376612163203,False,False,,False,6.186376612163202,4,4,1.435700532608787e-16,6.186376612163203,True,314160,6.186376612163202,2537210664,4,1ed3bbfa5a981e667891093eb05af01ded1ad171d3061c3a2dce725f11c775d4,10.007974584999829,pyvrp,10.0,1.4357005326087868e-16,cvrp20_31785.json,0
"[""accepted""]",stable_control,True,8.881784197001252e-16,cvrp_s7799_n20-50-100_x66667_cvrp20_32008,0.0,True,True,0.0,0.0,0.0,20,4,False,6.007499945079647,False,True,6.007499945079649,True,6.007499945079646,4,4,4.4353479541564105e-16,6.0074999450796485,True,314162,6.007499945079646,3452999162,4,df7f5647f547095faab58d1a4f8fbc8f0363d478eb7632783f27d9ee09dc32f0,10.011915348000912,pyvrp,10.0,1.4784493180521367e-16,cvrp20_32008.json,0
"[""accepted""]",not_selected,True,8.881784197001252e-16,cvrp_s7799_n20-50-100_x66667_cvrp20_32077,0.0,True,True,0.0,0.0,0.0,20,4,False,7.143343536978712,False,False,,False,7.143343536978711,4,4,2.486730240824402e-16,7.143343536978713,True,314159,7.143343536978711,1608585384,4,d105f2cc9859bc95e12ee48afbaca6d332ec52bd8514d773e8f658b30e7800ff,10.011139031999846,pyvrp,10.0,1.2433651204122007e-16,cvrp20_32077.json,0
"[""accepted""]",not_selected,True,0.0,cvrp_s7799_n20-50-100_x66667_cvrp20_32117,0.0,True,True,0.0,0.0,0.0,20,4,False,6.327924288363595,False,False,,False,6.327924288363595,4,4,2.8071714490433915e-16,6.327924288363596,True,314159,6.327924288363595,2929027626,4,4dad5a87b5366369e95d31c7dc048af17a14ad2faa1b47c3ad2545b0b6fc1c98,10.012012591998428,pyvrp,10.0,0.0,cvrp20_32117.json,0
"[""accepted""]",not_selected,True,0.0,cvrp_s7799_n20-50-100_x66667_cvrp20_32262,0.0,True,True,0.0,0.0,0.0,20,4,False,5.494058895390361,False,False,,False,5.494058895390361,4,4,1.6166161240923845e-16,5.494058895390362,True,314159,5.494058895390361,1236908074,4,4d1b39b844e913e152ef81a4d48b7445f0666520b08f42966944e8a45d43815b,10.0102231869987,pyvrp,10.0,0.0,cvrp20_32262.json,0
"[""accepted""]",not_selected,True,8.881784197001252e-16,cvrp_s7799_n20-50-100_x66667_cvrp20_32281,0.0,True,True,0.0,0.0,0.0,20,4,False,6.103295732174852,False,False,,False,6.1032957321748516,4,4,1.455243951260463e-16,6.103295732174852,True,314159,6.1032957321748516,4050035309,4,0d32e0edf7a8c41277b8ea7b42b511b9ff2b29c92e5349eeb99e165287da8152,10.011329867000313,pyvrp,10.0,1.4552439512604628e-16,cvrp20_32281.json,0
"[""accepted""]",stable_control,True,8.881784197001252e-16,cvrp_s7799_n20-50-100_x66667_cvrp20_32357,0.0,True,True,0.0,0.0,0.0,20,4,False,5.127144953753559,False,True,5.127144953753558,True,5.127144953753559,4,4,3.464612090008861e-16,5.127144953753561,True,314159,5.127144953753558,3977470590,4,fff57981a13b04097fa9416cabc7e202d95796c2fa80d244ce12a2504352fb04,10.006383141000697,ortools,10.0,1.7323060450044306e-16,cvrp20_32357.json,0
"[""accepted""]",not_selected,True,8.881784197001252e-16,cvrp_s7799_n20-50-100_x66667_cvrp20_32363,0.0,True,True,0.0,0.0,0.0,20,4,False,6.434449444361898,False,False,,False,6.434449444361897,4,4,0.0,6.434449444361897,True,314159,6.434449444361897,3979798752,4,2399be783c253220d941e3463ab736e8151fa8ead167564c33d03329a9ed1e73,10.010622908001096,pyvrp,10.0,1.3803487421575438e-16,cvrp20_32363.json,0
"[""accepted""]",not_selected,True,1.7763568394002505e-15,cvrp_s7799_n20-50-100_x66667_cvrp20_32468,0.0,True,True,0.0,0.0,0.0,20,4,False,7.253213844872064,False,False,,False,7.253213844872063,4,4,1.2245308613478382e-16,7.2532138448720636,True,314161,7.253213844872063,3872132531,4,2622ac834fc6fab94993e692535b87dd9e11063918a1a72894dbf1d14c72bc56,10.010791278000397,pyvrp,10.0,2.449061722695676e-16,cvrp20_32468.json,0
"[""accepted""]",not_selected,True,0.0,cvrp_s7799_n20-50-100_x66667_cvrp20_32502,0.0,True,True,0.0,0.0,0.0,20,4,False,6.240804236432422,False,False,,False,6.240804236432422,4,4,2.8463588539282737e-16,6.240804236432424,True,314161,6.240804236432422,1504883506,4,5cdd8530ca90d5f3c1bc6dad0c4d8732ad0652217139664a9b633dc72633dc6b,10.01136519099964,pyvrp,10.0,0.0,cvrp20_32502.json,0
"[""accepted""]",not_selected,True,1.7763568394002505e-15,cvrp_s7799_n20-50-100_x66667_cvrp20_32590,0.0,True,True,0.0,0.0,0.0,20,4,False,7.129981850378552,False,False,,False,7.129981850378551,4,4,2.4913904083864376e-16,7.129981850378552,True,314160,7.129981850378551,887879743,4,2abd55e9dad92d028e2d6558f997e0169ac7a95084be656a30a92cc3ad01d80b,10.007079622000674,pyvrp,10.0,2.491390408386437e-16,cvrp20_32590.json,0
"[""accepted""]",not_selected,True,2.6645352591003757e-15,cvrp_s7799_n20-50-100_x66667_cvrp20_32949,0.0,True,True,0.0,0.0,0.0,20,4,False,6.280388582604455,False,False,,False,6.280388582604452,4,4,4.242628022222478e-16,6.280388582604455,True,314160,6.280388582604452,111567099,4,70a994e602f39e368b9b6d1b6630a870b1ab73f039f997670b674b654d133ed8,10.012241868000274,pyvrp,10.0,4.242628022222476e-16,cvrp20_32949.json,0
"[""accepted""]",not_selected,True,-8.881784197001252e-16,cvrp_s7799_n20-50-100_x66667_cvrp20_32954,0.0,True,True,0.0,0.0,0.0,20,4,False,5.931451909731477,False,False,,False,5.931451909731478,4,4,1.4974047386996918e-16,5.931451909731479,True,314160,5.931451909731478,1834248293,3,2171d36d0ce59d3d22acfa4a6880b6775c68f7c9dda557029e8c0153e1c44899,10.01228160699975,pyvrp,10.0,-1.497404738699692e-16,cvrp20_32954.json,0
"[""accepted""]",not_selected,True,-8.881784197001252e-16,cvrp_s7799_n20-50-100_x66667_cvrp20_33091,0.0,True,True,0.0,0.0,0.0,20,4,False,5.321613942276462,False,False,,False,5.321613942276463,4,4,0.0,5.321613942276463,True,314159,5.321613942276463,3119681164,4,8f8ca326fe3ea79d021c0ebc58331efa9bda0f253163f1d9f33813bfa5488098,10.01261411700034,pyvrp,10.0,-1.6690019782235147e-16,cvrp20_33091.json,0
"[""accepted""]",not_selected,True,8.881784197001252e-16,cvrp_s7799_n20-50-100_x66667_cvrp20_33114,0.0,True,True,0.0,0.0,0.0,20,4,False,6.633798786961815,False,False,,False,6.6337987869618145,4,4,5.355473979378252e-16,6.633798786961818,True,314162,6.6337987869618145,1361386065,4,06f2584d1dc84880b2d57d89ff5b9979412b82277aa38f52adcbad0dea5072c6,10.010311523999917,pyvrp,10.0,1.338868494844563e-16,cvrp20_33114.json,0
"[""accepted""]",not_selected,True,8.881784197001252e-16,cvrp_s7799_n20-50-100_x66667_cvrp20_33313,0.0,True,True,0.0,0.0,0.0,20,4,False,6.51775712330181,False,False,,False,6.517757123301809,4,4,2.7254112201412803e-16,6.517757123301811,True,314159,6.517757123301809,2725447608,4,289a0cfb2d5c1f8f1d8399c41e97a4c77c779cdcd176f3c98a85d651a170dada,10.012360766000711,pyvrp,10.0,1.36270561007064e-16,cvrp20_33313.json,0
"[""accepted""]",not_selected,True,0.0,cvrp_s7799_n20-50-100_x66667_cvrp20_33566,0.0,True,True,0.0,0.0,0.0,20,4,False,5.520878501272994,False,False,,False,5.520878501272994,4,4,0.0,5.520878501272994,True,314159,5.520878501272994,1274424798,4,e4b77c551fea474a7440f61d9a713c05ba8d444ab2c77f4e76165bc9e03797ae,10.011412351999752,pyvrp,10.0,0.0,cvrp20_33566.json,0
"[""accepted""]",not_selected,True,8.881784197001252e-16,cvrp_s7799_n20-50-100_x66667_cvrp20_33735,0.0,True,True,0.0,0.0,0.0,20,4,False,5.987935637763691,False,False,,False,5.98793563776369,4,4,1.4832798370421908e-16,5.987935637763691,True,314159,5.98793563776369,417451664,4,5d6ba05c92810b749df241abf84f0d3ab03b4b074d81654a72f25976f779d11e,10.011753205999412,pyvrp,10.0,1.4832798370421905e-16,cvrp20_33735.json,0
"[""accepted""]",stable_control,True,8.881784197001252e-16,cvrp_s7799_n20-50-100_x66667_cvrp20_33908,0.0,True,True,0.0,0.0,0.0,20,4,False,4.899645844320494,False,True,4.899645844320493,True,4.899645844320493,4,4,1.812740038608448e-16,4.899645844320494,True,314159,4.899645844320493,194862550,3,fb95e44709421deb26398ad85393fa0edacd36401b2418c7f39c9e7ddb634eb2,10.011268824000581,pyvrp,10.0,1.8127400386084477e-16,cvrp20_33908.json,0
"[""accepted""]",not_selected,True,-8.881784197001252e-16,cvrp_s7799_n20-50-100_x66667_cvrp20_33921,0.0,True,True,0.0,0.0,0.0,20,4,False,4.808614655564804,False,False,,False,4.808614655564805,4,4,3.6941135163420684e-16,4.808614655564806,True,314160,4.808614655564805,1661150645,4,2783c45dc4c96977336fca487f235765e0758dd3364f1c7c30e0980f82246818,10.013729071000853,pyvrp,10.0,-1.8470567581710344e-16,cvrp20_33921.json,0
"[""accepted""]",not_selected,True,8.881784197001252e-16,cvrp_s7799_n20-50-100_x66667_cvrp20_34008,0.0,True,True,0.0,0.0,0.0,20,4,False,7.056050060979045,False,False,,False,7.056050060979044,4,4,3.7762419995226977e-16,7.056050060979047,True,314160,7.056050060979044,967770840,5,9ebd8aeef5f4414448851863bc321c6d6e199e837d597a0e4a40b9b4d9a6f861,10.00935041000048,pyvrp,10.0,1.2587473331742324e-16,cvrp20_34008.json,0
"[""accepted""]",not_selected,True,0.0,cvrp_s7799_n20-50-100_x66667_cvrp20_34113,0.0,True,True,0.0,0.0,0.0,20,4,False,7.078785208296827,False,False,,False,7.078785208296827,4,4,2.509409153025631e-16,7.078785208296829,True,314160,7.078785208296827,2593025714,4,e0ed5615fe97899c70720e5358084cc3f5daba62f6ef349cc9a45c2bf7e9aed0,10.010385018998932,pyvrp,10.0,0.0,cvrp20_34113.json,0
"[""accepted""]",not_selected,True,0.0,cvrp_s7799_n20-50-100_x66667_cvrp20_34299,0.0,True,True,0.0,0.0,0.0,20,4,False,5.154142710729937,False,False,,False,5.154142710729937,4,4,5.169696317397894e-16,5.15414271072994,True,314162,5.154142710729937,1858156394,3,602ce453dc5943be28008382779f401ee5445f0f4823ad9114bd84580f36cd9e,10.007603350000863,pyvrp,10.0,0.0,cvrp20_34299.json,0
"[""accepted""]",not_selected,True,0.0,cvrp_s7799_n20-50-100_x66667_cvrp20_34787,0.0,True,True,0.0,0.0,0.0,20,4,False,6.733478761445232,False,False,,False,6.733478761445232,4,4,2.6380967436496145e-16,6.733478761445234,True,314161,6.733478761445232,781688276,4,bafae02e5ac9a7d05d9b307b3db729acac201155fe91dfc1a9f2fb874473647d,10.010498585999812,pyvrp,10.0,0.0,cvrp20_34787.json,0
"[""accepted""]",stable_control,True,1.7763568394002505e-15,cvrp_s7799_n20-50-100_x66667_cvrp20_35654,0.0,True,True,0.0,0.0,0.0,20,4,False,5.289895163914064,False,True,5.289895163914063,True,5.289895163914062,4,4,1.6790094929649806e-16,5.289895163914063,True,314159,5.289895163914062,2279658353,4,73a38722f5232c07ca05c917de700819e66a2ab76823b8da660d9c3daa2a848c,10.012319060999289,pyvrp,10.0,3.35801898592996e-16,cvrp20_35654.json,0
"[""accepted""]",not_selected,True,0.0,cvrp_s7799_n20-50-100_x66667_cvrp20_35718,0.0,True,True,0.0,0.0,0.0,20,4,False,5.924681665325158,False,False,,False,5.924681665325158,4,4,1.4991158510646838e-16,5.924681665325159,True,314160,5.924681665325158,1052280784,4,d15532a6a79b2047a51316560fdeb1f1cf134bf725fdd67359ebbb0f67757cd2,10.01234687500073,pyvrp,10.0,0.0,cvrp20_35718.json,0
"[""accepted""]",not_selected,True,0.0,cvrp_s7799_n20-50-100_x66667_cvrp20_3599,0.0,True,True,0.0,0.0,0.0,20,4,False,5.8592903495435085,False,False,,False,5.8592903495435085,4,4,1.515846402404896e-16,5.859290349543509,True,314159,5.8592903495435085,4287057302,3,952a052123b71cc25c655eb8f9f4e862f540409ac86e5167b90a3e38aec72eeb,10.010907396999755,pyvrp,10.0,0.0,cvrp20_3599.json,0
"[""accepted""]",not_selected,True,0.0,cvrp_s7799_n20-50-100_x66667_cvrp20_36008,0.0,True,True,0.0,0.0,0.0,20,4,False,5.34872963578607,False,False,,False,5.34872963578607,4,4,3.3210817527874363e-16,5.348729635786071,True,314159,5.34872963578607,2759603173,3,20514bfc0653a5920864f226429795dc60e5e1a0cfd92d13cde4951602576212,10.010715005000748,pyvrp,10.0,0.0,cvrp20_36008.json,0
"[""accepted""]",not_selected,True,-8.881784197001252e-16,cvrp_s7799_n20-50-100_x66667_cvrp20_36484,0.0,True,True,0.0,0.0,0.0,20,4,False,5.641888785770353,False,False,,False,5.6418887857703535,4,4,0.0,5.6418887857703535,True,314159,5.6418887857703535,1014662446,3,ebe6ec2b42874952e4421847803476cbac16251fe8a67a6ce6edf07a93993e14,10.012542682999992,pyvrp,10.0,-1.5742572273672565e-16,cvrp20_36484.json,0
"[""accepted""]",not_selected,True,8.881784197001252e-16,cvrp_s7799_n20-50-100_x66667_cvrp20_36493,0.0,True,True,0.0,0.0,0.0,20,4,False,6.860586869969569,False,False,,False,6.860586869969568,4,4,1.2946099751143666e-16,6.860586869969569,True,314162,6.860586869969568,2869443453,4,9480bc654c17bfd662745c6d5eb001ceb82b313757785f7b3bf80984b693a47f,10.009655681998993,pyvrp,10.0,1.2946099751143664e-16,cvrp20_36493.json,0
"[""accepted""]",not_selected,True,0.0,cvrp_s7799_n20-50-100_x66667_cvrp20_36697,0.0,True,True,0.0,0.0,0.0,20,4,False,6.394890314208443,False,False,,False,6.394890314208443,4,4,1.3888876525790163e-16,6.3948903142084434,True,314160,6.394890314208443,1383311599,4,3d35bbbf05023e0e9a571a14f2b6060e717ab30172e8973c3ffa3edc1a5cbf9b,10.010270804999891,pyvrp,10.0,0.0,cvrp20_36697.json,0
"[""accepted""]",not_selected,True,0.0,cvrp_s7799_n20-50-100_x66667_cvrp20_36767,0.0,True,True,0.0,0.0,0.0,20,4,False,6.128545854035148,False,False,,False,6.128545854035148,4,4,1.4492482243815342e-16,6.128545854035149,True,314160,6.128545854035148,3360568959,3,3b41b36254954177541d32f2eadf1db9909b8b6d149bc859c0a0d38f992daa22,10.010392407999461,pyvrp,10.0,0.0,cvrp20_36767.json,0
"[""accepted""]",not_selected,True,-8.881784197001252e-16,cvrp_s7799_n20-50-100_x66667_cvrp20_36800,0.0,True,True,0.0,0.0,0.0,20,4,False,6.010932250201505,False,False,,False,6.010932250201506,4,4,2.955210216087032e-16,6.010932250201508,True,314159,6.010932250201506,681685011,4,7036ce66110ad3f8c43e65584c9f33628874c12e9aaf569287b836a1f98c5641,10.011196179999388,pyvrp,10.0,-1.4776051080435163e-16,cvrp20_36800.json,0
"[""accepted""]",not_selected,True,0.0,cvrp_s7799_n20-50-100_x66667_cvrp20_37039,0.0,True,True,0.0,0.0,0.0,20,4,False,7.180129742283101,False,False,,False,7.180129742283101,4,4,2.473989890376847e-16,7.1801297422831025,True,314162,7.180129742283101,1548139022,4,25f83056844f04016a3bafd609392b26ce2f291795d01f7ab4abef2ea753652e,10.025059437000891,pyvrp,10.0,0.0,cvrp20_37039.json,0
"[""accepted""]",not_selected,True,1.7763568394002505e-15,cvrp_s7799_n20-50-100_x66667_cvrp20_37078,0.0,True,True,0.0,0.0,0.0,20,4,False,5.282182122160475,False,False,,False,5.2821821221604734,4,4,1.6814611824418694e-16,5.282182122160474,True,314159,5.2821821221604734,2912438528,3,dab81af42362238b143492b2a47f9e6806f2211ea6e329c8b4efae3dea877e59,10.010089948000314,pyvrp,10.0,3.3629223648837373e-16,cvrp20_37078.json,0
"[""accepted""]",not_selected,True,0.0005315688850453526,cvrp_s7799_n20-50-100_x66667_cvrp20_37168,0.04736842105263158,True,True,0.45,0.04736842105263158,0.02368421052631579,20,4,False,5.406955590570198,False,False,,False,5.406424021685153,4,4,9.832171559469679e-05,5.406955590570197,True,314160,5.406424021685153,2222857407,4,50da549e09e94fd40c51d61ba4df13be53507e0c7a04331b56debf258a4fa11e,10.00744539399966,pyvrp,10.0,9.831204938550185e-05,cvrp20_37168.json,0
"[""accepted""]",not_selected,True,0.0,cvrp_s7799_n20-50-100_x66667_cvrp20_37735,0.0,True,True,0.0,0.0,0.0,20,4,False,6.768376998624277,False,False,,False,6.768376998624277,4,4,2.6244945276560513e-16,6.768376998624279,True,314161,6.768376998624277,2545171945,4,00d9a20d905ec0c1f57c0e22d4b6efd20e053cc759dadb6f1d95d6438de0f4f5,10.011423267000282,pyvrp,10.0,0.0,cvrp20_37735.json,0
"[""accepted""]",stable_control,True,-8.881784197001252e-16,cvrp_s7799_n20-50-100_x66667_cvrp20_37899,0.0,True,True,0.0,0.0,0.0,20,4,False,5.3506572273966,False,True,5.350657227396602,True,5.350657227396601,4,4,1.65994266116029e-16,5.350657227396602,True,314159,5.350657227396601,2744042208,3,8d2d97db8bb8581bbdcfbafe06d0ba34d5fc415f62b3b4005213d141bb7a8bd9,10.009666280000602,pyvrp,10.0,-1.6599426611602902e-16,cvrp20_37899.json,0
"[""accepted""]",not_selected,True,7.09331583488293e-05,cvrp_s7799_n20-50-100_x66667_cvrp20_38272,0.04736842105263158,True,True,0.45,0.04736842105263158,0.02368421052631579,20,4,False,7.487760564490107,False,False,,False,7.487689631331758,4,4,9.473303761537098e-06,7.487760564490108,True,314159,7.487689631331758,1510271250,4,d57e94acda7bb2d402c22a591887b650e424c8ed05acee24d2b3af13561c8476,10.012213754998811,pyvrp,10.0,9.473214018784483e-06,cvrp20_38272.json,0
"[""accepted""]",not_selected,True,0.00046901329062709607,cvrp_s7799_n20-50-100_x66667_cvrp20_38323,0.0,True,True,0.0,0.0,0.0,20,4,False,7.169455903741408,False,False,,False,7.168986890450781,4,4,1.238917622911537e-16,7.168986890450782,True,314161,7.168986890450781,2453476251,4,12aa95c37646edd136e17d6f875b5dae2b41ccde529c33362276783eff6713f2,10.010713929999838,pyvrp,10.0,6.541825445670705e-05,cvrp20_38323.json,0
"[""accepted""]",not_selected,True,8.881784197001252e-16,cvrp_s7799_n20-50-100_x66667_cvrp20_38423,0.0,True,True,0.0,0.0,0.0,20,4,False,5.177520969485087,False,False,,False,5.177520969485086,4,4,1.7154511298646776e-16,5.177520969485087,True,314159,5.177520969485086,112809030,4,32d88eec05bc58014b7a6eb1a6eec0e3f07184839853730e8a2d139b2b31f53d,10.010541206000198,pyvrp,10.0,1.7154511298646773e-16,cvrp20_38423.json,0
"[""accepted""]",not_selected,True,8.881784197001252e-16,cvrp_s7799_n20-50-100_x66667_cvrp20_38515,0.0,True,True,0.0,0.0,0.0,20,4,False,5.744757820413888,False,False,,False,5.744757820413887,4,4,1.5460676454349394e-16,5.744757820413888,True,314159,5.744757820413887,4255866161,4,45ce070c9746430b1687a41dbf33a02e459c6bec99667488ccc51b67eafd5d79,10.008615419999842,pyvrp,10.0,1.5460676454349391e-16,cvrp20_38515.json,0
"[""accepted""]",not_selected,True,0.0005392423504204658,cvrp_s7799_n20-50-100_x66667_cvrp20_38566,0.0,True,True,0.0,0.0,0.0,20,4,False,8.170149670962271,False,False,,False,8.16961042861185,4,4,6.600588303842682e-05,8.170149670962271,True,314159,8.16961042861185,3541659857,4,b2854210b2e7951f898f69238a4c37f292e346e5ee2fe88c439ac602caa146ea,10.009048646001247,pyvrp,10.0,6.600152654938503e-05,cvrp20_38566.json,0
"[""accepted""]",not_selected,True,0.0,cvrp_s7799_n20-50-100_x66667_cvrp20_3871,0.0,True,True,0.0,0.0,0.0,20,4,False,4.565275586300749,False,False,,False,4.565275586300749,4,4,1.9455088809212892e-16,4.56527558630075,True,314162,4.565275586300749,1387146072,4,70416a364651959ff31ce73bf065d08a67107da299c86424a8daff0f3b785f9a,10.010943788000077,pyvrp,10.0,0.0,cvrp20_3871.json,0
"[""accepted""]",not_selected,True,8.881784197001252e-16,cvrp_s7799_n20-50-100_x66667_cvrp20_38770,0.0,True,True,0.0,0.0,0.0,20,4,False,5.384077871405829,False,False,,False,5.384077871405828,4,4,1.6496388813711835e-16,5.384077871405829,True,314160,5.384077871405828,2893453915,4,f0a97844dc6c6b9214ee87e7be77140a7e793fdcdfdbb8a858fd3538e9ed5fc8,10.010982107000018,pyvrp,10.0,1.6496388813711832e-16,cvrp20_38770.json,0
"[""accepted""]",not_selected,True,0.0,cvrp_s7799_n20-50-100_x66667_cvrp20_38863,0.0,True,True,0.0,0.0,0.0,20,4,False,5.952106412510338,False,False,,False,5.952106412510338,4,4,0.0,5.952106412510338,True,314159,5.952106412510338,3529656162,4,833929994ba706d44c759800455122e1694c4c77806af6d0451802a9d7a3ef85,10.011687067999446,pyvrp,10.0,0.0,cvrp20_38863.json,0
"[""accepted""]",not_selected,True,0.0,cvrp_s7799_n20-50-100_x66667_cvrp20_38907,0.0,True,True,0.0,0.0,0.0,20,4,False,5.76801038849372,False,False,,False,5.76801038849372,4,4,4.619504958617459e-16,5.768010388493723,True,314160,5.76801038849372,3842630550,4,602d35e4cbc2fcc7f9886a6f79e2292b3565b0f2f30623dd365e40422fe59dee,10.01190600800146,pyvrp,10.0,0.0,cvrp20_38907.json,0
"[""accepted""]",stable_control,True,8.881784197001252e-16,cvrp_s7799_n20-50-100_x66667_cvrp20_38996,0.0,True,True,0.0,0.0,0.0,20,4,False,6.073698470202488,False,True,6.073698470202488,True,6.073698470202487,4,4,1.4623353860214184e-16,6.073698470202488,True,314162,6.073698470202487,1855309590,4,24788453fb91e30cd2f4e73b6e3fcbf6ecbcc1e5ea1303b69c5f1dd6a9a1f4d5,10.010043180000139,pyvrp,10.0,1.4623353860214182e-16,cvrp20_38996.json,0
"[""accepted""]",not_selected,True,0.0,cvrp_s7799_n20-50-100_x66667_cvrp20_39026,0.0,True,True,0.0,0.0,0.0,20,4,False,4.806078268209445,False,False,,False,4.806078268209445,4,4,1.8480315345156153e-16,4.806078268209446,True,314160,4.806078268209445,2393203809,4,e53596c07b83c201d7a92c86b8bcb4f81c604803b973e5b2916282bef1582397,10.009665004999988,pyvrp,10.0,0.0,cvrp20_39026.json,0
"[""accepted""]",not_selected,True,0.0,cvrp_s7799_n20-50-100_x66667_cvrp20_39235,0.0,True,True,0.0,0.0,0.0,20,4,False,6.012185545376982,False,False,,False,6.012185545376982,4,4,2.95459417543453e-16,6.012185545376984,True,314162,6.012185545376982,955689506,4,398cb9c155a543007e04db8fc2d3543219a05cc92445e7114ef483120c54c1cf,10.010551217001193,pyvrp,10.0,0.0,cvrp20_39235.json,0
"[""accepted""]",not_selected,True,-8.881784197001252e-16,cvrp_s7799_n20-50-100_x66667_cvrp20_39237,0.0,True,True,0.0,0.0,0.0,20,4,False,6.884147446741324,False,False,,False,6.884147446741325,4,4,1.2901792510567924e-16,6.884147446741326,True,314160,6.884147446741325,2025308004,4,471f362b462103fef39f97deeaec9489adc67c403f1d33a696ca9a158dd3a0b2,10.010246165000353,pyvrp,10.0,-1.2901792510567926e-16,cvrp20_39237.json,0
"[""accepted""]",not_selected,True,1.7763568394002505e-15,cvrp_s7799_n20-50-100_x66667_cvrp20_39585,0.0,True,True,0.0,0.0,0.0,20,4,False,5.727347919699313,False,False,,False,5.727347919699311,4,4,3.101534714331638e-16,5.727347919699313,True,314159,5.727347919699311,651398256,4,2b4fc82bae506f0914d5f78e7ae70bac6687a4dcbcd069617178b4e841d83652,10.01488527499896,pyvrp,10.0,3.101534714331637e-16,cvrp20_39585.json,0
"[""accepted""]",stable_control,True,0.0,cvrp_s7799_n20-50-100_x66667_cvrp20_39897,0.0,True,True,0.0,0.0,0.0,20,4,False,6.0470156599420175,False,True,6.148463587252731,True,6.0470156599420175,4,4,2.9375760528744573e-16,6.047015659942019,True,314159,6.0470156599420175,571875216,4,c0cb7a16f0c19325f04dd8064efced061c717ced4eb4f3d4484e5efc02c06487,10.01138103700032,pyvrp,10.0,0.0,cvrp20_39897.json,0
"[""accepted""]",not_selected,True,0.0,cvrp_s7799_n20-50-100_x66667_cvrp20_39902,0.0,True,True,0.0,0.0,0.0,20,4,False,6.103125486184743,False,False,,False,6.103125486184743,4,4,2.9105690902493755e-16,6.103125486184744,True,314160,6.103125486184743,352382391,3,931e6d6631e8ff708110c47450298255dc83b0bbb3e6e715ef8ded7f4ce4a039,10.010814948998814,pyvrp,10.0,0.0,cvrp20_39902.json,0
"[""accepted""]",not_selected,True,8.881784197001252e-16,cvrp_s7799_n20-50-100_x66667_cvrp20_40245,0.0,True,True,0.0,0.0,0.0,20,4,False,4.370690272295058,False,False,,False,4.370690272295057,4,4,4.0642478160949213e-16,4.370690272295059,True,314161,4.370690272295057,454013854,3,99ae73d07993078c67537982591c46ce31652bdb1cc2d8b8d12e4020ee663066,10.01155668300089,pyvrp,10.0,2.0321239080474604e-16,cvrp20_40245.json,0
"[""accepted""]",not_selected,True,0.0,cvrp_s7799_n20-50-100_x66667_cvrp20_40269,0.0,True,True,0.0,0.0,0.0,20,4,False,6.509502191530391,False,False,,False,6.509502191530391,4,4,0.0,6.509502191530391,True,314159,6.509502191530391,3067578923,5,cb7992a03110feaf3eb5cde1be2217f6383f812ff9f7df1ef8c51833dd99f377,10.013747890001468,pyvrp,10.0,0.0,cvrp20_40269.json,0
"[""accepted""]",not_selected,True,0.0,cvrp_s7799_n20-50-100_x66667_cvrp20_40360,0.0,True,True,0.0,0.0,0.0,20,4,False,6.743078214183432,False,False,,False,6.743078214183432,4,4,2.6343411465461734e-16,6.743078214183433,True,314160,6.743078214183432,1703636343,5,f0c91bf26d50b890252c2cc45e228a42bff3d17051fb398f265cb816c2b6a827,10.01246636599899,pyvrp,10.0,0.0,cvrp20_40360.json,0
"[""accepted""]",stable_control,True,8.881784197001252e-16,cvrp_s7799_n20-50-100_x66667_cvrp20_4048,0.0,True,True,0.0,0.0,0.0,20,4,False,6.423064924210748,False,True,6.423064924210749,True,6.423064924210747,4,4,4.148385997246927e-16,6.42306492421075,True,314159,6.423064924210747,2316827556,4,0197af88bd16272f147ff0343ddabcf7f69f2d02d1e86a920eb2f481d844980a,10.008633444000225,pyvrp,10.0,1.3827953324156422e-16,cvrp20_4048.json,0
"[""accepted""]",not_selected,True,8.881784197001252e-16,cvrp_s7799_n20-50-100_x66667_cvrp20_40539,0.0,True,True,0.0,0.0,0.0,20,4,False,5.890528148459213,False,False,,False,5.890528148459212,4,4,1.5078077844894885e-16,5.890528148459213,True,314159,5.890528148459212,1705752571,4,2df0ab13a28b5a0f969f2e5978ef0ddd139d81e0489e619d7601ffd7d2761625,10.009805781999603,pyvrp,10.0,1.5078077844894883e-16,cvrp20_40539.json,0
"[""accepted""]",not_selected,True,8.881784197001252e-16,cvrp_s7799_n20-50-100_x66667_cvrp20_40828,0.0,True,True,0.0,0.0,0.0,20,4,False,5.327960121909409,False,False,,False,5.327960121909408,4,4,1.6670140154536747e-16,5.327960121909409,True,314159,5.327960121909408,1009147492,4,9efc775eea09cf78ebba67affbd6e491373ef2466ad0c588b528b54261d911bb,10.010007276998294,pyvrp,10.0,1.6670140154536744e-16,cvrp20_40828.json,0
"[""accepted""]",not_selected,True,1.7763568394002505e-15,cvrp_s7799_n20-50-100_x66667_cvrp20_40927,0.0,True,True,0.0,0.0,0.0,20,4,False,6.485892727300952,False,False,,False,6.48589272730095,4,4,2.738800831415333e-16,6.485892727300952,True,314161,6.48589272730095,421793229,3,b2b8aee43b672c33f23ae6daf0600bd0689e5c93ae5f8afd64e44b9212e5b564,10.012625830000616,pyvrp,10.0,2.7388008314153325e-16,cvrp20_40927.json,0
"[""accepted""]",stable_control,True,0.0,cvrp_s7799_n20-50-100_x66667_cvrp20_41083,0.0,True,True,0.0,0.0,0.0,20,4,False,5.722722732161889,False,True,5.722722732161892,True,5.722722732161889,4,4,4.656062129527262e-16,5.722722732161892,True,314162,5.722722732161889,2094121050,3,b50d10fc82051337a9ed159c6a40bfe7c2263cc0df31b8fcef5ce1363b03b860,10.010610710998662,pyvrp,10.0,0.0,cvrp20_41083.json,0
"[""accepted""]",not_selected,True,8.881784197001252e-16,cvrp_s7799_n20-50-100_x66667_cvrp20_41106,0.0,True,True,0.0,0.0,0.0,20,4,False,5.648726852767108,False,False,,False,5.6487268527671075,4,4,1.5723515100841505e-16,5.648726852767108,True,314159,5.6487268527671075,4159435600,4,4ec568a7902f88c7cb0e04e6c143499078a1bababe1f39d3a5fdbe4b1300572a,10.01281895899956,pyvrp,10.0,1.5723515100841502e-16,cvrp20_41106.json,0
"[""accepted""]",not_selected,True,8.881784197001252e-16,cvrp_s7799_n20-50-100_x66667_cvrp20_41146,0.0,True,True,0.0,0.0,0.0,20,4,False,5.924397606349998,False,False,,False,5.924397606349997,4,4,4.497563188946712e-16,5.9243976063499995,True,314159,5.924397606349997,1187138247,3,780b68d28ed73ac4420294e5ce3587beeae1c524e0813d5467c430af3ce3360a,10.009645651000028,pyvrp,10.0,1.4991877296489038e-16,cvrp20_41146.json,0
"[""accepted""]",not_selected,True,1.7763568394002505e-15,cvrp_s7799_n20-50-100_x66667_cvrp20_41227,0.0,True,True,0.0,0.0,0.0,20,4,False,5.6373383744044645,False,False,,False,5.637338374404463,4,4,3.151055908698948e-16,5.6373383744044645,True,314161,5.637338374404463,2099345620,3,a3aa0c91b5317776fd3333fd0715665fbbb67309b341e1a2779e6c1e5de964be,10.01059248799902,pyvrp,10.0,3.151055908698947e-16,cvrp20_41227.json,0
"[""accepted""]",stable_control,True,0.0,cvrp_s7799_n20-50-100_x66667_cvrp20_41244,0.0,True,True,0.0,0.0,0.0,20,4,False,5.9380903753246015,False,True,5.938090375324603,True,5.9380903753246015,4,4,4.487192162269374e-16,5.938090375324604,True,314160,5.9380903753246015,2155134048,4,6e5f890d11313b37ad0b4cccc1e3b7466032773901de9f4fe80631d7f37d2afa,10.012502046000009,pyvrp,10.0,0.0,cvrp20_41244.json,0
"[""accepted""]",not_selected,True,0.0,cvrp_s7799_n20-50-100_x66667_cvrp20_41291,0.0,True,True,0.0,0.0,0.0,20,4,False,5.891521200239316,False,False,,False,5.891521200239316,4,4,3.015107268608478e-16,5.891521200239318,True,314159,5.891521200239316,2687642231,3,450fb41115d7f236435d2e6e1e6ce684ca730bebf395334acbc56aff76c265cb,10.014449213000262,pyvrp,10.0,0.0,cvrp20_41291.json,0
"[""accepted""]",not_selected,True,0.0,cvrp_s7799_n20-50-100_x66667_cvrp20_41846,0.0,True,True,0.0,0.0,0.0,20,4,False,5.690673849906242,False,False,,False,5.690673849906242,4,4,0.0,5.690673849906242,True,314159,5.690673849906242,3332046124,4,5cd92d7e111e1f63479ebbde86e94f8647c8fba9440d8c0ee009e9ac8c65a7d7,10.013529702999222,pyvrp,10.0,0.0,cvrp20_41846.json,0
"[""accepted""]",not_selected,True,1.7763568394002505e-15,cvrp_s7799_n20-50-100_x66667_cvrp20_42051,0.0,True,True,0.0,0.0,0.0,20,4,False,4.962917242033144,False,False,,False,4.962917242033142,4,4,3.579259441111567e-16,4.962917242033144,True,314159,4.962917242033142,1809716694,4,cead680a91f1d8af64caf933e64f369b4e2a7b712594c13b669abef679517e20,10.013290713999595,pyvrp,10.0,3.579259441111566e-16,cvrp20_42051.json,0
"[""accepted""]",not_selected,True,0.0005579758642451083,cvrp_s7799_n20-50-100_x66667_cvrp20_42098,0.0,True,True,0.0,0.0,0.0,20,4,False,5.635067775308563,False,False,,False,5.634509799444318,4,4,9.902828890297159e-05,5.635067775308564,True,314160,5.634509799444318,853495604,4,4741c11f5f1ebb99297f2ea154005f4623841cf0fa4ea4572517a91dd347fd5a,10.008937386999605,pyvrp,10.0,9.901848327184579e-05,cvrp20_42098.json,0
"[""accepted""]",not_selected,True,-8.881784197001252e-16,cvrp_s7799_n20-50-100_x66667_cvrp20_42147,0.0,True,True,0.0,0.0,0.0,20,4,False,6.03334166431271,False,False,,False,6.033341664312711,4,4,2.944233789886992e-16,6.0333416643127125,True,314159,6.033341664312711,3362176128,4,7b2cbc9a21ab9142a8f33a1ccb856d30db14a2523aeb57bb1634b69d2c6572b9,10.008598178001193,pyvrp,10.0,-1.4721168949434962e-16,cvrp20_42147.json,0
"[""accepted""]",not_selected,True,0.0,cvrp_s7799_n20-50-100_x66667_cvrp20_42324,0.0,True,True,0.0,0.0,0.0,20,4,False,5.415532181479932,False,False,,False,5.415532181479932,4,4,1.6400575048515506e-16,5.415532181479933,True,314159,5.415532181479932,139450838,3,1724ea1e5511021ad669e4c56a5a97bdb0904390cda1dc21dc7cb6fc222deea6,10.010916248000285,pyvrp,10.0,0.0,cvrp20_42324.json,0
"[""accepted""]",not_selected,True,8.881784197001252e-16,cvrp_s7799_n20-50-100_x66667_cvrp20_42326,0.0,True,True,0.0,0.0,0.0,20,4,False,5.51829136163539,False,False,,False,5.518291361635389,4,4,1.6095170796434832e-16,5.51829136163539,True,314159,5.518291361635389,2701192232,3,64f717c53195e98f439a708144b7d79cbc242d42b38ea70bb0e0610975f53d8e,10.011280061000434,pyvrp,10.0,1.609517079643483e-16,cvrp20_42326.json,0
"[""accepted""]",stable_control,True,8.881784197001252e-16,cvrp_s7799_n20-50-100_x66667_cvrp20_42435,0.0,True,True,0.0,0.0,0.0,20,4,False,6.186333883980518,False,True,6.186333883980518,True,6.1863338839805175,4,4,1.435710448800798e-16,6.186333883980518,True,314159,6.1863338839805175,675219012,4,35f8f844011db047ff4be82acdd80cb2ae0fa57f4fb2cfe873fc1bf1ae91c758,10.013474452000082,pyvrp,10.0,1.4357104488007977e-16,cvrp20_42435.json,0
"[""accepted""]",not_selected,True,0.0,cvrp_s7799_n20-50-100_x66667_cvrp20_42441,0.0,True,True,0.0,0.0,0.0,20,4,False,5.644612335151367,False,False,,False,5.644612335151367,4,4,6.0687456711519464e-05,5.644954892318109,True,314159,5.644612335151367,1891554722,4,c6472a2da79195ec415da510256747d89f796f1338c16a358ea7850ea2a8f10d,10.011731345000953,pyvrp,10.0,0.0,cvrp20_42441.json,0
"[""accepted""]",not_selected,True,1.7763568394002505e-15,cvrp_s7799_n20-50-100_x66667_cvrp20_42462,0.0,True,True,0.0,0.0,0.0,20,4,False,6.891792067027151,False,False,,False,6.891792067027149,4,4,2.5774962769103126e-16,6.891792067027151,True,314160,6.891792067027149,444927913,3,fdfeb1f39a96733e4d0a06cc99187cf4e7f7376569b40239aaebd1c7ff9fad74,10.010833506999916,pyvrp,10.0,2.577496276910312e-16,cvrp20_42462.json,0
"[""accepted""]",not_selected,True,8.881784197001252e-16,cvrp_s7799_n20-50-100_x66667_cvrp20_4251,0.0,True,True,0.0,0.0,0.0,20,4,False,4.5998835630701125,False,False,,False,4.599883563070112,4,4,3.861743052936436e-16,4.599883563070113,True,314160,4.599883563070112,1275427268,4,a7f46c3f61eb4357fb523f1c7992766a9eced598b6413ed6beaadb35aa40a6bb,10.011223514000449,pyvrp,10.0,1.9308715264682177e-16,cvrp20_4251.json,0
"[""accepted""]",not_selected,True,0.0,cvrp_s7799_n20-50-100_x66667_cvrp20_42596,0.0,True,True,0.0,0.0,0.0,20,4,False,7.004485658922206,False,False,,False,7.004485658922206,4,4,2.536027519932965e-16,7.004485658922208,True,314161,7.004485658922206,3140006316,4,b4bb3c10f6a10d4f4a9a8b8c373b270e2e78e8c9b730c23ab6b9c9606a1898ad,10.009824972999922,pyvrp,10.0,0.0,cvrp20_42596.json,0
"[""accepted""]",not_selected,True,8.881784197001252e-16,cvrp_s7799_n20-50-100_x66667_cvrp20_42638,0.0,True,True,0.0,0.0,0.0,20,4,False,6.184014966509358,False,False,,False,6.184014966509357,4,4,1.4362488197557975e-16,6.184014966509358,True,314159,6.184014966509357,3716293701,4,18634dd78978244d2d87e8936cce453019c3f1cb8c645666d3d9d66cea5df0dd,10.013525888000004,pyvrp,10.0,1.4362488197557973e-16,cvrp20_42638.json,0
"[""accepted""]",not_selected,True,-8.881784197001252e-16,cvrp_s7799_n20-50-100_x66667_cvrp20_42729,0.0,True,True,0.0,0.0,0.0,20,4,False,6.11885948717085,False,False,,False,6.118859487170851,4,4,1.4515424346029364e-16,6.118859487170852,True,314159,6.118859487170851,3651590867,4,780f3e78c26f32f27600eda64f7ff51647185fbcb22ef0ae7b3b0ea38e699464,10.01092501599851,pyvrp,10.0,-1.4515424346029367e-16,cvrp20_42729.json,0
"[""accepted""]",not_selected,True,8.881784197001252e-16,cvrp_s7799_n20-50-100_x66667_cvrp20_42787,0.0,True,True,0.0,0.0,0.0,20,4,False,7.036233803087838,False,False,,False,7.036233803087837,4,4,2.524584726875761e-16,7.036233803087839,True,314162,7.036233803087837,3926693872,4,588cd52d5012dd946b43652d2fbfd64a4ff24c83d7ad3dd5ee4d38b24e7cf00a,10.012877529999969,pyvrp,10.0,1.2622923634378804e-16,cvrp20_42787.json,0
"[""accepted""]",not_selected,True,1.7763568394002505e-15,cvrp_s7799_n20-50-100_x66667_cvrp20_43057,0.0,True,True,0.0,0.0,0.0,20,4,False,6.8246470001891275,False,False,,False,6.824647000189126,4,4,1.3014276338036414e-16,6.824647000189127,True,314159,6.824647000189126,3039409198,4,c8ce7bc724987fa465b019cf7eb723cb66e70ff6ded777ef5949b21f5e4602f4,10.008072296999671,pyvrp,10.0,2.6028552676072818e-16,cvrp20_43057.json,0
"[""accepted""]",not_selected,True,0.0,cvrp_s7799_n20-50-100_x66667_cvrp20_43213,0.0,True,True,0.0,0.0,0.0,20,4,False,6.20775739017101,False,False,,False,6.20775739017101,4,4,2.8615113764156234e-16,6.207757390171012,True,314159,6.20775739017101,399241534,4,46aaf72be5c34302c43e7b30ada215d56f7da4305835510f4e2541e2aa89174a,10.012215013999594,pyvrp,10.0,0.0,cvrp20_43213.json,0
"[""accepted""]",not_selected,True,0.0,cvrp_s7799_n20-50-100_x66667_cvrp20_43467,0.0,True,True,0.0,0.0,0.0,20,4,False,5.463710423561484,False,False,,False,5.463710423561484,4,4,3.2511914096690795e-16,5.463710423561486,True,314159,5.463710423561484,2696230683,4,ba19f4235beccf453e7b6cd4169cdca4b54c3aa816c4bfca80cf9248dce853d0,10.011184966000656,pyvrp,10.0,0.0,cvrp20_43467.json,0
"[""accepted""]",not_selected,True,0.0,cvrp_s7799_n20-50-100_x66667_cvrp20_43543,0.0,True,True,0.0,0.0,0.0,20,4,False,6.605874738417773,False,False,,False,6.605874738417773,4,4,1.3445280978985989e-16,6.605874738417774,True,314159,6.605874738417773,3246410956,4,d1bad2bd8d8a7e1a851f923b96201d87c4e8da364ca7bc1b95b4b7ce54c436da,10.010752666999906,pyvrp,10.0,0.0,cvrp20_43543.json,0
"[""accepted""]",not_selected,True,0.0,cvrp_s7799_n20-50-100_x66667_cvrp20_43553,0.0,True,True,0.0,0.0,0.0,20,4,False,6.647133757085738,False,False,,False,6.647133757085738,4,4,1.3361825595179895e-16,6.647133757085739,True,314160,6.647133757085738,3807104101,4,579d0f8b2daa4654f23777e185fb96dc7f5bd0d0e6278318f4432c1991da2dd6,10.006484728999567,pyvrp,10.0,0.0,cvrp20_43553.json,0
"[""accepted""]",not_selected,True,0.0,cvrp_s7799_n20-50-100_x66667_cvrp20_43675,0.0,True,True,0.0,0.0,0.0,20,4,False,5.46653574620414,False,False,,False,5.46653574620414,4,4,1.6247555324537294e-16,5.466535746204141,True,314159,5.46653574620414,2820538927,3,f45d1e1e98ea38dfc9c224cf58f197cfd3d2f66b34bc5c531a7bafa359114247,10.01084503400125,pyvrp,10.0,0.0,cvrp20_43675.json,0
"[""accepted""]",not_selected,True,1.7763568394002505e-15,cvrp_s7799_n20-50-100_x66667_cvrp20_4376,0.0,True,True,0.0,0.0,0.0,20,4,False,8.403972094286745,False,False,,False,8.403972094286743,4,4,2.1137110160180896e-16,8.403972094286745,True,314160,8.403972094286743,226204815,4,bf0952aea003b433a47d0c834b200ef41c8d07ac68dd256fe4803ebc69bf9aeb,10.013081564999084,pyvrp,10.0,2.113711016018089e-16,cvrp20_4376.json,0
"[""accepted""]",not_selected,True,0.0,cvrp_s7799_n20-50-100_x66667_cvrp20_43831,0.0,True,True,0.0,0.0,0.0,20,4,False,6.503800272871011,False,False,,False,6.503800272871011,4,4,4.0968897372430443e-16,6.503800272871014,True,314159,6.503800272871011,25773029,3,c34bd520609989616427add0743892d60e06478ebf8d56134ed18dea2d447e3b,10.011223717001485,pyvrp,10.0,0.0,cvrp20_43831.json,0
"[""accepted""]",not_selected,True,0.0,cvrp_s7799_n20-50-100_x66667_cvrp20_43965,0.0,True,True,0.0,0.0,0.0,20,4,False,4.742262954158943,False,False,,False,4.742262954158943,4,4,1.8728999810548186e-16,4.742262954158944,True,314159,4.742262954158943,3829434261,3,c40fc640786e5d17278eae9b67a8537509d4ac132ac270238e9aed42ddee70b5,10.014314496000225,pyvrp,10.0,0.0,cvrp20_43965.json,0
"[""accepted""]",not_selected,True,0.0012859238497089365,cvrp_s7799_n20-50-100_x66667_cvrp20_44097,0.0,True,True,0.0,0.0,0.0,20,4,False,6.45248162891627,False,False,,False,6.451195705066561,4,4,0.00019933108659219586,6.452481628916271,True,314162,6.451195705066561,1862882147,4,e626f0da42b6dfed8d06ae104b30fb223b5d77c790efbf52c30288f3690996f4,10.010983018999468,pyvrp,10.0,0.00019929136162839638,cvrp20_44097.json,0
"[""accepted""]",not_selected,True,0.0,cvrp_s7799_n20-50-100_x66667_cvrp20_44282,0.0,True,True,0.0,0.0,0.0,20,4,False,6.610387063367208,False,False,,False,6.610387063367208,4,4,0.0,6.610387063367208,True,314159,6.610387063367208,2062757025,4,82387c86b6b7b1e26ce121d880f8f9447dc9733dc25c35a7383f175e88526b3b,10.01292572499915,pyvrp,10.0,0.0,cvrp20_44282.json,0
"[""accepted""]",not_selected,True,0.0,cvrp_s7799_n20-50-100_x66667_cvrp20_44327,0.0,True,True,0.0,0.0,0.0,20,4,False,6.026273346548208,False,False,,False,6.026273346548208,4,4,1.4738435657069313e-16,6.026273346548209,True,314162,6.026273346548208,249807593,4,e8a3f16725c418fd4e18102adf87988dfeaf2eaa40fcd905c7a6ed655ddef8d0,10.01218367399997,pyvrp,10.0,0.0,cvrp20_44327.json,0
"[""accepted""]",not_selected,True,2.6645352591003757e-15,cvrp_s7799_n20-50-100_x66667_cvrp20_44594,0.0,True,True,0.0,0.0,0.0,20,4,False,5.936398993559486,False,False,,False,5.936398993559483,4,4,2.992313760122012e-16,5.936398993559485,True,314161,5.936398993559483,526386986,4,dec35fe36de7494ba5a26c8526896b112937af906652a0773367631a62cb628a,10.010796604999996,pyvrp,10.0,4.488470640183016e-16,cvrp20_44594.json,0
"[""accepted""]",not_selected,True,0.0,cvrp_s7799_n20-50-100_x66667_cvrp20_44603,0.0,True,True,0.0,0.0,0.0,20,4,False,6.104461511942134,False,False,,False,6.104461511942134,4,4,1.4549660407598367e-16,6.104461511942135,True,314159,6.104461511942134,1993474269,4,22deb7d0d4370039001df43fbed79f18179a1b91b9fd7e7606855ec99a06fc45,10.010274686999765,pyvrp,10.0,0.0,cvrp20_44603.json,0
"[""accepted""]",not_selected,True,0.0,cvrp_s7799_n20-50-100_x66667_cvrp20_44662,0.0,True,True,0.0,0.0,0.0,20,4,False,5.5324990590387815,False,False,,False,5.5324990590387815,4,4,1.6053837700144818e-16,5.532499059038782,True,314159,5.5324990590387815,1762243945,4,548f987cb7e7d17b9191e631bf7c788287bb02d3d29c676959dc9094c26ef6cd,10.011105227998996,pyvrp,10.0,0.0,cvrp20_44662.json,0
"[""accepted""]",not_selected,True,-8.881784197001252e-16,cvrp_s7799_n20-50-100_x66667_cvrp20_44664,0.0,True,True,0.0,0.0,0.0,20,4,False,6.109974852238838,False,False,,False,6.109974852238839,4,4,2.9073063021680873e-16,6.109974852238841,True,314159,6.109974852238839,4217529769,4,33e674754447f273bea3cadbf1f1a74dd8e9163ae97165148695db0d0986a777,10.011629349999566,pyvrp,10.0,-1.453653151084044e-16,cvrp20_44664.json,0
"[""accepted""]",not_selected,True,1.7763568394002505e-15,cvrp_s7799_n20-50-100_x66667_cvrp20_44944,0.0,True,True,0.0,0.0,0.0,20,4,False,7.163167114198956,False,False,,False,7.163167114198954,4,4,2.479848384214191e-16,7.163167114198956,True,314162,7.163167114198954,3768978842,4,54b9118e73dab3f0ef38ea5b5c21ce0840bc7fb02aea8e63a5b6071ee866a985,10.01178845100003,pyvrp,10.0,2.4798483842141903e-16,cvrp20_44944.json,0
"[""accepted""]",not_selected,True,2.6645352591003757e-15,cvrp_s7799_n20-50-100_x66667_cvrp20_45008,0.0,True,True,0.0,0.0,0.0,20,4,False,5.890956634825244,False,False,,False,5.890956634825241,4,4,4.523094336408098e-16,5.890956634825244,True,314162,5.890956634825241,594980865,4,6d2114e73afa2e576a6cc8e4c6e1bbc98e54888a2efd87d513de3da620a99a79,10.013078230000247,pyvrp,10.0,4.523094336408096e-16,cvrp20_45008.json,0
"[""accepted""]",not_selected,True,8.881784197001252e-16,cvrp_s7799_n20-50-100_x66667_cvrp20_45023,0.0,True,True,0.0,0.0,0.0,20,4,False,5.603090438394843,False,False,,False,5.603090438394842,4,4,1.5851581006330643e-16,5.603090438394843,True,314160,5.603090438394842,3409742479,4,108f513606988d580e627b89f3c19b1e71de18baaa684877ae872f070783c64a,10.011038405000363,pyvrp,10.0,1.585158100633064e-16,cvrp20_45023.json,0
"[""accepted""]",not_selected,True,-1.7763568394002505e-15,cvrp_s7799_n20-50-100_x66667_cvrp20_45071,0.0,True,True,0.0,0.0,0.0,20,4,False,5.865452373036237,False,False,,False,5.865452373036239,4,4,1.5142539112296321e-16,5.86545237303624,True,314159,5.865452373036239,680557482,4,9bb896cbc7ff8bbf52921e2fb3c201b49c71f5deec60d3299ef5a33413b09a4c,10.010846331999346,pyvrp,10.0,-3.0285078224592653e-16,cvrp20_45071.json,0
"[""accepted""]",not_selected,True,0.0015506439602193112,cvrp_s7799_n20-50-100_x66667_cvrp20_45149,0.042105263157894736,True,True,0.4,0.042105263157894736,0.028070175438596492,20,4,False,7.823444494560334,False,False,,False,7.821893850600115,4,4,0.00019824405570285643,7.823444494560335,True,314160,7.821893850600115,3670849885,4,604625bb6d5dfdfaa246fba2157207acb74e31bef55e85be73fe9139cae292ad,10.0079163219998,pyvrp,10.0,0.00019820476278670845,cvrp20_45149.json,0
"[""accepted""]",stable_control,True,1.7763568394002505e-15,cvrp_s7799_n20-50-100_x66667_cvrp20_45155,0.0,True,True,0.0,0.0,0.0,20,4,False,7.187765229033366,False,True,7.187765229033365,True,7.1877652290333645,4,4,2.4713617971620103e-16,7.187765229033366,True,314159,7.1877652290333645,2420850688,4,ed1b66735df0f3631642bf4a6df72c3b739b71ae4c5cd18116c9dc097b8f4a0d,10.011556981999092,pyvrp,10.0,2.47136179716201e-16,cvrp20_45155.json,0
"[""accepted""]",not_selected,True,2.6645352591003757e-15,cvrp_s7799_n20-50-100_x66667_cvrp20_45347,0.0,True,True,0.0,0.0,0.0,20,4,False,6.597746309495395,False,False,,False,6.597746309495393,4,4,4.038553672889196e-16,6.597746309495395,True,314161,6.597746309495393,3819247260,4,246ef8446fb6166a3bcbbaf5f83dff0e366fbe4ee81ea9d447a72225bcdb53f1,10.011942118000661,pyvrp,10.0,4.038553672889194e-16,cvrp20_45347.json,0
"[""accepted""]",not_selected,True,-8.881784197001252e-16,cvrp_s7799_n20-50-100_x66667_cvrp20_45499,0.0,True,True,0.0,0.0,0.0,20,4,False,6.467133762043415,False,False,,False,6.4671337620434155,4,4,1.3733725826315492e-16,6.467133762043416,True,314159,6.4671337620434155,510521396,4,c32df30073f62de7804ec5503ea5c8d69dcf254c543bc9b4c9a0e01eba66bbea,10.010813626000527,pyvrp,10.0,-1.3733725826315494e-16,cvrp20_45499.json,0
"[""accepted""]",not_selected,True,8.881784197001252e-16,cvrp_s7799_n20-50-100_x66667_cvrp20_45581,0.0,True,True,0.0,0.0,0.0,20,4,False,5.395792013569954,False,False,,False,5.395792013569953,4,4,3.292115105498629e-16,5.395792013569955,True,314159,5.395792013569953,1781460526,4,169ccd51d58d66b23dba938191972f1ee482955161a9fe3cfa8bc322a90d3da4,10.01157094500013,pyvrp,10.0,1.6460575527493141e-16,cvrp20_45581.json,0
"[""accepted""]",stable_control,True,8.881784197001252e-16,cvrp_s7799_n20-50-100_x66667_cvrp20_45757,0.0,True,True,0.0,0.0,0.0,20,4,False,5.552337360083537,False,True,5.631826140323644,True,5.552337360083536,4,4,1.5996477917306568e-16,5.552337360083537,True,314161,5.552337360083536,1139920117,4,f01e268ac5402c7418572547448b62a29db0d3b72205cb906ec1d9732cd6a99a,10.01060647200029,pyvrp,10.0,1.5996477917306565e-16,cvrp20_45757.json,0
"[""accepted""]",not_selected,True,8.881784197001252e-16,cvrp_s7799_n20-50-100_x66667_cvrp20_45795,0.0,True,True,0.0,0.0,0.0,20,4,False,5.084344043267256,False,False,,False,5.084344043267255,4,4,3.493777809455129e-16,5.084344043267257,True,314161,5.084344043267255,3766237550,4,dc73da5c1bd36a96ec7406fe9d0cfa27dd0c3c0cd323da972e5531ba1d716905,10.01136388300074,pyvrp,10.0,1.7468889047275641e-16,cvrp20_45795.json,0
"[""accepted""]",not_selected,True,0.0,cvrp_s7799_n20-50-100_x66667_cvrp20_45851,0.0,True,True,0.0,0.0,0.0,20,4,False,5.412326784256402,False,False,,False,5.412326784256402,4,4,0.0,5.412326784256402,True,314159,5.412326784256402,215735727,3,36ac8e52639d51e053c957580ba1ea0a14459483893925d1e52c17cc98a104ac,10.013009398999202,pyvrp,10.0,0.0,cvrp20_45851.json,0
"[""accepted""]",not_selected,True,8.881784197001252e-16,cvrp_s7799_n20-50-100_x66667_cvrp20_45913,0.0,True,True,0.0,0.0,0.0,20,4,False,5.206256248181249,False,False,,False,5.206256248181248,4,4,3.4119658248108753e-16,5.2062562481812495,True,314159,5.206256248181248,4197170898,3,353cbd04b509bc9e59ab921a073218404391bfdcd75600a24c5442085357c05d,10.010643059000358,pyvrp,10.0,1.7059829124054374e-16,cvrp20_45913.json,0
"[""accepted""]",not_selected,True,8.881784197001252e-16,cvrp_s7799_n20-50-100_x66667_cvrp20_45999,0.0,True,True,0.0,0.0,0.0,20,4,False,5.99886342515787,False,False,,False,5.998863425157869,4,4,1.480577830752584e-16,5.99886342515787,True,314160,5.998863425157869,1982440106,4,ac309ad6cfa56c201011b4b4d50436b825682f0ff3b482890d94ed2fdbbf461f,10.011542996999196,pyvrp,10.0,1.4805778307525836e-16,cvrp20_45999.json,0
"[""accepted""]",not_selected,True,-8.881784197001252e-16,cvrp_s7799_n20-50-100_x66667_cvrp20_46186,0.0,True,True,0.0,0.0,0.0,20,4,False,6.1254370306558075,False,False,,False,6.125437030655808,4,4,2.8999675133548276e-16,6.12543703065581,True,314162,6.125437030655808,1537692582,4,1684efb11e9e0601f42951607d2b5c6694546f72bdaf3295d3ae1077287659c4,10.013573153000834,pyvrp,10.0,-1.449983756677414e-16,cvrp20_46186.json,0
"[""accepted""]",not_selected,True,8.881784197001252e-16,cvrp_s7799_n20-50-100_x66667_cvrp20_46200,0.0,True,True,0.0,0.0,0.0,20,4,False,6.564674558888976,False,False,,False,6.564674558888975,4,4,2.7059328279951873e-16,6.564674558888977,True,314160,6.564674558888975,3223113521,5,f3d82e9bb0bd4ff664344d1afc94b198abb521b71026e90d838ded267ba9e394,10.012437691000741,pyvrp,10.0,1.3529664139975936e-16,cvrp20_46200.json,0
"[""accepted""]",not_selected,True,8.881784197001252e-16,cvrp_s7799_n20-50-100_x66667_cvrp20_46303,0.0,True,True,0.0,0.0,0.0,20,4,False,7.056118857347817,False,False,,False,7.056118857347816,4,4,1.2587350605286782e-16,7.056118857347817,True,314161,7.056118857347816,2117072008,5,788720efaac22136d64ddb0a941db5a594164201c7fb99fe7e7e01d67613d482,10.01282437899863,pyvrp,10.0,1.2587350605286782e-16,cvrp20_46303.json,0
"[""accepted""]",not_selected,True,8.881784197001252e-16,cvrp_s7799_n20-50-100_x66667_cvrp20_4631,0.0,True,True,0.0,0.0,0.0,20,4,False,5.882469221038258,False,False,,False,5.882469221038257,4,4,1.509873466950944e-16,5.882469221038258,True,314162,5.882469221038257,410500114,4,c51e29190d3d3f585b50054ad194b380f0e828493c899a3e04e8fdd000480076,10.012374075999105,pyvrp,10.0,1.5098734669509438e-16,cvrp20_4631.json,0
"[""accepted""]",not_selected,True,1.7763568394002505e-15,cvrp_s7799_n20-50-100_x66667_cvrp20_46368,0.0,True,True,0.0,0.0,0.0,20,4,False,6.10872372804611,False,False,,False,6.108723728046108,4,4,2.907901745899422e-16,6.10872372804611,True,314161,6.108723728046108,527369247,4,d61da769f6b0f66537f29bba5e6f0e25b6ac768ec9de062ab97f14a8c5d1ee4f,10.009323358000984,pyvrp,10.0,2.907901745899421e-16,cvrp20_46368.json,0
"[""accepted""]",not_selected,True,8.881784197001252e-16,cvrp_s7799_n20-50-100_x66667_cvrp20_46736,0.0,True,True,0.0,0.0,0.0,20,4,False,5.855540017380541,False,False,,False,5.85554001738054,4,4,4.550451796403824e-16,5.855540017380543,True,314160,5.85554001738054,3647059028,4,ebe62d283d7913e70933f315557bb09cc5e1958424db5d258f9191469e8b7a73,10.01185335199989,pyvrp,10.0,1.5168172654679412e-16,cvrp20_46736.json,0
"[""accepted""]",stable_control,True,1.7763568394002505e-15,cvrp_s7799_n20-50-100_x66667_cvrp20_46833,0.0,True,True,0.0,0.0,0.0,20,4,False,6.0115900375164335,False,True,6.011590037516432,True,6.011590037516432,4,4,2.9548868574113826e-16,6.0115900375164335,True,314161,6.011590037516432,2232715150,4,ff245454dc11b8e1ce65a7012b8c3c1fcc3906f6fbf42c5b09bc7bfd34d4cd55,10.011635340999419,pyvrp,10.0,2.9548868574113816e-16,cvrp20_46833.json,0
"[""accepted""]",not_selected,True,8.881784197001252e-16,cvrp_s7799_n20-50-100_x66667_cvrp20_47294,0.0,True,True,0.0,0.0,0.0,20,4,False,5.81104751871389,False,False,,False,5.811047518713889,4,4,1.5284308325475514e-16,5.81104751871389,True,314162,5.811047518713889,1822798932,3,c5106d7e99b3f2da99549f347d846e34839d03b1c37b64e9082ebf29f96cc41f,10.013566163001087,pyvrp,10.0,1.5284308325475512e-16,cvrp20_47294.json,0
"[""accepted""]",not_selected,True,0.0,cvrp_s7799_n20-50-100_x66667_cvrp20_47349,0.0,True,True,0.0,0.0,0.0,20,4,False,7.210723103145461,False,False,,False,7.210723103145461,4,4,1.231746673662568e-16,7.210723103145462,True,314159,7.210723103145461,1215895372,4,284b4896dc7857a4b387101de3de809ca07fa8c0796ab530623d4c578f6eff84,10.010609488999762,pyvrp,10.0,0.0,cvrp20_47349.json,0
"[""accepted""]",not_selected,True,0.0,cvrp_s7799_n20-50-100_x66667_cvrp20_47564,0.0,True,True,0.0,0.0,0.0,20,4,False,6.412129073126748,False,False,,False,6.412129073126748,4,4,1.3851536822963897e-16,6.412129073126749,True,314160,6.412129073126748,4198014542,4,ab3cb7b752bb55f3c0ea1a38f39f412f0fa5a6c0a1cada7c4f64533b5e887964,10.012519859999884,pyvrp,10.0,0.0,cvrp20_47564.json,0
"[""accepted""]",not_selected,True,8.881784197001252e-16,cvrp_s7799_n20-50-100_x66667_cvrp20_47580,0.0,True,True,0.0,0.0,0.0,20,4,False,6.736258774516932,False,False,,False,6.736258774516931,4,4,1.318504008575321e-16,6.736258774516932,True,314160,6.736258774516931,3226450302,4,164533a9684c77d46e083dc695cc5cac6b00c45ab5b19a0d4b85b99d603a73e7,10.007830636999643,pyvrp,10.0,1.3185040085753208e-16,cvrp20_47580.json,0
"[""accepted""]",not_selected,True,0.0,cvrp_s7799_n20-50-100_x66667_cvrp20_47745,0.0,True,True,0.0,0.0,0.0,20,4,False,7.86956786032185,False,False,,False,7.86956786032185,4,4,2.2572482643635287e-16,7.869567860321852,True,314161,7.86956786032185,3670467311,4,0b5e232a76617b43f14d212ead5d36db63f2aa9492a63463299656e4b40f91de,10.01311862700095,pyvrp,10.0,0.0,cvrp20_47745.json,0
"[""accepted""]",not_selected,True,0.0,cvrp_s7799_n20-50-100_x66667_cvrp20_47817,0.0,True,True,0.0,0.0,0.0,20,4,False,6.398074790385683,False,False,,False,6.398074790385683,4,4,0.0,6.398074790385683,True,314159,6.398074790385683,1421668622,3,74437b5f65eb6323f3b55afdc104ac5282422b8b944e7ce8304e1902458e991e,10.01219655299974,pyvrp,10.0,0.0,cvrp20_47817.json,0
"[""accepted""]",not_selected,True,-8.881784197001252e-16,cvrp_s7799_n20-50-100_x66667_cvrp20_47863,0.0,True,True,0.0,0.0,0.0,20,4,False,5.4981105370776175,False,False,,False,5.498110537077618,4,4,0.0,5.498110537077618,True,314159,5.498110537077618,3949122090,4,43993424530e4e767c1f4e561b1b4683477eed253eb9706d57a4941f529d1a7f,10.013210972998422,pyvrp,10.0,-1.6154248149623672e-16,cvrp20_47863.json,0
"[""accepted""]",not_selected,True,0.0,cvrp_s7799_n20-50-100_x66667_cvrp20_48010,0.0,True,True,0.0,0.0,0.0,20,4,False,5.440678776128404,False,False,,False,5.440678776128404,4,4,4.897431678545931e-16,5.440678776128407,True,314161,5.440678776128404,2244285748,4,094a1a291c6ee398744f418458b88bad481ed1079ea4f4af89e6a80a0b4b59a2,10.010450119998495,pyvrp,10.0,0.0,cvrp20_48010.json,0
"[""accepted""]",stable_control,True,0.0,cvrp_s7799_n20-50-100_x66667_cvrp20_48064,0.0,True,True,0.0,0.0,0.0,20,4,False,5.429921195084168,False,True,5.429921195084168,True,5.429921195084168,4,4,1.6357114362989532e-16,5.429921195084169,True,314159,5.429921195084168,2296521314,4,8330ff9d145923df0209bb88591749b660e5ddf4c7f0ce59d03ef5adf6629b64,10.010701352000979,pyvrp,10.0,0.0,cvrp20_48064.json,0
"[""accepted""]",stable_control,True,8.881784197001252e-16,cvrp_s7799_n20-50-100_x66667_cvrp20_48068,0.0,True,True,0.0,0.0,0.0,20,4,False,6.417867172641506,False,True,6.45375348116501,True,6.417867172641505,4,4,1.383915241322396e-16,6.417867172641506,True,314159,6.417867172641505,126740647,4,51b5c444eecc97167a026d60565d8cea343146846a6ff43a28212b2502a1051c,10.010080572001243,pyvrp,10.0,1.3839152413223958e-16,cvrp20_48068.json,0
"[""accepted""]",not_selected,True,-8.881784197001252e-16,cvrp_s7799_n20-50-100_x66667_cvrp20_48075,0.0,True,True,0.0,0.0,0.0,20,4,False,6.5844129796148305,False,False,,False,6.584412979614831,4,4,1.348910559604785e-16,6.584412979614832,True,314159,6.584412979614831,3839115986,4,0cc0511f511ad07e397a4b0b3401cb9ded0eeb6859a7fa8410e49ad146a775fb,10.012185445000796,pyvrp,10.0,-1.3489105596047852e-16,cvrp20_48075.json,0
"[""route_membership_ambiguous""]",unstable_matrix,True,0.0004772163864288359,cvrp_s7799_n20-50-100_x66667_cvrp20_48089,0.18947368421052632,False,False,0.6,0.18947368421052632,0.09473684210526316,20,4,True,5.123449669674372,False,True,5.123449669674371,True,5.122972453287943,4,4,9.315224525981366e-05,5.123449669674371,True,314161,5.122972453287943,1121865219,3,fc0aacb9b9b4ab72ea717d2f42fbaa2ac177ffd7b4b8977e025f8e56ae541967,10.011919079999643,pyvrp,10.0,9.314356872742854e-05,cvrp20_48089.json,0
"[""accepted""]",not_selected,True,0.0,cvrp_s7799_n20-50-100_x66667_cvrp20_48161,0.0,True,True,0.0,0.0,0.0,20,4,False,5.554446046664037,False,False,,False,5.554446046664037,4,4,3.198081004796362e-16,5.554446046664038,True,314160,5.554446046664037,3632735817,3,6a44eb14d671ece751a63697593cc742149bc14de6841b959d9bb99f0d8d4b40,10.009950789000868,pyvrp,10.0,0.0,cvrp20_48161.json,0
"[""accepted""]",not_selected,True,1.7763568394002505e-15,cvrp_s7799_n20-50-100_x66667_cvrp20_48195,0.0,True,True,0.0,0.0,0.0,20,4,False,6.026604137008562,False,False,,False,6.02660413700856,4,4,0.00010625127825209709,6.027244471401636,True,314159,6.02660413700856,100239547,5,8d7d1090d3d45b46d547ec6f00a0bc2eff5b90c1f0da1adcddeeffe1cb0386e3,10.00779514900023,pyvrp,10.0,2.947525337680441e-16,cvrp20_48195.json,0
"[""accepted""]",not_selected,True,2.6645352591003757e-15,cvrp_s7799_n20-50-100_x66667_cvrp20_48359,0.0,True,True,0.0,0.0,0.0,20,4,False,4.970247045520154,False,False,,False,4.970247045520152,4,4,5.360971466201081e-16,4.970247045520154,True,314162,4.970247045520152,1824056526,4,faa92827e945e04b537666bb7af602a17e35c5ebd3407c3abc891a390e02e433,10.012103466000553,pyvrp,10.0,5.360971466201078e-16,cvrp20_48359.json,0
"[""accepted""]",not_selected,True,1.7763568394002505e-15,cvrp_s7799_n20-50-100_x66667_cvrp20_48693,0.0,True,True,0.0,0.0,0.0,20,4,False,5.289378664349176,False,False,,False,5.289378664349174,4,4,5.037520336858376e-16,5.289378664349177,True,314161,5.289378664349174,2433834230,4,d7ea788d5e24e74fe45e8aeb976e932ebb8cec6928fc002b56b52f11d2bd9159,10.010933111001577,pyvrp,10.0,3.358346891238916e-16,cvrp20_48693.json,0
"[""accepted""]",not_selected,True,0.0,cvrp_s7799_n20-50-100_x66667_cvrp20_48812,0.0,True,True,0.0,0.0,0.0,20,4,False,6.301864972883703,False,False,,False,6.301864972883703,4,4,2.8187795946814744e-16,6.301864972883704,True,314160,6.301864972883703,3673029457,4,f99058499cf2403fa2eab1c5d353eef31938338f6e1aae37945566dcec98b8fe,10.00876657200024,pyvrp,10.0,0.0,cvrp20_48812.json,0
"[""accepted""]",not_selected,True,1.7763568394002505e-15,cvrp_s7799_n20-50-100_x66667_cvrp20_48940,0.0,True,True,0.0,0.0,0.0,20,4,False,6.95830960268691,False,False,,False,6.958309602686908,4,4,2.552856858674873e-16,6.95830960268691,True,314162,6.958309602686908,1155981389,4,e1de7db281b9868a23d4399cfaee01ebff8e2d901504fe243a6c2dcc44ce9a6a,10.012796891000107,pyvrp,10.0,2.5528568586748725e-16,cvrp20_48940.json,0
"[""accepted""]",not_selected,True,0.0,cvrp_s7799_n20-50-100_x66667_cvrp20_4902,0.0,True,True,0.0,0.0,0.0,20,4,False,7.209626143933228,False,False,,False,7.209626143933228,4,4,0.0,7.209626143933228,True,314159,7.209626143933228,3187379576,4,b0202a7dc403c051662ed9f703cae1ddeb56894fc2b7937f7212ca75f4e8a7f4,10.01092885700018,pyvrp,10.0,0.0,cvrp20_4902.json,0
"[""accepted""]",not_selected,True,8.881784197001252e-16,cvrp_s7799_n20-50-100_x66667_cvrp20_49061,0.0,True,True,0.0,0.0,0.0,20,4,False,7.034793296893466,False,False,,False,7.034793296893465,4,4,3.787652524598019e-16,7.034793296893468,True,314159,7.034793296893465,2874826154,4,eec448987194a995763428d0386df297e37307e060ded53ca88c84dc3ea14011,10.011887373000718,pyvrp,10.0,1.262550841532673e-16,cvrp20_49061.json,0
"[""accepted""]",not_selected,True,8.881784197001252e-16,cvrp_s7799_n20-50-100_x66667_cvrp20_49156,0.0,True,True,0.0,0.0,0.0,20,4,False,5.9085625508809,False,False,,False,5.908562550880899,4,4,4.509616740374737e-16,5.908562550880902,True,314160,5.908562550880899,1458295823,4,d278f3cfe919f769cfeb743658666239df7105df92fe248973cf2f6a9a1b5669,10.00963653100007,pyvrp,10.0,1.503205580124912e-16,cvrp20_49156.json,0
"[""accepted""]",not_selected,True,8.881784197001252e-16,cvrp_s7799_n20-50-100_x66667_cvrp20_49415,0.0,True,True,0.0,0.0,0.0,20,4,False,5.884295894647279,False,False,,False,5.884295894647278,4,4,0.0,5.884295894647278,True,314160,5.884295894647278,3744476790,4,d66c59a22c04be2d80ee885dc61c9a05de8d6860f61dd3cd894378bfc0b3351a,10.011252530999627,pyvrp,10.0,1.5094047539452724e-16,cvrp20_49415.json,0
"[""accepted""]",not_selected,True,1.7763568394002505e-15,cvrp_s7799_n20-50-100_x66667_cvrp20_49429,0.0,True,True,0.0,0.0,0.0,20,4,False,6.830933169183955,False,False,,False,6.830933169183953,4,4,2.600459989000976e-16,6.830933169183955,True,314159,6.830933169183953,1314906643,4,c1eb8ee1c81ec75cff0c86c8ba8f321c24cff03f8752c201eea1dfd8074bbd3e,10.010396147999927,pyvrp,10.0,2.6004599890009754e-16,cvrp20_49429.json,0
"[""accepted""]",stable_control,True,8.881784197001252e-16,cvrp_s7799_n20-50-100_x66667_cvrp20_49492,0.0,True,True,0.0,0.0,0.0,20,4,False,6.678107260876432,False,True,6.678107260876432,True,6.678107260876431,4,4,3.9899557689204944e-16,6.678107260876434,True,314159,6.678107260876431,686579382,4,378ea025f086fba67c430330b046a75141363a3fc2cee857a7cc4480281aa8c6,10.013115723999363,pyvrp,10.0,1.3299852563068311e-16,cvrp20_49492.json,0
"[""accepted""]",not_selected,True,8.881784197001252e-16,cvrp_s7799_n20-50-100_x66667_cvrp20_49628,0.0,True,True,0.0,0.0,0.0,20,4,False,4.9455812077539,False,False,,False,4.945581207753899,4,4,1.7959030140028843e-16,4.9455812077539,True,314162,4.945581207753899,4118942155,4,f729a283899bc1fcfc3deb584cbc4997c1b278e930d2301119c20bf5447d804b,10.011360219999915,pyvrp,10.0,1.795903014002884e-16,cvrp20_49628.json,0
"[""accepted""]",not_selected,True,8.881784197001252e-16,cvrp_s7799_n20-50-100_x66667_cvrp20_49668,0.0,True,True,0.0,0.0,0.0,20,4,False,4.9893425691521855,False,False,,False,4.989342569152185,4,4,1.7801512070778678e-16,4.9893425691521855,True,314160,4.989342569152185,2966605573,4,a1f906b8b197bb48f92c832a9d94ed71b2af8631fc367adae3388194b2a49e66,10.0074377130004,pyvrp,10.0,1.7801512070778676e-16,cvrp20_49668.json,0
"[""accepted""]",stable_control,True,0.0,cvrp_s7799_n20-50-100_x66667_cvrp20_49682,0.0,True,True,0.0,0.0,0.0,20,4,False,4.384961181365866,False,True,4.384961181365866,True,4.384961181365866,4,4,0.0,4.384961181365866,True,314159,4.384961181365866,3897930755,3,b042cbece757dfbbcba6bf2f544c1792aaeedc8183319cdb1eeb2c97eda058c7,10.013931317000242,pyvrp,10.0,0.0,cvrp20_49682.json,0
"[""accepted""]",not_selected,True,2.6645352591003757e-15,cvrp_s7799_n20-50-100_x66667_cvrp20_49687,0.0,True,True,0.0,0.0,0.0,20,4,False,5.867013436330351,False,False,,False,5.867013436330349,4,4,4.541553020146085e-16,5.867013436330351,True,314159,5.867013436330349,2612951131,5,8fc3a508cab702b7ea48d4320593e4db0993e003e028dca705aee4394c8bbbac,10.01096556399898,pyvrp,10.0,4.541553020146083e-16,cvrp20_49687.json,0
"[""accepted""]",not_selected,True,0.0,cvrp_s7799_n20-50-100_x66667_cvrp20_50427,0.0,True,True,0.0,0.0,0.0,20,4,False,4.90268978068103,False,False,,False,4.90268978068103,4,4,3.623229122919333e-16,4.9026897806810315,True,314159,4.90268978068103,3197183972,3,0ac3e651bd78e8c0b0635d1681137074162b0482f75938f777a63435a3dd8e48,10.01137638399996,pyvrp,10.0,0.0,cvrp20_50427.json,0
"[""accepted""]",not_selected,True,0.0,cvrp_s7799_n20-50-100_x66667_cvrp20_50473,0.0,True,True,0.0,0.0,0.0,20,4,False,7.717165978881299,False,False,,False,7.717165978881299,4,4,2.3018253647276817e-16,7.717165978881301,True,314162,7.717165978881299,2013982686,4,e5aa3da7e44e9a00d0f54ecca4781a95d910eb6f8207ac50776dfbf3b8fc766d,10.0072507090008,pyvrp,10.0,0.0,cvrp20_50473.json,0
"[""accepted""]",not_selected,True,0.0,cvrp_s7799_n20-50-100_x66667_cvrp20_50509,0.0,True,True,0.0,0.0,0.0,20,4,False,6.059689932580118,False,False,,False,6.059689932580118,4,4,1.4657159517763532e-16,6.059689932580119,True,314161,6.059689932580118,3560313046,4,d1b7842f6931efbbfecf0d27196d4d9ff827f96f13b42f716cb4704098546ea6,10.010361644001023,pyvrp,10.0,0.0,cvrp20_50509.json,0
"[""accepted""]",not_selected,True,8.881784197001252e-16,cvrp_s7799_n20-50-100_x66667_cvrp20_50554,0.0,True,True,0.0,0.0,0.0,20,4,False,7.508549011276462,False,False,,False,7.508549011276461,4,4,1.1828895547811495e-16,7.508549011276462,True,314159,7.508549011276461,1118764292,5,56f1bb64fd13a9691004b0a69796d88949f2fab7ddd55e96c9fce9a738b9ecb1,10.011125750999781,pyvrp,10.0,1.1828895547811492e-16,cvrp20_50554.json,0
"[""accepted""]",not_selected,True,0.0,cvrp_s7799_n20-50-100_x66667_cvrp20_50637,0.0,True,True,0.0,0.0,0.0,20,4,False,5.715431715151572,False,False,,False,5.715431715151572,4,4,1.5540005794235455e-16,5.715431715151573,True,314159,5.715431715151572,3055536640,4,0ee1efc4511210e7d2cbae018dc3eb5e938db76b951bf70edb1d98ae94ee5aad,10.01203328199881,pyvrp,10.0,0.0,cvrp20_50637.json,0
"[""accepted""]",not_selected,True,8.881784197001252e-16,cvrp_s7799_n20-50-100_x66667_cvrp20_50663,0.0,True,True,0.0,0.0,0.0,20,4,False,6.115520893895807,False,False,,False,6.115520893895806,4,4,2.904669725146908e-16,6.115520893895808,True,314162,6.115520893895806,1425865510,4,bd48439713a6cf5a778ae15e0df5a185c389c9ff47f87ca3a1c7dcdbc5da0f17,10.008375084998988,pyvrp,10.0,1.452334862573454e-16,cvrp20_50663.json,0
"[""accepted""]",not_selected,True,1.7763568394002505e-15,cvrp_s7799_n20-50-100_x66667_cvrp20_50820,0.0,True,True,0.0,0.0,0.0,20,4,False,6.825421932590915,False,False,,False,6.825421932590913,4,4,2.602559749336917e-16,6.825421932590915,True,314159,6.825421932590913,2970562240,5,fdba88c698d8f398a8c4301c73b93a9feee809755ec4a656a43805967607fb0f,10.009377751999637,pyvrp,10.0,2.6025597493369165e-16,cvrp20_50820.json,0
"[""accepted""]",not_selected,True,1.7763568394002505e-15,cvrp_s7799_n20-50-100_x66667_cvrp20_51106,0.0,True,True,0.0,0.0,0.0,20,4,False,6.580289848001638,False,False,,False,6.5802898480016365,4,4,5.399023083883489e-16,6.58028984800164,True,314161,6.5802898480016365,83669131,5,ecdbe16738cfd3c1017eb44afed9f3049c807ff41897bb280136a9a950d30e81,10.010862114000702,pyvrp,10.0,2.6995115419417436e-16,cvrp20_51106.json,0
"[""accepted""]",stable_control,True,8.881784197001252e-16,cvrp_s7799_n20-50-100_x66667_cvrp20_51109,0.0,True,True,0.0,0.0,0.0,20,4,False,5.893368943960309,False,True,5.893368943960309,True,5.893368943960308,4,4,1.5070809720989143e-16,5.893368943960309,True,314159,5.893368943960308,70384742,4,318d9f1d36030b9791a15f8462db3ddf5274042a74780c3de64b2a8443cbfb85,10.013592082999821,pyvrp,10.0,1.507080972098914e-16,cvrp20_51109.json,0
"[""accepted""]",not_selected,True,8.881784197001252e-16,cvrp_s7799_n20-50-100_x66667_cvrp20_51200,0.0,True,True,0.0,0.0,0.0,20,4,False,5.410792457728035,False,False,,False,5.410792457728034,4,4,3.2829883113759905e-16,5.410792457728036,True,314159,5.410792457728034,2004262723,4,aa364909177981b11d8247c36ec5d1149b16497e7f39e7a0dc8d87136f08ea54,10.010367364999183,pyvrp,10.0,1.641494155687995e-16,cvrp20_51200.json,0
"[""accepted""]",not_selected,True,0.0,cvrp_s7799_n20-50-100_x66667_cvrp20_51207,0.0,True,True,0.0,0.0,0.0,20,4,False,6.718184925033901,False,False,,False,6.718184925033901,4,4,2.644102327075027e-16,6.718184925033903,True,314162,6.718184925033901,984572469,4,b4305cd938df33d18256f2c69fc0e26f855f823a95d5d20616bd2fa02a8aa491,10.009650543999669,pyvrp,10.0,0.0,cvrp20_51207.json,0
"[""accepted""]",not_selected,True,8.881784197001252e-16,cvrp_s7799_n20-50-100_x66667_cvrp20_51327,0.0,True,True,0.0,0.0,0.0,20,4,False,6.872347087228359,False,False,,False,6.872347087228358,4,4,2.5847891802517523e-16,6.87234708722836,True,314160,6.872347087228358,510915936,4,b648b66349c09c9d13888dd7f7193ff135493afc6980f32228fd9cf1f11749a8,10.010740794999947,pyvrp,10.0,1.292394590125876e-16,cvrp20_51327.json,0
"[""accepted""]",not_selected,True,8.881784197001252e-16,cvrp_s7799_n20-50-100_x66667_cvrp20_51610,0.0,True,True,0.0,0.0,0.0,20,4,False,6.196716506148344,False,False,,False,6.196716506148343,4,4,1.4333049104616617e-16,6.196716506148344,True,314160,6.196716506148343,1758249972,4,4aa84e7a1ba3b32afb7c379bc275b75d9d305195e5e740868a5ecb210f939658,10.010291971999322,pyvrp,10.0,1.4333049104616615e-16,cvrp20_51610.json,0
"[""accepted""]",not_selected,True,0.0,cvrp_s7799_n20-50-100_x66667_cvrp20_51917,0.0,True,True,0.0,0.0,0.0,20,4,False,5.2675579312753165,False,False,,False,5.2675579312753165,4,4,3.3722587631232387e-16,5.267557931275318,True,314162,5.2675579312753165,4210657296,4,9d10fd82e7d3327d568a65af5ee07cc5cf382abcf1492d099bb93d6089ce2c68,10.010853089999728,pyvrp,10.0,0.0,cvrp20_51917.json,0
"[""accepted""]",not_selected,True,0.0,cvrp_s7799_n20-50-100_x66667_cvrp20_51973,0.0,True,True,0.0,0.0,0.0,20,4,False,7.0656479500074925,False,False,,False,7.0656479500074925,4,4,2.51407493264417e-16,7.065647950007494,True,314159,7.0656479500074925,2398135652,4,6d410df27f2415e6c7b3ab8bace9c509d3f0ad9048bcff832f5e514ccff016f1,10.008979876000012,pyvrp,10.0,0.0,cvrp20_51973.json,0
"[""accepted""]",not_selected,True,0.0,cvrp_s7799_n20-50-100_x66667_cvrp20_52259,0.0,True,True,0.0,0.0,0.0,20,4,False,6.442100735202829,False,False,,False,6.442100735202829,4,4,2.7574186005713274e-16,6.442100735202831,True,314160,6.442100735202829,2395218945,3,05531413c577af71430b687331dbd6eb61b40eb7ee18af7ad4b541299b4378e7,10.00963890499952,pyvrp,10.0,0.0,cvrp20_52259.json,0
"[""accepted""]",stable_control,True,1.7763568394002505e-15,cvrp_s7799_n20-50-100_x66667_cvrp20_52270,0.0,True,True,0.0,0.0,0.0,20,4,False,6.713720376975188,False,True,6.848084263249928,True,6.7137203769751865,4,4,2.645860625194185e-16,6.713720376975188,True,314159,6.7137203769751865,3625636362,4,82cfa767c3fb8da1f201393a4caad020c28bda5ddd7402babbc6af65ee3e1117,10.010222531000181,pyvrp,10.0,2.645860625194184e-16,cvrp20_52270.json,0
"[""accepted""]",stable_control,True,1.7763568394002505e-15,cvrp_s7799_n20-50-100_x66667_cvrp20_52315,0.0,True,True,0.0,0.0,0.0,20,4,False,7.242752259798828,False,True,7.242752259798827,True,7.242752259798826,4,4,2.452599199423108e-16,7.242752259798828,True,314159,7.242752259798826,502746508,4,6900de7c76a34f456bb1db205451957e516dba51a5fa40dc712c0648e8313970,10.011432055000114,pyvrp,10.0,2.452599199423107e-16,cvrp20_52315.json,0
"[""accepted""]",not_selected,True,8.881784197001252e-16,cvrp_s7799_n20-50-100_x66667_cvrp20_52383,0.0,True,True,0.0,0.0,0.0,20,4,False,5.975678600136873,False,False,,False,5.975678600136872,4,4,1.486322272552914e-16,5.975678600136873,True,314159,5.975678600136872,1443820781,4,74de68311a3220ce032546b0424388d4f87d8c7b20e52d638df086c8b275d24f,10.01193612300085,pyvrp,10.0,1.4863222725529138e-16,cvrp20_52383.json,0
"[""accepted""]",not_selected,True,8.881784197001252e-16,cvrp_s7799_n20-50-100_x66667_cvrp20_52408,0.0,True,True,0.0,0.0,0.0,20,4,False,6.977226282741729,False,False,,False,6.977226282741728,4,4,2.545935544320951e-16,6.9772262827417295,True,314161,6.977226282741728,3394928112,4,cf46f181906676af6e55fde0f867cc1f856a9c013f78ee0504205c78941ce760,10.013563037000495,pyvrp,10.0,1.2729677721604753e-16,cvrp20_52408.json,0
"[""accepted""]",not_selected,True,0.0,cvrp_s7799_n20-50-100_x66667_cvrp20_52433,0.0,True,True,0.0,0.0,0.0,20,4,False,5.856829487315439,False,False,,False,5.856829487315439,4,4,1.5164833151173647e-16,5.85682948731544,True,314159,5.856829487315439,856731993,3,2a24a7e325d17c4a7011144c4c1f8fe99866fcffdf98fffcdcfee8481effebc3,10.013479735000146,pyvrp,10.0,0.0,cvrp20_52433.json,0
"[""accepted""]",stable_control,True,1.7763568394002505e-15,cvrp_s7799_n20-50-100_x66667_cvrp20_5247,0.0,True,True,0.0,0.0,0.0,20,4,False,7.159427627829071,False,True,7.389105308690961,True,7.15942762782907,4,4,2.4811436496619623e-16,7.159427627829071,True,314160,7.15942762782907,2290129778,4,d8dae183b8382a2b8be58a7fde162c2de30bfbc09834a327b820d469e42455ff,10.013932552999904,pyvrp,10.0,2.481143649661962e-16,cvrp20_5247.json,0
"[""accepted""]",not_selected,True,0.0,cvrp_s7799_n20-50-100_x66667_cvrp20_52472,0.0,True,True,0.0,0.0,0.0,20,4,False,5.43165256907259,False,False,,False,5.43165256907259,4,4,3.270380085638557e-16,5.431652569072591,True,314159,5.43165256907259,1578732862,4,d5f0845e0e705f443fd1d26fbb56afe698e6292289d165be5273290adfae7eba,10.010515285999645,pyvrp,10.0,0.0,cvrp20_52472.json,0
"[""accepted""]",not_selected,True,8.881784197001252e-16,cvrp_s7799_n20-50-100_x66667_cvrp20_52679,0.0,True,True,0.0,0.0,0.0,20,4,False,4.819675673684601,False,False,,False,4.8196756736846,4,4,1.8428178156251759e-16,4.819675673684601,True,314159,4.8196756736846,3619971797,4,ff969f250e4b02f759f8a002687d9fbb015ec3946000dbdce7a4b939f4bfbfdd,10.014798083000642,pyvrp,10.0,1.8428178156251756e-16,cvrp20_52679.json,0
"[""accepted""]",not_selected,True,0.0,cvrp_s7799_n20-50-100_x66667_cvrp20_52964,0.0,True,True,0.0,0.0,0.0,20,4,False,5.929152582394155,False,False,,False,5.929152582394155,4,4,2.9959708655076787e-16,5.929152582394157,True,314160,5.929152582394155,1606998944,4,6bedd9248f2cdd003843f9faff5f72596b621c1013b2d9f636b4da1fae7ba0ec,10.014006146999236,pyvrp,10.0,0.0,cvrp20_52964.json,0
"[""accepted""]",not_selected,True,-8.881784197001252e-16,cvrp_s7799_n20-50-100_x66667_cvrp20_52990,0.0,True,True,0.0,0.0,0.0,20,4,False,4.787942901742553,False,False,,False,4.787942901742554,4,4,0.0,4.787942901742554,True,314159,4.787942901742554,2795707703,3,b041d311d871a32e7e911a9ae9df897f704774f7a4ecd9bb2ec098d7a0120721,10.011429578000389,pyvrp,10.0,-1.8550313525603579e-16,cvrp20_52990.json,0
"[""accepted""]",not_selected,True,8.881784197001252e-16,cvrp_s7799_n20-50-100_x66667_cvrp20_53069,0.0,True,True,0.0,0.0,0.0,20,4,False,6.250308257238488,False,False,,False,6.250308257238487,4,4,1.4210153853956324e-16,6.250308257238488,True,314159,6.250308257238487,1125526625,4,d79201546558b88ae3673ee3f43169b882b7881fe0b89cdfca48fe6e69abc067,10.008035200999075,pyvrp,10.0,1.4210153853956322e-16,cvrp20_53069.json,0
"[""accepted""]",not_selected,True,3.552713678800501e-15,cvrp_s7799_n20-50-100_x66667_cvrp20_5308,0.0,True,True,0.0,0.0,0.0,20,4,False,7.502575936393483,False,False,,False,7.502575936393479,4,4,2.3676625927683083e-16,7.502575936393481,True,314159,7.502575936393479,2772733046,4,d5fb6695f0c20d9e7fabbb0922a15be91703a4972001b6d194760e4c95de82e4,10.010286364000422,pyvrp,10.0,4.735325185536615e-16,cvrp20_5308.json,0
"[""accepted""]",not_selected,True,1.7763568394002505e-15,cvrp_s7799_n20-50-100_x66667_cvrp20_53251,0.0,True,True,0.0,0.0,0.0,20,4,False,6.016875085528741,False,False,,False,6.016875085528739,4,4,2.952291370769169e-16,6.016875085528741,True,314160,6.016875085528739,1520916571,4,398f0cde6316c21c03e44b8c8ecbe2564ad805a09ab8b86b7225db688cf0e5a8,10.012459923998904,pyvrp,10.0,2.9522913707691686e-16,cvrp20_53251.json,0
"[""accepted""]",not_selected,True,1.7763568394002505e-15,cvrp_s7799_n20-50-100_x66667_cvrp20_53273,0.0,True,True,0.0,0.0,0.0,20,4,False,5.296445425889205,False,False,,False,5.296445425889203,4,4,1.676933015034346e-16,5.296445425889204,True,314160,5.296445425889203,4253547756,3,41c96110889522aed8b631f15b4205e38d5df229e9637de217122ab03af88f6a,10.011773493000874,pyvrp,10.0,3.353866030068691e-16,cvrp20_53273.json,0
"[""accepted""]",stable_control,True,0.0,cvrp_s7799_n20-50-100_x66667_cvrp20_53487,0.0,True,True,0.0,0.0,0.0,20,4,False,5.929857200132023,False,True,5.965303556536535,True,5.929857200132023,4,4,1.497807434014348e-16,5.929857200132024,True,314159,5.929857200132023,4195060271,3,5007c22b2d7f36c03f6dc6405842b0eb6f5b70d6d48438c8c4a025f54f9fd51f,10.010521538999456,pyvrp,10.0,0.0,cvrp20_53487.json,0
"[""accepted""]",not_selected,True,0.0,cvrp_s7799_n20-50-100_x66667_cvrp20_53730,0.0,True,True,0.0,0.0,0.0,20,4,False,6.257862950224981,False,False,,False,6.257862950224981,4,4,1.4192998900178754e-16,6.257862950224982,True,314159,6.257862950224981,834548459,4,71d21d7a6e30614faef2bfb5157e36a13b866f7d3638d39ba383523fb53d08d0,10.01155767400087,pyvrp,10.0,0.0,cvrp20_53730.json,0
"[""accepted""]",not_selected,True,1.7763568394002505e-15,cvrp_s7799_n20-50-100_x66667_cvrp20_53875,0.0,True,True,0.0,0.0,0.0,20,4,False,7.05505181623675,False,False,,False,7.055051816236748,4,4,2.517850875754136e-16,7.05505181623675,True,314161,7.055051816236748,4009443806,4,83b34793f792708bda8b881d75c8e7710e4a7e0da4a31446178a8d305d8eddae,10.008859554000082,pyvrp,10.0,2.5178508757541357e-16,cvrp20_53875.json,0
"[""accepted""]",not_selected,True,1.7763568394002505e-15,cvrp_s7799_n20-50-100_x66667_cvrp20_53959,0.0,True,True,0.0,0.0,0.0,20,4,False,7.382207390680722,False,False,,False,7.38220739068072,4,4,1.2031339309450442e-16,7.382207390680721,True,314160,7.38220739068072,3602574789,4,67cf590a3de7f696b4ea0c44f5d27eb4d31d1f5cffc8f007ef1b68891a24e0ac,10.01060780700027,pyvrp,10.0,2.406267861890088e-16,cvrp20_53959.json,0
"[""accepted""]",stable_control,True,1.7763568394002505e-15,cvrp_s7799_n20-50-100_x66667_cvrp20_53961,0.0,True,True,0.0,0.0,0.0,20,4,False,5.000792346171472,False,True,5.000792346171471,True,5.00079234617147,4,4,3.5521507721875357e-16,5.000792346171472,True,314162,5.00079234617147,3259496451,4,eda3a731ad9753daf60352918fc2cbc8f8811d06a986a766bb5bc670e3257366,10.01223111299987,pyvrp,10.0,3.552150772187534e-16,cvrp20_53961.json,0
"[""accepted""]",not_selected,True,8.881784197001252e-16,cvrp_s7799_n20-50-100_x66667_cvrp20_53997,0.0,True,True,0.0,0.0,0.0,20,4,False,4.916110771722454,False,False,,False,4.916110771722453,4,4,3.6133377010499503e-16,4.916110771722455,True,314159,4.916110771722453,1923693095,4,e65c80cfc3acbf7ac24d82a9b28b548ebf8f9f08a947183230181b57853fe253,10.01311935999911,pyvrp,10.0,1.806668850524975e-16,cvrp20_53997.json,0
"[""accepted""]",not_selected,True,0.0,cvrp_s7799_n20-50-100_x66667_cvrp20_54046,0.0,True,True,0.0,0.0,0.0,20,4,False,4.361786140566869,False,False,,False,4.361786140566869,4,4,2.0362722771747248e-16,4.36178614056687,True,314160,4.361786140566869,2716064460,3,755230c8487487839c05aa86ec545053a20f8be942ef8725bb302215494ac16a,10.009044225000252,pyvrp,10.0,0.0,cvrp20_54046.json,0
"[""accepted""]",not_selected,True,-8.881784197001252e-16,cvrp_s7799_n20-50-100_x66667_cvrp20_5410,0.0,True,True,0.0,0.0,0.0,20,4,False,5.323839201312465,False,False,,False,5.323839201312466,4,4,1.6683043685488586e-16,5.323839201312467,True,314162,5.323839201312466,2073570857,4,7c185bbd19c340bdcb51862ae977990a114bd8c92a04e471f561f504be2ead3a,10.010829524000656,pyvrp,10.0,-1.6683043685488588e-16,cvrp20_5410.json,0
"[""accepted""]",not_selected,True,0.0,cvrp_s7799_n20-50-100_x66667_cvrp20_54247,0.0,True,True,0.0,0.0,0.0,20,4,False,4.462687533941791,False,False,,False,4.462687533941791,4,4,1.9902321481056446e-16,4.462687533941792,True,314160,4.462687533941791,1101024618,3,5f5f7e6776bde21e9ae13bb33ad434b80f75a4877bc40786906e6050a27547d6,10.010518391000005,pyvrp,10.0,0.0,cvrp20_54247.json,0
"[""accepted""]",stable_control,True,-8.881784197001252e-16,cvrp_s7799_n20-50-100_x66667_cvrp20_54318,0.0,True,True,0.0,0.0,0.0,20,4,False,5.496888691392812,False,True,5.496888691392813,True,5.4968886913928126,4,4,1.6157838907869115e-16,5.496888691392813,True,314162,5.4968886913928126,1336494855,4,292d971184f2b16bda0c49b34999b98df5b3d577ea3100435c77436d13e1b959,10.011767562000387,pyvrp,10.0,-1.6157838907869117e-16,cvrp20_54318.json,0
"[""route_membership_ambiguous""]",unstable_matrix,True,0.0,cvrp_s7799_n20-50-100_x66667_cvrp20_54474,0.0,False,False,0.65,0.13157894736842105,0.06578947368421052,20,4,True,5.112739025016888,False,True,5.1127390250168885,True,5.112739025016888,4,4,0.00020575841147353114,5.113791014076954,True,314160,5.112739025016888,2539710670,3,e1da3c712d473bf944869d49071a09dcd2aa817edb4c0dfed6aabbfc4de825ff,10.013655906999702,pyvrp,10.0,0.0,cvrp20_54474.json,0
"[""accepted""]",not_selected,True,2.6645352591003757e-15,cvrp_s7799_n20-50-100_x66667_cvrp20_54778,0.0,True,True,0.0,0.0,0.0,20,4,False,7.487505664783269,False,False,,False,7.487505664783266,4,4,3.558642061044108e-16,7.487505664783269,True,314161,7.487505664783266,4189915536,4,4394f6190ba8af6d0c992243de62ca3d038f6fc4665094028dc36241c58cddcb,10.011662008000712,pyvrp,10.0,3.5586420610441065e-16,cvrp20_54778.json,0
"[""accepted""]",stable_control,True,8.881784197001252e-16,cvrp_s7799_n20-50-100_x66667_cvrp20_54825,0.0,True,True,0.0,0.0,0.0,20,4,False,6.684801453842339,False,True,6.68480145384234,True,6.684801453842338,4,4,3.985960207642121e-16,6.684801453842341,True,314159,6.684801453842338,4130941333,4,365f72f0984e60c279cbbd87ae9486a95634f90b0096459499cb95f16dec5ed3,10.007962469000631,pyvrp,10.0,1.3286534025473734e-16,cvrp20_54825.json,0
"[""accepted""]",not_selected,True,0.0,cvrp_s7799_n20-50-100_x66667_cvrp20_5490,0.0,True,True,0.0,0.0,0.0,20,4,False,5.447833957278059,False,False,,False,5.447833957278059,4,4,3.2606662635653907e-16,5.4478339572780605,True,314159,5.447833957278059,47866363,4,b982e4a45053da62427b1a6b71f49c68dec10b971eaeac228e1e5f5734944e52,10.011152553999636,pyvrp,10.0,0.0,cvrp20_5490.json,0
"[""accepted""]",not_selected,True,8.881784197001252e-16,cvrp_s7799_n20-50-100_x66667_cvrp20_54976,0.0,True,True,0.0,0.0,0.0,20,4,False,5.297644579467605,False,False,,False,5.297644579467604,4,4,5.029660293609491e-16,5.297644579467606,True,314161,5.297644579467604,2353837992,3,bd46537a80e038c1c2b5bc20a4cab35f177d7c1592a76f14227b4d0a96afbdc9,10.012009653999485,pyvrp,10.0,1.6765534312031633e-16,cvrp20_54976.json,0
"[""accepted""]",not_selected,True,8.881784197001252e-16,cvrp_s7799_n20-50-100_x66667_cvrp20_55127,0.0,True,True,0.0,0.0,0.0,20,4,False,5.989891514885263,False,False,,False,5.9898915148852625,4,4,2.9655910044211827e-16,5.989891514885264,True,314161,5.9898915148852625,365902351,4,d7b7aa2a4539d4ada90a6bbe33c363de5ec46b183e284c857b9efbc60cfd8401,10.011835569999675,pyvrp,10.0,1.482795502210591e-16,cvrp20_55127.json,0
"[""accepted""]",not_selected,True,1.7763568394002505e-15,cvrp_s7799_n20-50-100_x66667_cvrp20_55269,0.0,True,True,0.0,0.0,0.0,20,4,False,5.180303350398059,False,False,,False,5.180303350398058,4,4,1.714529747822349e-16,5.1803033503980584,True,314161,5.180303350398058,3469573624,2,42e523f96f49be3e211bc70e4fae5165930c3cab54f21b5de5a6aa69641e62fe,10.00818335599979,pyvrp,10.0,3.429059495644697e-16,cvrp20_55269.json,0
"[""accepted""]",not_selected,True,0.0,cvrp_s7799_n20-50-100_x66667_cvrp20_55273,0.0,True,True,0.0,0.0,0.0,20,4,False,5.013577469997869,False,False,,False,5.013577469997869,4,4,1.7715462162799745e-16,5.01357746999787,True,314159,5.013577469997869,3350985459,3,e150eafad81fd34c73464e5b910ebb36059d2dbf1d14908ce942242f60f8483e,10.011128049000035,pyvrp,10.0,0.0,cvrp20_55273.json,0
"[""accepted""]",not_selected,True,8.881784197001252e-16,cvrp_s7799_n20-50-100_x66667_cvrp20_55304,0.0,True,True,0.0,0.0,0.0,20,4,False,6.33740312804505,False,False,,False,6.337403128045049,4,4,2.8029727689868736e-16,6.337403128045051,True,314162,6.337403128045049,952903341,4,fabb790df024f1df70fc8538c4b347331cfcfa94410aa9a191648ec84151df76,10.010930736998489,pyvrp,10.0,1.4014863844934366e-16,cvrp20_55304.json,0
"[""accepted""]",not_selected,True,0.0,cvrp_s7799_n20-50-100_x66667_cvrp20_55357,0.0,True,True,0.0,0.0,0.0,20,4,False,5.1131503864998376,False,False,,False,5.1131503864998376,4,4,3.474094648360695e-16,5.113150386499839,True,314161,5.1131503864998376,2369642344,3,b8b3bdf1ca876e629301939dfe31fc3b2cb1188a304629cc67783feefcc5b2ec,10.01172907900036,pyvrp,10.0,0.0,cvrp20_55357.json,0
"[""accepted""]",not_selected,True,-8.881784197001252e-16,cvrp_s7799_n20-50-100_x66667_cvrp20_55376,0.0,True,True,0.0,0.0,0.0,20,4,False,5.166368463433642,False,False,,False,5.166368463433643,4,4,0.0,5.166368463433643,True,314159,5.166368463433643,191882065,3,5ca04d69efaeaab0e3ae21de22bb0674a3b27a701cb5b9e57383169adde67b2c,10.012737917999402,pyvrp,10.0,-1.719154229874323e-16,cvrp20_55376.json,0
"[""accepted""]",not_selected,True,1.7763568394002505e-15,cvrp_s7799_n20-50-100_x66667_cvrp20_55439,0.0,True,True,0.0,0.0,0.0,20,4,False,5.810624404399059,False,False,,False,5.810624404399057,4,4,3.057084257683945e-16,5.810624404399059,True,314159,5.810624404399057,968343006,4,4545e170f2edfd0a6a130dce19bf4ab8d2449e1196ed0f1c96c7955d0df85469,10.013803893998556,pyvrp,10.0,3.057084257683944e-16,cvrp20_55439.json,0
"[""accepted""]",not_selected,True,1.7763568394002505e-15,cvrp_s7799_n20-50-100_x66667_cvrp20_5564,0.0,True,True,0.0,0.0,0.0,20,4,False,5.413220912603859,False,False,,False,5.413220912603857,4,4,3.281515511891035e-16,5.413220912603859,True,314160,5.413220912603857,564689971,4,5f83f2232cfa4998ecaf8ad49a7c1caf7b1d7ece7357bfcaab484305adae2e5a,10.012851108000177,pyvrp,10.0,3.281515511891034e-16,cvrp20_5564.json,0
"[""accepted""]",not_selected,True,8.881784197001252e-16,cvrp_s7799_n20-50-100_x66667_cvrp20_55711,0.0,True,True,0.0,0.0,0.0,20,4,False,6.855234775082175,False,False,,False,6.855234775082174,4,4,3.886862152096659e-16,6.8552347750821765,True,314159,6.855234775082174,2023684490,5,a6ea17a5f959873df60c619ee87836ba3c4d27a591b2582fdd286b78721ecb08,10.012062268999216,pyvrp,10.0,1.295620717365553e-16,cvrp20_55711.json,0
"[""accepted""]",not_selected,True,3.552713678800501e-15,cvrp_s7799_n20-50-100_x66667_cvrp20_55928,0.0,True,True,0.0,0.0,0.0,20,4,False,7.991711625999688,False,False,,False,7.9917116259996845,4,4,4.445497842092233e-16,7.991711625999688,True,314160,7.9917116259996845,1570249466,4,08c57bf1dca10eb077e9af759f25b565152fee177f098d6c87b56cfacbbe473e,10.012121744000979,pyvrp,10.0,4.445497842092231e-16,cvrp20_55928.json,0
"[""accepted""]",not_selected,True,0.0,cvrp_s7799_n20-50-100_x66667_cvrp20_56106,0.0,True,True,0.0,0.0,0.0,20,4,False,5.256435251056835,False,False,,False,5.256435251056835,4,4,5.069091754844039e-16,5.256435251056837,True,314161,5.256435251056835,2161427283,4,ab814ca63a3fb11dde4b8db2dab19de6ddb6a01fd6f0c521f7a0870790e7287e,10.008657395999762,pyvrp,10.0,0.0,cvrp20_56106.json,0
"[""accepted""]",not_selected,True,8.881784197001252e-16,cvrp_s7799_n20-50-100_x66667_cvrp20_56113,0.0,True,True,0.0,0.0,0.0,20,4,False,6.164897546869806,False,False,,False,6.164897546869805,4,4,2.881405288401243e-16,6.164897546869807,True,314159,6.164897546869805,4238007206,4,fae1a8eb76f708ec6475d33eb556b1f3d2bdc4a9757c18ac603ecf9a506e171d,10.010473565998836,pyvrp,10.0,1.4407026442006212e-16,cvrp20_56113.json,0
"[""accepted""]",not_selected,True,8.881784197001252e-16,cvrp_s7799_n20-50-100_x66667_cvrp20_56185,0.0,True,True,0.0,0.0,0.0,20,4,False,4.8848381080808485,False,False,,False,4.884838108080848,4,4,1.8182351186436191e-16,4.8848381080808485,True,314159,4.884838108080848,554504405,4,c8a81543223f2b5b26273c0d01ad1cb8e1abc55f330015df94586ec98b4d1e0e,10.01080697100042,pyvrp,10.0,1.818235118643619e-16,cvrp20_56185.json,0
"[""accepted""]",not_selected,True,8.881784197001252e-16,cvrp_s7799_n20-50-100_x66667_cvrp20_56297,0.0,True,True,0.0,0.0,0.0,20,4,False,5.817911157334696,False,False,,False,5.817911157334695,4,4,3.053255354648688e-16,5.817911157334697,True,314161,5.817911157334695,40452996,4,00111c46bea322649cc4eb345c41282078b960fb7480b87f30b8d77d8a245392,10.01335616400138,pyvrp,10.0,1.5266276773243438e-16,cvrp20_56297.json,0
"[""accepted""]",not_selected,True,3.552713678800501e-15,cvrp_s7799_n20-50-100_x66667_cvrp20_56680,0.0,True,True,0.0,0.0,0.0,20,4,False,7.119931456804692,False,False,,False,7.1199314568046885,4,4,3.7423608292658714e-16,7.119931456804691,True,314161,7.1199314568046885,99576008,4,b43af959ef14514c796c59133c064d0ebc88674f17958a8de7710d37f32276ed,10.007060064001053,pyvrp,10.0,4.98981443902116e-16,cvrp20_56680.json,0
"[""accepted""]",not_selected,True,0.0,cvrp_s7799_n20-50-100_x66667_cvrp20_56735,0.0,True,True,0.0,0.0,0.0,20,4,False,7.575341261637151,False,False,,False,7.575341261637151,4,4,1.1724599447394082e-16,7.575341261637152,True,314159,7.575341261637151,1493359935,4,2d9d841fec5a0257bb0ad0e7ed24ab532c44b0f68e43c23e785ace5aad7e9838,10.010229704999801,pyvrp,10.0,0.0,cvrp20_56735.json,0
"[""accepted""]",not_selected,True,0.0,cvrp_s7799_n20-50-100_x66667_cvrp20_56850,0.0,True,True,0.0,0.0,0.0,20,4,False,6.046184941711515,False,False,,False,6.046184941711515,4,4,0.0,6.046184941711515,True,314159,6.046184941711515,1163615610,4,4b1e7320bc12676d3f9948bbc72b4d097c30c59dffdc4971a3179f4e77b82522,10.011364353000317,pyvrp,10.0,0.0,cvrp20_56850.json,0
"[""accepted""]",not_selected,True,1.7763568394002505e-15,cvrp_s7799_n20-50-100_x66667_cvrp20_56864,0.0,True,True,0.0,0.0,0.0,20,4,False,6.591684049832957,False,False,,False,6.591684049832955,4,4,2.694845241323826e-16,6.591684049832957,True,314161,6.591684049832955,1170852142,4,450957b2cfa8130cf28ad46c96b6bb154fae7c48375cb01e230d869f0bfb4427,10.010727711000072,pyvrp,10.0,2.694845241323825e-16,cvrp20_56864.json,0
"[""accepted""]",not_selected,True,0.0,cvrp_s7799_n20-50-100_x66667_cvrp20_56994,0.0,True,True,0.0,0.0,0.0,20,4,False,5.067594812698716,False,False,,False,5.067594812698716,4,4,1.7526626585741794e-16,5.067594812698717,True,314159,5.067594812698716,1241989703,3,0825acf396b27db074f0a3dba54bccbdd9c8af926567ae89da8458fa83fbf23e,10.011963193001066,pyvrp,10.0,0.0,cvrp20_56994.json,0
"[""accepted""]",not_selected,True,8.881784197001252e-16,cvrp_s7799_n20-50-100_x66667_cvrp20_57055,0.0,True,True,0.0,0.0,0.0,20,4,False,5.07665290048763,False,False,,False,5.0766529004876295,4,4,1.7495354461101973e-16,5.07665290048763,True,314160,5.0766529004876295,2653246378,3,e14f7e73b866d2ae9dd45858c3f9f32d072bf10de884a52e03f24f913b6e8774,10.01379024200105,pyvrp,10.0,1.749535446110197e-16,cvrp20_57055.json,0
"[""accepted""]",not_selected,True,-8.881784197001252e-16,cvrp_s7799_n20-50-100_x66667_cvrp20_57083,0.0,True,True,0.0,0.0,0.0,20,4,False,5.6133609281503105,False,False,,False,5.613360928150311,4,4,1.5822578150035216e-16,5.613360928150312,True,314159,5.613360928150311,967311367,4,bdd4315c73b2bd97b602cdde7aec5fb14e9a1b219c9f9332231199b632b464fd,10.010289859001205,pyvrp,10.0,-1.5822578150035219e-16,cvrp20_57083.json,0
"[""accepted""]",stable_control,True,8.881784197001252e-16,cvrp_s7799_n20-50-100_x66667_cvrp20_57146,0.0,True,True,0.0,0.0,0.0,20,4,False,6.212976261715912,False,True,6.3249034628954135,True,6.212976261715911,4,4,4.288661579988846e-16,6.212976261715914,True,314159,6.212976261715911,10890477,4,0d0e92aa086f5f751db79e87629a5df978598408c9bd0d4291141e1a866c128c,10.01330771799985,pyvrp,10.0,1.429553859996282e-16,cvrp20_57146.json,0
"[""accepted""]",not_selected,True,0.0,cvrp_s7799_n20-50-100_x66667_cvrp20_5715,0.0,True,True,0.0,0.0,0.0,20,4,False,5.396949450259288,False,False,,False,5.396949450259288,4,4,3.291409074277893e-16,5.39694945025929,True,314159,5.396949450259288,2152856910,4,3fc9d80e6b38b51f67ac0347c186237759d588fad5e3f6872c4d59323f429ed4,10.007175918999565,pyvrp,10.0,0.0,cvrp20_5715.json,0
"[""accepted""]",not_selected,True,0.0,cvrp_s7799_n20-50-100_x66667_cvrp20_57288,0.0,True,True,0.0,0.0,0.0,20,4,False,5.330778145688242,False,False,,False,5.330778145688242,4,4,1.666132777291663e-16,5.330778145688243,True,314159,5.330778145688242,2182549957,4,18498c7adc737d7f1e1401a5b607a861083d1f643863aa484dc265dfa5f36a3f,10.008863199000189,pyvrp,10.0,0.0,cvrp20_57288.json,0
"[""accepted""]",not_selected,True,8.881784197001252e-16,cvrp_s7799_n20-50-100_x66667_cvrp20_5732,0.0,True,True,0.0,0.0,0.0,20,4,False,6.038124784417004,False,False,,False,6.038124784417003,4,4,4.4128522583317954e-16,6.038124784417006,True,314161,6.038124784417003,1918330760,4,fa957a0b381d287db111359508db1c6152841b2d48c9a1a44add6afd7aa2d7ec,10.013244993999251,pyvrp,10.0,1.4709507527772648e-16,cvrp20_5732.json,0
"[""accepted""]",not_selected,True,0.0,cvrp_s7799_n20-50-100_x66667_cvrp20_57343,0.0,True,True,0.0,0.0,0.0,20,4,False,6.66855530928769,False,False,,False,6.66855530928769,4,4,1.331890309829337e-16,6.668555309287691,True,314159,6.66855530928769,1468686668,4,6c1685248e1b66a9485d4242d017b4378315be7f1dcd25d7124db75169236f69,10.011101628000688,pyvrp,10.0,0.0,cvrp20_57343.json,0
"[""accepted""]",not_selected,True,-8.881784197001252e-16,cvrp_s7799_n20-50-100_x66667_cvrp20_57446,0.0,True,True,0.2,0.042105263157894736,0.021052631578947368,20,4,False,6.100079479094574,False,False,,False,6.100079479094575,4,4,8.538074367223611e-05,6.1006003084169595,True,314159,6.100079479094575,1975979456,4,e60532fd74458e479d22560598882811bce851c403fd7b28bbd1a671719f1f04,10.011201909999727,pyvrp,10.0,-1.456011225335635e-16,cvrp20_57446.json,0
"[""accepted""]",not_selected,True,0.0,cvrp_s7799_n20-50-100_x66667_cvrp20_57564,0.0,True,True,0.0,0.0,0.0,20,4,False,7.340423684870163,False,False,,False,7.340423684870163,4,4,1.2099824994173144e-16,7.340423684870164,True,314159,7.340423684870163,952149469,4,d7b03a150ab43b555f71d0675fee7a64cec87b5a17a3344f9d521f6a74dec1c7,10.011094387000412,pyvrp,10.0,0.0,cvrp20_57564.json,0
"[""accepted""]",not_selected,True,8.881784197001252e-16,cvrp_s7799_n20-50-100_x66667_cvrp20_57682,0.0,True,True,0.0,0.0,0.0,20,4,False,5.473102949673622,False,False,,False,5.473102949673621,4,4,3.2456119604075422e-16,5.473102949673623,True,314160,5.473102949673621,1712760409,4,10b0c6bbc1b5ee40316751e7ecdc376118f93076b8887f30adb3458447c57469,10.008081877998848,pyvrp,10.0,1.622805980203771e-16,cvrp20_57682.json,0
"[""accepted""]",not_selected,True,8.881784197001252e-16,cvrp_s7799_n20-50-100_x66667_cvrp20_57687,0.0,True,True,0.0,0.0,0.0,20,4,False,6.218401992711214,False,False,,False,6.218401992711213,4,4,1.4283065339635287e-16,6.218401992711214,True,314160,6.218401992711213,4015931230,3,36360bc2c69d114f7c30b5b6b3202cafde9d2035b2a8e174d9f1d6a9fb0cf5e8,10.010791411001264,pyvrp,10.0,1.4283065339635284e-16,cvrp20_57687.json,0
"[""accepted""]",not_selected,True,0.0,cvrp_s7799_n20-50-100_x66667_cvrp20_5769,0.0,True,True,0.0,0.0,0.0,20,4,False,4.795795708198001,False,False,,False,4.795795708198001,4,4,3.7039877164986845e-16,4.7957957081980025,True,314159,4.795795708198001,1588415734,3,76e82aa90e0e17bca9eecefbc1a987858153438ec1cfdbf9c417f62ad9d0a905,10.01002346399946,pyvrp,10.0,0.0,cvrp20_5769.json,0
"[""accepted""]",not_selected,True,8.881784197001252e-16,cvrp_s7799_n20-50-100_x66667_cvrp20_5781,0.0,True,True,0.0,0.0,0.0,20,4,False,6.740089545395034,False,False,,False,6.740089545395033,4,4,2.635509257609038e-16,6.740089545395035,True,314159,6.740089545395033,1460233580,4,c4f66e3b467a2ad8636f439a9ee63e76bd0076f6973ed255e845d39de2a5c0f5,10.012215152000863,pyvrp,10.0,1.317754628804519e-16,cvrp20_5781.json,0
"[""accepted""]",not_selected,True,8.881784197001252e-16,cvrp_s7799_n20-50-100_x66667_cvrp20_57946,0.0,True,True,0.0,0.0,0.0,20,4,False,6.477656384633567,False,False,,False,6.477656384633566,4,4,2.74228321776092e-16,6.477656384633568,True,314162,6.477656384633566,1258190309,4,a4283b2240c36ba8f8f3f553fade0ebde24c0b612992e1689f7a27dbbd885bcb,10.01015636000011,pyvrp,10.0,1.3711416088804598e-16,cvrp20_57946.json,0
"[""accepted""]",not_selected,True,-8.881784197001252e-16,cvrp_s7799_n20-50-100_x66667_cvrp20_5822,0.0,True,True,0.0,0.0,0.0,20,4,False,7.445451408567029,False,False,,False,7.44545140856703,4,4,1.1929141310064183e-16,7.445451408567031,True,314159,7.44545140856703,2912081901,4,380119efa3c2525f42fc7869d8fbec31063982cf5f934a4e148ff30c68da5548,10.010900444000072,pyvrp,10.0,-1.1929141310064185e-16,cvrp20_5822.json,0
"[""accepted""]",not_selected,True,-8.881784197001252e-16,cvrp_s7799_n20-50-100_x66667_cvrp20_58234,0.0,True,True,0.0,0.0,0.0,20,4,False,6.144967366210856,False,False,,False,6.144967366210857,4,4,0.0,6.144967366210857,True,314159,6.144967366210857,3380308289,4,6ad275645422de9a28e636761da30f889eca02268d0d6ecbcbed621e5888bb1f,10.008755969000049,pyvrp,10.0,-1.445375323852694e-16,cvrp20_58234.json,0
"[""accepted""]",not_selected,True,8.881784197001252e-16,cvrp_s7799_n20-50-100_x66667_cvrp20_58343,0.0,True,True,0.0,0.0,0.0,20,4,False,6.498807628237181,False,False,,False,6.49880762823718,4,4,1.366679044077269e-16,6.498807628237181,True,314159,6.49880762823718,1141263038,4,47af8d68ea36314226414bf67c31637ed98e1de3c849a850d71223322f6dbdd9,10.011837115998787,pyvrp,10.0,1.3666790440772687e-16,cvrp20_58343.json,0
"[""accepted""]",not_selected,True,0.0,cvrp_s7799_n20-50-100_x66667_cvrp20_58394,0.0,True,True,0.0,0.0,0.0,20,4,False,5.998237343055533,False,False,,False,5.998237343055533,4,4,2.9614647400653957e-16,5.998237343055535,True,314159,5.998237343055533,1837524115,3,98c2cb72dcccb0c22e78c8d9cebeb491594b42caf31434577e1bead453f563f2,10.008396936000281,pyvrp,10.0,0.0,cvrp20_58394.json,0
"[""accepted""]",not_selected,True,8.881784197001252e-16,cvrp_s7799_n20-50-100_x66667_cvrp20_58594,0.0,True,True,0.0,0.0,0.0,20,4,False,5.38429179248106,False,False,,False,5.384291792481059,4,4,1.6495733402495565e-16,5.38429179248106,True,314160,5.384291792481059,815852814,4,8510df15e44f233965e5b270c9f455a5b2b928f69e8e4cc7fd6cc95a6bdcbeb0,10.011367736000466,pyvrp,10.0,1.6495733402495563e-16,cvrp20_58594.json,0
"[""accepted""]",not_selected,True,2.6645352591003757e-15,cvrp_s7799_n20-50-100_x66667_cvrp20_59294,0.0,True,True,0.0,0.0,0.0,20,4,False,6.897552791634205,False,False,,False,6.897552791634203,4,4,3.863015390519513e-16,6.897552791634205,True,314159,6.897552791634203,3632571095,5,2a31d393fffc87597b882b308bb137df001601df6a028fdd63652d64234e9092,10.009111686000324,pyvrp,10.0,3.8630153905195116e-16,cvrp20_59294.json,0
"[""accepted""]",stable_control,True,8.881784197001252e-16,cvrp_s7799_n20-50-100_x66667_cvrp20_59326,0.0,True,True,0.0,0.0,0.0,20,4,False,6.135450844768759,False,True,6.135450844768758,True,6.135450844768758,4,4,2.8952344079405633e-16,6.1354508447687595,True,314159,6.135450844768758,2169142650,4,289ca57f1eca78021a5f9429d827476d556923e6bbf18bb3afe19f6ddeda5af9,10.010263903999657,pyvrp,10.0,1.4476172039702817e-16,cvrp20_59326.json,0
"[""route_membership_ambiguous""]",unstable_matrix,True,0.0007961567236058897,cvrp_s7799_n20-50-100_x66667_cvrp20_5945,0.07368421052631578,False,False,0.7,0.07368421052631578,0.03684210526315789,20,4,True,5.32510830333613,False,True,5.325108303336131,True,5.324312146612524,4,4,0.00014953231547728003,5.325108303336131,True,314160,5.324312146612524,4255333704,3,b4034ea3ecc56d994a3ca631219df25c4b05bb1c9cb9893b7cdef8c67f92bcf4,10.014100054000664,pyvrp,10.0,0.000149509958906771,cvrp20_5945.json,0
"[""accepted""]",not_selected,True,8.881784197001252e-16,cvrp_s7799_n20-50-100_x66667_cvrp20_59706,0.0,True,True,0.0,0.0,0.0,20,4,False,7.318496879095717,False,False,,False,7.318496879095716,4,4,2.4272154087735838e-16,7.318496879095718,True,314162,7.318496879095716,4231524106,4,c329805875f1333054a345ab04b28d517983a65823d2123d1ae261aad41ade96,10.00692909800091,pyvrp,10.0,1.2136077043867916e-16,cvrp20_59706.json,0
"[""accepted""]",not_selected,True,8.881784197001252e-16,cvrp_s7799_n20-50-100_x66667_cvrp20_59720,0.0,True,True,0.0,0.0,0.0,20,4,False,6.59204855866271,False,False,,False,6.592048558662709,4,4,2.694696229241081e-16,6.592048558662711,True,314161,6.592048558662709,4202569787,4,d354a28907a39be33bc7a06bbe473a48d3e0516436633d31ef490388e7a784ec,10.01040500199997,pyvrp,10.0,1.3473481146205404e-16,cvrp20_59720.json,0
"[""accepted""]",not_selected,True,2.6645352591003757e-15,cvrp_s7799_n20-50-100_x66667_cvrp20_59781,0.0,True,True,0.0,0.0,0.0,20,4,False,5.877117599971764,False,False,,False,5.877117599971761,4,4,4.533745009821104e-16,5.877117599971764,True,314159,5.877117599971761,271777349,4,5930a3ef9fb72cd29c3afc926ea508622c202faac96dd69e88b85f1e44db501a,10.013877489000151,pyvrp,10.0,4.533745009821102e-16,cvrp20_59781.json,0
"[""accepted""]",not_selected,True,0.0,cvrp_s7799_n20-50-100_x66667_cvrp20_59825,0.0,True,True,0.0,0.0,0.0,20,4,False,5.921064505766936,False,False,,False,5.921064505766936,4,4,3.000063312382652e-16,5.921064505766938,True,314161,5.921064505766936,2942136825,3,829b32e547888b8df2679291128f3b7c6e50df5f015aaff9cdcc316c8d07f98d,10.011761022000428,pyvrp,10.0,0.0,cvrp20_59825.json,0
"[""accepted""]",not_selected,True,1.7763568394002505e-15,cvrp_s7799_n20-50-100_x66667_cvrp20_59886,0.0,True,True,0.0,0.0,0.0,20,4,False,6.752302528317756,False,False,,False,6.752302528317754,4,4,1.3153711877915562e-16,6.752302528317755,True,314159,6.752302528317754,3214755604,4,f523785139e78c21a32953df9aed3d2110ec0de3e783db8679e758976255d205,10.023662775998673,pyvrp,10.0,2.6307423755831115e-16,cvrp20_59886.json,0
"[""accepted""]",not_selected,True,0.0,cvrp_s7799_n20-50-100_x66667_cvrp20_59959,0.0,True,True,0.0,0.0,0.0,20,4,False,5.386660730594397,False,False,,False,5.386660730594397,4,4,1.6488478931958243e-16,5.386660730594398,True,314159,5.386660730594397,2068703064,4,8d10d1ad2651a5c38617a79c1e4e2294b589117b4fdfc3dec2bf03cf39c2c54d,10.009910910001054,pyvrp,10.0,0.0,cvrp20_59959.json,0
"[""accepted""]",not_selected,True,8.881784197001252e-16,cvrp_s7799_n20-50-100_x66667_cvrp20_60098,0.0,True,True,0.0,0.0,0.0,20,4,False,6.633482387144256,False,False,,False,6.633482387144255,4,4,1.3389323553815753e-16,6.633482387144256,True,314159,6.633482387144255,1719714929,3,a202ac177f322f7a686657d501f0f1fa60e9cc0415ec1708b4f3b090cbad1b78,10.009991314000217,pyvrp,10.0,1.338932355381575e-16,cvrp20_60098.json,0
"[""accepted""]",not_selected,True,0.0,cvrp_s7799_n20-50-100_x66667_cvrp20_60292,0.0,True,True,0.0,0.0,0.0,20,4,False,5.030063052005377,False,False,,False,5.030063052005377,4,4,0.0,5.030063052005377,True,314159,5.030063052005377,359349031,3,7171360476cd3a573f30c657f3af16f77426a1b36776e39916fdf14798c91244,10.009311285000877,pyvrp,10.0,0.0,cvrp20_60292.json,0
"[""accepted""]",not_selected,True,8.881784197001252e-16,cvrp_s7799_n20-50-100_x66667_cvrp20_60293,0.0,True,True,0.0,0.0,0.0,20,4,False,5.980098017496971,False,False,,False,5.98009801749697,4,4,1.4852238493439967e-16,5.980098017496971,True,314159,5.98009801749697,3013281976,4,954c87baabaa41216a464b2d2ebad1946b6f71d0bb1d44857c94a9cc54ef24af,10.010811717000252,pyvrp,10.0,1.4852238493439964e-16,cvrp20_60293.json,0
"[""accepted""]",stable_control,True,0.0,cvrp_s7799_n20-50-100_x66667_cvrp20_60331,0.0,True,True,0.0,0.0,0.0,20,4,False,5.816829429801592,False,True,5.816829429801592,True,5.816829429801592,4,4,1.5269115768629654e-16,5.816829429801593,True,314162,5.816829429801592,842749520,4,32781653275cd5ddb2c6d95383d19155fdbf032610cd085d7c9f2a702e30cf65,10.010880788999202,pyvrp,10.0,0.0,cvrp20_60331.json,0
"[""accepted""]",not_selected,True,0.0,cvrp_s7799_n20-50-100_x66667_cvrp20_60460,0.0,True,True,0.0,0.0,0.0,20,4,False,5.915645411830166,False,False,,False,5.915645411830166,4,4,1.5014057771683497e-16,5.915645411830167,True,314159,5.915645411830166,3373558942,4,581a0f233e522496b3260ef66b7ba38d60c45ebc2a4aa731799bc41e900315fc,10.01233896300073,pyvrp,10.0,0.0,cvrp20_60460.json,0
"[""accepted""]",not_selected,True,1.7763568394002505e-15,cvrp_s7799_n20-50-100_x66667_cvrp20_60572,0.0,True,True,0.0,0.0,0.0,20,4,False,5.7443918177354005,False,False,,False,5.744391817735399,4,4,3.0923323055991336e-16,5.7443918177354005,True,314159,5.744391817735399,332984275,4,dc6317cfb24770dddf7a40801913461f1c19a0f1a5060fdcc46d3c0993db91d4,10.009618743999454,pyvrp,10.0,3.0923323055991326e-16,cvrp20_60572.json,0
"[""accepted""]",not_selected,True,-8.881784197001252e-16,cvrp_s7799_n20-50-100_x66667_cvrp20_61035,0.0,True,True,0.0,0.0,0.0,20,4,False,6.100965070455709,False,False,,False,6.10096507045571,4,4,0.0,6.10096507045571,True,314159,6.10096507045571,4191197662,4,ff3b8f37e93d5ac63d471c6beeca50281c4690b919c431ff294155f96bc69dda,10.011832268000944,pyvrp,10.0,-1.4557998766476843e-16,cvrp20_61035.json,0
"[""accepted""]",not_selected,True,0.0,cvrp_s7799_n20-50-100_x66667_cvrp20_61144,0.0,True,True,0.0,0.0,0.0,20,4,False,5.2940942450703465,False,False,,False,5.2940942450703465,4,4,3.3553555285766296e-16,5.294094245070348,True,314160,5.2940942450703465,4266758203,4,b4844eb5da7f15f2c1518127841accfc7e6e0f396023c6fc245c30d904f94fb8,10.01221504500063,pyvrp,10.0,0.0,cvrp20_61144.json,0
"[""accepted""]",not_selected,True,1.7763568394002505e-15,cvrp_s7799_n20-50-100_x66667_cvrp20_61405,0.0,True,True,0.0,0.0,0.0,20,4,False,6.044002292314575,False,False,,False,6.044002292314573,4,4,1.4695203223690274e-16,6.044002292314574,True,314160,6.044002292314573,289801009,4,c1290e20ca0aac4bb5d3d2985d2b8c5331883e40a5d1be577c267328d8d848cb,10.009193479001624,pyvrp,10.0,2.939040644738054e-16,cvrp20_61405.json,0
"[""accepted""]",not_selected,True,-8.881784197001252e-16,cvrp_s7799_n20-50-100_x66667_cvrp20_61478,0.0,True,True,0.0,0.0,0.0,20,4,False,5.487437506776753,False,False,,False,5.487437506776754,4,4,4.855700417197985e-16,5.4874375067767565,True,314160,5.487437506776754,2103411800,4,12af4018ffc43a64c9209ab33a605d21ab4ed38b2e47f0054e344863c53b6fa9,10.01242469600038,pyvrp,10.0,-1.6185668057326622e-16,cvrp20_61478.json,0
"[""accepted""]",not_selected,True,0.0,cvrp_s7799_n20-50-100_x66667_cvrp20_6155,0.0,True,True,0.0,0.0,0.0,20,4,False,4.872053267151754,False,False,,False,4.872053267151754,4,4,1.8230063814950082e-16,4.872053267151755,True,314159,4.872053267151754,4141304612,4,b47a18b530513fc6a8c6f9efd5e0746d8f6e67880e20bb2e574530da90702a6c,10.01223027099877,pyvrp,10.0,0.0,cvrp20_6155.json,0
"[""accepted""]",not_selected,True,8.881784197001252e-16,cvrp_s7799_n20-50-100_x66667_cvrp20_61603,0.0,True,True,0.0,0.0,0.0,20,4,False,7.758134990126452,False,False,,False,7.758134990126451,4,4,1.1448349646280758e-16,7.758134990126452,True,314162,7.758134990126451,3502696141,5,9a80a45ba1c9793ba9ccfb49ed25ef6e7660adc466b141f2a3565b966b4c2aea,10.010845389000679,pyvrp,10.0,1.1448349646280756e-16,cvrp20_61603.json,0
"[""accepted""]",not_selected,True,0.0,cvrp_s7799_n20-50-100_x66667_cvrp20_61681,0.0,True,True,0.0,0.0,0.0,20,4,False,7.2454926314212,False,False,,False,7.2454926314212,4,4,2.4516715836502327e-16,7.245492631421202,True,314160,7.2454926314212,3028234690,5,7a9c7af6c9e22da7cac7400a6e3889ce3afe9a070e1bc2441472060ef4d67dba,10.010098250000738,pyvrp,10.0,0.0,cvrp20_61681.json,0
"[""accepted""]",not_selected,True,8.881784197001252e-16,cvrp_s7799_n20-50-100_x66667_cvrp20_6197,0.0,True,True,0.0,0.0,0.0,20,4,False,7.624168948648521,False,False,,False,7.62416894864852,4,4,1.164951125404384e-16,7.624168948648521,True,314160,7.62416894864852,2213805824,5,288159daaedb2d5d5d81e61afac476c5d161913a7d4055083d635c946b835df6,10.01342459099942,pyvrp,10.0,1.1649511254043838e-16,cvrp20_6197.json,0
"[""accepted""]",not_selected,True,8.881784197001252e-16,cvrp_s7799_n20-50-100_x66667_cvrp20_62181,0.0,True,True,0.0,0.0,0.0,20,4,False,5.553273719496358,False,False,,False,5.5532737194963575,4,4,3.1987561375983343e-16,5.553273719496359,True,314159,5.5532737194963575,2437114746,4,5c87ef1761be0a95bbaa317b410912db0d295dc6ad1a742f76c0ba681127b429,10.012280926999665,pyvrp,10.0,1.599378068799167e-16,cvrp20_62181.json,0
"[""accepted""]",not_selected,True,0.0,cvrp_s7799_n20-50-100_x66667_cvrp20_6227,0.0,True,True,0.0,0.0,0.0,20,4,False,6.373784327822596,False,False,,False,6.373784327822596,4,4,1.3934867796249133e-16,6.373784327822597,True,314159,6.373784327822596,4186909622,4,3428ec8610fce775ee5b3c98a844c7beeaed0474e7c00921f4851f2bdee0a74a,10.010870285999772,pyvrp,10.0,0.0,cvrp20_6227.json,0
"[""accepted""]",not_selected,True,8.881784197001252e-16,cvrp_s7799_n20-50-100_x66667_cvrp20_62300,0.0,True,True,0.0,0.0,0.0,20,4,False,6.337396120785272,False,False,,False,6.337396120785271,4,4,4.204463802351385e-16,6.337396120785273,True,314161,6.337396120785271,4288012663,4,668f9e333848813985ee26269f64e65522e2e9d7eb5a03c81763486c7763ef6b,10.01246688199899,pyvrp,10.0,1.4014879341171282e-16,cvrp20_62300.json,0
"[""accepted""]",not_selected,True,0.0,cvrp_s7799_n20-50-100_x66667_cvrp20_62386,0.0,True,True,0.0,0.0,0.0,20,4,False,5.47806493011508,False,False,,False,5.47806493011508,4,4,3.2426721151750456e-16,5.478064930115082,True,314160,5.47806493011508,3225612619,4,65d1de7bb6d9d3993b408decbe8a5151cb9c462c2e456f556617c65422f2bce2,10.01443757999914,pyvrp,10.0,0.0,cvrp20_62386.json,0
"[""accepted""]",stable_control,True,8.881784197001252e-16,cvrp_s7799_n20-50-100_x66667_cvrp20_62728,0.0,True,True,0.0,0.0,0.0,20,4,False,6.007449534415387,False,True,6.007449534415387,True,6.007449534415386,4,4,1.4784617242507693e-16,6.007449534415387,True,314160,6.007449534415386,1059585210,3,cdd1209dff0850f8e11410d25873747581f17c45252c8674247068634e3bc875,10.010760639001091,pyvrp,10.0,1.478461724250769e-16,cvrp20_62728.json,0
"[""accepted""]",not_selected,True,8.881784197001252e-16,cvrp_s7799_n20-50-100_x66667_cvrp20_62738,0.0,True,True,0.0,0.0,0.0,20,4,False,5.464616067545897,False,False,,False,5.464616067545896,4,4,1.6253262968920655e-16,5.464616067545897,True,314160,5.464616067545896,2770911976,4,9b91cfdc9c96df3f820f3c1a0246e3573760f62af0fe4aaf600dbf108141e9ed,10.013420703999145,pyvrp,10.0,1.6253262968920652e-16,cvrp20_62738.json,0
"[""accepted""]",not_selected,True,1.7763568394002505e-15,cvrp_s7799_n20-50-100_x66667_cvrp20_63182,0.0,True,True,0.0,0.0,0.0,20,4,False,5.280276091185626,False,False,,False,5.280276091185624,4,4,3.3641362851566164e-16,5.280276091185626,True,314161,5.280276091185624,4011684217,4,d75eb95bfab59fdb032673d284c965e8b453c0f2b11c75c8ba23b3b523a44126,10.014021156999661,pyvrp,10.0,3.3641362851566154e-16,cvrp20_63182.json,0
"[""accepted""]",not_selected,True,0.0,cvrp_s7799_n20-50-100_x66667_cvrp20_63324,0.0,True,True,0.0,0.0,0.0,20,4,False,7.746770613403347,False,False,,False,7.746770613403347,4,4,1.146514417457272e-16,7.746770613403348,True,314159,7.746770613403347,1316742155,4,cd7cb9abf7b23ad6d8191dbf3e0f7205b804134c6ea6b7da10122d0822cc5296,10.010651242999302,pyvrp,10.0,0.0,cvrp20_63324.json,0
"[""accepted""]",not_selected,True,1.7763568394002505e-15,cvrp_s7799_n20-50-100_x66667_cvrp20_63374,0.0,True,True,0.0,0.0,0.0,20,4,False,6.14407433937784,False,False,,False,6.1440743393778385,4,4,2.891170811549992e-16,6.14407433937784,True,314160,6.1440743393778385,3800409238,4,1476689720f3db768c3c01b9a8351a9f95f6f13caab5f1d2354acde91f993b68,10.01176520700028,pyvrp,10.0,2.891170811549991e-16,cvrp20_63374.json,0
"[""accepted""]",not_selected,True,0.0,cvrp_s7799_n20-50-100_x66667_cvrp20_63471,0.0,True,True,0.0,0.0,0.0,20,4,False,5.3902306056880676,False,False,,False,5.3902306056880676,4,4,1.6477558840671317e-16,5.390230605688068,True,314159,5.3902306056880676,1300650399,3,9beeea2bad21f7cd0b14267f30f73959d4437d26daf11c3d9007a3a0fcbd203c,10.011903967000762,pyvrp,10.0,0.0,cvrp20_63471.json,0
"[""accepted""]",not_selected,True,8.881784197001252e-16,cvrp_s7799_n20-50-100_x66667_cvrp20_63509,0.0,True,True,0.0,0.0,0.0,20,4,False,6.607328766165508,False,False,,False,6.607328766165507,4,4,1.3442322171832388e-16,6.607328766165508,True,314159,6.607328766165507,1518540527,4,0083a7fcf5bacaaecafad77c333537878ce4565e0290e193a1bd073e5a469f12,10.012478316999477,pyvrp,10.0,1.3442322171832385e-16,cvrp20_63509.json,0
"[""accepted""]",not_selected,True,8.881784197001252e-16,cvrp_s7799_n20-50-100_x66667_cvrp20_63515,0.0,True,True,0.0,0.0,0.0,20,4,False,5.708539768456475,False,False,,False,5.7085397684564745,4,4,1.5558767315731231e-16,5.708539768456475,True,314159,5.7085397684564745,2166986509,3,ac6d3e85d5871dc9098b56b83b704f4a6ebd35ad416dc0267af721ee8d053dce,10.011939177999011,pyvrp,10.0,1.555876731573123e-16,cvrp20_63515.json,0
"[""accepted""]",stable_control,True,0.0,cvrp_s7799_n20-50-100_x66667_cvrp20_63573,0.0,True,True,0.0,0.0,0.0,20,4,False,6.012317488072098,False,True,6.0123174880720995,True,6.012317488072098,4,4,1.4772646678459546e-16,6.012317488072099,True,314160,6.012317488072098,641639776,4,a3171ffc832119814cfebac3b4a4a148a6e31cc3c02601cb98b3a10d473fe2e5,10.011518572000568,pyvrp,10.0,0.0,cvrp20_63573.json,0
"[""accepted""]",not_selected,True,0.0,cvrp_s7799_n20-50-100_x66667_cvrp20_63622,0.0,True,True,0.0,0.0,0.0,20,4,False,5.6406172981307,False,False,,False,5.6406172981307,4,4,3.1492241815251937e-16,5.640617298130702,True,314159,5.6406172981307,1636247215,4,9a6cbc59214c4e66084bfcbc5b601190d9cb31ced18bfe75398791d2fc6c3133,10.010646147000443,pyvrp,10.0,0.0,cvrp20_63622.json,0
"[""accepted""]",not_selected,True,0.0,cvrp_s7799_n20-50-100_x66667_cvrp20_63725,0.0,True,True,0.0,0.0,0.0,20,4,False,6.140635423725653,False,False,,False,6.140635423725653,4,4,1.4463949712247347e-16,6.140635423725654,True,314159,6.140635423725653,3855851446,4,6d9c89fa05f579c505d84c5edda18fd778eedc44da74ef24bd8ce71ee854c579,10.012641328001337,pyvrp,10.0,0.0,cvrp20_63725.json,0
"[""accepted""]",not_selected,True,0.0,cvrp_s7799_n20-50-100_x66667_cvrp20_6393,0.0,True,True,0.0,0.0,0.0,20,4,False,6.952487909158053,False,False,,False,6.952487909158053,4,4,1.2774972517826122e-16,6.952487909158054,True,314161,6.952487909158053,157353142,4,2b2a3c9f7458b85c3549cae0c1506e5e6ff0c2c18c128aa0c4aa8bb6991522b4,10.010639023999829,pyvrp,10.0,0.0,cvrp20_6393.json,0
"[""accepted""]",stable_control,True,2.6645352591003757e-15,cvrp_s7799_n20-50-100_x66667_cvrp20_63931,0.0,True,True,0.0,0.0,0.0,20,4,False,6.2561947855419415,False,True,6.25619478554194,True,6.256194785541939,4,4,2.8393566701366294e-16,6.256194785541941,True,314159,6.256194785541939,13906879,4,8276aded2108e8598f756335e83623b7e64194690f521f90da7a9a72471e4376,10.010733508999692,pyvrp,10.0,4.2590350052049426e-16,cvrp20_63931.json,0
"[""accepted""]",not_selected,True,8.881784197001252e-16,cvrp_s7799_n20-50-100_x66667_cvrp20_6407,0.0,True,True,0.0,0.0,0.0,20,4,False,6.860533792580224,False,False,,False,6.860533792580223,4,4,2.5892399820570944e-16,6.860533792580225,True,314162,6.860533792580223,852414573,4,d2cbb140c582038d816fc9668bb23fdb33f5c53f11741fad81f8dec631942316,10.01207124100074,pyvrp,10.0,1.294619991028547e-16,cvrp20_6407.json,0
"[""accepted""]",not_selected,True,0.0,cvrp_s7799_n20-50-100_x66667_cvrp20_64710,0.0,True,True,0.0,0.0,0.0,20,4,False,6.353376148751101,False,False,,False,6.353376148751101,4,4,1.3979629080748143e-16,6.353376148751102,True,314160,6.353376148751101,1077281332,4,642ea9a62c7686ee917e345afa950fc50674af146d3e6fc5b7930af2c333136b,10.013460033000229,pyvrp,10.0,0.0,cvrp20_64710.json,0
"[""accepted""]",not_selected,True,1.7763568394002505e-15,cvrp_s7799_n20-50-100_x66667_cvrp20_64882,0.0,True,True,0.0,0.0,0.0,20,4,False,5.917060997776369,False,False,,False,5.9170609977763675,4,4,3.002093167651653e-16,5.917060997776369,True,314161,5.9170609977763675,173301864,4,f3ccdd5a4490a15e5e3c996557698cbc3e1f4e0de2e4776a377acb5680de8ab9,10.011162435999722,pyvrp,10.0,3.002093167651652e-16,cvrp20_64882.json,0
"[""accepted""]",stable_control,True,8.881784197001252e-16,cvrp_s7799_n20-50-100_x66667_cvrp20_6495,0.0,True,True,0.0,0.0,0.0,20,4,False,5.335438547118712,False,True,5.335438547118711,True,5.335438547118712,4,4,0.0,5.335438547118712,True,314159,5.335438547118711,1383962969,4,358beb705259ec5160a29588f11516310c6868466c1464ea389388f3f4b19a25,10.006804258000557,ortools,10.0,1.664677442831324e-16,cvrp20_6495.json,0
"[""accepted""]",not_selected,True,0.0,cvrp_s7799_n20-50-100_x66667_cvrp20_64996,0.0,True,True,0.0,0.0,0.0,20,4,False,4.631030959250136,False,False,,False,4.631030959250136,4,4,1.9178848673556275e-16,4.631030959250137,True,314159,4.631030959250136,4020475996,4,d991b1582137e68e6aa92690c6d6fe53f25026dabfb8b0b1e1ed3575d96b7a7e,10.00978635300089,pyvrp,10.0,0.0,cvrp20_64996.json,0
"[""accepted""]",not_selected,True,0.0,cvrp_s7799_n20-50-100_x66667_cvrp20_65478,0.0,True,True,0.0,0.0,0.0,20,4,False,8.62679139582088,False,False,,False,8.62679139582088,4,4,0.0,8.62679139582088,True,314159,8.62679139582088,3635621119,4,1fef5a6f73f91bae762fbe8fd7081c1510fd48500861b24a77d7c5c3c68ae9fb,10.012982491000002,pyvrp,10.0,0.0,cvrp20_65478.json,0
"[""accepted""]",not_selected,True,8.881784197001252e-16,cvrp_s7799_n20-50-100_x66667_cvrp20_65877,0.0,True,True,0.0,0.0,0.0,20,4,False,6.662334063173672,False,False,,False,6.662334063173671,4,4,2.666268041434813e-16,6.662334063173673,True,314162,6.662334063173671,1734944166,3,33225ed6125ae800ec50f9354df8febed3f691de4f6cfb7e0bbfc450795b1fd7,10.007845768999687,pyvrp,10.0,1.3331340207174065e-16,cvrp20_65877.json,0
"[""accepted""]",not_selected,True,0.0,cvrp_s7799_n20-50-100_x66667_cvrp20_65943,0.0,True,True,0.0,0.0,0.0,20,4,False,6.937012555560432,False,False,,False,6.937012555560432,4,4,1.2803471416354825e-16,6.9370125555604325,True,314160,6.937012555560432,3381889778,4,e7985745b7d3027a3a541a8b5a8b6b9ab253f16b9eb9c9a425e80249387fe7e1,10.009711060998598,pyvrp,10.0,0.0,cvrp20_65943.json,0
"[""accepted""]",not_selected,True,2.6645352591003757e-15,cvrp_s7799_n20-50-100_x66667_cvrp20_66066,0.0,True,True,0.0,0.0,0.0,20,4,False,5.719869278019285,False,False,,False,5.719869278019282,4,4,3.1055899235784287e-16,5.719869278019284,True,314162,5.719869278019282,3005029795,4,fd1a9f37578f773dc34c372ab45f8da394c4e56551b531b99d54bfdcb6bb9182,10.011550682000234,pyvrp,10.0,4.658384885367641e-16,cvrp20_66066.json,0
"[""accepted""]",not_selected,True,2.6645352591003757e-15,cvrp_s7799_n20-50-100_x66667_cvrp20_66148,0.0,True,True,0.0,0.0,0.0,20,4,False,7.7590681658996115,False,False,,False,7.759068165899609,4,4,2.2893945528242367e-16,7.759068165899611,True,314161,7.759068165899609,617367690,4,fdabdeab5f55c7c1fc239c7790b601310f6a74f41e5dfacba3c21bef3e19144b,10.010277522998877,pyvrp,10.0,3.4340918292363536e-16,cvrp20_66148.json,0
"[""accepted""]",not_selected,True,0.0,cvrp_s7799_n20-50-100_x66667_cvrp20_66306,0.0,True,True,0.0,0.0,0.0,20,4,False,5.841288477742305,False,False,,False,5.841288477742305,4,4,1.520517986886708e-16,5.841288477742306,True,314159,5.841288477742305,2077553542,4,343996f8f2184878177af8599413a1435f6214100f552b30eadda5cdf2e4821e,10.009608606998881,pyvrp,10.0,0.0,cvrp20_66306.json,0
"[""accepted""]",not_selected,True,-8.881784197001252e-16,cvrp_s7799_n20-50-100_x66667_cvrp20_66334,0.0,True,True,0.0,0.0,0.0,20,4,False,4.839125341483021,False,False,,False,4.8391253414830215,4,4,3.6708221301328387e-16,4.839125341483023,True,314159,4.8391253414830215,2077263198,3,3c6427aa47cff5246a6a216d751e4a674271ea77081d144a3fcb7138bd993078,10.010241399000734,pyvrp,10.0,-1.8354110650664196e-16,cvrp20_66334.json,0
"[""accepted""]",not_selected,True,0.0,cvrp_s7799_n20-50-100_x66667_cvrp20_66429,0.0,True,True,0.0,0.0,0.0,20,4,False,6.456488726198047,False,False,,False,6.456488726198047,4,4,0.0,6.456488726198047,True,314159,6.456488726198047,1525350367,4,aaf18dc0bcfdaa77b9e57daef7558654d106d0311e8a976ef4908b8c1787b979,10.012555784998767,pyvrp,10.0,0.0,cvrp20_66429.json,0
"[""accepted""]",not_selected,True,8.881784197001252e-16,cvrp_s7799_n20-50-100_x66667_cvrp20_66441,0.0,True,True,0.0,0.0,0.0,20,4,False,7.464568980700337,False,False,,False,7.464568980700336,4,4,2.379717896630102e-16,7.464568980700338,True,314160,7.464568980700336,4027383232,4,418fd5d547dfde9490c3c8988219e6e7d07bab9735aa9f2423d1d4ad110a7603,10.009660562000136,pyvrp,10.0,1.1898589483150507e-16,cvrp20_66441.json,0
"[""accepted""]",not_selected,True,0.0,cvrp_s7799_n20-50-100_x66667_cvrp20_66462,0.0,True,True,0.0,0.0,0.0,20,4,False,6.909311991162863,False,False,,False,6.909311991162863,4,4,3.856440789630524e-16,6.909311991162865,True,314159,6.909311991162863,2526643114,4,8d4ce179213975b792711733e3a9d7b6bd5e86aaa47439fda03ef3f9e5abd12f,10.009546653000143,pyvrp,10.0,0.0,cvrp20_66462.json,0
"[""accepted""]",not_selected,True,8.881784197001252e-16,cvrp_s7799_n20-50-100_x66667_cvrp20_66538,0.0,True,True,0.0,0.0,0.0,20,4,False,6.228453235668928,False,False,,False,6.228453235668927,4,4,1.4260015867402368e-16,6.228453235668928,True,314162,6.228453235668927,468462638,4,66b8d04f96b080a31695ca7c94e3c514d22ebabcbf9c0e95417c0c025665640a,10.011024719000488,pyvrp,10.0,1.4260015867402366e-16,cvrp20_66538.json,0
"[""accepted""]",not_selected,True,0.0,cvrp_s7799_n20-50-100_x66667_cvrp20_6848,0.0,True,True,0.0,0.0,0.0,20,4,False,4.944498618437667,False,False,,False,4.944498618437667,4,4,1.7962962238237343e-16,4.944498618437668,True,314159,4.944498618437667,418373611,3,95da275583940a5a7411dac7efe52ce3d9d226706a4a1a33bb9d9486e3207056,10.012573865000377,pyvrp,10.0,0.0,cvrp20_6848.json,0
"[""route_membership_ambiguous""]",unstable_matrix,True,8.881784197001252e-16,cvrp_s7799_n20-50-100_x66667_cvrp20_6883,0.0,False,False,0.35,0.07368421052631578,0.03684210526315789,20,4,True,6.32105614301256,False,True,6.3210561430125605,True,6.321056143012559,4,4,1.4479250787515856e-05,6.321147667169695,True,314160,6.321056143012559,90946488,4,b7cb55bfe137e9cdb1e7a53c71b901447996b9597f115115ace2ffa8129e8b51,10.008145940999384,pyvrp,10.0,1.405110790990107e-16,cvrp20_6883.json,0
"[""accepted""]",not_selected,True,0.0,cvrp_s7799_n20-50-100_x66667_cvrp20_7011,0.0,True,True,0.0,0.0,0.0,20,4,False,7.804484374241843,False,False,,False,7.804484374241843,4,4,2.2760720045298476e-16,7.804484374241845,True,314162,7.804484374241843,570951924,4,6d37392caefb33e4658aaa10fecdd3fbcc7f34d279c8bae70d769c0211e5200c,10.012265587998627,pyvrp,10.0,0.0,cvrp20_7011.json,0
"[""accepted""]",not_selected,True,8.881784197001252e-16,cvrp_s7799_n20-50-100_x66667_cvrp20_7159,0.0,True,True,0.0,0.0,0.0,20,4,False,6.159862198850905,False,False,,False,6.159862198850904,4,4,1.4418803392481914e-16,6.159862198850905,True,314159,6.159862198850904,736527618,4,8940dba8bca4c33e6299dae32706a4918abe0f4cd1d1ffdb109cd72792124bf8,10.010217503000604,pyvrp,10.0,1.4418803392481914e-16,cvrp20_7159.json,0
"[""accepted""]",stable_control,True,8.881784197001252e-16,cvrp_s7799_n20-50-100_x66667_cvrp20_7310,0.0,True,True,0.0,0.0,0.0,20,4,False,6.380445620505952,False,True,6.390611444219233,True,6.380445620505951,4,4,2.7840639119174724e-16,6.380445620505953,True,314160,6.380445620505951,4085308548,4,007e3e29170106b88cfb76cca3679d377bad52ed0ff55aaa66e46e944af9e43c,10.010315260000425,pyvrp,10.0,1.3920319559587362e-16,cvrp20_7310.json,0
"[""accepted""]",not_selected,True,1.7763568394002505e-15,cvrp_s7799_n20-50-100_x66667_cvrp20_7319,0.0,True,True,0.0,0.0,0.0,20,4,False,6.336333965972912,False,False,,False,6.33633396597291,4,4,2.8034457289334187e-16,6.336333965972912,True,314159,6.33633396597291,3651816757,4,90bab76d7ce4e100e1058d098451820eb18a883bbb5e5b3b45140a4231501de1,10.00905668500127,pyvrp,10.0,2.803445728933418e-16,cvrp20_7319.json,0
"[""accepted""]",not_selected,True,8.881784197001252e-16,cvrp_s7799_n20-50-100_x66667_cvrp20_7399,0.0,True,True,0.0,0.0,0.0,20,4,False,5.930418847250206,False,False,,False,5.9304188472502055,4,4,1.4976655824435613e-16,5.930418847250206,True,314160,5.9304188472502055,3050203059,4,f8a587701eacd5b1ffa2c465f5ecba03a5fc9747678ba5e63ccc60a747e187fb,10.011818621000202,pyvrp,10.0,1.497665582443561e-16,cvrp20_7399.json,0
"[""accepted""]",stable_control,True,8.881784197001252e-16,cvrp_s7799_n20-50-100_x66667_cvrp20_7939,0.0,True,True,0.0,0.0,0.0,20,4,False,5.292288490076738,False,True,5.292288490076738,True,5.2922884900767375,4,4,3.356500392469144e-16,5.292288490076739,True,314161,5.2922884900767375,2352772929,4,768293bb90ae261abd1160ed060082ad802814161d5a05d4d7f7251cbc3ade24,10.010480754001037,pyvrp,10.0,1.6782501962345718e-16,cvrp20_7939.json,0
"[""accepted""]",not_selected,True,1.7763568394002505e-15,cvrp_s7799_n20-50-100_x66667_cvrp20_8062,0.0,True,True,0.0,0.0,0.0,20,4,False,6.4595232574535615,False,False,,False,6.45952325745356,4,4,4.1249720031982286e-16,6.459523257453562,True,314160,6.45952325745356,1891826590,3,e020005165b4b88cd1b33819277f8916aab93417614d52c2cc5fe774dc839947,10.007899091999207,pyvrp,10.0,2.749981335465485e-16,cvrp20_8062.json,0
"[""accepted""]",not_selected,True,8.881784197001252e-16,cvrp_s7799_n20-50-100_x66667_cvrp20_8204,0.0,True,True,0.0,0.0,0.0,20,4,False,5.3357043760535845,False,False,,False,5.335704376053584,4,4,3.3291890146171986e-16,5.335704376053585,True,314160,5.335704376053584,2658775698,4,eee67e08c86328211420e7d7582fb80a50968538b744b3a8e995e6f5d76e8bba,10.01124440700005,pyvrp,10.0,1.664594507308599e-16,cvrp20_8204.json,0
"[""accepted""]",not_selected,True,0.0,cvrp_s7799_n20-50-100_x66667_cvrp20_8258,0.0,True,True,0.0,0.0,0.0,20,4,False,6.597323049148023,False,False,,False,6.597323049148023,4,4,1.3462709239542612e-16,6.597323049148024,True,314162,6.597323049148023,821498324,4,6e0b17a5bb7e150e700c77078fb07f2c7fdad4db0a6ccb4ad4ef0fe2ba6a3ff2,10.010310446999938,pyvrp,10.0,0.0,cvrp20_8258.json,0
"[""accepted""]",not_selected,True,8.881784197001252e-16,cvrp_s7799_n20-50-100_x66667_cvrp20_8298,0.0,True,True,0.0,0.0,0.0,20,4,False,7.115597646015084,False,False,,False,7.115597646015083,4,4,1.248213381201406e-16,7.115597646015084,True,314160,7.115597646015083,2979279543,4,d701f656445ff7330c3b6f286f863d8af7e10f230b6bbb71bf6294c7a3051fef,10.011455928000942,pyvrp,10.0,1.2482133812014057e-16,cvrp20_8298.json,0
"[""accepted""]",not_selected,True,8.881784197001252e-16,cvrp_s7799_n20-50-100_x66667_cvrp20_8313,0.0,True,True,0.0,0.0,0.0,20,4,False,6.024991449058794,False,False,,False,6.024991449058793,4,4,1.4741571456319228e-16,6.024991449058794,True,314159,6.024991449058793,679919390,4,2fd544d0e828050b038893fb5feb4b9aca1bbdf6edacff22cc3f5aa506f610ab,10.009231732001354,pyvrp,10.0,1.4741571456319225e-16,cvrp20_8313.json,0
"[""accepted""]",not_selected,True,8.881784197001252e-16,cvrp_s7799_n20-50-100_x66667_cvrp20_8397,0.0,True,True,0.0,0.0,0.0,20,4,False,5.399854798923214,False,False,,False,5.399854798923213,4,4,1.6448190789819703e-16,5.399854798923214,True,314159,5.399854798923213,1371592685,4,dbb594837919e089c94f60c1c1182c9ba7d39a9b25825eaa12451d449deb357a,10.013346533000004,pyvrp,10.0,1.64481907898197e-16,cvrp20_8397.json,0
"[""accepted""]",not_selected,True,1.7763568394002505e-15,cvrp_s7799_n20-50-100_x66667_cvrp20_8402,0.0,True,True,0.0,0.0,0.0,20,4,False,6.438772212021392,False,False,,False,6.43877221202139,4,4,2.758844048068258e-16,6.438772212021392,True,314162,6.43877221202139,2523585828,4,261dd0bcb35aefec1095c194e78695132371f80b04421db0ebb02ebcad899d3d,10.00967858200056,pyvrp,10.0,2.7588440480682577e-16,cvrp20_8402.json,0
"[""accepted""]",not_selected,True,1.7763568394002505e-15,cvrp_s7799_n20-50-100_x66667_cvrp20_8741,0.0,True,True,0.0,0.0,0.0,20,4,False,7.02397770895897,False,False,,False,7.023977708958968,4,4,2.5289898587441934e-16,7.02397770895897,True,314161,7.023977708958968,964992688,4,69d733c7c8c3bd454fad8afa8222e5d29daf894827846435297f7038ca19e77b,10.007696728000155,pyvrp,10.0,2.528989858744193e-16,cvrp20_8741.json,0
"[""accepted""]",not_selected,True,-8.881784197001252e-16,cvrp_s7799_n20-50-100_x66667_cvrp20_8756,0.0,True,True,0.0,0.0,0.0,20,4,False,5.222607319399386,False,False,,False,5.222607319399387,4,4,0.0,5.222607319399387,True,314159,5.222607319399387,506099754,4,c8f4e315b0d51d09544bf0a0574fcf5c8353d11603d67ca5480f34a463b968cf,10.013243727000372,pyvrp,10.0,-1.700641777912317e-16,cvrp20_8756.json,0
"[""accepted""]",not_selected,True,8.881784197001252e-16,cvrp_s7799_n20-50-100_x66667_cvrp20_9076,0.0,True,True,0.0,0.0,0.0,20,4,False,6.67574652259783,False,False,,False,6.675746522597829,4,4,3.991366733414388e-16,6.675746522597832,True,314162,6.675746522597829,3943426597,4,4f4e7fd8c76712839c98f98ac15729b61135574724a75a504b2de076cca11c35,10.015413909999552,pyvrp,10.0,1.330455577804796e-16,cvrp20_9076.json,0
"[""accepted""]",not_selected,True,0.0,cvrp_s7799_n20-50-100_x66667_cvrp20_9559,0.0,True,True,0.0,0.0,0.0,20,4,False,6.495945141317159,False,False,,False,6.495945141317159,4,4,1.3672812814426457e-16,6.49594514131716,True,314161,6.495945141317159,2726792376,5,6254301bcc0958e4c6912d340522a08b3904f1ddea4b0cc5626366dccbbf95b6,10.010529727000176,pyvrp,10.0,0.0,cvrp20_9559.json,0
"[""accepted""]",not_selected,True,0.0,cvrp_s7799_n20-50-100_x66667_cvrp20_9626,0.0,True,True,0.0,0.0,0.0,20,4,False,5.588688598006312,False,False,,False,5.588688598006312,4,4,3.178485986916396e-16,5.588688598006314,True,314159,5.588688598006312,125708836,4,2082ec194b3064a7076dda5af4ba4bd7e18a32cccba9fdcdfa564d007dd13edb,10.00903354500042,pyvrp,10.0,0.0,cvrp20_9626.json,0
"[""accepted""]",not_selected,True,8.881784197001252e-16,cvrp_s7799_n20-50-100_x66667_cvrp20_9827,0.0,True,True,0.0,0.0,0.0,20,4,False,6.729066429250182,False,False,,False,6.729066429250181,4,4,2.6398265763564317e-16,6.7290664292501825,True,314159,6.729066429250181,4253473940,4,c9d1a6e2daadf797ecd7ba636a3a52b728d522d2c69ed8ebd3dc95fbffadf004,10.01222873900042,pyvrp,10.0,1.3199132881782159e-16,cvrp20_9827.json,0
"[""accepted""]",not_selected,True,0.0,cvrp_s7799_n20-50-100_x66667_cvrp20_9857,0.0,True,True,0.0,0.0,0.0,20,4,False,5.472716181280218,False,False,,False,5.472716181280218,4,4,3.245841334649136e-16,5.472716181280219,True,314160,5.472716181280218,3364681783,4,052e9898b67fe2b4ee4e96260c1e36b4a1caf24e35e47ba388844dfa7b06f467,10.010262984000292,pyvrp,10.0,0.0,cvrp20_9857.json,0
"[""accepted""]",not_selected,True,0.0,cvrp_s7799_n20-50-100_x66667_cvrp20_9890,0.0,True,True,0.0,0.0,0.0,20,4,False,6.551342252374673,False,False,,False,6.551342252374673,4,4,1.3557197677745902e-16,6.551342252374674,True,314160,6.551342252374673,3663793729,4,491cb89393cd965219fb6397eebb13e7d2949f094cfd25ea6685688f32f83cfd,10.008767339999395,pyvrp,10.0,0.0,cvrp20_9890.json,0
"[""accepted""]",not_selected,True,8.881784197001252e-16,cvrp_s7799_n20-50-100_x66667_cvrp20_9986,0.0,True,True,0.0,0.0,0.0,20,4,False,4.88198496597737,False,False,,False,4.881984965977369,4,4,1.81929773624838e-16,4.88198496597737,True,314162,4.881984965977369,3135592612,4,50755ddb576d94c399430b9c602eced887f192837a8a456a336db439d7813329,10.012769324001056,pyvrp,10.0,1.8192977362483797e-16,cvrp20_9986.json,0
"[""route_membership_ambiguous""]",unstable_matrix,True,0.05034790667995814,cvrp_s7799_n20-50-100_x66667_cvrp50_0030,0.08816326530612245,False,False,0.26,0.1306122448979592,0.0870748299319728,50,4,True,12.997164832228906,False,True,13.152655054053596,True,12.946816925548948,4,4,0.0007746771740747835,12.956846529098096,True,314162,12.946816925548948,2108754540,7,0dc31efb2be6eb6a80e21058d450b439f008be415a1d254924444532bd543e79,20.023427367001204,pyvrp,20.0,0.0038737607262709383,cvrp50_0030.json,0
"[""accepted""]",stable_control,True,0.0,cvrp_s7799_n20-50-100_x66667_cvrp50_0290,0.0,True,True,0.0,0.0,0.0,50,4,False,9.439969503995542,False,True,9.705447317362957,True,9.439969503995542,4,4,3.7634800380412104e-16,9.439969503995545,True,314159,9.439969503995542,2559092720,7,3c6d57e4b92e614128c63fce25900c1192d16479c577870eccd34a518a32bf20,20.02752119700017,pyvrp,20.0,0.0,cvrp50_0290.json,0
"[""pyvrp_cost_not_converged"", ""route_membership_ambiguous""]",unstable_cost,False,0.11069044923657145,cvrp_s7799_n20-50-100_x66667_cvrp50_0313,0.16326530612244897,False,False,0.0,0.0,0.0,50,1,True,13.243742906499142,False,True,13.504494837994365,True,13.13305245726257,4,4,0.0069846922343465645,13.224782786774078,False,314162,13.13305245726257,4211113883,7,6a938e9c2f4266f89c723e83fdca4358cf39fe1614dfed438b918a23f5fb9c1c,20.034010381999906,pyvrp,20.0,0.008357943069270244,cvrp50_0313.json,0
"[""pyvrp_cost_not_converged""]",unstable_cost,False,0.10537606645824305,cvrp_s7799_n20-50-100_x66667_cvrp50_0364,0.06285714285714286,True,False,0.0,0.0,0.0,50,3,True,11.07843067185895,False,True,11.415972573665217,True,10.973054605400707,4,4,0.009800050892740995,11.08059109898246,False,314159,10.973054605400707,3543197452,7,e5829f958efa4147dd49f3b473e2d2d0509fe404b2cbba414e2804c355905af3,20.02557570800127,pyvrp,20.0,0.009511822529694186,cvrp50_0364.json,0
"[""accepted""]",not_selected,True,0.0,cvrp_s7799_n20-50-100_x66667_cvrp50_0384,0.0,True,True,0.0,0.0,0.0,50,4,False,10.98027941562819,False,False,,False,10.98027941562819,4,4,9.706620963790603e-16,10.980279415628202,True,314160,10.98027941562819,3107027696,7,a71b3e4c9fef76ae6eb3d302cbebfd9318b2424276ae9bd4119afed57e222760,20.04120002899981,pyvrp,20.0,0.0,cvrp50_0384.json,0
"[""accepted""]",not_selected,True,1.7763568394002505e-15,cvrp_s7799_n20-50-100_x66667_cvrp50_0418,0.0,True,True,0.0,0.0,0.0,50,4,False,10.292644163062628,False,False,,False,10.292644163062626,4,4,5.177552467348741e-16,10.292644163062631,True,314159,10.292644163062626,1829080592,7,85d4530117229cc5a575805f72d0f21f6dd97c6f91fc46c4af59db0db831012e,20.029435075000947,pyvrp,20.0,1.72585082244958e-16,cvrp50_0418.json,0
"[""accepted""]",not_selected,True,0.01569822767064899,cvrp_s7799_n20-50-100_x66667_cvrp50_0426,0.018775510204081632,True,True,0.0,0.0,0.0,50,4,False,10.244591473648343,False,False,,False,10.228893245977694,4,4,3.473214152662639e-16,10.228893245977698,True,314162,10.228893245977694,538633783,8,d84ff9c9568c034e91ea1697e602ee50583a59be8197471778a63dab5a945498,20.03579626699866,pyvrp,20.0,0.0015323429646783638,cvrp50_0426.json,0
"[""accepted""]",not_selected,True,0.03775461329831842,cvrp_s7799_n20-50-100_x66667_cvrp50_0464,0.06285714285714286,True,True,0.0,0.0,0.0,50,4,False,10.874404245498692,False,False,,False,10.836649632200373,4,4,3.278424420259793e-16,10.836649632200377,True,314160,10.836649632200373,117867083,6,a0af207dd4ca28db765949f09b951fa928ee86ce8fd7acefd7a53e909a88d029,20.032366538000133,pyvrp,20.0,0.003471878775699038,cvrp50_0464.json,0
"[""accepted""]",not_selected,True,0.0,cvrp_s7799_n20-50-100_x66667_cvrp50_0592,0.0,True,True,0.0,0.0,0.0,50,4,False,10.008804903907683,False,False,,False,10.008804903907683,4,4,5.324382450616208e-16,10.008804903907688,True,314160,10.008804903907683,4086900344,7,6b248d5e5edc13d63f41b5cf8378d6b7fd9daf27a5f4c7ebe35066d9febbc06c,20.031161262999376,pyvrp,20.0,0.0,cvrp50_0592.json,0
"[""accepted""]",not_selected,True,3.552713678800501e-15,cvrp_s7799_n20-50-100_x66667_cvrp50_0605,0.0,True,True,0.0,0.0,0.0,50,4,False,9.620347400979453,False,False,,False,9.62034740097945,4,4,5.539374303321102e-16,9.620347400979455,True,314159,9.62034740097945,2707872701,7,f34900e56ff44cc99aca1485f29550bd2d19492313170019b3cab1789b2fec67,20.035426422000455,pyvrp,20.0,3.6929162022140667e-16,cvrp50_0605.json,0
"[""accepted""]",not_selected,True,3.552713678800501e-15,cvrp_s7799_n20-50-100_x66667_cvrp50_10172,0.0,True,True,0.0,0.0,0.0,50,4,False,8.239113802403088,False,False,,False,8.239113802403084,4,4,4.3120094757815927e-16,8.239113802403088,True,314160,8.239113802403084,22245972,6,9d093453e343f2584bb582d1064648eac226d90795d42718a8135b5605ab6938,20.032974522000586,pyvrp,20.0,4.312009475781591e-16,cvrp50_10172.json,0
"[""accepted""]",not_selected,True,0.014176753536249365,cvrp_s7799_n20-50-100_x66667_cvrp50_10180,0.009795918367346938,True,True,0.0,0.0,0.0,50,4,False,13.612236620614425,False,False,,False,13.598059867078176,4,4,2.612662183817753e-16,13.59805986707818,True,314159,13.598059867078176,733409928,8,46df9f9971635624a2a0e98b9ca1b3fc595c94229382c7e74a43cadc9c05aad2,20.03667364299872,pyvrp,20.0,0.0010414712828882237,cvrp50_10180.json,0
"[""accepted""]",not_selected,True,0.000696264692852111,cvrp_s7799_n20-50-100_x66667_cvrp50_10182,0.0163265306122449,True,True,0.2,0.0163265306122449,0.0108843537414966,50,4,False,9.40399418068888,False,False,,False,9.403297915996028,4,4,7.404473399355873e-05,9.40399418068888,True,314160,9.403297915996028,4054135645,6,4bdd6efed69aab1336b8a6ee76623043a5f4783e5cf7580f10dddefc812718b2,20.020187136999084,pyvrp,20.0,7.403925177685583e-05,cvrp50_10182.json,0
"[""accepted""]",not_selected,True,3.552713678800501e-15,cvrp_s7799_n20-50-100_x66667_cvrp50_10312,0.0,True,True,0.0,0.0,0.0,50,4,False,8.415094438363397,False,False,,False,8.415094438363393,4,4,4.2218345911890317e-16,8.415094438363397,True,314161,8.415094438363393,2868016231,6,a9b8928d4cdcea45de0ab11578ef70632aed0793a262fb27ddab53ff20768432,20.03220237900132,pyvrp,20.0,4.2218345911890297e-16,cvrp50_10312.json,0
"[""accepted""]",not_selected,True,-1.7763568394002505e-15,cvrp_s7799_n20-50-100_x66667_cvrp50_10448,0.0,True,True,0.0,0.0,0.0,50,4,False,9.778550008320975,False,False,,False,9.778550008320977,4,4,5.449755345798735e-16,9.778550008320982,True,314161,9.778550008320977,4219359936,7,646396274249859830295f142d05a07b82509de56d8d209f91df73a92f317d84,20.038901005000298,pyvrp,20.0,-1.8165851152662455e-16,cvrp50_10448.json,0
"[""accepted""]",not_selected,True,1.7763568394002505e-15,cvrp_s7799_n20-50-100_x66667_cvrp50_10542,0.0,True,True,0.0,0.0,0.0,50,4,False,9.440915517405259,False,False,,False,9.440915517405257,4,4,1.881551461958707e-16,9.440915517405259,True,314159,9.440915517405257,939998352,7,7c23219f32127a2f37bbd519b9f6e79b2da37e6f8b20a54e1e48a962ecced9c6,20.02816460899885,pyvrp,20.0,1.8815514619587068e-16,cvrp50_10542.json,0
"[""accepted""]",not_selected,True,0.0,cvrp_s7799_n20-50-100_x66667_cvrp50_10590,0.0,True,True,0.0,0.0,0.0,50,3,False,8.675822248451837,False,False,,False,8.675822248451837,4,4,0.0018970504836472398,8.6922807212443,True,314159,8.675822248451837,1599183372,6,55bfe9360ce4d63a98a9c75f702d711d60a40c85c03871ae4b6435e9de295c14,20.02589615799843,pyvrp,20.0,0.0,cvrp50_10590.json,0
"[""route_membership_ambiguous""]",unstable_matrix,True,0.006967852761409432,cvrp_s7799_n20-50-100_x66667_cvrp50_10689,0.09142857142857143,False,False,0.3,0.09306122448979592,0.049523809523809526,50,4,True,10.56134064994036,False,True,11.118876052277706,True,10.554372797178951,4,4,0.0006636567620271682,10.561377278054755,True,314161,10.554372797178951,844116856,6,1427391663a4446ea67fc4ad7b9d3bf582b7f7d813d53ea1d98366cafcbabef1,20.079449722999925,pyvrp,20.0,0.0006597507828183517,cvrp50_10689.json,0
"[""accepted""]",not_selected,True,0.0,cvrp_s7799_n20-50-100_x66667_cvrp50_10721,0.0,True,True,0.0,0.0,0.0,50,4,False,9.269449178224223,False,False,,False,9.269449178224223,4,4,3.832712829524467e-16,9.269449178224226,True,314162,9.269449178224223,528162434,6,73fda69e624ccbd29545a61aeab886b91d29bcdcff5522abfaa725b06df34907,20.028343093999865,pyvrp,20.0,0.0,cvrp50_10721.json,0
"[""accepted""]",not_selected,True,0.021297202879207333,cvrp_s7799_n20-50-100_x66667_cvrp50_1079,0.04653061224489796,True,True,0.0,0.0,0.0,50,4,False,9.662338252972122,False,False,,False,9.641041050092914,4,4,1.842494840723794e-16,9.641041050092916,True,314162,9.641041050092914,231283876,6,9d80b1f95ebea37c4c459d06ed80d56b9c0a71644b555281d5c50c60e75d2191,20.038898495000467,pyvrp,20.0,0.002204145862173304,cvrp50_1079.json,0
"[""accepted""]",not_selected,True,0.011486144650243446,cvrp_s7799_n20-50-100_x66667_cvrp50_1094,0.06857142857142857,True,True,0.0,0.0,0.0,50,4,False,12.417780770344194,False,False,,False,12.40629462569395,4,4,7.818136312653966e-06,12.40639161979647,True,314160,12.40629462569395,3542202464,7,01f7e731ff296d958ce0fe9004fe2fca57dab0d0025fb001a9605d99b248eaee,20.03917278100016,pyvrp,20.0,0.0009249756347506428,cvrp50_1094.json,0
"[""accepted""]",not_selected,True,0.11210785111277133,cvrp_s7799_n20-50-100_x66667_cvrp50_10968,0.12571428571428572,True,True,0.0,0.0,0.0,50,4,False,10.079239887738453,False,False,,False,9.967132036625681,4,4,1.7822146158722167e-16,9.967132036625683,True,314161,9.967132036625681,2076092576,7,d38d5efe18c435a51d3234dc241aaf81dfac17e5ff3baf2ee747ae812858dd36,20.039152195000497,pyvrp,20.0,0.011122649362592532,cvrp50_10968.json,0
"[""accepted""]",not_selected,True,0.004603689170231462,cvrp_s7799_n20-50-100_x66667_cvrp50_11107,0.08979591836734693,True,True,0.0,0.0,0.0,50,4,False,8.310140279527882,False,False,,False,8.30553659035765,4,4,2.1387622823340756e-16,8.305536590357653,True,314159,8.30553659035765,1705219899,6,16da4fac020ba19ebcca89d1874a4e38ae9bc4fecb20896730671c032dda6106,20.025756577999346,pyvrp,20.0,0.000553984531593612,cvrp50_11107.json,0
"[""accepted""]",not_selected,True,0.01844910680908285,cvrp_s7799_n20-50-100_x66667_cvrp50_11244,0.10857142857142857,True,True,0.0,0.0,0.0,50,4,False,11.230179162487309,False,False,,False,11.211730055678226,4,4,1.5843735360900948e-16,11.211730055678228,True,314161,11.211730055678226,1926840680,7,e3b591bf9daee66a8a65548b32b66edf118ed2ab37685aa44a016c13dec81803,20.038377524999305,pyvrp,20.0,0.001642815002516546,cvrp50_11244.json,0
"[""accepted""]",not_selected,True,0.0010668286422390594,cvrp_s7799_n20-50-100_x66667_cvrp50_11321,0.012244897959183673,True,True,0.0,0.0,0.0,50,4,False,11.182215353542318,False,False,,False,11.18114852490008,4,4,3.177413904205561e-16,11.181148524900083,True,314160,11.18114852490008,726625284,7,06fc925345399ffba037c912a106f766cdf1ab06ddb2cc23b9683b37898fc6aa,20.030546418000085,pyvrp,20.0,9.540405085304566e-05,cvrp50_11321.json,0
"[""accepted""]",not_selected,True,0.02519913216844749,cvrp_s7799_n20-50-100_x66667_cvrp50_11337,0.11673469387755102,True,True,0.28,0.011428571428571429,0.007619047619047619,50,4,False,10.765126789549221,False,False,,False,10.739927657380774,4,4,2.9940939930711234e-05,10.740249220909623,True,314160,10.739927657380774,1312548184,7,af744ff6018aa35c803fca5f897044f48b23544c02c812cf6ca6905adda9a06b,20.022641494999334,pyvrp,20.0,0.0023408114610327484,cvrp50_11337.json,0
"[""accepted""]",not_selected,True,0.0,cvrp_s7799_n20-50-100_x66667_cvrp50_11613,0.0,True,True,0.0,0.0,0.0,50,4,False,8.531094946207066,False,False,,False,8.531094946207066,4,4,2.0822143588848706e-16,8.531094946207068,True,314159,8.531094946207066,2170461891,6,a7f46ca4ec57dc7162c50e5066fc9e9df78fa20950f2c42d43c1a971b24b8a76,20.02754684300089,pyvrp,20.0,0.0,cvrp50_11613.json,0
"[""accepted""]",not_selected,True,0.009374264223522388,cvrp_s7799_n20-50-100_x66667_cvrp50_11747,0.09306122448979592,True,True,0.3,0.012244897959183673,0.006122448979591836,50,4,False,10.847018333101609,False,False,,False,10.837644068878086,4,4,7.439079220669483e-05,10.838450289806024,True,314162,10.837644068878086,2632470650,7,9bf28baeea620e12f4f9843545da1405bb77398d189fb64bdef9493fdb6bc6d1,20.01766705999944,pyvrp,20.0,0.0008642249819856163,cvrp50_11747.json,0
"[""route_membership_ambiguous""]",unstable_matrix,True,0.03702194611024723,cvrp_s7799_n20-50-100_x66667_cvrp50_1175,0.10857142857142857,False,False,0.2,0.10122448979591837,0.05061224489795919,50,4,True,11.55101281215326,False,True,12.22342236455564,True,11.513990866043013,4,4,0.0006939823276034054,11.521981372224234,True,314159,11.513990866043013,4016746271,7,5f1f9d9d1c84f2be89c402f38f90c9cbd75c4a0e4cc606e70f3d3bf5d0ccdc80,20.02208356799929,pyvrp,20.0,0.0032050822479648736,cvrp50_1175.json,0
"[""accepted""]",not_selected,True,1.7763568394002505e-15,cvrp_s7799_n20-50-100_x66667_cvrp50_11761,0.0,True,True,0.0,0.0,0.0,50,4,False,9.95647603980597,False,False,,False,9.956476039805969,4,4,1.7841220450874182e-16,9.95647603980597,True,314160,9.956476039805969,1145300044,6,37cbae39717578fc7b46ab66cb5eb532cd0f97af1db63163b408e2ae0006d91c,20.020826359999774,pyvrp,20.0,1.784122045087418e-16,cvrp50_11761.json,0
"[""accepted""]",not_selected,True,0.0,cvrp_s7799_n20-50-100_x66667_cvrp50_11850,0.0,True,True,0.0,0.0,0.0,50,4,False,11.049436200086008,False,False,,False,11.049436200086008,4,4,6.430579107326484e-16,11.049436200086015,True,314162,11.049436200086008,1581761632,7,98f6cdb063b5510c0db0484b0364e1342a8f42106a3d4989b853ef629c7493ec,20.02260444499916,pyvrp,20.0,0.0,cvrp50_11850.json,0
"[""accepted""]",not_selected,True,7.105427357601002e-15,cvrp_s7799_n20-50-100_x66667_cvrp50_12000,0.0,True,True,0.0,0.0,0.0,50,4,False,12.43570262886789,False,False,,False,12.435702628867883,4,4,8.570598183700533e-16,12.435702628867894,True,314162,12.435702628867883,1492336637,7,a6ba9376ee7d3f9b4d2cebbfe01512d83c90850487178119a5c7ffcd4819614b,20.03474505000122,pyvrp,20.0,5.713732122467019e-16,cvrp50_12000.json,0
"[""accepted""]",not_selected,True,0.26526577560553655,cvrp_s7799_n20-50-100_x66667_cvrp50_1241,0.09877551020408164,True,True,0.0,0.0,0.0,50,4,False,13.547903774330175,False,False,,False,13.282637998724638,4,4,1.3373524442741054e-16,13.28263799872464,True,314161,13.282637998724638,4101142439,7,109cdb32879915addd40d23343536be972bece734635d17a170ff22c1c75a3f9,20.024827195000398,pyvrp,20.0,0.019579839067660608,cvrp50_1241.json,0
"[""accepted""]",not_selected,True,-1.7763568394002505e-15,cvrp_s7799_n20-50-100_x66667_cvrp50_12774,0.0,True,True,0.0,0.0,0.0,50,4,False,9.29615816946639,False,False,,False,9.296158169466391,4,4,3.82170098016354e-16,9.296158169466395,True,314160,9.296158169466391,2444186923,7,bfcf5c83c7b95d3a49e4ee922d34612e55c6a7cfa350469fa87a852ba8755ca3,20.027793608998763,pyvrp,20.0,-1.9108504900817704e-16,cvrp50_12774.json,0
"[""accepted""]",stable_control,True,3.552713678800501e-15,cvrp_s7799_n20-50-100_x66667_cvrp50_13087,0.0,True,True,0.0,0.0,0.0,50,4,False,10.370607759113305,False,True,10.501880925418625,True,10.370607759113302,4,4,3.425752628314873e-16,10.370607759113305,True,314160,10.370607759113302,504391400,7,a5587f4db5b5389a6268f4418659e04092d45ad8de593c9e4213a805598dda69,20.03472784600126,pyvrp,20.0,3.425752628314872e-16,cvrp50_13087.json,0
"[""accepted""]",not_selected,True,3.552713678800501e-15,cvrp_s7799_n20-50-100_x66667_cvrp50_13097,0.0,True,True,0.0,0.0,0.0,50,4,False,10.920725165833726,False,False,,False,10.920725165833723,4,4,4.879777155159195e-16,10.920725165833728,True,314160,10.920725165833723,2856360234,8,92605e2c5986a0149e5f063d054edea01b1ba5e8c27333ef678a813c4ee499c5,20.01858072199866,pyvrp,20.0,3.253184770106129e-16,cvrp50_13097.json,0
"[""accepted""]",not_selected,True,0.11134270402636304,cvrp_s7799_n20-50-100_x66667_cvrp50_13122,0.13142857142857142,True,True,0.0,0.0,0.0,50,3,False,11.0429444575484,False,False,,False,10.931601753522036,4,4,0.002609004943308778,10.960122356535258,True,314162,10.931601753522036,1520774843,7,370821d9bd3c6ec0dffda6a9d54cd91543621fee5b37f584b3430611a33f7eba,20.034224958000777,pyvrp,20.0,0.01008270071939507,cvrp50_13122.json,0
"[""accepted""]",not_selected,True,3.552713678800501e-15,cvrp_s7799_n20-50-100_x66667_cvrp50_13176,0.0,True,True,0.0,0.0,0.0,50,4,False,10.253498929795617,False,False,,False,10.253498929795613,4,4,6.929758715781752e-16,10.25349892979562,True,314159,10.253498929795613,2179059634,7,0b96dd05d842084a1308d866d85af81d1f92b1e65cabeb05b7df9f7832aefc22,20.028347426001346,pyvrp,20.0,3.4648793578908747e-16,cvrp50_13176.json,0
"[""accepted""]",not_selected,True,1.7763568394002505e-15,cvrp_s7799_n20-50-100_x66667_cvrp50_13318,0.0,True,True,0.0,0.0,0.0,50,4,False,9.119012068801082,False,False,,False,9.11901206880108,4,4,5.843912123368195e-16,9.119012068801085,True,314160,9.11901206880108,1782061217,6,bd523d9535b6b9f5a2cfb418da8989f295c1f6d1ec4c34b7d2331568d5663bb6,20.03500002600049,pyvrp,20.0,1.9479707077893979e-16,cvrp50_13318.json,0
"[""accepted""]",not_selected,True,5.329070518200751e-15,cvrp_s7799_n20-50-100_x66667_cvrp50_13338,0.0,True,True,0.0,0.0,0.0,50,4,False,10.613201009240578,False,False,,False,10.613201009240573,4,4,1.6737239197237796e-16,10.613201009240575,True,314159,10.613201009240573,712603682,7,8a47928918057f73cdf1d491283ef7ae5362f6b77c9cd0e353844a86392597e2,20.030711635001353,pyvrp,20.0,5.021171759171336e-16,cvrp50_13338.json,0
"[""accepted""]",not_selected,True,-0.00040055879889422386,cvrp_s7799_n20-50-100_x66667_cvrp50_1370,0.0,True,True,0.0,0.0,0.0,50,4,False,11.267271740713717,False,False,,False,11.267672299512611,4,4,7.882536837165062e-16,11.26767229951262,True,314159,11.267672299512611,758784764,7,320607fef4ec89c3aac1f877f7d1857c8194d696d0e5a2ba4c919b5933ec0642,20.020862548999503,pyvrp,20.0,-3.555064687459564e-05,cvrp50_1370.json,0
"[""accepted""]",stable_control,True,0.0626771817750118,cvrp_s7799_n20-50-100_x66667_cvrp50_13705,0.12897959183673469,True,True,0.0,0.0,0.0,50,4,False,11.677417396667733,False,True,12.176369062134183,True,11.614740214892722,4,4,1.5293986835130068e-16,11.614740214892723,True,314159,11.614740214892722,906490201,7,5e0a7338283a22e872b36533ced97768162d670132bcb2692895775bd8fe6355,20.026078632999997,pyvrp,20.0,0.0053673838697328195,cvrp50_13705.json,0
"[""accepted""]",not_selected,True,0.01928886066701274,cvrp_s7799_n20-50-100_x66667_cvrp50_13867,0.04653061224489796,True,True,0.0,0.0,0.0,50,4,False,10.416598223642781,False,False,,False,10.397309362975768,4,4,6.833909725628659e-16,10.397309362975776,True,314162,10.397309362975768,3663522954,7,0bfe619da759d0a3756304e6766ab3e7ebaca7a2cdf3a42322040f7bd7d26207,20.02990921899982,pyvrp,20.0,0.001851742790965326,cvrp50_13867.json,0
"[""route_membership_ambiguous""]",unstable_matrix,True,0.00843071429890685,cvrp_s7799_n20-50-100_x66667_cvrp50_13913,0.03428571428571429,False,False,0.32,0.08979591836734693,0.04489795918367347,50,4,True,11.153792621326835,False,True,11.628204799139539,True,11.145361907027928,4,4,0.0004455082742436821,11.150327257976949,True,314159,11.145361907027928,3237189009,6,3af32a83c2c687583f043050c75be2d81241bbbe763f0bc2a92c3d38bec5f844,20.03161467999962,pyvrp,20.0,0.0007558607717689436,cvrp50_13913.json,0
"[""accepted""]",not_selected,True,0.018744716328994215,cvrp_s7799_n20-50-100_x66667_cvrp50_14003,0.035918367346938776,True,True,0.0,0.0,0.0,50,4,False,9.941247971667178,False,False,,False,9.922503255338183,4,4,1.7902305433304773e-16,9.922503255338185,True,314159,9.922503255338183,718714148,7,f9813246a289cf2044c12d644d77c9ab738c0ed004775a357d9513f7fa0d4d37,20.037797386999955,pyvrp,20.0,0.0018855496193654114,cvrp50_14003.json,0
"[""accepted""]",not_selected,True,0.014107152742719009,cvrp_s7799_n20-50-100_x66667_cvrp50_14065,0.0946938775510204,True,True,0.0,0.0,0.0,50,3,False,9.953943590728654,False,False,,False,9.939836437985935,4,4,0.0035584794871264852,9.9752071420559,True,314162,9.939836437985935,569245770,6,6ab9d611ba5bd8f1367abc6b21d180b6b424c410599aa6b8ec1b9f98840547f1,20.039101030999518,pyvrp,20.0,0.0014172425847237828,cvrp50_14065.json,0
"[""accepted""]",not_selected,True,1.7763568394002505e-15,cvrp_s7799_n20-50-100_x66667_cvrp50_14074,0.0,True,True,0.0,0.0,0.0,50,4,False,8.580370802530137,False,False,,False,8.580370802530135,4,4,2.070256496230265e-16,8.580370802530137,True,314160,8.580370802530135,3046758804,7,01f7d84e1f2755e0d50417d49335577dd3cdc774909f21ff05b8ae6b5064e739,20.031512719999228,pyvrp,20.0,2.0702564962302645e-16,cvrp50_14074.json,0
"[""accepted""]",not_selected,True,0.0906952905042786,cvrp_s7799_n20-50-100_x66667_cvrp50_14109,0.12244897959183673,True,True,0.0,0.0,0.0,50,4,False,10.672961676484125,False,False,,False,10.582266385979846,4,4,5.03584990570743e-16,10.582266385979851,True,314161,10.582266385979846,1873033723,7,5e6481ae1a5782c226445c09bf0370d8a3ad71db1fa3b2a62c6fe340c136a628,20.024122440998326,pyvrp,20.0,0.00849766852476466,cvrp50_14109.json,0
"[""accepted""]",not_selected,True,0.03679606116543788,cvrp_s7799_n20-50-100_x66667_cvrp50_14133,0.053877551020408164,True,True,0.0,0.0,0.0,50,4,False,9.62823085066889,False,False,,False,9.591434789503452,4,4,1.8520241010700885e-16,9.591434789503454,True,314159,9.591434789503452,2356463695,7,1dfafa170530b34f6e3cd64a4373d59b47c40e5c8a4acc8a9ec7ce5331866305,20.038936978000493,pyvrp,20.0,0.003821684558267689,cvrp50_14133.json,0
"[""accepted""]",not_selected,True,0.039184156825157856,cvrp_s7799_n20-50-100_x66667_cvrp50_14172,0.08408163265306122,True,True,0.0,0.0,0.0,50,4,False,9.99836792153533,False,False,,False,9.959183764710172,4,4,3.567273948081317e-16,9.959183764710176,True,314162,9.959183764710172,3203453577,7,6ec5271670048c0e088de8803e56eb4a18d55b22964457500cc0e6a4374d48f9,20.034445706000042,pyvrp,20.0,0.003919055303091988,cvrp50_14172.json,0
"[""accepted""]",not_selected,True,3.552713678800501e-15,cvrp_s7799_n20-50-100_x66667_cvrp50_14400,0.0,True,True,0.0,0.0,0.0,50,4,False,11.149233359004912,False,False,,False,11.149233359004908,4,4,1.59325469492083e-16,11.14923335900491,True,314161,11.149233359004908,1934827905,7,e5ee8eb85128074c8b4c2abb9956dc36367a14ee1b838d3182763084b4a10d34,20.02776163099952,pyvrp,20.0,3.1865093898416586e-16,cvrp50_14400.json,0
"[""accepted""]",not_selected,True,1.7763568394002505e-15,cvrp_s7799_n20-50-100_x66667_cvrp50_1446,0.0,True,True,0.0,0.0,0.0,50,4,False,10.234783644481167,False,False,,False,10.234783644481166,4,4,3.4712152227235474e-16,10.234783644481169,True,314162,10.234783644481166,1175937084,7,2c62c467323e80c4d67cd0867e1dc2ed949ec6db4d1437b780ad33cd069f7fa8,20.028026232999764,pyvrp,20.0,1.7356076113617735e-16,cvrp50_1446.json,0
"[""route_membership_ambiguous""]",unstable_matrix,True,0.0007753298478156978,cvrp_s7799_n20-50-100_x66667_cvrp50_14566,0.031020408163265307,False,False,0.36,0.12408163265306123,0.062040816326530614,50,4,True,9.175246674920462,False,True,9.690409036951959,True,9.174471345072646,4,4,0.00020611353890851025,9.176362327829194,True,314160,9.174471345072646,1684961679,7,019ebb6d105136547ac229856562a6ab8caa5ce67c6e34fa5ca6c5cf8e428e0b,20.02991973799908,pyvrp,20.0,8.450234367376493e-05,cvrp50_14566.json,0
"[""accepted""]",not_selected,True,1.7763568394002505e-15,cvrp_s7799_n20-50-100_x66667_cvrp50_14667,0.0,True,True,0.0,0.0,0.0,50,4,False,11.160742523508462,False,False,,False,11.16074252350846,4,4,6.366446804622959e-16,11.160742523508468,True,314159,11.16074252350846,3465564209,7,21c01e99e6b1721c67e446bd0451e297929eef10814f71448e72811818e34b07,20.035949192999396,pyvrp,20.0,1.5916117011557396e-16,cvrp50_14667.json,0
"[""accepted""]",not_selected,True,3.552713678800501e-15,cvrp_s7799_n20-50-100_x66667_cvrp50_14951,0.0,True,True,0.0,0.0,0.0,50,4,False,9.998387305583567,False,False,,False,9.998387305583563,4,4,1.776643357682544e-16,9.998387305583565,True,314161,9.998387305583563,3841373470,6,3cd250fcb3ea6227fbd0b8e9b84ce35bc8d1135286e315a7a2d231c89db87581,20.037464991999514,pyvrp,20.0,3.5532867153650865e-16,cvrp50_14951.json,0
"[""accepted""]",not_selected,True,0.12179652592036128,cvrp_s7799_n20-50-100_x66667_cvrp50_15101,0.07183673469387755,True,True,0.0,0.0,0.0,50,4,False,11.398259885389322,False,False,,False,11.276463359468961,4,4,3.1505566643971324e-16,11.276463359468964,True,314161,11.276463359468961,514635217,7,d55139aea7b253b948356c7fcb0655231f960b0ee9b9407ae74bdf7f6d0ea4bd,20.026205643998765,pyvrp,20.0,0.010685536840275437,cvrp50_15101.json,0
"[""accepted""]",not_selected,True,0.07691446299756777,cvrp_s7799_n20-50-100_x66667_cvrp50_15150,0.0163265306122449,True,True,0.0,0.0,0.0,50,4,False,12.81490252927274,False,False,,False,12.737988066275172,4,4,1.3945348591613894e-16,12.737988066275173,True,314159,12.737988066275172,3715536568,7,d2dc979bac327161ed141d358e63e05acf2e732bc712e9e2822c791c63e96006,20.019586116000937,pyvrp,20.0,0.006001954585442544,cvrp50_15150.json,0
"[""accepted""]",not_selected,True,-1.7763568394002505e-15,cvrp_s7799_n20-50-100_x66667_cvrp50_15154,0.0,True,True,0.0,0.0,0.0,50,4,False,10.178360534331464,False,False,,False,10.178360534331466,4,4,0.0,10.178360534331466,True,314159,10.178360534331466,1952188881,7,850f6e159bd179056b43602ad24f430a5471d4e7b1a1cec6972062c3cb54a78c,20.022979130999374,pyvrp,20.0,-1.7452288444770886e-16,cvrp50_15154.json,0
"[""accepted""]",not_selected,True,1.7763568394002505e-15,cvrp_s7799_n20-50-100_x66667_cvrp50_15263,0.0,True,True,0.0,0.0,0.0,50,4,False,9.938815973323502,False,False,,False,9.9388159733235,4,4,7.149168851372721e-16,9.938815973323507,True,314161,9.9388159733235,1465152310,6,50e0df1c58518990ee6421296c8c9dd3fa922cc29f65ada8be4427e8bd5ece91,20.026859540999794,pyvrp,20.0,1.78729221284318e-16,cvrp50_15263.json,0
"[""accepted""]",not_selected,True,1.7763568394002505e-15,cvrp_s7799_n20-50-100_x66667_cvrp50_15306,0.0,True,True,0.0,0.0,0.0,50,4,False,9.754259429730102,False,False,,False,9.7542594297301,4,4,3.6422177453801885e-16,9.754259429730103,True,314159,9.7542594297301,4122975287,7,0276f2e0e437acb91a80107a0e3faacf91ca1d9493a830d22fd815e6fc3cb9cb,20.03669391100084,pyvrp,20.0,1.821108872690094e-16,cvrp50_15306.json,0
"[""accepted""]",not_selected,True,5.329070518200751e-15,cvrp_s7799_n20-50-100_x66667_cvrp50_15563,0.0,True,True,0.0,0.0,0.0,50,4,False,9.770818423229349,False,False,,False,9.770818423229343,4,4,3.636045134514225e-16,9.770818423229347,True,314159,9.770818423229343,3655174373,7,cd711c4873ebc2ff4748b339f438d71dde5a6906beadd04abdb505455d53e7cf,20.02925083700029,pyvrp,20.0,5.454067701771335e-16,cvrp50_15563.json,0
"[""accepted""]",not_selected,True,0.0008535504066919941,cvrp_s7799_n20-50-100_x66667_cvrp50_15940,0.022857142857142857,True,True,0.0,0.0,0.0,50,4,False,9.75015604433381,False,False,,False,9.749302493927118,4,4,3.6440695947361377e-16,9.749302493927122,True,314162,9.749302493927118,1336762986,7,a8e6a263cec83254cd1d535165e5109cbfc3f604dced09f2b9254fdb2bc45081,20.037899880000623,pyvrp,20.0,8.754223038184348e-05,cvrp50_15940.json,0
"[""accepted""]",not_selected,True,0.05252462474771313,cvrp_s7799_n20-50-100_x66667_cvrp50_16055,0.04897959183673469,True,True,0.0,0.0,0.0,50,3,False,11.903603034321705,False,False,,False,11.851078409573992,4,4,0.004965848814042311,11.909929073239297,True,314161,11.851078409573992,2598297023,7,3b1fb7c16a0b4d85814a6d87a7759c77c004f2de2148561b8a729db476070430,20.028535563000332,pyvrp,20.0,0.00441249801394323,cvrp50_16055.json,0
"[""accepted""]",stable_control,True,0.07954948058509714,cvrp_s7799_n20-50-100_x66667_cvrp50_16096,0.054693877551020405,True,True,0.0,0.0,0.0,50,4,False,10.247639100381718,False,True,10.445787719743958,True,10.168089619796621,4,4,3.493983443933848e-16,10.168089619796625,True,314160,10.168089619796621,2459884394,7,a1cc04bb5546491b3255e4a5e67458bb7ababa0d1bbb1e9da2bdf27af71ff0bf,20.026779032001286,pyvrp,20.0,0.007762712933765786,cvrp50_16096.json,0
"[""pyvrp_cost_not_converged""]",unstable_cost,False,0.048534255440687346,cvrp_s7799_n20-50-100_x66667_cvrp50_16161,0.18612244897959185,True,False,0.24,0.03918367346938775,0.026122448979591834,50,3,True,11.154327689430543,False,True,11.32107111382274,True,11.105793433989856,4,4,0.0075239632475310346,11.189353015621867,False,314160,11.105793433989856,2297249485,7,3c8390860b328efa8debe6aa874bad547d8163ade261745b030a6c574d2b3519,20.029812327999025,pyvrp,20.0,0.004351159190587231,cvrp50_16161.json,0
"[""accepted""]",not_selected,True,1.7763568394002505e-15,cvrp_s7799_n20-50-100_x66667_cvrp50_16163,0.0,True,True,0.0,0.0,0.0,50,4,False,9.604150242864796,False,False,,False,9.604150242864794,4,4,1.8495721063088933e-16,9.604150242864796,True,314159,9.604150242864794,2296768331,7,48e3e9a51a8041a599f22356f82150644a5c69b62acf11febd13c1f72d640fb2,20.039505090999228,pyvrp,20.0,1.8495721063088928e-16,cvrp50_16163.json,0
"[""route_membership_ambiguous""]",unstable_matrix,True,0.04503996176411462,cvrp_s7799_n20-50-100_x66667_cvrp50_16185,0.156734693877551,False,False,0.42,0.11346938775510204,0.056734693877551014,50,4,True,11.085268197216378,False,True,11.112833917619028,True,11.040228235452263,4,4,1.6661767359460854e-05,11.040412185166717,True,314160,11.040228235452263,1589461890,7,fc23eecce8e2c48557e49af5be9584dad988edbd6dfe7c7c05eae84cab3037dd,20.03807280300134,pyvrp,20.0,0.00406304664558541,cvrp50_16185.json,0
"[""route_membership_ambiguous""]",unstable_matrix,True,0.0,cvrp_s7799_n20-50-100_x66667_cvrp50_1630,0.0,False,False,0.3,0.10122448979591837,0.05061224489795919,50,4,True,9.499984629217538,False,True,9.920671639985823,True,9.499984629217538,4,4,0.00016956722766593753,9.501595515273983,True,314159,9.499984629217538,1687102643,7,4a544d7415acbb32894ef669faf9f2e1508352ee07ab361142313b9063661e42,20.036658905000877,pyvrp,20.0,0.0,cvrp50_1630.json,0
"[""accepted""]",not_selected,True,0.07514188831260071,cvrp_s7799_n20-50-100_x66667_cvrp50_16383,0.10122448979591837,True,True,0.0,0.0,0.0,50,4,False,12.262070415799544,False,False,,False,12.186928527486943,4,4,4.3727757212831174e-16,12.186928527486948,True,314162,12.186928527486943,2341627160,7,4af020fe9267d67d9dbb197c13b8b2e17b2a0664f3a7329a342ffa42548dc9bb,20.035986554001283,pyvrp,20.0,0.006127993541431732,cvrp50_16383.json,0
"[""accepted""]",not_selected,True,0.07027590692651309,cvrp_s7799_n20-50-100_x66667_cvrp50_16555,0.053877551020408164,True,True,0.0,0.0,0.0,50,2,False,12.39919419609137,False,False,,False,12.328918289164857,4,4,0.00348514862758905,12.371886401819998,True,314160,12.328918289164857,2145583202,7,741417d03b363fcd08f96123104f855827b93a909df1deca680cce983a33d909,20.02559365900015,pyvrp,20.0,0.005667780164993814,cvrp50_16555.json,0
"[""accepted""]",not_selected,True,0.012267686636855402,cvrp_s7799_n20-50-100_x66667_cvrp50_16702,0.035918367346938776,True,True,0.0,0.0,0.0,50,4,False,10.860304991895335,False,False,,False,10.84803730525848,4,4,1.6374914552876573e-16,10.848037305258481,True,314161,10.84803730525848,1412085118,7,0f4658fdd2e151112868f4329ec7466ef9419c564e502abcf28a82c1db7f4f80,20.033468098001322,pyvrp,20.0,0.0011295895139234438,cvrp50_16702.json,0
"[""accepted""]",not_selected,True,0.10326277925588556,cvrp_s7799_n20-50-100_x66667_cvrp50_16710,0.05142857142857143,True,True,0.0,0.0,0.0,50,4,False,8.724448107576821,False,False,,False,8.621185328320935,4,4,4.120910922921116e-16,8.621185328320939,True,314160,8.621185328320935,73827102,6,f99b8b8773df221e75a4008d2c09cd94e848c3cd7aec51d7628531e9955f1425,20.028097983999032,pyvrp,20.0,0.011836024237018055,cvrp50_16710.json,0
"[""accepted""]",not_selected,True,0.004768339389082499,cvrp_s7799_n20-50-100_x66667_cvrp50_16740,0.014693877551020407,True,True,0.0,0.0,0.0,50,4,False,9.347086447608348,False,False,,False,9.342318108219265,4,4,1.9014090708787062e-16,9.342318108219267,True,314159,9.342318108219265,4256228004,7,713f9b0e0058aa56e256e594e8aa1e4e921910cfbcda11c7ce664a3cd1326d06,20.038394874000005,pyvrp,20.0,0.0005101417875837214,cvrp50_16740.json,0
"[""accepted""]",not_selected,True,0.023305894991871412,cvrp_s7799_n20-50-100_x66667_cvrp50_16756,0.09714285714285714,True,True,0.0,0.0,0.0,50,4,False,11.341525215959997,False,False,,False,11.318219320968126,4,4,7.847333529353742e-16,11.318219320968135,True,314161,11.318219320968126,2512242713,6,24ea8d8d53ce37261352a7184b47ea0a4fcf2e8809bc712f76c7543979676451,20.021443062998515,pyvrp,20.0,0.002054917178077155,cvrp50_16756.json,0
"[""accepted""]",not_selected,True,0.08820030199056816,cvrp_s7799_n20-50-100_x66667_cvrp50_16835,0.11346938775510204,True,True,0.0,0.0,0.0,50,4,False,11.573954874865892,False,False,,False,11.485754572875324,4,4,6.18629565216475e-16,11.485754572875331,True,314162,11.485754572875324,1370263822,7,6e814c6e423b44252bb2f06792481f70217ee6f3ed8264829d283117da070129,20.02098352200119,pyvrp,20.0,0.007620584574949809,cvrp50_16835.json,0
"[""accepted""]",not_selected,True,0.00047260075940158686,cvrp_s7799_n20-50-100_x66667_cvrp50_16850,0.0,True,True,0.0,0.0,0.0,50,4,False,11.591322442323627,False,False,,False,11.590849841564225,4,4,4.077360727296174e-05,11.591322442323625,True,314162,11.590849841564225,1484554339,7,4f978f583fe2f2e5434bc18df62fff6080a5046afcb594502426fe6c5d7806ff,20.03905155299981,pyvrp,20.0,4.077194485384776e-05,cvrp50_16850.json,0
"[""accepted""]",not_selected,True,0.0,cvrp_s7799_n20-50-100_x66667_cvrp50_1690,0.0,True,True,0.0,0.0,0.0,50,4,False,10.232927920174134,False,False,,False,10.232927920174134,4,4,5.20776708266901e-16,10.23292792017414,True,314159,10.232927920174134,2034977946,6,3787ed2dc7a01f22a1d8c306331c7852dd80b8a6e5ae27756467bd6aa4e39dec,20.026681805999033,pyvrp,20.0,0.0,cvrp50_1690.json,0
"[""accepted""]",stable_control,True,0.0076362823089972665,cvrp_s7799_n20-50-100_x66667_cvrp50_16950,0.022857142857142857,True,True,0.0,0.0,0.0,50,4,False,9.790355275873589,False,True,9.97752367693154,True,9.782718993564592,4,4,7.263243850993978e-16,9.782718993564599,True,314161,9.782718993564592,2247677443,7,3e47399edad3df5d991b97074a3b8d572db55cbe313a44e31b6b11f3621936b4,20.023243440000442,pyvrp,20.0,0.0007799801022354508,cvrp50_16950.json,0
"[""accepted""]",not_selected,True,1.7763568394002505e-15,cvrp_s7799_n20-50-100_x66667_cvrp50_17166,0.0,True,True,0.0,0.0,0.0,50,4,False,10.802383632405691,False,False,,False,10.80238363240569,4,4,3.2888238371231705e-16,10.802383632405693,True,314162,10.80238363240569,433078189,7,fe09c84c9c674461503a8b72afa2617df6a8a36ca1eb73cd92f1b7b00a46eae1,20.032790518000184,pyvrp,20.0,1.6444119185615847e-16,cvrp50_17166.json,0
"[""accepted""]",not_selected,True,1.7763568394002505e-15,cvrp_s7799_n20-50-100_x66667_cvrp50_17211,0.0,True,True,0.0,0.0,0.0,50,3,False,8.790526558160137,False,False,,False,8.790526558160135,4,4,0.004169474638741755,8.82717843570557,True,314159,8.790526558160135,979783732,6,eccb9ddb2c1a161cb5113dde00185768e7e1496f7095d553b6f0e78ad7b34a32,20.0386670150001,pyvrp,20.0,2.0207627241069883e-16,cvrp50_17211.json,0
"[""accepted""]",stable_control,True,0.13155692705299415,cvrp_s7799_n20-50-100_x66667_cvrp50_17445,0.10857142857142857,True,True,0.0,0.0,0.0,50,4,False,12.485813763997125,False,True,12.409832324471035,True,12.354256836944131,4,4,5.751400065079556e-16,12.354256836944138,True,314160,12.354256836944131,2317742920,7,fc9c5162f7836533d4a13f3161e7aa0d09f1fa02be0d3521f6cb8995efbefde4,20.01816148999933,pyvrp,20.0,0.010536512039955207,cvrp50_17445.json,0
"[""route_membership_ambiguous""]",unstable_matrix,True,0.0877570266013219,cvrp_s7799_n20-50-100_x66667_cvrp50_17560,0.17714285714285713,False,False,0.32,0.10448979591836735,0.06857142857142857,50,4,True,11.6461651897269,False,True,11.802676755317055,True,11.558408163125579,4,4,0.0005167045150939076,11.564380444810764,True,314159,11.558408163125579,1841770469,8,80063e47a3a8c5dc76bbb2ec70dc91858fc08f6dea3de98d28f3c03ebb760a3d,20.03585866799949,pyvrp,20.0,0.007535272355464483,cvrp50_17560.json,1
"[""accepted""]",not_selected,True,0.0,cvrp_s7799_n20-50-100_x66667_cvrp50_17604,0.0,True,True,0.0,0.0,0.0,50,4,False,10.470300382342593,False,False,,False,10.470300382342593,4,4,1.6965672182585594e-16,10.470300382342595,True,314160,10.470300382342593,3703531094,7,8e75477cb3158cbd95f8cffa9b725c47ecf89e202c68677985457ef48d4fd49d,20.018172771000536,pyvrp,20.0,0.0,cvrp50_17604.json,0
"[""accepted""]",not_selected,True,3.552713678800501e-15,cvrp_s7799_n20-50-100_x66667_cvrp50_17629,0.0,True,True,0.0,0.0,0.0,50,4,False,8.661505103550775,False,False,,False,8.661505103550772,4,4,4.101727859450283e-16,8.661505103550775,True,314159,8.661505103550772,1665716138,7,47f3da97523d414720fe464b131fb8046d952bd14cdb3ed6a9e91efcfea53b86,20.038970551999228,pyvrp,20.0,4.1017278594502816e-16,cvrp50_17629.json,0
"[""accepted""]",not_selected,True,0.020925775874424346,cvrp_s7799_n20-50-100_x66667_cvrp50_1764,0.04,True,True,0.0,0.0,0.0,50,4,False,10.89602632896078,False,False,,False,10.875100553086355,4,4,1.0192694046126838e-05,10.875211399659014,True,314159,10.875100553086355,3249429382,7,0ed7e7835492022c461ec553d4c5a102a2ec651dc1379c2d2aea9ff48dd4dc47,20.038941653998336,pyvrp,20.0,0.001920496082026278,cvrp50_1764.json,0
"[""accepted""]",not_selected,True,2.5261267312615132e-05,cvrp_s7799_n20-50-100_x66667_cvrp50_1767,0.0,True,True,0.0,0.0,0.0,50,4,False,8.993825217151082,False,False,,False,8.99379995588377,4,4,2.8087424043814918e-06,8.993825217151082,True,314160,8.99379995588377,3225664257,7,fbeeddfdce583fa2085be99453856912c7e59a2edfafd862f1af20b70b2e0ec5,20.026105675999133,pyvrp,20.0,2.8087345153697556e-06,cvrp50_1767.json,0
"[""accepted""]",stable_control,True,0.0039790374206578605,cvrp_s7799_n20-50-100_x66667_cvrp50_17902,0.04816326530612245,True,True,0.0,0.0,0.0,50,4,False,10.321413004784027,False,True,10.77533655849245,True,10.31743396736337,4,4,3.443408205992522e-16,10.317433967363373,True,314159,10.31743396736337,3531392210,6,df86fbddeb680fe9f486aa938fe7231460ddc32d497b24777d005c175b2f172b,20.025805516999753,pyvrp,20.0,0.00038551285747538217,cvrp50_17902.json,0
"[""accepted""]",not_selected,True,1.7763568394002505e-15,cvrp_s7799_n20-50-100_x66667_cvrp50_17946,0.0,True,True,0.0,0.0,0.0,50,4,False,8.401122677176726,False,False,,False,8.401122677176724,4,4,2.114427925479612e-16,8.401122677176726,True,314159,8.401122677176724,559944191,6,e4dee1b60b2f0494c9a68c36565e6a538a7e9feb8a8b97d09bae890750991b62,20.032007158999477,pyvrp,20.0,2.1144279254796115e-16,cvrp50_17946.json,0
"[""accepted""]",not_selected,True,3.552713678800501e-15,cvrp_s7799_n20-50-100_x66667_cvrp50_18136,0.0,True,True,0.0,0.0,0.0,50,4,False,10.965304644881806,False,False,,False,10.965304644881803,4,4,3.2399589376285827e-16,10.965304644881806,True,314162,10.965304644881803,369522486,7,5a750af6ccc62121d3bbdb3e6021c6b3846c8af9e274c1f42de39057d572ae10,20.036525837000227,pyvrp,20.0,3.2399589376285818e-16,cvrp50_18136.json,0
"[""accepted""]",stable_control,True,0.08160455925644428,cvrp_s7799_n20-50-100_x66667_cvrp50_18297,0.08408163265306122,True,True,0.0,0.0,0.0,50,4,False,13.025600963312487,False,True,13.492447616007702,True,12.943996404056042,4,4,6.861701687600992e-16,12.943996404056051,True,314161,12.943996404056042,2921159443,7,ba76efc18fad80d2b4b085b47453b1cc4df6ddc9bf39f0e5a07244bcd4f010e3,20.020336139999927,pyvrp,20.0,0.0062649362195486575,cvrp50_18297.json,0
"[""accepted""]",not_selected,True,3.552713678800501e-15,cvrp_s7799_n20-50-100_x66667_cvrp50_18355,0.0,True,True,0.0,0.0,0.0,50,4,False,8.051480283823794,False,False,,False,8.05148028382379,4,4,4.412497520410314e-16,8.051480283823794,True,314159,8.05148028382379,4097508679,6,c7ade9e87bdf06dbb5352fa881d309e6345a671b933274a482c743e546ae7652,20.030041744999835,pyvrp,20.0,4.4124975204103123e-16,cvrp50_18355.json,0
"[""accepted""]",stable_control,True,1.7763568394002505e-15,cvrp_s7799_n20-50-100_x66667_cvrp50_18535,0.0,True,True,0.0,0.0,0.0,50,4,False,12.679802472787802,False,True,13.254786199385254,True,12.6798024727878,4,4,1.4009341574622322e-16,12.679802472787802,True,314159,12.6798024727878,2522456230,7,a48ee88267ae1920f6628ca626b1762fe9a247a8579a9c3fa1ef8a7576d66f81,20.02632549000009,pyvrp,20.0,1.400934157462232e-16,cvrp50_18535.json,0
"[""accepted""]",stable_control,True,0.15398266178816655,cvrp_s7799_n20-50-100_x66667_cvrp50_18592,0.17795918367346938,True,True,0.0,0.0,0.0,50,4,False,11.995171941197448,False,True,12.575118500468617,True,11.841189279409281,4,4,4.500452101941741e-16,11.841189279409287,True,314159,11.841189279409281,290192062,6,5b3dddd9c613719eeda4657d533db3c13f6086d25ca807e876f880ac9b940842,20.02278279500024,pyvrp,20.0,0.012837053319703797,cvrp50_18592.json,0
"[""accepted""]",not_selected,True,0.032191358981179974,cvrp_s7799_n20-50-100_x66667_cvrp50_18844,0.13714285714285715,True,True,0.0,0.0,0.0,50,4,False,11.035309695337354,False,False,,False,11.003118336356174,4,4,6.457648768643577e-16,11.00311833635618,True,314160,11.003118336356174,2616735563,7,fd978de6bf5bf6298afc9cd4e0f60c25db27fcf29c103839b734e0aa3f63cb74,20.027150828998856,pyvrp,20.0,0.0029171232951243306,cvrp50_18844.json,0
"[""accepted""]",not_selected,True,5.1252255001799085e-05,cvrp_s7799_n20-50-100_x66667_cvrp50_1902,0.0,True,True,0.0,0.0,0.0,50,4,False,10.34768280927362,False,False,,False,10.347631557018618,4,4,4.953042125914146e-06,10.347682809273623,True,314159,10.347631557018618,1241443312,7,07b70245eff9d1d73eb24eab0e73735d7ae95e185c78bad5e4861b0b74b9ddef,20.04000060100043,pyvrp,20.0,4.953017593066023e-06,cvrp50_1902.json,0
"[""accepted""]",not_selected,True,0.0,cvrp_s7799_n20-50-100_x66667_cvrp50_1908,0.0,True,True,0.0,0.0,0.0,50,4,False,9.075776342717047,False,False,,False,9.075776342717047,4,4,4.917731820133632e-06,9.07582097495116,True,314160,9.075776342717047,3589960356,7,ee46596b499aeba992f340d6766cc15c77cceaaad5308e598ccb1da413f7368f,20.02948642999945,pyvrp,20.0,0.0,cvrp50_1908.json,0
"[""accepted""]",not_selected,True,-1.7763568394002505e-15,cvrp_s7799_n20-50-100_x66667_cvrp50_19088,0.0,True,True,0.0,0.0,0.0,50,4,False,8.99905366045232,False,False,,False,8.999053660452322,4,4,3.947874757557485e-16,8.999053660452326,True,314160,8.999053660452322,1720545657,6,16547ddf3fcd087349b91f4c7e5c8aaa2e683061d34a7b15b4bdc51df1862a42,20.040073311000015,pyvrp,20.0,-1.973937378778743e-16,cvrp50_19088.json,0
"[""accepted""]",not_selected,True,0.0007341464123307162,cvrp_s7799_n20-50-100_x66667_cvrp50_19095,0.010612244897959184,True,True,0.26,0.019591836734693877,0.009795918367346938,50,4,False,11.06419006006111,False,False,,False,11.06345591364878,4,4,6.63577835046112e-05,11.06419006006111,True,314159,11.06345591364878,3630850859,7,40ba6ecbf8d621f2e534547c743225afe63d5fd188a138d50091e6dbbee8adbd,20.027632954001092,pyvrp,20.0,6.635338044135708e-05,cvrp50_19095.json,0
"[""accepted""]",stable_control,True,-1.7763568394002505e-15,cvrp_s7799_n20-50-100_x66667_cvrp50_19578,0.0,True,True,0.0,0.0,0.0,50,4,False,9.293650112362876,False,True,9.31121057690616,True,9.293650112362878,4,4,3.822732334278976e-16,9.293650112362881,True,314161,9.293650112362878,1927184431,7,19c93ed240769ed7bd27d0a44530be40b4fcf75e1638579dc8125f0d2036311c,20.032477201000802,pyvrp,20.0,-1.9113661671394882e-16,cvrp50_19578.json,0
"[""accepted""]",not_selected,True,-0.009160516813425446,cvrp_s7799_n20-50-100_x66667_cvrp50_19594,0.14612244897959184,True,True,0.0,0.0,0.0,50,4,False,10.159933431494336,False,False,,False,10.169093948307761,4,4,5.240457552354073e-16,10.169093948307767,True,314161,10.169093948307761,3384668719,7,4d96ca77129a33d61792e0ccad6983d546ed0090e1ff54b2a7a3b93697e702aa,20.03666407899982,pyvrp,20.0,-0.000901631578119317,cvrp50_19594.json,0
"[""route_membership_ambiguous""]",unstable_matrix,True,0.021336544111425937,cvrp_s7799_n20-50-100_x66667_cvrp50_19651,0.1273469387755102,False,False,0.24,0.14122448979591837,0.14122448979591837,50,2,True,12.306243583174279,False,True,12.47993071717538,True,12.284907039062853,4,4,0.0017368095699531753,12.306243583174282,True,314162,12.284907039062853,3375681908,8,c3ee059910649d72a31fc56929160c189b8d581c94b0f364bda8630c4a6ae39c,20.027376750000258,pyvrp,20.0,0.0017337982924861281,cvrp50_19651.json,0
"[""accepted""]",not_selected,True,3.552713678800501e-15,cvrp_s7799_n20-50-100_x66667_cvrp50_19983,0.0,True,True,0.0,0.0,0.0,50,4,False,11.170201579457867,False,False,,False,11.170201579457864,4,4,3.180527811900892e-16,11.170201579457867,True,314159,11.170201579457864,2944177931,7,d8f47ee2b71dd1eab61058d73edd977ef48454975536d4a37f1004c2c691269a,20.037141316999623,pyvrp,20.0,3.180527811900891e-16,cvrp50_19983.json,0
"[""accepted""]",not_selected,True,0.1684766923503389,cvrp_s7799_n20-50-100_x66667_cvrp50_20003,0.12897959183673469,True,True,0.0,0.0,0.0,50,3,False,13.48497590324501,False,False,,False,13.316499210894671,4,4,0.0031885522731306642,13.358959564723712,True,314160,13.316499210894671,2465533356,7,63619b72ad9fe91a188f650a99b276b4214c1b2d7f0971c9e5708a92824b9ad7,20.036747287998878,pyvrp,20.0,0.012493659132887056,cvrp50_20003.json,0
"[""accepted""]",not_selected,True,0.052846527258852305,cvrp_s7799_n20-50-100_x66667_cvrp50_20086,0.17142857142857143,True,True,0.0,0.0,0.0,50,4,False,10.996514827599167,False,False,,False,10.943668300340315,4,4,3.246364547333751e-16,10.943668300340319,True,314160,10.943668300340315,1139109267,6,d333c7a4f9d3f2f7a9914ab4a9e4e4a0c40485453be54aed3dd3622acbf0bff0,20.025184201998854,pyvrp,20.0,0.004805752375854352,cvrp50_20086.json,0
"[""accepted""]",not_selected,True,-3.552713678800501e-15,cvrp_s7799_n20-50-100_x66667_cvrp50_20192,0.0,True,True,0.0,0.0,0.0,50,4,False,9.085617955811268,False,False,,False,9.085617955811271,4,4,5.865391373618361e-16,9.085617955811276,True,314161,9.085617955811271,1009100989,7,3f24cf2d765e33622d152de9a07904446ef0b0054c7684dd3670e163d1f58ff3,20.031937666000886,pyvrp,20.0,-3.910260915745575e-16,cvrp50_20192.json,0
"[""accepted""]",not_selected,True,0.24009418979348673,cvrp_s7799_n20-50-100_x66667_cvrp50_20268,0.10857142857142857,True,True,0.0,0.0,0.0,50,3,False,12.82692947430286,False,False,,False,12.586835284509373,4,4,0.001925206354877078,12.611067539786902,True,314160,12.586835284509373,1966900742,8,869a2dfea40ee9af34c4fed6c1168dc46e8a5dc2d58e3ba3bbb047342967b60c,20.02307179899981,pyvrp,20.0,0.0187179784744654,cvrp50_20268.json,0
"[""accepted""]",not_selected,True,1.7763568394002505e-15,cvrp_s7799_n20-50-100_x66667_cvrp50_20633,0.0,True,True,0.0,0.0,0.0,50,4,False,8.662457583131399,False,False,,False,8.662457583131397,4,4,4.1012768544099794e-16,8.6624575831314,True,314161,8.662457583131397,594235743,6,38947410097975f82b0fb835704a23392a23f21c029614c737fe54eafc6398f6,20.034985959999176,pyvrp,20.0,2.0506384272049892e-16,cvrp50_20633.json,0
"[""accepted""]",not_selected,True,1.7763568394002505e-15,cvrp_s7799_n20-50-100_x66667_cvrp50_20854,0.0,True,True,0.0,0.0,0.0,50,4,False,10.562349817544645,False,False,,False,10.562349817544643,4,4,1.009069120083274e-15,10.562349817544654,True,314162,10.562349817544643,1326300419,7,df8826f382db3dffe5c0684eb025f08d3bcd2d498744aee682df2f676285ae74,20.070807801001138,pyvrp,20.0,1.6817818668054565e-16,cvrp50_20854.json,0
"[""pyvrp_cost_not_converged"", ""route_membership_ambiguous""]",unstable_cost,False,-0.005675019257171954,cvrp_s7799_n20-50-100_x66667_cvrp50_21043,0.09795918367346938,False,False,0.0,0.0,0.0,50,1,True,12.397473244331596,False,True,13.029527938808334,True,12.403148263588768,4,4,0.0037364285062375584,12.449491740327932,False,314160,12.403148263588768,870167782,7,488d73c25ddc037c7be6f1221224e3d73e7b9db1f81aa9775fcbeffeb49dc003,20.030075739001404,pyvrp,20.0,-0.0004577561205680924,cvrp50_21043.json,0
"[""accepted""]",not_selected,True,0.033484971565608035,cvrp_s7799_n20-50-100_x66667_cvrp50_21166,0.045714285714285714,True,True,0.0,0.0,0.0,50,4,False,9.68145804961769,False,False,,False,9.647973078052082,4,4,9.770601432824145e-05,9.648915743047885,True,314159,9.647973078052082,97748499,7,730d5d07a1230450c1cbe7ada242613cc7ceae0147437ecdbd159184c5d8192a,20.022235754000576,pyvrp,20.0,0.003458670315359195,cvrp50_21166.json,0
"[""route_membership_ambiguous""]",unstable_matrix,True,0.06312960080338037,cvrp_s7799_n20-50-100_x66667_cvrp50_21562,0.11673469387755102,False,False,0.3,0.09551020408163265,0.04775510204081632,50,4,True,11.335465164427085,False,True,11.765723776895138,True,11.272335563623704,4,4,0.0005361547115245263,11.278379279446026,True,314162,11.272335563623704,856015489,7,21ebeec7ef6713454ea9e4432ca741417ff0b4ee3e20fde71be152cdbc629f8f,20.0389728450009,pyvrp,20.0,0.005569211310488912,cvrp50_21562.json,0
"[""accepted""]",stable_control,True,0.0,cvrp_s7799_n20-50-100_x66667_cvrp50_21698,0.0,True,True,0.0,0.0,0.0,50,4,False,9.00961328661176,False,True,9.27004160397583,True,9.00961328661176,4,4,1.9716238454317543e-16,9.009613286611762,True,314159,9.00961328661176,3707287088,6,c4e7b300d50926ffde076e5f7079b02c8925e6fc38b2586432355e693d954edc,20.032189325000218,pyvrp,20.0,0.0,cvrp50_21698.json,0
"[""accepted""]",not_selected,True,0.0,cvrp_s7799_n20-50-100_x66667_cvrp50_21723,0.0,True,True,0.0,0.0,0.0,50,4,False,9.694693635392152,False,False,,False,9.694693635392152,4,4,1.8322980655266437e-16,9.694693635392154,True,314160,9.694693635392152,1886307077,7,c807b08b5edd07a8d167a6baba045e68234c14c2208cb920eba93bb6609daa3e,20.082061654999052,pyvrp,20.0,0.0,cvrp50_21723.json,0
"[""accepted""]",not_selected,True,0.0048924083855919065,cvrp_s7799_n20-50-100_x66667_cvrp50_21859,0.04897959183673469,True,True,0.0,0.0,0.0,50,4,False,11.089636259653178,False,False,,False,11.084743851267586,4,4,4.807572091610714e-16,11.084743851267591,True,314162,11.084743851267586,2248167248,7,409ce1fd063acc063a0646381486c587c58201ed98c2000046c83c96b7b009b1,20.03794662299879,pyvrp,20.0,0.00044116941899994416,cvrp50_21859.json,0
"[""accepted""]",not_selected,True,0.0006588014056543301,cvrp_s7799_n20-50-100_x66667_cvrp50_21909,0.04244897959183674,True,True,0.0,0.0,0.0,50,4,False,9.351334520541172,False,False,,False,9.350675719135518,4,4,5.699128788409562e-16,9.350675719135523,True,314160,9.350675719135518,371903505,6,59e4b4f07a8d42389d45e3252220d5cff45d36092c4cffece502e7b0a240a829,20.025027359999513,pyvrp,20.0,7.044998809605246e-05,cvrp50_21909.json,0
"[""accepted""]",not_selected,True,0.2323192642304157,cvrp_s7799_n20-50-100_x66667_cvrp50_21942,0.08653061224489796,True,True,0.0,0.0,0.0,50,4,False,12.581432209504813,False,False,,False,12.349112945274397,4,4,2.876897874806472e-16,12.3491129452744,True,314159,12.349112945274397,4268349529,8,07c7b58520000c4c20660ab92ce721b7daf986d67225f3778bd8a14b2826d265,20.02812162599912,pyvrp,20.0,0.018465247863824835,cvrp50_21942.json,0
"[""accepted""]",not_selected,True,3.552713678800501e-15,cvrp_s7799_n20-50-100_x66667_cvrp50_22194,0.0,True,True,0.0,0.0,0.0,50,4,False,10.4099181782596,False,False,,False,10.409918178259597,4,4,6.825632282528601e-16,10.409918178259604,True,314162,10.409918178259597,4151144842,6,f774778155d628d363b94961ab25d73a69b67d1b0a31bf8bb771d5fa8cf309b7,20.02983238900015,pyvrp,20.0,3.412816141264299e-16,cvrp50_22194.json,0
"[""accepted""]",not_selected,True,0.008934980537175008,cvrp_s7799_n20-50-100_x66667_cvrp50_22207,0.024489795918367346,True,True,0.0,0.0,0.0,50,4,False,9.943060036424916,False,False,,False,9.93412505588774,4,4,2.3436128024131278e-05,9.934357873314358,True,314159,9.93412505588774,1254324400,6,a605443d3ca96c7a35db621435f5ab11df8a52884ee150a58f8e15a31d663625,20.01887756600081,pyvrp,20.0,0.000898614762904281,cvrp50_22207.json,0
"[""accepted""]",stable_control,True,0.03267447193437256,cvrp_s7799_n20-50-100_x66667_cvrp50_22381,0.0,True,True,0.0,0.0,0.0,50,4,False,11.413096625686165,False,True,11.928802254893702,True,11.380422153751793,4,4,3.1217767063493994e-16,11.380422153751796,True,314160,11.380422153751793,3036631805,7,496aef8bf6e491e9b659cb23bbd671bf739045b07a0f7c2eed2d3845180e247c,20.038003508001566,pyvrp,20.0,0.002862892780635522,cvrp50_22381.json,0
"[""accepted""]",not_selected,True,0.0840698574230494,cvrp_s7799_n20-50-100_x66667_cvrp50_22400,0.11918367346938775,True,True,0.0,0.0,0.0,50,4,False,8.556788165415558,False,False,,False,8.472718307992508,4,4,4.1931214394902577e-16,8.472718307992512,True,314160,8.472718307992508,189220826,7,cbdb3af989eac691cbd631728d1759e2d1a8b932a7aba1bc0034b34056373628,20.033485740999822,pyvrp,20.0,0.009824931481047898,cvrp50_22400.json,0
"[""accepted""]",not_selected,True,0.016980752446098535,cvrp_s7799_n20-50-100_x66667_cvrp50_2244,0.008979591836734694,True,True,0.0,0.0,0.0,50,4,False,9.696199372460052,False,False,,False,9.679218620013954,4,4,7.340910084321206e-16,9.67921862001396,True,314162,9.679218620013954,3970907636,7,6fb3e1d29bbd8c24b50acb793ef3ab94ae4fa6985ceec2b16bc7b7ec5bad330c,20.039421045999916,pyvrp,20.0,0.0017512792171259053,cvrp50_2244.json,0
"[""accepted""]",not_selected,True,0.005519448999752541,cvrp_s7799_n20-50-100_x66667_cvrp50_22523,0.053877551020408164,True,True,0.0,0.0,0.0,50,4,False,10.193845235791498,False,False,,False,10.188325786791745,4,4,5.230565482220263e-16,10.18832578679175,True,314159,10.188325786791745,1237491952,6,ee6921c420c51a75f79b65a355a2c3ccd0294889b4c57270011b9fd6322f4857,20.037314024000807,pyvrp,20.0,0.0005414491658528682,cvrp50_22523.json,0
"[""accepted""]",not_selected,True,3.552713678800501e-15,cvrp_s7799_n20-50-100_x66667_cvrp50_22545,0.0,True,True,0.0,0.0,0.0,50,4,False,9.904997906974662,False,False,,False,9.904997906974659,4,4,7.173577848610827e-16,9.904997906974666,True,314159,9.904997906974659,2267649633,8,c2fd20f7022b247022a05d6047c37eff9518090b02e7e364fffd4114d7008209,20.02996661799989,pyvrp,20.0,3.5867889243054124e-16,cvrp50_22545.json,0
"[""accepted""]",not_selected,True,0.030136342841645458,cvrp_s7799_n20-50-100_x66667_cvrp50_22686,0.1363265306122449,True,True,0.0,0.0,0.0,50,3,False,10.868097929631961,False,False,,False,10.837961586790316,4,4,0.002009161909241487,10.859736806384317,True,314160,10.837961586790316,3094152140,7,c723f7759617c67ffa43c897517286db4e1161321e1d8b0ef0dcc8c7429c76e9,20.039026811999065,pyvrp,20.0,0.0027729178589271323,cvrp50_22686.json,0
"[""accepted""]",not_selected,True,3.552713678800501e-15,cvrp_s7799_n20-50-100_x66667_cvrp50_22737,0.0,True,True,0.0,0.0,0.0,50,4,False,11.101384060781902,False,False,,False,11.101384060781898,4,4,1.6001219574734154e-16,11.1013840607819,True,314162,11.101384060781898,294867853,8,7508d85186651919215860abe5b7e5a5d963550914acf7676ca06264ee8cf8f2,20.027028496999264,pyvrp,20.0,3.20024391494683e-16,cvrp50_22737.json,0
"[""accepted""]",not_selected,True,0.0002693685168200233,cvrp_s7799_n20-50-100_x66667_cvrp50_22779,0.0,True,True,0.0,0.0,0.0,50,4,False,11.083012494366438,False,False,,False,11.082743125849618,4,4,2.430522062644785e-05,11.083012494366438,True,314159,11.082743125849618,3660845,7,bd62da6a31732d936f800031a39f21bb3f39162c03f8203a597a4dd9238bab24,20.0356146310005,pyvrp,20.0,2.430462989705596e-05,cvrp50_22779.json,0
"[""accepted""]",not_selected,True,0.15366961712447313,cvrp_s7799_n20-50-100_x66667_cvrp50_22812,0.17959183673469387,True,True,0.0,0.0,0.0,50,4,False,11.086670381473958,False,False,,False,10.933000764349485,4,4,6.499064173461417e-16,10.933000764349492,True,314162,10.933000764349485,618190071,7,ecae97710c120e3a8059b9a4da968d34dae7cba5f336936ab8e98fc692a16efa,20.032854503000635,pyvrp,20.0,0.013860754567147415,cvrp50_22812.json,0
"[""accepted""]",not_selected,True,0.06842873147518169,cvrp_s7799_n20-50-100_x66667_cvrp50_22940,0.17795918367346938,True,True,0.0,0.0,0.0,50,4,False,8.912228706106147,False,False,,False,8.843799974630965,4,4,2.0085900229492408e-16,8.843799974630967,True,314161,8.843799974630965,3588340854,6,35fc74655f1138847ecee0d4bf9c89d2024320264bb213e6fd51ab820e802468,20.020477089999986,pyvrp,20.0,0.0076780717519399225,cvrp50_22940.json,0
"[""accepted""]",not_selected,True,-1.7763568394002505e-15,cvrp_s7799_n20-50-100_x66667_cvrp50_23120,0.0,True,True,0.0,0.0,0.0,50,4,False,9.223273872454103,False,False,,False,9.223273872454104,4,4,3.8519008845773373e-16,9.223273872454108,True,314161,9.223273872454104,3866254283,7,83cbde96dcb2f473106a4addeb2a0d8c3b04f8142fbfa90b112bc59b744f8528,20.02934898100102,pyvrp,20.0,-1.9259504422886691e-16,cvrp50_23120.json,0
"[""accepted""]",not_selected,True,0.06398311159266079,cvrp_s7799_n20-50-100_x66667_cvrp50_23195,0.08816326530612245,True,True,0.0,0.0,0.0,50,4,False,9.217134009944578,False,False,,False,9.153150898351917,4,4,3.8814105855505885e-16,9.153150898351921,True,314160,9.153150898351917,278580505,7,af51b21349ba37a11bb99da1d16f58c6ae24a8b70ecec8e59819d1da6783ae42,20.024809626000206,pyvrp,20.0,0.006941757765876891,cvrp50_23195.json,0
"[""accepted""]",not_selected,True,0.001126534641329613,cvrp_s7799_n20-50-100_x66667_cvrp50_23209,0.0,True,True,0.0,0.0,0.0,50,4,False,9.155467089161872,False,False,,False,9.154340554520543,4,4,0.00012306016305859048,9.155467089161876,True,314161,9.154340554520543,2175293771,7,6844165c01325037bbbe3f794dab1d70fd34ec2eda7496e8961d09f118cc5cb3,20.029525084000852,pyvrp,20.0,0.00012304502111784013,cvrp50_23209.json,0
"[""accepted""]",not_selected,True,-1.7763568394002505e-15,cvrp_s7799_n20-50-100_x66667_cvrp50_23246,0.0,True,True,0.0,0.0,0.0,50,4,False,9.944817123313667,False,False,,False,9.944817123313669,4,4,5.35864104097781e-16,9.944817123313674,True,314160,9.944817123313669,2382930081,7,6d6f4fff79bc5d6b12072b6357cde3f2923ec701c1778ef730eb6dd57a177bfe,20.028578876999745,pyvrp,20.0,-1.786213680325937e-16,cvrp50_23246.json,0
"[""accepted""]",stable_control,True,1.7763568394002505e-15,cvrp_s7799_n20-50-100_x66667_cvrp50_23507,0.0,True,True,0.0,0.0,0.0,50,4,False,9.659875777906363,False,True,9.805802866154671,True,9.659875777906361,4,4,3.269306026314331e-05,9.660191588807303,True,314161,9.659875777906361,209339675,7,459b280589ce0f63ea0f912f3e296d9003728d93440728462bae95553f9ec1bc,20.026784876999955,pyvrp,20.0,1.8389023629714314e-16,cvrp50_23507.json,0
"[""pyvrp_cost_not_converged""]",unstable_cost,False,1.7763568394002505e-15,cvrp_s7799_n20-50-100_x66667_cvrp50_23516,0.0,True,False,0.0,0.0,0.0,50,2,True,8.698538599948984,False,True,8.780765791863995,True,8.698538599948982,4,4,0.007445372444275055,8.763302459546505,False,314159,8.698538599948982,2028580694,6,abe53e6bda8bf2b22713b79e52b7700dde3b6577cd091fbaa74df7e3294d5504,20.039275901999645,pyvrp,20.0,2.04213250190172e-16,cvrp50_23516.json,0
"[""accepted""]",not_selected,True,1.7763568394002505e-15,cvrp_s7799_n20-50-100_x66667_cvrp50_23553,0.0,True,True,0.0,0.0,0.0,50,4,False,7.761166291371227,False,False,,False,7.761166291371225,4,4,2.2887756462262425e-16,7.761166291371227,True,314159,7.761166291371225,2578145709,7,43d3f701b877403c289b6c16c070ac9968d16792ef3d2eabc179817387353b2f,20.02686995899967,pyvrp,20.0,2.288775646226242e-16,cvrp50_23553.json,0
"[""accepted""]",not_selected,True,0.0,cvrp_s7799_n20-50-100_x66667_cvrp50_23721,0.0,True,True,0.0,0.0,0.0,50,4,False,12.627261275370367,False,False,,False,12.627261275370367,4,4,2.8135267033161927e-16,12.62726127537037,True,314160,12.627261275370367,523102980,7,e36da78605e8cfc6421fbbed3d609027069a0a4388d95b12445b12bc2583d43e,20.028629562999413,pyvrp,20.0,0.0,cvrp50_23721.json,0
"[""accepted""]",not_selected,True,-1.7763568394002505e-15,cvrp_s7799_n20-50-100_x66667_cvrp50_23737,0.0,True,True,0.0,0.0,0.0,50,4,False,10.357002709665704,False,False,,False,10.357002709665705,4,4,0.0,10.357002709665705,True,314159,10.357002709665705,4068213129,7,8f8e7d20378b74ce39f1d729261c8fa6daddbb3129313d67e5bfd2e295e709b1,20.019556257999284,pyvrp,20.0,-1.7151263634820334e-16,cvrp50_23737.json,0
"[""accepted""]",not_selected,True,3.552713678800501e-15,cvrp_s7799_n20-50-100_x66667_cvrp50_23949,0.0,True,True,0.0,0.0,0.0,50,4,False,9.490486727822752,False,False,,False,9.490486727822748,4,4,7.486894572825652e-16,9.490486727822756,True,314161,9.490486727822748,2537843351,7,01525b20a1183001d5432394064e4450bb1e0dd4168decc0dcd448ec6ae7d9b6,20.027280061000056,pyvrp,20.0,3.7434472864128247e-16,cvrp50_23949.json,0
"[""accepted""]",stable_control,True,1.7763568394002505e-15,cvrp_s7799_n20-50-100_x66667_cvrp50_2415,0.0,True,True,0.0,0.0,0.0,50,4,False,10.792257892618828,False,True,10.883531283440682,True,10.792257892618826,4,4,0.0,10.792257892618826,True,314159,10.792257892618826,2562618361,7,987f417c06539119653ada7a9122157e817bf8588837bca9d502e061a4491b5e,20.032965944999887,pyvrp,20.0,1.645954773389133e-16,cvrp50_2415.json,0
"[""accepted""]",stable_control,True,0.003850964012281466,cvrp_s7799_n20-50-100_x66667_cvrp50_24320,0.09959183673469388,True,True,0.0,0.0,0.0,50,4,False,9.680637862400548,False,True,10.11726211885009,True,9.676786898388267,4,4,5.507066110020821e-16,9.676786898388272,True,314159,9.676786898388267,825606027,7,38ca85ff9d878ee20b44ac498e48df6a9bf0fb2bbe909f50e40d29defc0fdf4a,20.03316304100008,pyvrp,20.0,0.0003978006477484869,cvrp50_24320.json,0
"[""pyvrp_cost_not_converged""]",unstable_cost,False,0.1588884686407983,cvrp_s7799_n20-50-100_x66667_cvrp50_24597,0.07020408163265306,True,False,0.0,0.0,0.0,50,3,True,11.49357544004831,False,True,11.767873166897692,True,11.334686971407512,4,4,0.008934480904945858,11.435956515717091,False,314161,11.334686971407512,232753011,7,2861e19d3b98dd1e96e513bed1b76acff37936ed3118b3a1b95dbcac9bbbb4df,20.024335726999198,pyvrp,20.0,0.013824111519481222,cvrp50_24597.json,0
"[""accepted""]",not_selected,True,7.105427357601002e-15,cvrp_s7799_n20-50-100_x66667_cvrp50_24671,0.0,True,True,0.0,0.0,0.0,50,4,False,11.060942043856759,False,False,,False,11.060942043856752,4,4,4.817917404386472e-16,11.060942043856757,True,314160,11.060942043856752,1976733214,7,478bcf9ddab42c3089213d93d9a09be530ff375e32dbaafd58a8c58ae03539c6,20.023430895000274,pyvrp,20.0,6.423889872515291e-16,cvrp50_24671.json,0
"[""accepted""]",not_selected,True,-3.552713678800501e-15,cvrp_s7799_n20-50-100_x66667_cvrp50_24696,0.0,True,True,0.0,0.0,0.0,50,4,False,11.641442566586765,False,False,,False,11.641442566586768,4,4,3.0517813050055226e-16,11.641442566586772,True,314162,11.641442566586768,1765188033,7,e772f9f1a164ae5e1c4c9ff08c42124579ebc7ce40986339a00661d0ad767cef,20.027924744999837,pyvrp,20.0,-3.0517813050055236e-16,cvrp50_24696.json,0
"[""accepted""]",not_selected,True,0.0,cvrp_s7799_n20-50-100_x66667_cvrp50_24740,0.0,True,True,0.0,0.0,0.0,50,4,False,10.317904058974978,False,False,,False,10.317904058974978,4,4,5.164876982515926e-16,10.317904058974984,True,314162,10.317904058974978,1392124918,6,b9021e059794568f53586b0aff03d4cfd6fee35f18aa1c4692d1aa023fd58cfd,20.02129678500023,pyvrp,20.0,0.0,cvrp50_24740.json,0
"[""accepted""]",not_selected,True,-1.7763568394002505e-15,cvrp_s7799_n20-50-100_x66667_cvrp50_25227,0.0,True,True,0.0,0.0,0.0,50,4,False,9.592541892598412,False,False,,False,9.592541892598414,4,4,1.8518103535944772e-16,9.592541892598415,True,314161,9.592541892598414,3321352348,6,e7f7e52a801ad79daae1950d7ca9c794ac6a6a612a828ff29259a8ddbbfd08d0,20.026564953999696,pyvrp,20.0,-1.8518103535944777e-16,cvrp50_25227.json,0
"[""accepted""]",not_selected,True,-1.7763568394002505e-15,cvrp_s7799_n20-50-100_x66667_cvrp50_25556,0.0,True,True,0.0,0.0,0.0,50,2,False,10.03883358127824,False,False,,False,10.038833581278242,4,4,0.004216492294075608,10.081162245715209,True,314161,10.038833581278242,1186052157,6,9ba3a9197bbb1d278278a47e06a989e25a016b51f05acab28e773ba76512439e,20.02223705099823,pyvrp,20.0,-1.7694852943005634e-16,cvrp50_25556.json,0
"[""pyvrp_cost_not_converged"", ""route_membership_ambiguous""]",unstable_cost,False,0.01694005071164284,cvrp_s7799_n20-50-100_x66667_cvrp50_25563,0.11918367346938775,False,False,0.0,0.0,0.0,50,1,True,11.887576619313794,False,True,12.332719240020928,True,11.870636568602151,4,4,0.0017929642569605435,11.891920195677024,False,314160,11.870636568602151,496653304,7,cb5b9f38b61fcbe474defd42919202b24929497c00b5b01c1358b24f65b984ec,20.031088420999367,pyvrp,20.0,0.0014250213692940806,cvrp50_25563.json,0
"[""accepted""]",not_selected,True,0.012277672173354404,cvrp_s7799_n20-50-100_x66667_cvrp50_2577,0.060408163265306125,True,True,0.0,0.0,0.0,50,4,False,11.49643069394507,False,False,,False,11.484153021771716,4,4,1.546789594350253e-16,11.484153021771718,True,314160,11.484153021771716,3583097353,7,a15eca9b712bf9d9c8250ce4e40d978616d43dc1927945d60badd0fee8342943,20.02591188400038,pyvrp,20.0,0.0010679551332241578,cvrp50_2577.json,0
"[""accepted""]",stable_control,True,0.01625678508825068,cvrp_s7799_n20-50-100_x66667_cvrp50_25811,0.08244897959183674,True,True,0.0,0.0,0.0,50,4,False,14.072760485873985,False,True,15.120769308530894,True,14.056503700785735,4,4,5.706401792453837e-05,14.057305821364873,True,314159,14.056503700785735,3130770682,7,c4545af1bc79650481317a72fb41f5963d2f9067a10d482928e42dabe8531011,20.02680376600074,pyvrp,20.0,0.0011551951804032324,cvrp50_25811.json,0
"[""accepted""]",stable_control,True,1.7763568394002505e-15,cvrp_s7799_n20-50-100_x66667_cvrp50_25936,0.0,True,True,0.0,0.0,0.0,50,4,False,9.003228024245216,False,True,9.299687732789192,True,9.003228024245214,4,4,5.919066476879012e-16,9.00322802424522,True,314161,9.003228024245214,883291222,7,e32cfcd0d8c41a115b0c16f4ebc11a8c5d09623914b809fdeaa09bf14db4a18a,20.028790149999622,pyvrp,20.0,1.9730221589596706e-16,cvrp50_25936.json,0
"[""accepted""]",stable_control,True,1.7763568394002505e-15,cvrp_s7799_n20-50-100_x66667_cvrp50_26136,0.0,True,True,0.0,0.0,0.0,50,4,False,9.429607367733025,False,True,9.63806108928693,True,9.429607367733023,4,4,1.8838078512990148e-16,9.429607367733025,True,314160,9.429607367733023,1948126100,6,e6a6ec2d59975ec016afac0910805c3f896b49264ded258ac786fb89baf4f058,20.025241370000003,pyvrp,20.0,1.8838078512990143e-16,cvrp50_26136.json,0
"[""pyvrp_cost_not_converged"", ""route_membership_ambiguous""]",unstable_cost,False,0.1651646809524614,cvrp_s7799_n20-50-100_x66667_cvrp50_26216,0.09387755102040816,False,False,0.0,0.0,0.0,50,1,True,11.791443303607776,False,True,12.255949769404504,True,11.626278622655315,4,4,0.003869320988892682,11.67126442655267,False,314161,11.626278622655315,378512424,7,4de65716069710fcd687d96f333b4432505f58bfba3ec8e164e18031dffa84c3,20.033026000999598,pyvrp,20.0,0.014007164068026065,cvrp50_26216.json,0
"[""pyvrp_cost_not_converged"", ""route_membership_ambiguous""]",unstable_cost,False,8.881784197001252e-15,cvrp_s7799_n20-50-100_x66667_cvrp50_26229,0.0,False,False,0.0,0.0,0.0,50,1,True,10.339410488926232,False,True,10.493098669115318,True,10.339410488926223,4,4,0.0034413958319862254,10.374992493088008,False,314159,10.339410488926223,2015527711,7,8d8e3b144d3445745b2ca63f38e8aa9673082eecd91732ab3218df9c58d8fa28,20.034294717999728,pyvrp,20.0,8.59022301756359e-16,cvrp50_26229.json,0
"[""accepted""]",not_selected,True,0.013161199082242447,cvrp_s7799_n20-50-100_x66667_cvrp50_26506,0.029387755102040815,True,True,0.28,0.011428571428571429,0.007619047619047619,50,4,False,11.05454563415641,False,False,,False,11.041384435074168,4,4,5.134480250217957e-05,11.041951352777337,True,314159,11.041384435074168,3425943919,7,da80e7e4e412642be807ec08aec8b4bfc99e22bce8bb13690a2c8226c3714867,20.027900745000807,pyvrp,20.0,0.0011905689765825277,cvrp50_26506.json,0
"[""accepted""]",not_selected,True,3.552713678800501e-15,cvrp_s7799_n20-50-100_x66667_cvrp50_26522,0.0,True,True,0.0,0.0,0.0,50,4,False,10.757969236819553,False,False,,False,10.75796923681955,4,4,4.953602674342858e-16,10.757969236819555,True,314159,10.75796923681955,259534723,7,f087969ab9af65b2f17fa08e0daca172bce3e12b52b66a1380886dd0b0a6731b,20.07228392900106,pyvrp,20.0,3.3024017828952373e-16,cvrp50_26522.json,0
"[""accepted""]",not_selected,True,-3.552713678800501e-15,cvrp_s7799_n20-50-100_x66667_cvrp50_2661,0.0,True,True,0.0,0.0,0.0,50,4,False,10.642822843618777,False,False,,False,10.64282284361878,4,4,4.674524330386312e-05,10.643320344962046,True,314162,10.64282284361878,3742475359,7,c279f8b49ca0a9f48b49e56765b767abf92e3645061c8aa791caf02862a0a854,20.027120096001454,pyvrp,20.0,-3.3381309930669725e-16,cvrp50_2661.json,0
"[""route_membership_ambiguous""]",unstable_matrix,True,-1.7763568394002505e-15,cvrp_s7799_n20-50-100_x66667_cvrp50_26685,0.0,False,False,0.32,0.09061224489795919,0.0453061224489796,50,4,True,11.997619706823224,False,True,12.968339875978817,True,11.997619706823226,4,4,0.000789512257998488,12.007091974648567,True,314160,11.997619706823226,364385190,7,b08a457dc4babc900d8149bbb06744541a0e128f7233cd7cc98b8179ca5beebe,20.032309154999894,pyvrp,20.0,-1.4805910528986095e-16,cvrp50_26685.json,0
"[""accepted""]",not_selected,True,0.0050372699083887085,cvrp_s7799_n20-50-100_x66667_cvrp50_27142,0.0,True,True,0.0,0.0,0.0,50,4,False,11.394944489526528,False,False,,False,11.38990721961814,4,4,1.5595885068674028e-16,11.389907219618141,True,314159,11.38990721961814,2335895540,7,1a3c1869db2796d9770331aba253da873ee4399ae0a0518a259798bafc6f8f47,20.029141634999178,pyvrp,20.0,0.0004420618207503012,cvrp50_27142.json,0
"[""accepted""]",not_selected,True,0.2281928230293655,cvrp_s7799_n20-50-100_x66667_cvrp50_27225,0.12,True,True,0.0,0.0,0.0,50,4,False,13.390979500690978,False,False,,False,13.162786677661613,4,4,1.3495294597570906e-16,13.162786677661614,True,314160,13.162786677661613,1825864913,8,118c431daa21739470f46adb4332082b0794c960f71153e6f9eb737d3959f251,20.032270199000777,pyvrp,20.0,0.017040786524808785,cvrp50_27225.json,0
"[""accepted""]",not_selected,True,0.0,cvrp_s7799_n20-50-100_x66667_cvrp50_27278,0.0,True,True,0.36,0.014693877551020407,0.009795918367346938,50,3,False,10.862289438404446,False,False,,False,10.862289438404446,4,4,0.002607529993244426,10.890613183910387,True,314160,10.862289438404446,1297101954,7,a4100bfb886bd4def69d5fac06db3fae436c53c633f349b1bcc46a6323580c41,20.026490729000216,pyvrp,20.0,0.0,cvrp50_27278.json,0
"[""accepted""]",not_selected,True,1.7763568394002505e-15,cvrp_s7799_n20-50-100_x66667_cvrp50_27949,0.0,True,True,0.0,0.0,0.0,50,4,False,9.705475067832156,False,False,,False,9.705475067832154,4,4,5.490787911931723e-16,9.70547506783216,True,314161,9.705475067832154,2450748225,7,4cfeb33a3bd6d0cbef9eb45d6ea2f43dc00a8087f176b465f3a60980edc9fa46,20.025131534001048,pyvrp,20.0,1.8302626373105742e-16,cvrp50_27949.json,0
"[""accepted""]",not_selected,True,0.0,cvrp_s7799_n20-50-100_x66667_cvrp50_28074,0.0,True,True,0.0,0.0,0.0,50,4,False,10.70876247490548,False,False,,False,10.70876247490548,4,4,3.3175763185763054e-16,10.708762474905484,True,314161,10.70876247490548,2326421618,7,fa05f1afd8b0b2deaa73e398beb5e26f402acd48143f06c85f38db1dff6c6318,20.03500841999994,pyvrp,20.0,0.0,cvrp50_28074.json,0
"[""accepted""]",not_selected,True,0.03707868837568995,cvrp_s7799_n20-50-100_x66667_cvrp50_28239,0.12979591836734694,True,True,0.0,0.0,0.0,50,2,False,12.496251394495507,False,False,,False,12.459172706119817,4,4,0.002710641769742501,12.492945060073462,True,314160,12.459172706119817,1277596089,6,de66072252ae1ec30202bdf5020c0c2edc25a9b94bfe9359a53cd04f9ae3ba89,20.038509370999236,pyvrp,20.0,0.0029671848945054674,cvrp50_28239.json,0
"[""accepted""]",not_selected,True,3.552713678800501e-15,cvrp_s7799_n20-50-100_x66667_cvrp50_28431,0.0,True,True,0.0,0.0,0.0,50,4,False,8.88618926575651,False,False,,False,8.886189265756506,4,4,3.9980171168434464e-16,8.88618926575651,True,314159,8.886189265756506,1486767528,6,ac1f929a2d64e858c96eb5b110d16414dab32615dfbbd3b5e92ba5c704f57216,20.020659075000367,pyvrp,20.0,3.998017116843445e-16,cvrp50_28431.json,0
"[""accepted""]",not_selected,True,0.0083804183184224,cvrp_s7799_n20-50-100_x66667_cvrp50_28432,0.019591836734693877,True,True,0.0,0.0,0.0,50,2,False,9.880742697720153,False,False,,False,9.872362279401731,4,4,0.0015106679672756821,9.887276140858564,True,314159,9.872362279401731,1154156092,7,b5d8be8348e687f412fc3c1f03ad4d285cedbd68c0a053aabe27e66721ed9b71,20.01882100599869,pyvrp,20.0,0.0008481567200769298,cvrp50_28432.json,0
"[""accepted""]",not_selected,True,0.00015708403843461838,cvrp_s7799_n20-50-100_x66667_cvrp50_28532,0.03183673469387755,True,True,0.26,0.03183673469387755,0.015918367346938776,50,4,False,10.63696082890156,False,False,,False,10.636803744863125,4,4,1.4767973745144632e-05,10.636960828901561,True,314159,10.636803744863125,346772438,7,586914ac7549be3631e201a01b70348a7286241930480180da7c3817da376245,20.029851365001377,pyvrp,20.0,1.4767755655149845e-05,cvrp50_28532.json,0
"[""accepted""]",not_selected,True,0.004555942838901927,cvrp_s7799_n20-50-100_x66667_cvrp50_28683,0.044897959183673466,True,True,0.0,0.0,0.0,50,4,False,11.573640983490622,False,False,,False,11.56908504065172,4,4,0.0,11.56908504065172,True,314159,11.56908504065172,1742805015,7,adbba398f07fdc419692c676f72380a9a2bbb16d1d08dab791119df116697596,20.03287939600159,pyvrp,20.0,0.0003936481912131899,cvrp50_28683.json,0
"[""pyvrp_cost_not_converged"", ""route_membership_ambiguous""]",unstable_cost,False,0.0193861654375862,cvrp_s7799_n20-50-100_x66667_cvrp50_28853,0.1510204081632653,False,False,0.0,0.0,0.0,50,1,True,9.114850450138524,False,True,9.423551609381212,True,9.095464284700938,4,4,0.0021314102096130732,9.11485045013852,False,314160,9.095464284700938,3484320684,7,11eddce43495962a6552e8dca7470c8cffef711fca0acb5e1c5be83095586457,20.023902784998427,pyvrp,20.0,0.002126876962341338,cvrp50_28853.json,0
"[""pyvrp_cost_not_converged""]",unstable_cost,False,0.07701688427782649,cvrp_s7799_n20-50-100_x66667_cvrp50_28868,0.1469387755102041,True,False,0.0,0.0,0.0,50,3,True,9.330830351340325,False,True,9.433359574883232,True,9.253813467062498,4,4,0.0069482045127619045,9.318110855554599,False,314161,9.253813467062498,2463693595,7,5fed0c164a1482e6b6bfb8b044535e2feaff487574b73a89ebd3116d460957d2,20.036139216001175,pyvrp,20.0,0.008254022565822711,cvrp50_28868.json,0
"[""accepted""]",not_selected,True,0.0,cvrp_s7799_n20-50-100_x66667_cvrp50_28988,0.0,True,True,0.0,0.0,0.0,50,4,False,10.370633022449914,False,False,,False,10.370633022449914,4,4,0.0,10.370633022449914,True,314159,10.370633022449914,3369643045,7,f08fdda1bc570ee97194e401fa9c803391f5bd5f9f036f5d7f882326b6af77b5,20.039129300999775,pyvrp,20.0,0.0,cvrp50_28988.json,0
"[""accepted""]",not_selected,True,0.08381265179984787,cvrp_s7799_n20-50-100_x66667_cvrp50_29096,0.1110204081632653,True,True,0.0,0.0,0.0,50,4,False,12.432477276924434,False,False,,False,12.348664625124586,4,4,4.3155034815329163e-16,12.348664625124592,True,314160,12.348664625124586,4222678217,7,547cac030a5bcb6f4ac22e0c32485ce3e653a5bf617bdf07516d15d8d5919dff,20.023945955999807,pyvrp,20.0,0.006741428110663845,cvrp50_29096.json,0
"[""pyvrp_cost_not_converged"", ""route_membership_ambiguous""]",unstable_cost,False,0.035514896698934706,cvrp_s7799_n20-50-100_x66667_cvrp50_29176,0.04816326530612245,False,False,0.0,0.0,0.0,50,1,True,11.47672447370113,False,True,11.681444722091035,True,11.441209577002196,4,4,0.006936951645288318,11.52057669460147,False,314162,11.441209577002196,1309806623,7,2a5769cc3017532e30242ed57108b309f630489c1600c3717c6b2622a44d20f4,20.038491178000186,pyvrp,20.0,0.0030945150578736078,cvrp50_29176.json,0
"[""accepted""]",not_selected,True,3.552713678800501e-15,cvrp_s7799_n20-50-100_x66667_cvrp50_29358,0.0,True,True,0.0,0.0,0.0,50,4,False,8.581203128825404,False,False,,False,8.5812031288254,4,4,4.1401113870227173e-16,8.581203128825404,True,314159,8.5812031288254,3695384542,6,9ec41379bd0efcb82804433ca769640c62a68b16ebdb38927770b919533b32c5,20.02662866100036,pyvrp,20.0,4.1401113870227154e-16,cvrp50_29358.json,0
"[""accepted""]",not_selected,True,-1.7763568394002505e-15,cvrp_s7799_n20-50-100_x66667_cvrp50_29478,0.0,True,True,0.0,0.0,0.0,50,4,False,8.387118831905203,False,False,,False,8.387118831905205,4,4,0.0,8.387118831905205,True,314160,8.387118831905205,2124285636,7,605cb1349c3bee873d523bb0bd27a2b098f3a4038f7b75780c3ae29f4d45276b,20.038741166001273,pyvrp,20.0,-2.1179583537589347e-16,cvrp50_29478.json,0
"[""route_membership_ambiguous""]",unstable_matrix,True,0.012404853641507785,cvrp_s7799_n20-50-100_x66667_cvrp50_29517,0.08489795918367347,False,False,0.3,0.08816326530612245,0.044081632653061226,50,4,True,11.24135739009627,False,True,11.522951776448005,True,11.228952536454763,4,4,0.0007334294651027587,11.23718818110724,True,314159,11.228952536454763,2706620236,7,ea59568c7f768243c2680c3ce8fc0d0f729beea024f1570917b589df61e14e83,20.034413749999658,pyvrp,20.0,0.0011035014021026112,cvrp50_29517.json,0
"[""accepted""]",not_selected,True,0.15071912046074765,cvrp_s7799_n20-50-100_x66667_cvrp50_29636,0.09551020408163265,True,True,0.0,0.0,0.0,50,2,False,12.156324438805482,False,False,,False,12.005605318344735,4,4,0.004784959011409058,12.063051647700169,True,314159,12.005605318344735,861034174,7,4d7efe973d373f0cf806c509da746cb076df10efae66a41a0a9fd5f42d3ef8b5,20.038701626999682,pyvrp,20.0,0.012398412136782175,cvrp50_29636.json,0
"[""accepted""]",not_selected,True,0.006609765001282852,cvrp_s7799_n20-50-100_x66667_cvrp50_30287,0.04979591836734694,True,True,0.0,0.0,0.0,50,4,False,9.966112220141556,False,False,,False,9.959502455140273,4,4,3.567159800203557e-16,9.959502455140276,True,314159,9.959502455140273,3947198409,7,03cc2c235e9a798c8b9c58310175937b7bf99a569681a8c7fc52f8c0d51a2165,20.030426634000833,pyvrp,20.0,0.0006632240190838399,cvrp50_30287.json,0
"[""accepted""]",not_selected,True,-1.7763568394002505e-15,cvrp_s7799_n20-50-100_x66667_cvrp50_30493,0.0,True,True,0.0,0.0,0.0,50,4,False,8.996785330909821,False,False,,False,8.996785330909823,4,4,3.948870122080843e-16,8.996785330909827,True,314159,8.996785330909823,498411507,7,4a97cf3985574ad9e7cb875bcaa020383d59aaafff30ba4d06ec9b70e79077ec,20.031693040999016,pyvrp,20.0,-1.974435061040422e-16,cvrp50_30493.json,0
"[""accepted""]",not_selected,True,0.013030374230069697,cvrp_s7799_n20-50-100_x66667_cvrp50_30567,0.0,True,True,0.0,0.0,0.0,50,4,False,11.681239676795448,False,False,,False,11.668209302565378,4,4,3.044780554304421e-16,11.668209302565382,True,314160,11.668209302565378,1491935970,8,e667cba76d6f54628139fca12b792748911291a75b5263c36816585ec0c31bd4,20.02910452099968,pyvrp,20.0,0.001115495836966198,cvrp50_30567.json,0
"[""route_membership_ambiguous""]",unstable_matrix,True,1.7763568394002505e-15,cvrp_s7799_n20-50-100_x66667_cvrp50_30590,0.0,False,False,0.34,0.156734693877551,0.0783673469387755,50,4,True,9.737188545495975,False,True,9.901047677444929,True,9.737188545495973,4,4,9.307882078164007e-06,9.737279178098728,True,314160,9.737188545495973,921898550,6,154d378faec532629b7bb12c01fca03982219a6b27e42aadb036b49e443dbc9b,20.027888664000784,pyvrp,20.0,1.8243015744230612e-16,cvrp50_30590.json,0
"[""accepted""]",not_selected,True,5.329070518200751e-15,cvrp_s7799_n20-50-100_x66667_cvrp50_30999,0.0,True,True,0.0,0.0,0.0,50,4,False,11.029006245696431,False,False,,False,11.029006245696426,4,4,9.66373651348721e-16,11.029006245696436,True,314162,11.029006245696426,2599393089,7,b73ba6d70403154905b63c95761e0d3d1e784732857683fb20ab1e82fce82301,20.028009367999402,pyvrp,20.0,4.831868256743603e-16,cvrp50_30999.json,0
"[""accepted""]",stable_control,True,-0.05927736072937151,cvrp_s7799_n20-50-100_x66667_cvrp50_31132,0.12816326530612246,True,True,0.22,0.017959183673469388,0.008979591836734694,50,4,False,10.529191992066671,False,True,10.74304548801432,True,10.588469352796043,4,4,5.856803928891259e-05,10.589089498685107,True,314161,10.588469352796043,1196886994,8,a52a6efdffe9c896ed72405d2d01bcff1838b58077e58a3edff63fa74cb66959,20.02720027900068,pyvrp,20.0,-0.005629810983980029,cvrp50_31132.json,0
"[""accepted""]",not_selected,True,0.013057250818963695,cvrp_s7799_n20-50-100_x66667_cvrp50_31189,0.017959183673469388,True,True,0.0,0.0,0.0,50,3,False,10.90829137853387,False,False,,False,10.895234127714906,4,4,0.0011984369189235189,10.908291378533875,True,314159,10.895234127714906,243117323,6,75b8866160f5880b5b5c3ca4ecff89f7ffa5de92bddecf5488cd77fa1f9b9e73,20.034065652998834,pyvrp,20.0,0.0011970023870703256,cvrp50_31189.json,0
"[""accepted""]",not_selected,True,0.046531143168669686,cvrp_s7799_n20-50-100_x66667_cvrp50_31219,0.04653061224489796,True,True,0.0,0.0,0.0,50,4,False,10.470959431656684,False,False,,False,10.424428288488015,4,4,1.7040328641925915e-16,10.424428288488016,True,314161,10.424428288488015,937985453,6,cd485965115da7e5546ae5b18d1c48de5ef9478ea9464341c2645ec9af7bbdd3,20.04044369499934,pyvrp,20.0,0.004443828043874645,cvrp50_31219.json,0
"[""accepted""]",not_selected,True,1.7763568394002505e-15,cvrp_s7799_n20-50-100_x66667_cvrp50_3124,0.0,True,True,0.0,0.0,0.0,50,4,False,9.755199472485069,False,False,,False,9.755199472485067,4,4,5.462800154145089e-16,9.755199472485073,True,314162,9.755199472485067,2051794718,6,c8f3539e71e5b783a8007b4ab40cf3a87ed6df5834f20617f34a7f3287cb824c,20.02525608599899,pyvrp,20.0,1.8209333847150292e-16,cvrp50_3124.json,0
"[""route_membership_ambiguous""]",unstable_matrix,True,0.3172034104287711,cvrp_s7799_n20-50-100_x66667_cvrp50_3130,0.15183673469387754,False,False,0.32,0.156734693877551,0.0783673469387755,50,4,True,13.770094742110729,False,True,13.81544444247594,True,13.452891331681958,4,4,0.0007107830000261879,13.462453418141717,True,314161,13.452891331681958,612610271,8,eb42b0aa73219572687b45c2d2ad41ede47fa0cc27b85ad9dc0d394c1203a3a0,20.037740792000477,pyvrp,20.0,0.023035673782165207,cvrp50_3130.json,0
"[""accepted""]",not_selected,True,0.0015790541869957764,cvrp_s7799_n20-50-100_x66667_cvrp50_31517,0.04897959183673469,True,True,0.0,0.0,0.0,50,4,False,11.410952464986833,False,False,,False,11.409373410799837,4,4,4.670782808419945e-16,11.409373410799843,True,314162,11.409373410799837,3887660202,6,e80841b93f30f16ace83e0db00ca3f2d823bfcc6716557634dc1ce4fb8e4711b,20.022699551000187,pyvrp,20.0,0.00013838057706759525,cvrp50_31517.json,0
"[""accepted""]",not_selected,True,0.01591436489599829,cvrp_s7799_n20-50-100_x66667_cvrp50_31839,0.16816326530612244,True,True,0.0,0.0,0.0,50,3,False,12.300460323802627,False,False,,False,12.284545958906628,4,4,0.0012954784775306833,12.300460323802628,True,314162,12.284545958906628,3368223539,7,0b4a396268003096f5a0392ede4f262cadd29247ccb21410c90a606cd818f28c,20.036488012001428,pyvrp,20.0,0.001293802384387387,cvrp50_31839.json,0
"[""pyvrp_cost_not_converged""]",unstable_cost,False,0.0,cvrp_s7799_n20-50-100_x66667_cvrp50_31996,0.0,True,False,0.0,0.0,0.0,50,3,True,9.013905619786264,False,True,9.398192676239823,True,9.013905619786264,4,4,0.010578685159066254,9.109260889391521,False,314159,9.013905619786264,3338796186,7,95af7880898046a9755b7e3438f69185d4cc27c6909b165d0eae488902e906d7,20.038675338999383,pyvrp,20.0,0.0,cvrp50_31996.json,0
"[""accepted""]",not_selected,True,3.552713678800501e-15,cvrp_s7799_n20-50-100_x66667_cvrp50_32045,0.0,True,True,0.0,0.0,0.0,50,4,False,8.461362419045233,False,False,,False,8.46136241904523,4,4,2.0993744877325471e-16,8.461362419045232,True,314161,8.46136241904523,334178043,6,51eb88f93bb530cee4c27c7350093be163b53b29a1dbe23422a7b611d0ab2b9c,20.081239621998975,pyvrp,20.0,4.1987489754650923e-16,cvrp50_32045.json,0
"[""accepted""]",not_selected,True,0.039861395762571306,cvrp_s7799_n20-50-100_x66667_cvrp50_32105,0.1469387755102041,True,True,0.26,0.010612244897959184,0.005306122448979592,50,4,False,12.04930696362463,False,False,,False,12.009445567862059,4,4,0.00028569580776397906,12.012876616114367,True,314162,12.009445567862059,908152085,7,4466200293ac99b406c70fb5980f8727777c38b165819be60c4740306736442d,20.032620224999846,pyvrp,20.0,0.003308189913569962,cvrp50_32105.json,0
"[""accepted""]",not_selected,True,0.03492725706783162,cvrp_s7799_n20-50-100_x66667_cvrp50_32768,0.12816326530612246,True,True,0.0,0.0,0.0,50,3,False,10.023824764358949,False,False,,False,9.988897507291117,4,4,0.002078916066566059,10.009663586806306,True,314159,9.988897507291117,833125921,7,c06770f9c9b0d768e4752f13491b504ffe2300aa1b8c4420218baa03da2c2617,20.023959105001268,pyvrp,20.0,0.0034844241483570383,cvrp50_32768.json,0
"[""accepted""]",not_selected,True,1.7763568394002505e-15,cvrp_s7799_n20-50-100_x66667_cvrp50_32791,0.0,True,True,0.0,0.0,0.0,50,4,False,9.62402582391991,False,False,,False,9.624025823919908,4,4,3.6915047234915516e-16,9.624025823919911,True,314160,9.624025823919908,39288441,7,4c9c3bd665427bedb8a839b32b5e3565885abfee367f93eafe2d5ca274ebb8a3,20.080773748000865,pyvrp,20.0,1.8457523617457753e-16,cvrp50_32791.json,0
"[""pyvrp_cost_not_converged"", ""route_membership_ambiguous""]",unstable_cost,False,0.02455076584250193,cvrp_s7799_n20-50-100_x66667_cvrp50_32823,0.2073469387755102,False,False,0.0,0.0,0.0,50,1,True,9.703045620339651,False,True,9.776523382061445,True,9.67849485449715,4,4,0.006539145419173301,9.741783939789427,False,314159,9.67849485449715,1235910727,6,195dd6676e04c17013c3a5fcfbf1920a7e224e68848bc7fe1c49bf02e06ead46,20.0325891650009,pyvrp,20.0,0.0025302123480732993,cvrp50_32823.json,0
"[""accepted""]",not_selected,True,0.04613576001330699,cvrp_s7799_n20-50-100_x66667_cvrp50_33043,0.13387755102040816,True,True,0.0,0.0,0.0,50,3,False,12.723344076239904,False,False,,False,12.677208316226597,4,4,0.003247431971129,12.718376687817374,True,314160,12.677208316226597,3240090127,7,9c35ad8c7703b832022aade9474ffb8c25172039465e178adde50b4a4a7c8f74,20.028076950000468,pyvrp,20.0,0.003626071867337362,cvrp50_33043.json,0
"[""accepted""]",not_selected,True,0.08979082971451291,cvrp_s7799_n20-50-100_x66667_cvrp50_33108,0.0636734693877551,True,True,0.0,0.0,0.0,50,4,False,11.803047591818322,False,False,,False,11.713256762103809,4,4,0.0,11.713256762103809,True,314159,11.713256762103809,3948849889,6,7ec46bfb82793bd29f018df846191ce8ff1dccbd5a1ad4f9f55f7e202ccde112,20.03089820599962,pyvrp,20.0,0.007607427574616782,cvrp50_33108.json,0
"[""accepted""]",not_selected,True,-3.552713678800501e-15,cvrp_s7799_n20-50-100_x66667_cvrp50_3329,0.0,True,True,0.0,0.0,0.0,50,4,False,10.615504047675447,False,False,,False,10.61550404767545,4,4,1.673360804557586e-16,10.615504047675453,True,314159,10.61550404767545,911072543,7,b11affaed38f4a87d9c4f63374dc0b0f214cee9cb8d3616bf9606a6fbee91ef1,20.023194772998977,pyvrp,20.0,-3.3467216091151737e-16,cvrp50_3329.json,0
"[""accepted""]",not_selected,True,0.07195738687367381,cvrp_s7799_n20-50-100_x66667_cvrp50_33405,0.1404081632653061,True,True,0.26,0.010612244897959184,0.007074829931972789,50,4,False,11.805963449774433,False,False,,False,11.73400606290076,4,4,1.473913275832903e-05,11.734179011973907,True,314161,11.73400606290076,3057064585,8,fe10507aa7f28b4f68de701e8f1cb525d2ee48748e62a158689034663309ec3a,20.03913067999929,pyvrp,20.0,0.006095003358243384,cvrp50_33405.json,0
"[""route_membership_ambiguous""]",unstable_matrix,True,0.04616048715015175,cvrp_s7799_n20-50-100_x66667_cvrp50_33453,0.12244897959183673,False,False,0.28,0.10530612244897959,0.07020408163265306,50,4,True,11.085948270058882,False,True,11.421646168549488,True,11.03978778290873,4,4,0.0006165160152312859,11.046593988881648,True,314159,11.03978778290873,666435012,7,3c55309d6e86dd104c483e361d055638e8d07e55caa45513a79224203b7cc45a,20.03338630199869,pyvrp,20.0,0.004163873583536627,cvrp50_33453.json,0
"[""accepted""]",not_selected,True,0.0,cvrp_s7799_n20-50-100_x66667_cvrp50_3353,0.0,True,True,0.16,0.0326530612244898,0.0163265306122449,50,4,False,10.777769211710723,False,False,,False,10.777769211710723,4,4,6.212705904933284e-05,10.778438802814959,True,314162,10.777769211710723,3524105794,8,68ecae980bd9b81b735683678d732dfa4551ac8d599974eab392146cda0bed3a,20.027228363998802,pyvrp,20.0,0.0,cvrp50_3353.json,0
"[""accepted""]",stable_control,True,1.7763568394002505e-15,cvrp_s7799_n20-50-100_x66667_cvrp50_33561,0.0,True,True,0.0,0.0,0.0,50,4,False,8.982963991413403,False,True,8.998536875565467,True,8.982963991413401,4,4,3.954945920073212e-16,8.982963991413405,True,314160,8.982963991413401,3255946714,7,f2a2fe530e362c8a19cf88b0f2e36e27a21776ed29598e859f819afaea00f6ef,20.028618975000427,pyvrp,20.0,1.9774729600366058e-16,cvrp50_33561.json,0
"[""accepted""]",not_selected,True,0.020923132890457552,cvrp_s7799_n20-50-100_x66667_cvrp50_33594,0.035918367346938776,True,True,0.0,0.0,0.0,50,4,False,8.942304030001685,False,False,,False,8.921380897111227,4,4,3.98224638065939e-16,8.92138089711123,True,314161,8.921380897111227,2866726269,6,77d4fcbf040d96ce84cd8c996695bbd47144442191efeba229750bf38ba405f8,20.041296122999483,pyvrp,20.0,0.0023397921632120587,cvrp50_33594.json,0
"[""accepted""]",not_selected,True,0.019638453219284813,cvrp_s7799_n20-50-100_x66667_cvrp50_33712,0.02122448979591837,True,True,0.0,0.0,0.0,50,4,False,10.59646004049336,False,False,,False,10.576821587274075,4,4,5.038442290274268e-16,10.57682158727408,True,314160,10.576821587274075,4266428799,7,2eebb3f9f91a33495138ebaf69dc3f3773684508074cec24690b34fc928e02ef,20.030427949001023,pyvrp,20.0,0.0018533031922206415,cvrp50_33712.json,0
"[""accepted""]",not_selected,True,3.552713678800501e-15,cvrp_s7799_n20-50-100_x66667_cvrp50_33881,0.0,True,True,0.0,0.0,0.0,50,4,False,10.369476293431914,False,False,,False,10.36947629343191,4,4,3.4261264294039726e-16,10.369476293431914,True,314162,10.36947629343191,865701847,7,a641cb8d5064ed027c303c019a6a3e0f9b548daf87b1a5a20506aeef2004f012,20.026835200000278,pyvrp,20.0,3.426126429403971e-16,cvrp50_33881.json,0
"[""accepted""]",not_selected,True,0.0,cvrp_s7799_n20-50-100_x66667_cvrp50_34120,0.0,True,True,0.0,0.0,0.0,50,4,False,9.333032171718676,False,False,,False,9.333032171718676,4,4,3.806601770393629e-16,9.33303217171868,True,314160,9.333032171718676,973252286,7,1a27446aa267add1d3f1dc6223d516b6156f4b55f052ae1a94831007bf8fdefb,20.02828654000041,pyvrp,20.0,0.0,cvrp50_34120.json,0
"[""pyvrp_cost_not_converged""]",unstable_cost,False,1.7763568394002505e-15,cvrp_s7799_n20-50-100_x66667_cvrp50_34247,0.0,True,False,0.28,0.011428571428571429,0.007619047619047619,50,3,True,9.799540072361689,False,True,9.923684786615658,True,9.799540072361687,4,4,0.0077527533770792205,9.875513489751512,False,314161,9.799540072361687,2097491515,7,6eefbb02c8d060e25d2730ff369ba86568dac1bb4336a516995598ec73c4c83c,20.035726377000174,pyvrp,20.0,1.8126940920525759e-16,cvrp50_34247.json,0
"[""accepted""]",not_selected,True,0.058186268587588685,cvrp_s7799_n20-50-100_x66667_cvrp50_34304,0.11428571428571428,True,True,0.0,0.0,0.0,50,4,False,9.947412031747966,False,False,,False,9.889225763160377,4,4,1.796254713910552e-16,9.889225763160379,True,314160,9.889225763160377,3102005066,7,ce1be011ca76429a9ffe16eee25f98c85c9175d52e28c36a91ee8be7bb714f71,20.028537461999804,pyvrp,20.0,0.005849387599697542,cvrp50_34304.json,0
"[""accepted""]",not_selected,True,0.06395892692109584,cvrp_s7799_n20-50-100_x66667_cvrp50_34413,0.14285714285714285,True,True,0.0,0.0,0.0,50,3,False,10.258975735710749,False,False,,False,10.195016808789653,4,4,0.002812878068256655,10.223694147976605,True,314159,10.195016808789653,215505895,7,1a3235659197bc58353a21aef3ef752429303cd02d383fcc66d05c9128e2d574,20.030878423000104,pyvrp,20.0,0.0062344359289650585,cvrp50_34413.json,0
"[""accepted""]",not_selected,True,0.0,cvrp_s7799_n20-50-100_x66667_cvrp50_34455,0.0,True,True,0.0,0.0,0.0,50,4,False,10.652222069125369,False,False,,False,10.652222069125369,4,4,3.335185518801531e-16,10.652222069125372,True,314159,10.652222069125369,2537627738,7,217648de29a60b1d978e01f091d9d50c8941fc0fe85f3f7b1dc0e456a460c5f2,20.02807454499998,pyvrp,20.0,0.0,cvrp50_34455.json,0
"[""accepted""]",not_selected,True,3.552713678800501e-15,cvrp_s7799_n20-50-100_x66667_cvrp50_34799,0.0,True,True,0.0,0.0,0.0,50,4,False,8.810496065703422,False,False,,False,8.810496065703418,4,4,4.0323650930736293e-16,8.810496065703422,True,314161,8.810496065703418,3731750494,7,e344269d36676ef47a6b8cdcfd15416a401513f2d4cb0f7b9c2da321cbf39a84,20.024690878999536,pyvrp,20.0,4.032365093073628e-16,cvrp50_34799.json,0
"[""pyvrp_cost_not_converged""]",unstable_cost,False,0.060890697210188804,cvrp_s7799_n20-50-100_x66667_cvrp50_34822,0.04163265306122449,True,False,0.0,0.0,0.0,50,2,True,11.82239088437363,False,True,12.341188076135683,True,11.761500187163442,4,4,0.007777592617852872,11.852976344194,False,314159,11.761500187163442,1411231091,7,00d9daeab5025cee0e3ada94179c76befe31df2346d4e71d72f1068f75bff2ed,20.038368179999452,pyvrp,20.0,0.005150455420203685,cvrp50_34822.json,0
"[""pyvrp_cost_not_converged"", ""route_membership_ambiguous""]",unstable_cost,False,0.05017973939110476,cvrp_s7799_n20-50-100_x66667_cvrp50_34998,0.13551020408163264,False,False,0.0,0.0,0.0,50,1,True,11.501091257064456,False,True,11.58027198909718,True,11.450911517673351,4,4,0.0036761002536502673,11.493006216407997,False,314159,11.450911517673351,813907266,7,93ba94d8d28de17b523c311de2ab2af7f95535aa3eee6f371598a03e59436d52,20.05695461600044,pyvrp,20.0,0.004363041581839658,cvrp50_34998.json,0
"[""accepted""]",not_selected,True,5.329070518200751e-15,cvrp_s7799_n20-50-100_x66667_cvrp50_35088,0.0,True,True,0.0,0.0,0.0,50,4,False,8.166990380271065,False,False,,False,8.16699038027106,4,4,6.525133825398092e-16,8.166990380271065,True,314159,8.16699038027106,4027362895,6,8351390c2e0d00e7882e212dcdd3132d8c4378942be5c18d136b2293dec1aca4,20.076626185998975,pyvrp,20.0,6.525133825398088e-16,cvrp50_35088.json,0
"[""accepted""]",not_selected,True,0.09577067149833418,cvrp_s7799_n20-50-100_x66667_cvrp50_35090,0.14857142857142858,True,True,0.0,0.0,0.0,50,4,False,11.970521551617537,False,False,,False,11.874750880119203,4,4,1.4959108256950807e-16,11.874750880119205,True,314159,11.874750880119203,2007542041,7,015b5c0b70c3778b9496073ec6b2bc2d34d43e28697a68f4dff69168dddc9505,20.02567794999959,pyvrp,20.0,0.008000542924162983,cvrp50_35090.json,0
"[""route_membership_ambiguous""]",unstable_matrix,True,0.07096510778644394,cvrp_s7799_n20-50-100_x66667_cvrp50_35119,0.13714285714285715,False,False,0.3,0.10938775510204081,0.054693877551020405,50,4,True,10.658917618129724,False,True,10.905283016402278,True,10.58795251034328,4,4,0.00014700451054069444,10.589508987119691,True,314161,10.58795251034328,2391426217,7,05c83d79d6708e480b32ffcb31cf2455603399d56e1a9eeb5bc8f1ea1d776e58,20.039181374999316,pyvrp,20.0,0.006657815580236738,cvrp50_35119.json,0
"[""accepted""]",not_selected,True,1.7763568394002505e-15,cvrp_s7799_n20-50-100_x66667_cvrp50_35249,0.0,True,True,0.0,0.0,0.0,50,4,False,8.589184273503234,False,False,,False,8.589184273503232,4,4,2.0681321797695414e-16,8.589184273503234,True,314159,8.589184273503232,3503864070,6,f5469b46b78b6439a41678be8f883ae6da9c89d59c2cf5fd6e573adfb63b4b8e,20.023507668000093,pyvrp,20.0,2.068132179769541e-16,cvrp50_35249.json,0
"[""accepted""]",not_selected,True,0.009014158167035546,cvrp_s7799_n20-50-100_x66667_cvrp50_35515,0.05795918367346939,True,True,0.0,0.0,0.0,50,4,False,10.273525727760779,False,False,,False,10.264511569593743,4,4,6.922323882072672e-16,10.26451156959375,True,314160,10.264511569593743,899242558,7,b0d8dec3ef7daaf4956959a9f4ad2945f2b7ea7a00384cda88c850a99b288da6,20.025724576000357,pyvrp,20.0,0.0008774162255395719,cvrp50_35515.json,0
"[""accepted""]",not_selected,True,0.05116394031707294,cvrp_s7799_n20-50-100_x66667_cvrp50_3588,0.07346938775510205,True,True,0.0,0.0,0.0,50,4,False,12.046293157064737,False,False,,False,11.995129216747664,4,4,1.480898460785309e-16,11.995129216747666,True,314159,11.995129216747664,4193432140,7,8e54b8d472dab9451a757cda0b674604cd03527c644bfae633ae1ebd05b06830,20.020032473001265,pyvrp,20.0,0.004247276705786215,cvrp50_3588.json,0
"[""accepted""]",not_selected,True,0.046181555235589755,cvrp_s7799_n20-50-100_x66667_cvrp50_36182,0.09959183673469388,True,True,0.0,0.0,0.0,50,4,False,10.718393876473083,False,False,,False,10.672212321237494,4,4,4.993407512701004e-16,10.672212321237499,True,314160,10.672212321237494,626779234,7,88b4b8d3e3166788dc5e2bd400a74031bf62c03b5e684844b6a9d433d443f031,20.029272920999574,pyvrp,20.0,0.004308626438608349,cvrp50_36182.json,0
"[""accepted""]",not_selected,True,-1.7763568394002505e-15,cvrp_s7799_n20-50-100_x66667_cvrp50_36565,0.0,True,True,0.0,0.0,0.0,50,4,False,10.453928938116382,False,False,,False,10.453928938116384,4,4,8.420603306871576e-05,10.454809222002245,True,314162,10.453928938116384,2681229809,6,7b464037b04978b414f7a2ee3427c6f8d2ca175b71b20d153db37988642bfbff,20.02976509600012,pyvrp,20.0,-1.699224138518316e-16,cvrp50_36565.json,0
"[""pyvrp_cost_not_converged""]",unstable_cost,False,1.7763568394002505e-15,cvrp_s7799_n20-50-100_x66667_cvrp50_36577,0.0,True,False,0.0,0.0,0.0,50,3,True,9.062513239154145,False,True,9.315261802542064,True,9.062513239154143,4,4,0.008825499087358342,9.14249444147547,False,314160,9.062513239154143,1600628739,6,40b8dff8777c77e522d1eb0051df139ea14288cf2948adceba2680a0efe96f7c,20.074995615999796,pyvrp,20.0,1.9601150282744833e-16,cvrp50_36577.json,0
"[""accepted""]",not_selected,True,0.060337090392545534,cvrp_s7799_n20-50-100_x66667_cvrp50_36788,0.022857142857142857,True,True,0.0,0.0,0.0,50,4,False,11.438346013738625,False,False,,False,11.37800892334608,4,4,1.5612194113817357e-16,11.378008923346082,True,314160,11.37800892334608,1227177925,8,f6383e134c1cf21f560e39562f8d4c23e7d50a440ea3353c1d86e797d58c6e9c,20.028029474000505,pyvrp,20.0,0.0052749838412017355,cvrp50_36788.json,0
"[""accepted""]",not_selected,True,0.0019115324528087285,cvrp_s7799_n20-50-100_x66667_cvrp50_36854,0.019591836734693877,True,True,0.0,0.0,0.0,50,4,False,9.612005295578077,False,False,,False,9.610093763125269,4,4,5.545284624223792e-16,9.610093763125274,True,314160,9.610093763125269,1540095293,7,d03367d332f3b858bd4fa7580c02ad89e2bc4ecc9019549d52d6188a372be187,20.02932283299924,pyvrp,20.0,0.00019886926754900073,cvrp50_36854.json,0
"[""accepted""]",not_selected,True,0.05942628115342252,cvrp_s7799_n20-50-100_x66667_cvrp50_37009,0.024489795918367346,True,True,0.0,0.0,0.0,50,4,False,11.99000693798938,False,False,,False,11.930580656835957,4,4,2.977821265358845e-16,11.93058065683596,True,314161,11.930580656835957,593097218,7,ec898ad8e5ab4522cc15333f07583dc07d431ac2ce75ebf942e01b9dc54b49de,20.037324462999095,pyvrp,20.0,0.004956317495124636,cvrp50_37009.json,0
"[""accepted""]",stable_control,True,5.329070518200751e-15,cvrp_s7799_n20-50-100_x66667_cvrp50_37031,0.0,True,True,0.0,0.0,0.0,50,4,False,10.458914201632277,False,True,11.463719405078393,True,10.458914201632272,4,4,1.6984141997484052e-16,10.458914201632274,True,314162,10.458914201632272,1481471338,8,94074e5d270f256b1be82bb71c6a490c16cd242ade5dd2c0c5a8672c71c1d8ee,20.03097585999967,pyvrp,20.0,5.095242599245213e-16,cvrp50_37031.json,0
"[""accepted""]",not_selected,True,0.04860591687035942,cvrp_s7799_n20-50-100_x66667_cvrp50_3704,0.0653061224489796,True,True,0.0,0.0,0.0,50,4,False,10.306839232584624,False,False,,False,10.258233315714264,4,4,3.463280244716418e-16,10.258233315714268,True,314161,10.258233315714264,653962561,7,4992a5e5a9dbed9ba5ee95f6a2192fd4e6fb17ed1841e7a67840fb01105676f1,20.033671056999083,pyvrp,20.0,0.004715889689701759,cvrp50_3704.json,0
"[""accepted""]",not_selected,True,3.552713678800501e-15,cvrp_s7799_n20-50-100_x66667_cvrp50_37090,0.0,True,True,0.0,0.0,0.0,50,4,False,8.957029923660466,False,False,,False,8.957029923660462,4,4,1.9831985094834964e-16,8.957029923660464,True,314162,8.957029923660462,38896552,7,ad345bdd2c7fc7155275e3816c282f29a3e7e662e311b4ae8ee9d383083e5be1,20.031535440999505,pyvrp,20.0,3.966397018966991e-16,cvrp50_37090.json,0
"[""accepted""]",not_selected,True,0.030612066765675294,cvrp_s7799_n20-50-100_x66667_cvrp50_37293,0.15918367346938775,True,True,0.32,0.013061224489795919,0.008707482993197279,50,4,False,12.236418582570392,False,False,,False,12.205806515804717,4,4,5.681940319443096e-05,12.206500042446452,True,314160,12.205806515804717,356127473,7,8c8b4f3196debc881ca33c4764dc91e08f44d77df634bcba95488791358315d8,20.029932109000583,pyvrp,20.0,0.002501717848168357,cvrp50_37293.json,0
"[""accepted""]",not_selected,True,0.0027132105750684588,cvrp_s7799_n20-50-100_x66667_cvrp50_37581,0.017959183673469388,True,True,0.0,0.0,0.0,50,4,False,9.172418784571052,False,False,,False,9.169705573995984,4,4,0.0,9.169705573995984,True,314159,9.169705573995984,671534831,6,ee17fdf51588a4a977a4ff68d920c0d0647c9da5a32126f4c73944361879275e,20.03277804499885,pyvrp,20.0,0.00029580099195125685,cvrp50_37581.json,0
"[""accepted""]",not_selected,True,0.02037998764599358,cvrp_s7799_n20-50-100_x66667_cvrp50_37600,0.036734693877551024,True,True,0.0,0.0,0.0,50,4,False,10.619771536025985,False,False,,False,10.599391548379991,4,4,8.379522689072414e-16,10.59939154838,True,314161,10.599391548379991,4278618694,7,9105ba8d23ef7ed905fb3efc3f49ea08c8b514732f51dbd0e685569e27b8b4b4,20.030358441001226,pyvrp,20.0,0.0019190608363708695,cvrp50_37600.json,0
"[""accepted""]",stable_control,True,1.7763568394002505e-15,cvrp_s7799_n20-50-100_x66667_cvrp50_37639,0.0,True,True,0.0,0.0,0.0,50,4,False,9.72752730106184,False,True,9.862380816950376,True,9.727527301061839,4,4,3.6522268906021916e-16,9.727527301061842,True,314162,9.727527301061839,638263078,7,5e73e53f6aebb48ab6f965abe6e855212afcded4af6a51360c292a1baa54a982,20.03459664699949,pyvrp,20.0,1.8261134453010956e-16,cvrp50_37639.json,0
"[""accepted""]",stable_control,True,6.858121423114483e-05,cvrp_s7799_n20-50-100_x66667_cvrp50_3774,0.10612244897959183,True,True,0.0,0.0,0.0,50,4,False,10.426729586608255,False,True,10.815819290673126,True,10.426661005394024,4,4,5.111003911457238e-16,10.42666100539403,True,314161,10.426661005394024,981549777,8,c094d436c3a75ce1b409a126e169afa72a5fce4d02ddac97440885b5c5c4c1ad,20.022536423999554,pyvrp,20.0,6.577442491577441e-06,cvrp50_3774.json,1
"[""accepted""]",not_selected,True,0.07598701716541711,cvrp_s7799_n20-50-100_x66667_cvrp50_38065,0.09061224489795919,True,True,0.32,0.013061224489795919,0.0065306122448979586,50,4,False,11.027966100101294,False,False,,False,10.951979082935877,4,4,1.3268398795524856e-05,10.95212439816195,True,314161,10.951979082935877,818657221,7,ffaaae2db93b05007c863d90dbc59452e9fb45c312939870ce5f9aa65ee3e837,20.027498174000357,pyvrp,20.0,0.006890392704845108,cvrp50_38065.json,0
"[""accepted""]",not_selected,True,0.0,cvrp_s7799_n20-50-100_x66667_cvrp50_38108,0.0,True,True,0.0,0.0,0.0,50,4,False,9.032043040820644,False,False,,False,9.032043040820644,4,4,3.9334552135589737e-16,9.032043040820648,True,314161,9.032043040820644,3499492523,7,b68850c6b76fda838fd85b451b9979c67a1a16b53f44e18bc46aa95db4316fc2,20.03547316699951,pyvrp,20.0,0.0,cvrp50_38108.json,0
"[""route_membership_ambiguous""]",unstable_matrix,True,0.502801425849901,cvrp_s7799_n20-50-100_x66667_cvrp50_38176,0.14612244897959184,False,False,0.28,0.09142857142857143,0.09142857142857143,50,2,True,15.049781773265025,False,True,15.15007563265279,True,14.546980347415124,4,4,0.004584651999458204,14.61367318995098,True,314161,14.546980347415124,411579683,8,ef1efe9320b49eef9c46c30a1853e03d1d4909eac25dd5f444741dc77c617839,20.031421485000465,pyvrp,20.0,0.03340921705211006,cvrp50_38176.json,0
"[""accepted""]",not_selected,True,0.015650337912667567,cvrp_s7799_n20-50-100_x66667_cvrp50_38283,0.08244897959183674,True,True,0.0,0.0,0.0,50,4,False,10.873497519188854,False,False,,False,10.857847181276187,4,4,1.6360120102477485e-16,10.857847181276188,True,314160,10.857847181276187,703849281,7,b84acf0a9f3de3d6ef8e0adb579668a00326efdf6ebad4bdda51c85cdc65cac7,20.031430738999916,pyvrp,20.0,0.0014393103861061126,cvrp50_38283.json,0
"[""accepted""]",not_selected,True,-1.7763568394002505e-15,cvrp_s7799_n20-50-100_x66667_cvrp50_38343,0.0,True,True,0.0,0.0,0.0,50,4,False,10.02196326523846,False,False,,False,10.021963265238462,4,4,1.8505993567266167e-05,10.02214873162618,True,314159,10.021963265238462,2635047820,7,2550a8f3613bfb0e0fa2d43d7b523e2de9fce116c2790e0f9b70b0c5216efaaa,20.030083233999903,pyvrp,20.0,-1.7724639298585419e-16,cvrp50_38343.json,0
"[""accepted""]",not_selected,True,0.0011283885818773598,cvrp_s7799_n20-50-100_x66667_cvrp50_38497,0.036734693877551024,True,True,0.0,0.0,0.0,50,4,False,10.991626976899672,False,False,,False,10.990498588317795,4,4,1.6162659274515585e-16,10.990498588317797,True,314161,10.990498588317795,38008123,7,a0b354883e12a5bf77b50bffea372f65b085ecd70c45536db6101b20d93d8e99,20.034472271001505,pyvrp,20.0,0.00010265892249153056,cvrp50_38497.json,0
"[""accepted""]",not_selected,True,0.03770531005815059,cvrp_s7799_n20-50-100_x66667_cvrp50_38631,0.024489795918367346,True,True,0.0,0.0,0.0,50,4,False,10.000589336015642,False,False,,False,9.962884025957491,4,4,3.5659490460234123e-16,9.962884025957495,True,314159,9.962884025957491,2679092300,7,a9d0e2840b136fdbde87c350a7e1d25f6ba683bcafcc77d8a7eec6771f296668,20.03211483599989,pyvrp,20.0,0.0037703088079379977,cvrp50_38631.json,0
"[""accepted""]",not_selected,True,5.329070518200751e-15,cvrp_s7799_n20-50-100_x66667_cvrp50_38650,0.0,True,True,0.0,0.0,0.0,50,4,False,12.61055100447722,False,False,,False,12.610551004477214,4,4,2.8172549141898364e-16,12.610551004477218,True,314160,12.610551004477214,2215063566,7,2a85c6b62c49c10de03a9aaf7ee7964df835c288dcb77381de7e87e6e3c88a3c,20.028556467999806,pyvrp,20.0,4.2258823712847526e-16,cvrp50_38650.json,0
"[""accepted""]",not_selected,True,3.552713678800501e-15,cvrp_s7799_n20-50-100_x66667_cvrp50_38682,0.0,True,True,0.0,0.0,0.0,50,4,False,12.66858025979005,False,False,,False,12.668580259790046,4,4,1.4021751474696736e-16,12.668580259790048,True,314160,12.668580259790046,2335724500,7,308952a9f2e8739cefee85ae74697201dd6295e6d76300393a94684414d8a780,20.01913314900048,pyvrp,20.0,2.8043502949393467e-16,cvrp50_38682.json,0
"[""accepted""]",not_selected,True,0.03202424088562772,cvrp_s7799_n20-50-100_x66667_cvrp50_38829,0.03918367346938775,True,True,0.0,0.0,0.0,50,4,False,9.204913293978661,False,False,,False,9.172889053093034,4,4,5.534033694003859e-06,9.172939816170125,True,314162,9.172889053093034,223936204,7,ad962f8c44eb25673f008a43df01c67e4b67cd24eb64b1f7a160aa99a981ad1e,20.035525291999875,pyvrp,20.0,0.00347903775547524,cvrp50_38829.json,0
"[""accepted""]",not_selected,True,3.552713678800501e-15,cvrp_s7799_n20-50-100_x66667_cvrp50_38899,0.0,True,True,0.0,0.0,0.0,50,4,False,11.421408734323949,False,False,,False,11.421408734323945,4,4,3.110573976854347e-16,11.421408734323949,True,314162,11.421408734323945,3874131506,7,53185ecd3240119d6a7894e05eef7d738f4d53704de37187e7e5245ef2323f6f,20.038893599999938,pyvrp,20.0,3.110573976854346e-16,cvrp50_38899.json,0
"[""accepted""]",not_selected,True,3.552713678800501e-15,cvrp_s7799_n20-50-100_x66667_cvrp50_39027,0.0,True,True,0.0,0.0,0.0,50,4,False,8.736495025533303,False,False,,False,8.7364950255333,4,4,4.066520576521056e-16,8.736495025533303,True,314159,8.7364950255333,2744343019,6,77d5faa0011d7ead4bfdaf4e87ae36ce7190c33a8d3678adb6823088b63d429e,20.026322330999392,pyvrp,20.0,4.0665205765210543e-16,cvrp50_39027.json,0
"[""accepted""]",not_selected,True,0.004914269827889228,cvrp_s7799_n20-50-100_x66667_cvrp50_39114,0.045714285714285714,True,True,0.0,0.0,0.0,50,4,False,11.772577812294584,False,False,,False,11.767663542466694,4,4,3.019047635054829e-16,11.767663542466698,True,314159,11.767663542466694,596743147,7,8a2535c0ebe084621549d7072cf7a05cd72041a3491b87318c557a8d8c098bba,20.03600506300063,pyvrp,20.0,0.0004174336246694463,cvrp50_39114.json,0
"[""accepted""]",not_selected,True,1.7763568394002505e-15,cvrp_s7799_n20-50-100_x66667_cvrp50_39161,0.0,True,True,0.0,0.0,0.0,50,4,False,9.356909503381267,False,False,,False,9.356909503381265,4,4,5.695331900212361e-16,9.35690950338127,True,314162,9.356909503381265,3821066139,7,93ab1645b8389073e565e42da655dbe65e09642257f0dbd823d695ac7a0c2c89,20.019732423999812,pyvrp,20.0,1.898443966737453e-16,cvrp50_39161.json,0
"[""accepted""]",not_selected,True,0.04571174025474889,cvrp_s7799_n20-50-100_x66667_cvrp50_39169,0.14775510204081632,True,True,0.0,0.0,0.0,50,4,False,10.213668749822341,False,False,,False,10.167957009567592,4,4,3.494029012374419e-16,10.167957009567596,True,314162,10.167957009567592,680478157,7,9a995c90c7e2d18de240937da9abb93ee981c50a4590072cc87fe64eb799b97a,20.038737202999982,pyvrp,20.0,0.0044755456021171635,cvrp50_39169.json,0
"[""accepted""]",not_selected,True,0.023078138583478847,cvrp_s7799_n20-50-100_x66667_cvrp50_39205,0.019591836734693877,True,True,0.0,0.0,0.0,50,4,False,11.628744350051635,False,False,,False,11.605666211468156,4,4,3.0611889176080916e-16,11.60566621146816,True,314161,11.605666211468156,4145282260,6,7d162cd79a81935845f06bc4610247805ca744754007a8265cb22471e47d4447,20.03968112700022,pyvrp,20.0,0.001984577000643786,cvrp50_39205.json,0
"[""accepted""]",not_selected,True,0.0,cvrp_s7799_n20-50-100_x66667_cvrp50_3925,0.0,True,True,0.0,0.0,0.0,50,4,False,9.863780415954817,False,False,,False,9.863780415954817,4,4,3.6017769343830196e-16,9.863780415954821,True,314159,9.863780415954817,3346895395,7,a6188202368f3570ec43ab8baf11a702441a780e6c8abadbdcc3a0a90b542d53,20.03620133000004,pyvrp,20.0,0.0,cvrp50_3925.json,0
"[""accepted""]",not_selected,True,0.048121980374874695,cvrp_s7799_n20-50-100_x66667_cvrp50_39495,0.11591836734693878,True,True,0.0,0.0,0.0,50,4,False,11.01797914793704,False,False,,False,10.969857167562166,4,4,4.8579215178469205e-16,10.969857167562171,True,314159,10.969857167562166,2304934258,7,a36059ca9c52004c7738fd0980fed00d596094d90929d62c922e8797fbc49f9a,20.03876573299931,pyvrp,20.0,0.004367586807775439,cvrp50_39495.json,0
"[""accepted""]",not_selected,True,0.013210956734871715,cvrp_s7799_n20-50-100_x66667_cvrp50_39656,0.05551020408163265,True,True,0.0,0.0,0.0,50,4,False,11.29985425352796,False,False,,False,11.286643296793088,4,4,3.1477150339374554e-16,11.286643296793091,True,314161,11.286643296793088,3681601535,7,d2175e644236f6cfbfdb9333c6cbddb9c055682d564c8f195baa1edd120ca13c,20.030295987999125,pyvrp,20.0,0.001169126294770314,cvrp50_39656.json,0
"[""accepted""]",not_selected,True,0.0,cvrp_s7799_n20-50-100_x66667_cvrp50_39747,0.0,True,True,0.0,0.0,0.0,50,4,False,9.189559569863523,False,False,,False,9.189559569863523,4,4,1.9330162951722741e-16,9.189559569863524,True,314160,9.189559569863523,1235363489,7,b39157c39cb6022c0d3970dec0e9ab00cc6776c3c3cfc49d0f87cdb9f0a2b1d6,20.0422469619989,pyvrp,20.0,0.0,cvrp50_39747.json,0
"[""accepted""]",not_selected,True,1.7763568394002505e-15,cvrp_s7799_n20-50-100_x66667_cvrp50_39788,0.0,True,True,0.0,0.0,0.0,50,4,False,10.609786155728091,False,False,,False,10.60978615572809,4,4,5.022787867711786e-16,10.609786155728095,True,314161,10.60978615572809,3265481434,7,f14300048556e976201082906516f73dfc1f884ff0a468ec3909170ef68f6771,20.02435839300051,pyvrp,20.0,1.6742626225705949e-16,cvrp50_39788.json,0
"[""accepted""]",not_selected,True,1.7763568394002505e-15,cvrp_s7799_n20-50-100_x66667_cvrp50_39922,0.0,True,True,0.0,0.0,0.0,50,4,False,8.47370052706952,False,False,,False,8.473700527069518,4,4,2.096317699363601e-16,8.47370052706952,True,314162,8.473700527069518,2781522412,6,ccd6dd7135713820d1733e6f80847fe819b06bbd15377e50162b180e58617cf3,20.038758836000852,pyvrp,20.0,2.0963176993636005e-16,cvrp50_39922.json,0
"[""accepted""]",not_selected,True,3.552713678800501e-15,cvrp_s7799_n20-50-100_x66667_cvrp50_40190,0.0,True,True,0.0,0.0,0.0,50,4,False,9.82276148790923,False,False,,False,9.822761487909226,4,4,3.6168176160782417e-16,9.82276148790923,True,314161,9.822761487909226,3047151076,7,5a270d887f99597b9682e7296a6800529518bebb860c4a22b6b58efb43ee29c6,20.037607778000165,pyvrp,20.0,3.6168176160782407e-16,cvrp50_40190.json,0
"[""accepted""]",stable_control,True,-1.7763568394002505e-15,cvrp_s7799_n20-50-100_x66667_cvrp50_40290,0.0,True,True,0.0,0.0,0.0,50,4,False,11.324577099188799,False,True,11.998781298113924,True,11.3245770991888,4,4,3.7143664950693906e-05,11.324997735486281,True,314159,11.3245770991888,3140563775,8,5ee3febd7430e0116bc6651b210ea020441e5f74775af62a35adb901c69aea8d,20.02507810500174,pyvrp,20.0,-1.568585584999456e-16,cvrp50_40290.json,0
"[""accepted""]",stable_control,True,0.0008422923970581309,cvrp_s7799_n20-50-100_x66667_cvrp50_40449,0.0,True,True,0.0,0.0,0.0,50,4,False,10.688131593284675,False,True,11.097836857742925,True,10.687289300887617,4,4,7.881253827274756e-05,10.688131593284675,True,314159,10.687289300887617,6385626,7,e7c3e0203f867a4ff8955b13c301ef29c4a14c43bc1e50977952cef32a59b142,20.037910729999567,pyvrp,20.0,7.880632734605746e-05,cvrp50_40449.json,0
"[""accepted""]",not_selected,True,5.329070518200751e-15,cvrp_s7799_n20-50-100_x66667_cvrp50_40505,0.0,True,True,0.0,0.0,0.0,50,4,False,9.635954017108533,False,False,,False,9.635954017108528,4,4,1.8434675344510247e-16,9.63595401710853,True,314160,9.635954017108528,1494094739,7,b8f362ce4020d3758215819e1a20d6f746ddcb45604bf780c43566e03b69b553,20.023750176998874,pyvrp,20.0,5.530402603353071e-16,cvrp50_40505.json,0
"[""accepted""]",not_selected,True,1.7763568394002505e-15,cvrp_s7799_n20-50-100_x66667_cvrp50_40835,0.0,True,True,0.0,0.0,0.0,50,4,False,9.96986452056993,False,False,,False,9.969864520569928,4,4,5.345178469783374e-16,9.969864520569933,True,314161,9.969864520569928,3153747151,8,917e70f95d84bc76ae454426dcb996ca2065bfa000da69ab01c7663697c04b6f,20.039866701999927,pyvrp,20.0,1.7817261565944575e-16,cvrp50_40835.json,0
"[""accepted""]",not_selected,True,0.16704624962936165,cvrp_s7799_n20-50-100_x66667_cvrp50_40865,0.15020408163265306,True,True,0.0,0.0,0.0,50,4,False,12.733756750600309,False,False,,False,12.566710500970947,4,4,2.8270832518390603e-16,12.56671050097095,True,314162,12.566710500970947,4147161342,7,a7620c244313ef76dbdd3ef1b5293c5a35f451ecebe53313e98a2aa6f0db1d6d,20.040499115000785,pyvrp,20.0,0.013118379194850458,cvrp50_40865.json,0
"[""accepted""]",not_selected,True,1.7763568394002505e-15,cvrp_s7799_n20-50-100_x66667_cvrp50_4135,0.0,True,True,0.0,0.0,0.0,50,4,False,9.69738464214639,False,False,,False,9.697384642146389,4,4,5.495368818351039e-16,9.697384642146394,True,314159,9.697384642146389,3011741892,6,4599d67d0bdd6ae268a5aad00c54b08d332f792fc34ad621529ce0472e2afa1d,20.023101336000764,pyvrp,20.0,1.8317896061170127e-16,cvrp50_4135.json,0
"[""accepted""]",stable_control,True,7.105427357601002e-15,cvrp_s7799_n20-50-100_x66667_cvrp50_41594,0.0,True,True,0.0,0.0,0.0,50,4,False,10.075874976260593,False,True,10.455052113204156,True,10.075874976260586,4,4,1.7629802310821266e-16,10.075874976260588,True,314160,10.075874976260586,3124016003,7,66cd455dd9a3dba36eda4680937fa46015fd01ee0c10ddaa24d206cabebe21a4,20.026704382999014,pyvrp,20.0,7.051920924328501e-16,cvrp50_41594.json,0
"[""accepted""]",not_selected,True,0.01908520291023308,cvrp_s7799_n20-50-100_x66667_cvrp50_41681,0.026122448979591838,True,True,0.0,0.0,0.0,50,4,False,9.022132368989876,False,False,,False,9.003047166079643,4,4,7.892247176457973e-16,9.00304716607965,True,314159,9.003047166079643,3297579157,6,4750be854fffa969341613fe1f061066ad5c567b6843a9122bff7e76611db5b4,20.029293610001332,pyvrp,20.0,0.002115376069612008,cvrp50_41681.json,0
"[""accepted""]",not_selected,True,3.552713678800501e-15,cvrp_s7799_n20-50-100_x66667_cvrp50_41836,0.0,True,True,0.0,0.0,0.0,50,4,False,11.33383728056869,False,False,,False,11.333837280568687,4,4,6.269215960761067e-16,11.333837280568694,True,314162,11.333837280568687,2811223691,8,cd730723bfdb9410bc7f072e3ac3686fb7b1910e1b8208e74a3fd07a4b0845a1,20.02513521000037,pyvrp,20.0,3.1346079803805325e-16,cvrp50_41836.json,0
"[""accepted""]",not_selected,True,0.023945864920650095,cvrp_s7799_n20-50-100_x66667_cvrp50_42029,0.02122448979591837,True,True,0.0,0.0,0.0,50,4,False,11.438189995362205,False,False,,False,11.414244130441555,4,4,0.0,11.414244130441555,True,314159,11.414244130441555,923624345,7,d9070f940e1dd613f1086f6e3347fe8895fda70ffff19c0111f6901bb45dd974,20.022627636000834,pyvrp,20.0,0.00209350123842665,cvrp50_42029.json,0
"[""accepted""]",not_selected,True,3.552713678800501e-15,cvrp_s7799_n20-50-100_x66667_cvrp50_42031,0.0,True,True,0.0,0.0,0.0,50,4,False,12.46245621726797,False,False,,False,12.462456217267967,4,4,5.701466254907061e-16,12.462456217267974,True,314161,12.462456217267967,1010694522,7,03c2d47b4d9659fa68035bffc0739c0818c552b62fedad6a8e119513d9f28127,20.028976417001104,pyvrp,20.0,2.85073312745353e-16,cvrp50_42031.json,0
"[""accepted""]",not_selected,True,0.0,cvrp_s7799_n20-50-100_x66667_cvrp50_42164,0.0,True,True,0.0,0.0,0.0,50,4,False,8.833263626708554,False,False,,False,8.833263626708554,4,4,2.0109858761932543e-16,8.833263626708556,True,314160,8.833263626708554,1633051447,7,43f1e0e1042efa40177f8681a54b8bdfb4aa2f1927f85be4bfc52cf355ac20a2,20.03764416300146,pyvrp,20.0,0.0,cvrp50_42164.json,0
"[""accepted""]",not_selected,True,1.7763568394002505e-15,cvrp_s7799_n20-50-100_x66667_cvrp50_42227,0.0,True,True,0.0,0.0,0.0,50,4,False,8.399526268091993,False,False,,False,8.399526268091991,4,4,2.1148297924232362e-16,8.399526268091993,True,314159,8.399526268091991,637723786,6,71cc35537230402503ef943480771f57d8e854570c7a881ab046be384e2acfc4,20.03520227500121,pyvrp,20.0,2.1148297924232357e-16,cvrp50_42227.json,0
"[""accepted""]",not_selected,True,0.011260098872705626,cvrp_s7799_n20-50-100_x66667_cvrp50_42254,0.05959183673469388,True,True,0.0,0.0,0.0,50,3,False,10.602304507352034,False,False,,False,10.591044408479329,4,4,0.0010631717173892876,10.602304507352038,True,314160,10.591044408479329,2859790412,7,f456f6d1821895fac41c5ca7702adb7e3024589a250e4b33ef31871eb6d3ab80,20.027684564000083,pyvrp,20.0,0.001062042583751245,cvrp50_42254.json,0
"[""accepted""]",not_selected,True,0.02598587937410457,cvrp_s7799_n20-50-100_x66667_cvrp50_42715,0.07428571428571429,True,True,0.0,0.0,0.0,50,4,False,10.014009967960574,False,False,,False,9.988024088586469,4,4,7.113946957457309e-16,9.988024088586476,True,314160,9.988024088586469,1427322601,6,440230913f496c149cec79e1133642affbcad5c75923b2f58fd52dd7a66b5cb6,20.024617068000225,pyvrp,20.0,0.0025949524173877756,cvrp50_42715.json,0
"[""accepted""]",not_selected,True,3.552713678800501e-15,cvrp_s7799_n20-50-100_x66667_cvrp50_42722,0.0,True,True,0.0,0.0,0.0,50,4,False,10.026882783361268,False,False,,False,10.026882783361264,4,4,3.543188601641897e-16,10.026882783361268,True,314160,10.026882783361264,4153153638,7,fe0b9a0bf5170c3ee1be6b5f631144482cec7eb372de07a4d68594a4b7531b87,20.02512371100056,pyvrp,20.0,3.543188601641896e-16,cvrp50_42722.json,0
"[""accepted""]",not_selected,True,0.0,cvrp_s7799_n20-50-100_x66667_cvrp50_43120,0.0,True,True,0.0,0.0,0.0,50,4,False,8.898588861758025,False,False,,False,8.898588861758025,4,4,1.9962230719908882e-16,8.898588861758027,True,314161,8.898588861758025,200819820,7,f661094475beb0768a7c3f85dd5682a830526624f6623873831b75d909348f4a,20.03933674200016,pyvrp,20.0,0.0,cvrp50_43120.json,0
"[""accepted""]",not_selected,True,3.552713678800501e-15,cvrp_s7799_n20-50-100_x66667_cvrp50_43180,0.0,True,True,0.0,0.0,0.0,50,4,False,10.99496548099307,False,False,,False,10.994965480993066,4,4,4.846827875369945e-16,10.994965480993072,True,314161,10.994965480993066,1029278361,7,c2cbf576a5a627a706855e1732fefdd380eddca66a310673a79f75bc1d78e8ba,20.036513752000246,pyvrp,20.0,3.2312185835799625e-16,cvrp50_43180.json,0
"[""accepted""]",not_selected,True,3.552713678800501e-15,cvrp_s7799_n20-50-100_x66667_cvrp50_43278,0.0,True,True,0.0,0.0,0.0,50,4,False,9.857728353078421,False,False,,False,9.857728353078418,4,4,5.405982318975715e-16,9.857728353078423,True,314159,9.857728353078418,1009673988,6,037b4959cb5065ed261e2e06b31850ceac7bd9deb44112010823571330de2b49,20.028230571999302,pyvrp,20.0,3.603988212650475e-16,cvrp50_43278.json,0
"[""accepted""]",not_selected,True,3.552713678800501e-15,cvrp_s7799_n20-50-100_x66667_cvrp50_43696,0.0,True,True,0.0,0.0,0.0,50,4,False,8.630238940320162,False,False,,False,8.630238940320158,4,4,2.058293926372278e-16,8.63023894032016,True,314160,8.630238940320158,1646736448,6,3abd2f452802e92223d8b805e1da9502337c68f0d9ece131b437f06dd668fc9b,20.025518992999423,pyvrp,20.0,4.116587852744554e-16,cvrp50_43696.json,0
"[""accepted""]",not_selected,True,1.7763568394002505e-15,cvrp_s7799_n20-50-100_x66667_cvrp50_43698,0.0,True,True,0.0,0.0,0.0,50,4,False,11.660903908801595,False,False,,False,11.660903908801593,4,4,6.093376133764261e-16,11.6609039088016,True,314160,11.660903908801593,1633207654,7,28c7e47b90be0026e1807255891aa1c684fd267b8d85c48eb282bda5f8a94b55,20.040109753999786,pyvrp,20.0,1.523344033441065e-16,cvrp50_43698.json,0
"[""accepted""]",not_selected,True,1.7763568394002505e-15,cvrp_s7799_n20-50-100_x66667_cvrp50_43831,0.0,True,True,0.0,0.0,0.0,50,4,False,9.034456442518378,False,False,,False,9.034456442518376,4,4,3.9324044577607966e-16,9.03445644251838,True,314159,9.034456442518376,281440667,7,85774ee9d5402ced26ba7e33c378488692d6dd57131b05bc49c13ff338176502,20.036794251000174,pyvrp,20.0,1.9662022288803978e-16,cvrp50_43831.json,0
"[""accepted""]",not_selected,True,0.0,cvrp_s7799_n20-50-100_x66667_cvrp50_43943,0.0,True,True,0.0,0.0,0.0,50,4,False,9.069292456634685,False,False,,False,9.069292456634685,4,4,3.9172997185701034e-16,9.069292456634688,True,314159,9.069292456634685,934168425,7,72ad965966e11e8373a11cb124f5bbdfe969ce59a61f2a2881368a4f2b11a626,20.036906867999278,pyvrp,20.0,0.0,cvrp50_43943.json,0
"[""accepted""]",not_selected,True,0.026932690044736418,cvrp_s7799_n20-50-100_x66667_cvrp50_44120,0.037551020408163265,True,True,0.28,0.022857142857142857,0.015238095238095238,50,3,False,10.522706563006462,False,False,,False,10.495773872961726,4,4,0.0023762581014609243,10.520714540658453,True,314160,10.495773872961726,4215808030,7,65ac1a2dedeeb03ef1cec01c46a467593b224a49b80cc8755fd30bbe8b3873f3,20.02210520100016,pyvrp,20.0,0.002559483140907944,cvrp50_44120.json,0
"[""accepted""]",not_selected,True,0.17338485801797354,cvrp_s7799_n20-50-100_x66667_cvrp50_44238,0.11428571428571428,True,True,0.0,0.0,0.0,50,4,False,13.37989259082702,False,False,,False,13.206507732809046,4,4,4.0351852480740944e-16,13.206507732809051,True,314161,13.206507732809046,2451967994,7,5f6b2af5e7904131cb291f4c3af6c9a0746f482d28bb2af900a365750edeaf51,20.037516506999964,pyvrp,20.0,0.012958613594315598,cvrp50_44238.json,0
"[""accepted""]",stable_control,True,0.0,cvrp_s7799_n20-50-100_x66667_cvrp50_44471,0.0,True,True,0.0,0.0,0.0,50,4,False,9.140629637418195,False,True,9.292141176579563,True,9.140629637418195,4,4,3.8867275228580184e-16,9.140629637418199,True,314162,9.140629637418195,4123731799,7,3e8e1d79fa32513856678dcab3eece0748a910a39480b5432012c1429bca8da8,20.026719706998847,pyvrp,20.0,0.0,cvrp50_44471.json,0
"[""pyvrp_cost_not_converged""]",unstable_cost,False,0.06826345633564657,cvrp_s7799_n20-50-100_x66667_cvrp50_4454,0.026122448979591838,True,False,0.0,0.0,0.0,50,3,True,10.113871036678413,False,True,10.424014149500014,True,10.045607580342766,4,4,0.005471496594744236,10.100572088010749,False,314162,10.045607580342766,2849626682,6,0f4117bb7899e98ac08445ce3982023c7a7184c298011e7bff2c4f3bc78ec3c4,20.025614979998863,pyvrp,20.0,0.00674948850821669,cvrp50_4454.json,0
"[""accepted""]",not_selected,True,0.016430961485776052,cvrp_s7799_n20-50-100_x66667_cvrp50_44643,0.09306122448979592,True,True,0.3,0.012244897959183673,0.008163265306122448,50,4,False,10.247588488420323,False,False,,False,10.231157526934547,4,4,0.00012245261567850972,10.23241035893514,True,314159,10.231157526934547,1681073857,7,5c4060d8aa262e3f6bd9693ed70e8f3e4e3fe0daae056c3625f30cea4ee2ee2e,20.020527163000224,pyvrp,20.0,0.001603397863247815,cvrp50_44643.json,0
"[""accepted""]",not_selected,True,0.018265232692357358,cvrp_s7799_n20-50-100_x66667_cvrp50_44867,0.061224489795918366,True,True,0.0,0.0,0.0,50,4,False,9.869604840101214,False,False,,False,9.851339607408857,4,4,1.548735859276475e-05,9.851492178637976,True,314162,9.851339607408857,3946469131,8,1d447a6d420da6003b943f5206d72c5e09e82ad6cf67e18de0e02e60b9ec4a48,20.037491623999813,pyvrp,20.0,0.0018506549135730186,cvrp50_44867.json,1
"[""accepted""]",not_selected,True,0.00017251164077691783,cvrp_s7799_n20-50-100_x66667_cvrp50_44881,0.0,True,True,0.0,0.0,0.0,50,4,False,9.39963834301486,False,False,,False,9.399465831374084,4,4,1.835334516575383e-05,9.39963834301486,True,314159,9.399465831374084,4251823888,7,a17a8b757794704138662883d4155498c3439209c42bdb5dd5f16d8f1781dff1,20.03334575199915,pyvrp,20.0,1.835300832665718e-05,cvrp50_44881.json,0
"[""accepted""]",not_selected,True,0.0010648882021584427,cvrp_s7799_n20-50-100_x66667_cvrp50_44953,0.0,True,True,0.0,0.0,0.0,50,4,False,10.01311880928851,False,False,,False,10.012053921086352,4,4,3.548436421539983e-16,10.012053921086356,True,314159,10.012053921086352,1681143242,7,382d51520e4f460bc1936d377ea9d06c7853c0c230caefc55487185288e5c7b9,20.019825278999633,pyvrp,20.0,0.00010634930259397462,cvrp50_44953.json,0
"[""accepted""]",not_selected,True,1.7763568394002505e-15,cvrp_s7799_n20-50-100_x66667_cvrp50_45162,0.0,True,True,0.0,0.0,0.0,50,4,False,9.176545563170633,False,False,,False,9.176545563170631,4,4,5.807272989073984e-16,9.176545563170636,True,314161,9.176545563170631,358471657,7,2383a92d7378227e9d7e1f2243f05aa86bdcf14b29b03ef01b5595aebb74e951,20.02339576400118,pyvrp,20.0,1.9357576630246608e-16,cvrp50_45162.json,0
"[""accepted""]",not_selected,True,0.03000520664066819,cvrp_s7799_n20-50-100_x66667_cvrp50_4529,0.08326530612244898,True,True,0.0,0.0,0.0,50,4,False,10.689842541337411,False,False,,False,10.659837334696743,4,4,3.3328029005065213e-16,10.659837334696746,True,314159,10.659837334696743,1248024250,6,96fc17ba66635059458cbf463f9e26a54f2d264c82853611816f94addcfc24f5,20.024147906999133,pyvrp,20.0,0.0028068894864109223,cvrp50_4529.json,0
"[""accepted""]",not_selected,True,0.041058859423170446,cvrp_s7799_n20-50-100_x66667_cvrp50_45422,0.05877551020408163,True,True,0.0,0.0,0.0,50,3,False,10.43504101899319,False,False,,False,10.393982159570019,4,4,0.0019753247765636845,10.414513650056978,True,314160,10.393982159570019,32179034,6,8725ace62c8855fb0177b24e75f66360dfd66bf04d6634f8f0ad51c9e485f374,20.028880669999126,pyvrp,20.0,0.003934709920970867,cvrp50_45422.json,0
"[""accepted""]",not_selected,True,0.0506865400180363,cvrp_s7799_n20-50-100_x66667_cvrp50_4547,0.10204081632653061,True,True,0.0,0.0,0.0,50,4,False,9.247049145450987,False,False,,False,9.19636260543295,4,4,3.863172681666182e-16,9.196362605432954,True,314160,9.19636260543295,1441259949,7,b76f943dceff506f37d144a16fd2a6e75d5ec6875aefcdbe4cd78cffbc4660e3,20.03400121300001,pyvrp,20.0,0.005481374568336877,cvrp50_4547.json,0
"[""accepted""]",not_selected,True,0.005314390674950431,cvrp_s7799_n20-50-100_x66667_cvrp50_45487,0.04897959183673469,True,True,0.0,0.0,0.0,50,4,False,12.26035189119054,False,False,,False,12.25503750051559,4,4,1.4494911495175076e-16,12.255037500515591,True,314160,12.25503750051559,3298605980,6,1ea39dce942a1a39b85cd1cdc9ad5506019e3361a41591e13d10995f762e7ea4,20.028815736999604,pyvrp,20.0,0.0004334615125336649,cvrp50_45487.json,0
"[""accepted""]",not_selected,True,0.018370551103382482,cvrp_s7799_n20-50-100_x66667_cvrp50_45565,0.060408163265306125,True,True,0.0,0.0,0.0,50,4,False,8.77361797525513,False,False,,False,8.755247424151747,4,4,4.0578107124650516e-16,8.75524742415175,True,314161,8.755247424151747,4067306454,7,babbf4d9fe186e24b3adffac2d0ce522e955aed76718da2625a0ed1b26001e61,20.039100470999983,pyvrp,20.0,0.002093839868021867,cvrp50_45565.json,0
"[""pyvrp_cost_not_converged"", ""route_membership_ambiguous""]",unstable_cost,False,0.03568234132604431,cvrp_s7799_n20-50-100_x66667_cvrp50_4573,0.02122448979591837,False,False,0.0,0.0,0.0,50,1,True,11.765193350455185,False,True,11.890059695846986,True,11.72951100912914,4,4,0.004161130379840563,11.778319033729902,False,314160,11.72951100912914,1413933481,7,8003c262cda495d327d3c48b319ddc78bf818562a70f6932ac3d1b6476d0ab28,20.02240949300176,pyvrp,20.0,0.0030328733462475386,cvrp50_4573.json,0
"[""accepted""]",not_selected,True,1.7763568394002505e-15,cvrp_s7799_n20-50-100_x66667_cvrp50_45770,0.0,True,True,0.0,0.0,0.0,50,4,False,8.899219850524847,False,False,,False,8.899219850524846,4,4,0.0,8.899219850524846,True,314159,8.899219850524846,2589840354,6,792781bc5cdf6f47a3b99b66bcf991faed55168b28635668aa8f7a0199668c97,20.03954258399972,pyvrp,20.0,1.9960815321305795e-16,cvrp50_45770.json,0
"[""accepted""]",stable_control,True,-1.7763568394002505e-15,cvrp_s7799_n20-50-100_x66667_cvrp50_46144,0.0,True,True,0.0,0.0,0.0,50,4,False,8.895417177413195,False,True,9.129518237200527,True,8.895417177413197,4,4,3.993869661134472e-16,8.8954171774132,True,314160,8.895417177413197,1818571486,7,cf30fefdc016f3456d6055708a127d411c022e4f4090c0f51b702800987d69ac,20.032457547000377,pyvrp,20.0,-1.9969348305672366e-16,cvrp50_46144.json,0
"[""accepted""]",not_selected,True,0.013356268674808547,cvrp_s7799_n20-50-100_x66667_cvrp50_46273,0.022857142857142857,True,True,0.0,0.0,0.0,50,4,False,11.170253920361938,False,False,,False,11.15689765168713,4,4,6.500788220873377e-05,11.157622937975486,True,314159,11.15689765168713,1440337938,7,84c599c043a51536f1e079e716975b64e6a4aa759894bd76eee235d63a314077,20.02712434299974,pyvrp,20.0,0.0011956996474772866,cvrp50_46273.json,0
"[""accepted""]",not_selected,True,0.053137148305419046,cvrp_s7799_n20-50-100_x66667_cvrp50_46538,0.07183673469387755,True,True,0.0,0.0,0.0,50,4,False,10.697357508431509,False,False,,False,10.64422036012609,4,4,6.675385436605929e-16,10.644220360126097,True,314161,10.64422036012609,3209876264,7,13eebf980b0a91ded537362cc2e61f084f325fc22b056409c7f1a8f3c8c6a1fc,20.024542176000978,pyvrp,20.0,0.004967315363961341,cvrp50_46538.json,0
"[""accepted""]",not_selected,True,0.0,cvrp_s7799_n20-50-100_x66667_cvrp50_46572,0.0,True,True,0.0,0.0,0.0,50,4,False,8.546809384638472,False,False,,False,8.546809384638472,4,4,6.235157797925044e-16,8.546809384638477,True,314161,8.546809384638472,4025507381,6,fbef727ee70c2de90afa5000cae89575eee111cde8c93d9d1bd9fbf6f62e0980,20.037793846999193,pyvrp,20.0,0.0,cvrp50_46572.json,0
"[""accepted""]",stable_control,True,0.0,cvrp_s7799_n20-50-100_x66667_cvrp50_4660,0.0,True,True,0.32,0.013061224489795919,0.0065306122448979586,50,4,False,10.56505628190899,False,True,11.03059476332876,True,10.56505628190899,4,4,7.294286174396742e-05,10.56582692734868,True,314161,10.56505628190899,2787037716,6,55a30301fa3ca58862bd1ed8b776a816088d11f1feb27f801ba8ef8b0622b38b,20.034276155000043,pyvrp,20.0,0.0,cvrp50_4660.json,0
"[""pyvrp_cost_not_converged""]",unstable_cost,False,0.009604737668905017,cvrp_s7799_n20-50-100_x66667_cvrp50_46879,0.053061224489795916,True,False,0.0,0.0,0.0,50,3,True,10.963274686901135,False,True,11.308557168046324,True,10.95366994923223,4,4,0.006655155556428165,11.026568326658143,False,314159,10.95366994923223,1435073360,6,c22452132294670bd69196c9e8d2534c7da9a72cbf7b474580bee89d4128bb32,20.031570649998685,pyvrp,20.0,0.0008760829171215338,cvrp50_46879.json,0
"[""accepted""]",not_selected,True,0.13725611849184993,cvrp_s7799_n20-50-100_x66667_cvrp50_47008,0.10448979591836735,True,True,0.0,0.0,0.0,50,4,False,12.68178892377318,False,False,,False,12.54453280528133,4,4,1.4160406505154124e-16,12.544532805281332,True,314160,12.54453280528133,2074595265,8,d043a94d622eb92e88f54894bd31394664a8ac3f235eac7108126d6a11b7c860,20.02767578000021,pyvrp,20.0,0.010823088076679048,cvrp50_47008.json,1
"[""accepted""]",not_selected,True,5.329070518200751e-15,cvrp_s7799_n20-50-100_x66667_cvrp50_47018,0.0,True,True,0.0,0.0,0.0,50,4,False,9.717519444434444,False,False,,False,9.717519444434439,4,4,5.483982356477707e-16,9.717519444434444,True,314162,9.717519444434439,3009273111,7,75839138e2c73abf568e03b1b374761219b4f03d3ea70db596599325136e2a66,20.021849544998986,pyvrp,20.0,5.483982356477704e-16,cvrp50_47018.json,0
"[""accepted""]",not_selected,True,0.03681920657709625,cvrp_s7799_n20-50-100_x66667_cvrp50_47143,0.04244897959183674,True,True,0.0,0.0,0.0,50,4,False,9.881618881514527,False,False,,False,9.84479967493743,4,4,7.217442296657155e-16,9.844799674937438,True,314159,9.84479967493743,4069363686,7,29f858783ed1c4cded0d14dcd9690e179500b7b854b0411c36d32441928005ec,20.024093287998767,pyvrp,20.0,0.0037260298154155364,cvrp50_47143.json,0
"[""accepted""]",not_selected,True,5.329070518200751e-15,cvrp_s7799_n20-50-100_x66667_cvrp50_47321,0.0,True,True,0.0,0.0,0.0,50,4,False,8.775587062913209,False,False,,False,8.775587062913203,4,4,8.096811423169034e-16,8.77558706291321,True,314162,8.775587062913203,2631928071,7,912d91ee7458799d97dabe05ae3064eea7c28d57aaedb657224f15a5f2ddf4cf,20.021822347000125,pyvrp,20.0,6.072608567376772e-16,cvrp50_47321.json,0
"[""accepted""]",not_selected,True,5.329070518200751e-15,cvrp_s7799_n20-50-100_x66667_cvrp50_47373,0.0,True,True,0.0,0.0,0.0,50,4,False,11.121645488288987,False,False,,False,11.121645488288982,4,4,4.791620559936232e-16,11.121645488288987,True,314161,11.121645488288982,3654207573,7,5a043d636f2a0349b43290d68d293bb66b546baac28b55f69c0b7ced27ebf032,20.02330909000011,pyvrp,20.0,4.79162055993623e-16,cvrp50_47373.json,0
"[""accepted""]",not_selected,True,0.07003653864925319,cvrp_s7799_n20-50-100_x66667_cvrp50_47390,0.044897959183673466,True,True,0.0,0.0,0.0,50,4,False,12.757445605695102,False,False,,False,12.687409067045849,4,4,4.200282729152658e-16,12.687409067045854,True,314160,12.687409067045849,3561821383,8,74800e478bc5a3eab148cd0bf2c7d681f40bc4f942c4f6f0a1579bb9cb8e668f,20.02028624599916,pyvrp,20.0,0.005489855948747914,cvrp50_47390.json,0
"[""accepted""]",not_selected,True,0.07064548966950035,cvrp_s7799_n20-50-100_x66667_cvrp50_47430,0.036734693877551024,True,True,0.0,0.0,0.0,50,4,False,11.975680096267988,False,False,,False,11.905034606598488,4,4,2.3487699917342245e-05,11.905314228478833,True,314161,11.905034606598488,2977849404,7,90a2c0c71f6fdc4ae45612568d9a5daee3018b797c036a5561b8a9533c0f9f21,20.034970434999195,pyvrp,20.0,0.005899079559708328,cvrp50_47430.json,0
"[""pyvrp_cost_not_converged""]",unstable_cost,False,0.06090145164647787,cvrp_s7799_n20-50-100_x66667_cvrp50_47730,0.05061224489795919,True,False,0.0,0.0,0.0,50,3,True,11.854655820457749,False,True,12.23289100878962,True,11.793754368811271,4,4,0.020375494223676554,12.034057942828445,False,314160,11.793754368811271,1627750931,8,9b2407bb7bf9a13343ad29dcf3fee962cea3abf49ea785d1c8ccf38d64b94951,20.02172244800022,pyvrp,20.0,0.005137344564772548,cvrp50_47730.json,0
"[""accepted""]",not_selected,True,0.0003646498894678274,cvrp_s7799_n20-50-100_x66667_cvrp50_47887,0.0,True,True,0.0,0.0,0.0,50,4,False,9.922261880731577,False,False,,False,9.92189723084211,4,4,3.6752032497987736e-05,9.922261880731579,True,314159,9.92189723084211,1401503072,7,aa6d150032cafb6c8b881038779b1ca149e3f42fba9dc64a79613bf0c04e88ee,20.02304693900078,pyvrp,20.0,3.6750681835555564e-05,cvrp50_47887.json,0
"[""pyvrp_cost_not_converged""]",unstable_cost,False,3.552713678800501e-15,cvrp_s7799_n20-50-100_x66667_cvrp50_4803,0.0,True,False,0.0,0.0,0.0,50,2,True,14.05754101222258,False,True,14.419242781937664,True,14.057541012222577,4,4,0.005377127864249548,14.13313020770223,False,314160,14.057541012222577,1247142569,7,d1620e5bca17e8ccb5676ea3171d7d7af19cec5afdb8adf703abfbbfc8a41463,20.023956158000146,pyvrp,20.0,2.5272653842599717e-16,cvrp50_4803.json,0
"[""accepted""]",not_selected,True,0.0,cvrp_s7799_n20-50-100_x66667_cvrp50_48123,0.0,True,True,0.0,0.0,0.0,50,4,False,8.878035295523611,False,False,,False,8.878035295523611,4,4,6.002533602099689e-16,8.878035295523617,True,314159,8.878035295523611,4092043320,7,04df82ea471626ccb8914da7f3effc21855c26d12fdd5466c975e68f1e5d61b4,20.03517432800072,pyvrp,20.0,0.0,cvrp50_48123.json,0
"[""accepted""]",not_selected,True,0.016716796648136523,cvrp_s7799_n20-50-100_x66667_cvrp50_48171,0.07510204081632653,True,True,0.0,0.0,0.0,50,3,False,9.553165886365392,False,False,,False,9.536449089717255,4,4,0.0017529372296616469,9.553165886365393,True,314161,9.536449089717255,3576581740,7,49fa49123f3f8be120d44f1621cc094abed1648d283927362725713503ce35d1,20.03308547300003,pyvrp,20.0,0.0017498698177109342,cvrp50_48171.json,0
"[""accepted""]",not_selected,True,0.013632499273839471,cvrp_s7799_n20-50-100_x66667_cvrp50_48243,0.10448979591836735,True,True,0.0,0.0,0.0,50,4,False,9.531156472168538,False,False,,False,9.517523972894699,4,4,1.5694368840292345e-07,9.517525466610016,True,314159,9.517523972894699,2407194006,6,f04d5ee02458deb0c1d4239ab1b431b657d365568623f1908abf14a6a28858cc,20.028197495999848,pyvrp,20.0,0.001430309041053629,cvrp50_48243.json,0
"[""pyvrp_cost_not_converged""]",unstable_cost,False,0.1033101832959229,cvrp_s7799_n20-50-100_x66667_cvrp50_48370,0.06857142857142857,True,False,0.0,0.0,0.0,50,2,True,14.040624074605729,False,True,14.476552091556123,True,13.937313891309806,4,4,0.010056285156140451,14.077471494111455,False,314162,13.937313891309806,3403190895,7,fad1a5228719d734b39362a19bfa8fa357237452e5dd4d2eb3253309c7fdf025,20.04069201799939,pyvrp,20.0,0.007357948104512863,cvrp50_48370.json,0
"[""accepted""]",stable_control,True,0.022053647785078567,cvrp_s7799_n20-50-100_x66667_cvrp50_4842,0.11510204081632654,True,True,0.0,0.0,0.0,50,4,False,11.505776475525868,False,True,11.973907763240906,True,11.48372282774079,4,4,3.093695077887413e-16,11.483722827740793,True,314160,11.48372282774079,3202449814,6,b2539d40460f92bd4bb9675d3a97bbaaa7d30f9e5085c1df32859c7a92fa064f,20.026771740000186,pyvrp,20.0,0.0019167457174219622,cvrp50_4842.json,0
"[""accepted""]",stable_control,True,0.0,cvrp_s7799_n20-50-100_x66667_cvrp50_48693,0.0,True,True,0.0,0.0,0.0,50,4,False,11.037161904633678,False,True,11.07268505934365,True,11.037161904633678,4,4,4.828297857951575e-16,11.037161904633683,True,314160,11.037161904633678,102082100,7,a24fa934258ae742d92a44bbe4a6af614d9007ed10c054c1976b9402c7e8ccc1,20.017997173999902,pyvrp,20.0,0.0,cvrp50_48693.json,0
"[""accepted""]",not_selected,True,1.7763568394002505e-15,cvrp_s7799_n20-50-100_x66667_cvrp50_48811,0.0,True,True,0.0,0.0,0.0,50,4,False,11.81507051723688,False,False,,False,11.815070517236878,4,4,3.006933960840509e-16,11.815070517236881,True,314160,11.815070517236878,38507081,6,5b7f4772ecad12b5fcf4a6b6f167542a00a95e3212264738a41258adedc56aa6,20.021222643001238,pyvrp,20.0,1.5034669804202544e-16,cvrp50_48811.json,0
"[""accepted""]",not_selected,True,0.042728281353399566,cvrp_s7799_n20-50-100_x66667_cvrp50_48979,0.0963265306122449,True,True,0.0,0.0,0.0,50,4,False,9.549311998660265,False,False,,False,9.506583717306865,4,4,1.8685543537226403e-16,9.506583717306867,True,314162,9.506583717306865,1265462367,6,f227067327a9dcca8df78c20b48b28a5b3080dd86bc244f89a35b6f388ada2a9,20.019206045999454,pyvrp,20.0,0.004474487937915757,cvrp50_48979.json,0
"[""accepted""]",not_selected,True,0.0004759481298961532,cvrp_s7799_n20-50-100_x66667_cvrp50_49120,0.0,True,True,0.0,0.0,0.0,50,4,False,8.863641719055401,False,False,,False,8.863165770925505,4,4,5.369956313569326e-05,8.863641719055403,True,314162,8.863165770925505,323310688,6,5991beaf39e32d70c4c3378ef46e7ca2c3ab224aa5e8710c6c518681a465e43d,20.025404018999325,pyvrp,20.0,5.369667964725395e-05,cvrp50_49120.json,0
"[""accepted""]",not_selected,True,0.021059439008334735,cvrp_s7799_n20-50-100_x66667_cvrp50_49348,0.03428571428571429,True,True,0.0,0.0,0.0,50,4,False,10.32325960637973,False,False,,False,10.302200167371396,4,4,5.1727499287761e-16,10.302200167371401,True,314161,10.302200167371396,626166640,6,99ff6358aafa335e799269d88852f59fe6d5bd356ed12dfbc3dbd8b7bc707396,20.02779136600111,pyvrp,20.0,0.0020399989742890985,cvrp50_49348.json,0
"[""accepted""]",stable_control,True,0.06386964444950216,cvrp_s7799_n20-50-100_x66667_cvrp50_49404,0.06448979591836734,True,True,0.3,0.022040816326530613,0.01469387755102041,50,4,False,13.201679680746466,False,True,13.477222712899527,True,13.137810036296964,4,4,6.625190400185359e-05,13.138680441226283,True,314159,13.137810036296964,3947681234,7,e752ae5eb61b58d4e7d1d787bdbd91551254a6b28019e6bc1ac5b824fcd9b416,20.038885420999577,pyvrp,20.0,0.004837993800338198,cvrp50_49404.json,0
"[""accepted""]",not_selected,True,1.7763568394002505e-15,cvrp_s7799_n20-50-100_x66667_cvrp50_49407,0.0,True,True,0.0,0.0,0.0,50,4,False,9.077691740699636,False,False,,False,9.077691740699635,4,4,3.913675172370071e-16,9.077691740699638,True,314159,9.077691740699635,361007214,7,d79bc613434d190bc5c9357178dcad14622035c4f52b602444df5ad1032a2c40,20.022757476999686,pyvrp,20.0,1.956837586185035e-16,cvrp50_49407.json,0
"[""accepted""]",not_selected,True,3.552713678800501e-15,cvrp_s7799_n20-50-100_x66667_cvrp50_49677,0.0,True,True,0.0,0.0,0.0,50,4,False,12.01041756679717,False,False,,False,12.010417566797166,4,4,4.4370401683060395e-16,12.010417566797171,True,314162,12.010417566797166,525916315,8,3ada825bf5454eb33c4717a5a1e0e0dba18ccf5579abaccd58f918af9a662159,20.04105690200049,pyvrp,20.0,2.9580267788706925e-16,cvrp50_49677.json,0
"[""accepted""]",not_selected,True,0.06290392044256876,cvrp_s7799_n20-50-100_x66667_cvrp50_49780,0.08408163265306122,True,True,0.0,0.0,0.0,50,4,False,10.81707898727054,False,False,,False,10.75417506682797,4,4,3.30356690003969e-16,10.754175066827974,True,314161,10.75417506682797,1723506031,6,26a6677b76b1cfedfe03be42b8eb06db5720c2f93a64a8eb699475530e308598,20.04075854400071,pyvrp,20.0,0.005815240927480852,cvrp50_49780.json,0
"[""accepted""]",stable_control,True,8.881784197001252e-15,cvrp_s7799_n20-50-100_x66667_cvrp50_49892,0.0,True,True,0.0,0.0,0.0,50,4,False,11.762029202685264,False,True,11.976332007159112,True,11.762029202685255,4,4,4.530740764513773e-16,11.76202920268526,True,314162,11.762029202685255,4013302872,7,c3bec5971a885c17de591419788e59ef5cd0d9cdd11ccfc0300289e80be34263,20.03325086699988,pyvrp,20.0,7.551234607522948e-16,cvrp50_49892.json,0
"[""accepted""]",not_selected,True,1.7763568394002505e-15,cvrp_s7799_n20-50-100_x66667_cvrp50_49914,0.0,True,True,0.0,0.0,0.0,50,4,False,9.543120987774602,False,False,,False,9.5431209877746,4,4,5.584200939113797e-16,9.543120987774605,True,314159,9.5431209877746,1515860659,6,dac1e2928b35fb6f9e2455799cf00882ab4cf5deb972be1d2c90d67476660c47,20.02765366099993,pyvrp,20.0,1.861400313037932e-16,cvrp50_49914.json,0
"[""accepted""]",not_selected,True,1.7763568394002505e-15,cvrp_s7799_n20-50-100_x66667_cvrp50_50125,0.0,True,True,0.0,0.0,0.0,50,4,False,10.846855607534705,False,False,,False,10.846855607534703,4,4,3.2753396996753876e-16,10.846855607534707,True,314160,10.846855607534703,3960111147,7,6de69f964bab6cd80246263d58b9f9515a4ccda27483a2fd1e6dd0b2edd8b498,20.023717219999526,pyvrp,20.0,1.6376698498376936e-16,cvrp50_50125.json,0
"[""accepted""]",stable_control,True,0.0,cvrp_s7799_n20-50-100_x66667_cvrp50_50195,0.0,True,True,0.0,0.0,0.0,50,4,False,9.743502121887854,False,True,10.031077112898616,True,9.743502121887854,4,4,3.6462389337604457e-16,9.743502121887857,True,314161,9.743502121887854,3358329826,7,99740d8aa83f8c01e9809b692f856405046ad6d69fe74ab88258261491f542c7,20.037661491000108,pyvrp,20.0,0.0,cvrp50_50195.json,0
"[""accepted""]",not_selected,True,1.7763568394002505e-15,cvrp_s7799_n20-50-100_x66667_cvrp50_50375,0.0,True,True,0.0,0.0,0.0,50,3,False,9.714763702150067,False,False,,False,9.714763702150066,4,4,0.0023916310346369348,9.737997832514292,True,314160,9.714763702150066,843973935,7,8fc4f2ddd846a475d436ad99b0eb5eb30a04a7bd64a3868229126bec9da96213,20.02292527099962,pyvrp,20.0,1.8285126574999533e-16,cvrp50_50375.json,0
"[""accepted""]",not_selected,True,0.0028554498677770823,cvrp_s7799_n20-50-100_x66667_cvrp50_50386,0.045714285714285714,True,True,0.0,0.0,0.0,50,4,False,10.009545894141812,False,False,,False,10.006690444274035,4,4,0.0,10.006690444274035,True,314159,10.006690444274035,810586360,7,fd6d517c038497287d01e773083a5858c9db42f0a786c0d3992e4115cac35d8e,20.03557900799933,pyvrp,20.0,0.0002852726685081951,cvrp50_50386.json,0
"[""accepted""]",not_selected,True,1.7763568394002505e-15,cvrp_s7799_n20-50-100_x66667_cvrp50_50479,0.0,True,True,0.0,0.0,0.0,50,4,False,7.990880706531773,False,False,,False,7.9908807065317715,4,4,4.445960100363533e-16,7.990880706531775,True,314159,7.9908807065317715,3387333592,6,c210317a2d5d5f17ed6f7b2e61875bfec92e6ab16f30229e6c46495763428db4,20.027045533999626,pyvrp,20.0,2.222980050181766e-16,cvrp50_50479.json,0
"[""accepted""]",not_selected,True,3.552713678800501e-15,cvrp_s7799_n20-50-100_x66667_cvrp50_50839,0.0,True,True,0.0,0.0,0.0,50,4,False,9.572560035846038,False,False,,False,9.572560035846035,4,4,3.7113516817829055e-16,9.572560035846038,True,314159,9.572560035846035,1438873154,7,8f44a58338261b4bb3768e793a397eee77e3c5c14b984cd80496f8508e269b16,20.02854775599917,pyvrp,20.0,3.711351681782904e-16,cvrp50_50839.json,0
"[""accepted""]",stable_control,True,3.552713678800501e-15,cvrp_s7799_n20-50-100_x66667_cvrp50_50898,0.0,True,True,0.0,0.0,0.0,50,4,False,9.098924534536595,False,True,9.577983060858818,True,9.098924534536591,4,4,3.9045424163213383e-16,9.098924534536595,True,314159,9.098924534536591,780139411,7,136603c2c32693c46350e0247c851ff92a11c32a388cb93fe37bf62e09472b67,20.021244225999908,pyvrp,20.0,3.904542416321337e-16,cvrp50_50898.json,0
"[""pyvrp_cost_not_converged""]",unstable_cost,False,0.06923051264332258,cvrp_s7799_n20-50-100_x66667_cvrp50_50939,0.053061224489795916,True,False,0.0,0.0,0.0,50,2,True,10.653580129608946,False,True,10.728514356379128,True,10.584349616965623,4,4,0.007886499195898709,10.667823081708933,False,314160,10.584349616965623,3645230249,8,c15707c1bcd55a1e980423248042ee7039750ca39af7c547c7a3ba737b3bf1d4,20.02793877499971,pyvrp,20.0,0.0064983331238025605,cvrp50_50939.json,0
"[""accepted""]",not_selected,True,0.0004065230960978994,cvrp_s7799_n20-50-100_x66667_cvrp50_51018,0.0,True,True,0.0,0.0,0.0,50,4,False,10.133990890569278,False,False,,False,10.13358436747318,4,4,4.011641699123871e-05,10.133990890569281,True,314161,10.13358436747318,2577372782,6,bf2731ddaf4e3f59dd9eb1a9dcca5335bf737f3fb072eb3c2e61378f695af850,20.02734244599924,pyvrp,20.0,4.011480772853378e-05,cvrp50_51018.json,0
"[""accepted""]",not_selected,True,0.021871589484012688,cvrp_s7799_n20-50-100_x66667_cvrp50_51058,0.02122448979591837,True,True,0.0,0.0,0.0,50,4,False,11.074314520875005,False,False,,False,11.052442931390992,4,4,3.2144148590988275e-16,11.052442931390996,True,314159,11.052442931390992,249565182,7,a54d7e6636ddaa3f0dbb6f529848e45a73e2da4a04c6654f0f908dc819b3541e,20.0265900710001,pyvrp,20.0,0.0019749835931411283,cvrp50_51058.json,0
"[""accepted""]",not_selected,True,0.01098004198307656,cvrp_s7799_n20-50-100_x66667_cvrp50_5112,0.0,True,True,0.0,0.0,0.0,50,4,False,9.050547349072465,False,False,,False,9.039567307089388,4,4,3.9301811227338755e-16,9.039567307089392,True,314160,9.039567307089388,1460466439,6,5c6e4006a635774c5945c949fbbe2349327a1c944c05796d3524c7a6f325d828,20.03691813899968,pyvrp,20.0,0.0012131909330546553,cvrp50_5112.json,0
"[""accepted""]",not_selected,True,3.552713678800501e-15,cvrp_s7799_n20-50-100_x66667_cvrp50_51199,0.0,True,True,0.0,0.0,0.0,50,4,False,10.521769996603293,False,False,,False,10.52176999660329,4,4,6.753072306175505e-16,10.521769996603297,True,314162,10.52176999660329,2758230782,7,3e6886b162a8de203e6bd9176b5bfa7c87445ea57d76dfe17680c33855c99a0f,20.039322487999016,pyvrp,20.0,3.3765361530877516e-16,cvrp50_51199.json,0
"[""accepted""]",not_selected,True,0.051549484873982365,cvrp_s7799_n20-50-100_x66667_cvrp50_51457,0.1436734693877551,True,True,0.0,0.0,0.0,50,2,False,11.38287304266,False,False,,False,11.331323557786018,4,4,0.0013522552886380199,11.346646399994302,True,314160,11.331323557786018,1505835377,7,bb2c3228d96a3766724d00db56deeb23e2ee32566114eb380e7ae2d05d1b7869,20.02778482299982,pyvrp,20.0,0.0045286883795319964,cvrp50_51457.json,0
"[""accepted""]",not_selected,True,7.105427357601002e-15,cvrp_s7799_n20-50-100_x66667_cvrp50_51623,0.0,True,True,0.0,0.0,0.0,50,4,False,8.51964511749587,False,False,,False,8.519645117495863,4,4,2.0396677607292993e-06,8.519662494741342,True,314160,8.519645117495863,3712064716,6,f88ef83663c0d655e668de071df3894e9bbc36f63f07b3a8572d83f70f3f8e9b,20.03363712600003,pyvrp,20.0,8.340050858467517e-16,cvrp50_51623.json,0
"[""accepted""]",not_selected,True,0.06592122743829698,cvrp_s7799_n20-50-100_x66667_cvrp50_5166,0.10938775510204081,True,True,0.0,0.0,0.0,50,3,False,10.350087502594716,False,False,,False,10.28416627515642,4,4,0.00377035845918045,10.322941268467574,True,314160,10.28416627515642,2888182778,7,bad801023716ce982a4e043612ca3a281120adc52d429b69698aca3afcb8becc,20.01973754000028,pyvrp,20.0,0.006369146871634743,cvrp50_5166.json,-1
"[""accepted""]",not_selected,True,0.007760328596258859,cvrp_s7799_n20-50-100_x66667_cvrp50_51776,0.045714285714285714,True,True,0.0,0.0,0.0,50,4,False,10.351360758191571,False,False,,False,10.343600429595313,4,4,1.717348665477935e-16,10.343600429595314,True,314160,10.343600429595313,1247346138,7,520d486a0d7ea60c51ea98ec7bb675778ae5d569ce5ae16b454ff6678f731497,20.02674935700088,pyvrp,20.0,0.000749691637412763,cvrp50_51776.json,0
"[""accepted""]",not_selected,True,3.552713678800501e-15,cvrp_s7799_n20-50-100_x66667_cvrp50_51940,0.0,True,True,0.0,0.0,0.0,50,4,False,9.391933936774583,False,False,,False,9.39193393677458,4,4,3.7827285655084045e-16,9.391933936774583,True,314160,9.39193393677458,4035657678,6,05edba636da2d64f7a613b5c0bd73c79036f38ae99fb1d401f5d65b051623874,20.024567332000515,pyvrp,20.0,3.7827285655084035e-16,cvrp50_51940.json,0
"[""accepted""]",not_selected,True,-1.7763568394002505e-15,cvrp_s7799_n20-50-100_x66667_cvrp50_52049,0.0,True,True,0.0,0.0,0.0,50,4,False,11.203872882073505,False,False,,False,11.203872882073506,4,4,4.497343850173526e-05,11.20437675876155,True,314162,11.203872882073506,4070254908,8,e2f8215547fdcaa0586c4e00937e3d495e108ddca25924ba1eca50140790f67e,20.030082256998867,pyvrp,20.0,-1.5854846427635473e-16,cvrp50_52049.json,0
"[""route_membership_ambiguous""]",unstable_matrix,True,0.04643333922790127,cvrp_s7799_n20-50-100_x66667_cvrp50_52055,0.17061224489795918,False,False,0.38,0.11836734693877551,0.059183673469387764,50,4,True,8.883208609732016,False,True,9.283331039106349,True,8.836775270504114,4,4,0.0004643862876511392,8.840878947766791,True,314159,8.836775270504114,2500842807,6,3214175d42204f30bead6bb35f24fed4b7e02f2e51bb8d33c7b30c7a30da666b,20.038590112999373,pyvrp,20.0,0.0052270909384061,cvrp50_52055.json,0
"[""accepted""]",not_selected,True,0.0893835156828846,cvrp_s7799_n20-50-100_x66667_cvrp50_52086,0.1657142857142857,True,True,0.0,0.0,0.0,50,4,False,9.3229630966069,False,False,,False,9.233579580924015,4,4,1.9238008659936068e-16,9.233579580924017,True,314160,9.233579580924015,1822410980,6,07baf049303e88d104001de4b702c2528ff12b79bd6d162350e00a20c81ed91f,20.026169577000474,pyvrp,20.0,0.009587457845394219,cvrp50_52086.json,0
"[""accepted""]",not_selected,True,8.881784197001252e-15,cvrp_s7799_n20-50-100_x66667_cvrp50_52096,0.0,True,True,0.0,0.0,0.0,50,4,False,9.831250377749077,False,False,,False,9.831250377749068,4,4,5.420541958998382e-16,9.831250377749074,True,314162,9.831250377749068,3832526808,7,7c38f8ba5a60dd8d78f5f71ef642af7dc3ff23cf880ae95fa25bd637f7bb0a9e,20.03657996199945,pyvrp,20.0,9.034236598330628e-16,cvrp50_52096.json,0
"[""accepted""]",not_selected,True,0.03320901777060925,cvrp_s7799_n20-50-100_x66667_cvrp50_52134,0.062040816326530614,True,True,0.0,0.0,0.0,50,4,False,9.522916240787914,False,False,,False,9.489707223017305,4,4,3.743754781162675e-16,9.489707223017309,True,314159,9.489707223017305,414358855,7,c81c13b53a7cd83c7d7556bf024016969428606b99518d46adb00b842e68a9cf,20.038519350999195,pyvrp,20.0,0.0034872739537885064,cvrp50_52134.json,0
"[""accepted""]",not_selected,True,3.552713678800501e-15,cvrp_s7799_n20-50-100_x66667_cvrp50_52227,0.0,True,True,0.0,0.0,0.0,50,4,False,9.348567133741772,False,False,,False,9.348567133741769,4,4,7.600552315611441e-16,9.348567133741776,True,314161,9.348567133741769,2666518682,7,d31759e5350a7a3d5b20229a0adb9516599db72f55457889464997211fde7520,20.031981612999516,pyvrp,20.0,3.800276157805719e-16,cvrp50_52227.json,0
"[""accepted""]",not_selected,True,3.552713678800501e-15,cvrp_s7799_n20-50-100_x66667_cvrp50_52250,0.0,True,True,0.0,0.0,0.0,50,4,False,10.890931697943966,False,False,,False,10.890931697943962,4,4,3.262084252599984e-16,10.890931697943966,True,314159,10.890931697943962,2924224687,7,5b69e846a6a32fd240768034e6e62bffcbc9df1dee9c4356297caf1f06ee21a8,20.03336582799966,pyvrp,20.0,3.262084252599983e-16,cvrp50_52250.json,0
"[""accepted""]",not_selected,True,0.0,cvrp_s7799_n20-50-100_x66667_cvrp50_52283,0.0,True,True,0.0,0.0,0.0,50,2,False,11.65099266161957,False,False,,False,11.65099266161957,4,4,0.0014812974586517133,11.668251247439997,True,314159,11.65099266161957,1118325189,7,9e3d00e73fd8df7fafba45e024bc762744d26aabc136c655311945a5f0ad5253,20.039230755999597,pyvrp,20.0,0.0,cvrp50_52283.json,0
"[""accepted""]",not_selected,True,0.0024609664583561397,cvrp_s7799_n20-50-100_x66667_cvrp50_52346,0.024489795918367346,True,True,0.2,0.024489795918367346,0.016326530612244896,50,3,False,9.855086822329431,False,False,,False,9.852625855871075,4,4,0.004214447260873101,9.894149227921758,True,314161,9.852625855871075,3740265867,7,c582706fc77d7e44a0fe95d56ec2da4c45da04031a4e52db9c6e4fecaf3b6b46,20.021979608000038,pyvrp,20.0,0.0002497153503285367,cvrp50_52346.json,0
"[""route_membership_ambiguous""]",unstable_matrix,True,0.0018635633367196647,cvrp_s7799_n20-50-100_x66667_cvrp50_52768,0.13387755102040816,False,False,0.34,0.10857142857142857,0.05959183673469387,50,4,True,11.489556464623398,False,True,12.07623099991854,True,11.487692901286678,4,4,0.00021158934112477115,11.490123574658705,True,314160,11.487692901286678,1635650572,7,a3828bbad4e089d1342b33ad59e12511cb633febb42d2cf560d21a9b45c03ac2,20.035384193999562,pyvrp,20.0,0.00016219628168046504,cvrp50_52768.json,0
"[""accepted""]",not_selected,True,0.0,cvrp_s7799_n20-50-100_x66667_cvrp50_52800,0.0,True,True,0.0,0.0,0.0,50,4,False,10.45190486007316,False,False,,False,10.45190486007316,4,4,6.798212816444701e-16,10.451904860073167,True,314159,10.45190486007316,2461714800,7,4957e93e724f13281785d33480af0f7d07ab7f90a0a55e627252173afd890ba3,20.027936393000346,pyvrp,20.0,0.0,cvrp50_52800.json,0
"[""accepted""]",not_selected,True,3.552713678800501e-15,cvrp_s7799_n20-50-100_x66667_cvrp50_52919,0.0,True,True,0.0,0.0,0.0,50,4,False,10.429832208164354,False,False,,False,10.42983220816435,4,4,3.406299936464441e-16,10.429832208164354,True,314159,10.42983220816435,3742543299,7,4d85772d39a2b23186679fcb0b5f80d61b2ef60ae76258ccb9a8f4478dc5ff2c,20.024718569999095,pyvrp,20.0,3.40629993646444e-16,cvrp50_52919.json,0
"[""accepted""]",not_selected,True,0.05689121073485204,cvrp_s7799_n20-50-100_x66667_cvrp50_52952,0.15428571428571428,True,True,0.0,0.0,0.0,50,3,False,10.24864861762234,False,False,,False,10.191757406887488,4,4,0.0018315294623211561,10.210423910851032,True,314162,10.191757406887488,870825744,7,e2d0e9cf92c409dae54fdc20d314aa7d21f1ccdf8a65938d2e2087790fe882f4,20.031576870000208,pyvrp,20.0,0.0055510938912500885,cvrp50_52952.json,0
"[""accepted""]",not_selected,True,1.7763568394002505e-15,cvrp_s7799_n20-50-100_x66667_cvrp50_52974,0.0,True,True,0.0,0.0,0.0,50,4,False,10.504970863464886,False,False,,False,10.504970863464884,4,4,3.381935775906283e-16,10.504970863464887,True,314159,10.504970863464884,778738963,7,0e9825a6c9063353e514d2e7b2fea02d10e41b4c1db7e5d4ab30b38fe6aafc8c,20.037890100998993,pyvrp,20.0,1.6909678879531413e-16,cvrp50_52974.json,0
"[""accepted""]",not_selected,True,1.7763568394002505e-15,cvrp_s7799_n20-50-100_x66667_cvrp50_53024,0.0,True,True,0.0,0.0,0.0,50,4,False,9.648935524531694,False,False,,False,9.648935524531693,4,4,3.6819747315835965e-16,9.648935524531696,True,314159,9.648935524531693,2676707154,7,e2a31da0158838ed9d7dfa93e64ab50fb0b1809fcd541e1d01db62a3cf7aa98d,20.031095447999178,pyvrp,20.0,1.840987365791798e-16,cvrp50_53024.json,0
"[""accepted""]",not_selected,True,0.0,cvrp_s7799_n20-50-100_x66667_cvrp50_53069,0.0,True,True,0.0,0.0,0.0,50,4,False,10.021869400836717,False,False,,False,10.021869400836717,4,4,3.5449610613603563e-16,10.02186940083672,True,314160,10.021869400836717,3433482750,7,6cdebf7078fd0cde7dcf85da25180d55981263e0d915d87dce25edff90cafc65,20.02327279400015,pyvrp,20.0,0.0,cvrp50_53069.json,0
"[""accepted""]",not_selected,True,1.7763568394002505e-15,cvrp_s7799_n20-50-100_x66667_cvrp50_53233,0.0,True,True,0.0,0.0,0.0,50,4,False,9.493570815090882,False,False,,False,9.49357081509088,4,4,5.613346781729081e-16,9.493570815090886,True,314160,9.49357081509088,2448480252,7,1d381d299e003326466afa13c0cf9a1904e1799f3d3b42969a888c384c80fb72,20.01965683799972,pyvrp,20.0,1.8711155939096932e-16,cvrp50_53233.json,0
"[""accepted""]",not_selected,True,5.329070518200751e-15,cvrp_s7799_n20-50-100_x66667_cvrp50_53519,0.0,True,True,0.0,0.0,0.0,50,4,False,8.828622284058689,False,False,,False,8.828622284058683,4,4,6.036129247281465e-16,8.828622284058689,True,314159,8.828622284058683,1026265631,7,1b9f9d64aa46ee3835878a1f60f9e56825e07e6e6f5b1a43bf2f9bb11df65ad5,20.025420668998777,pyvrp,20.0,6.036129247281462e-16,cvrp50_53519.json,0
"[""accepted""]",stable_control,True,0.0,cvrp_s7799_n20-50-100_x66667_cvrp50_53535,0.0,True,True,0.0,0.0,0.0,50,4,False,9.181115984895754,False,True,9.263720482568973,True,9.181115984895754,4,4,1.9347940297482472e-16,9.181115984895756,True,314159,9.181115984895754,3945445203,6,72dc9911339ff370e06a6ac2917e458e5983275fc17ca7ac628c5824291d22ea,20.020533110000542,pyvrp,20.0,0.0,cvrp50_53535.json,0
"[""accepted""]",not_selected,True,0.06953558157414896,cvrp_s7799_n20-50-100_x66667_cvrp50_53764,0.12081632653061225,True,True,0.0,0.0,0.0,50,4,False,11.427269601356233,False,False,,False,11.357734019782084,4,4,3.128012746743884e-16,11.357734019782088,True,314159,11.357734019782084,4001457328,7,9063a99f015e776b145cfdcb28292ef80408649fddf5934d3fe25e50df4271c1,20.028603247999854,pyvrp,20.0,0.006085056535805912,cvrp50_53764.json,0
"[""route_membership_ambiguous""]",unstable_matrix,True,0.008315002619571743,cvrp_s7799_n20-50-100_x66667_cvrp50_53776,0.10857142857142857,False,False,0.34,0.10857142857142857,0.07238095238095238,50,4,True,11.289874085129677,False,True,11.857157278107028,True,11.281559082510105,4,4,0.0007370437506695628,11.289874085129679,True,314159,11.281559082510105,2295032606,6,db61612b95b0eab083f52e9c9eda2430b33bdae8132b44605b66fce039407500,20.035756183000558,pyvrp,20.0,0.0007365009172709684,cvrp50_53776.json,0
"[""route_membership_ambiguous""]",unstable_matrix,True,0.0020379894702600154,cvrp_s7799_n20-50-100_x66667_cvrp50_53811,0.07020408163265306,False,False,0.32,0.156734693877551,0.1017687074829932,50,4,True,11.979252768007806,False,True,12.500687507303489,True,11.977214778537546,4,4,0.000697829075358455,11.985572827251822,True,314159,11.977214778537546,1421612018,7,19d71447ecb08a11c0218b489ccea7dd553847c0102e7cb8071799b971c7fda0,20.02223782799956,pyvrp,20.0,0.00017012659384755104,cvrp50_53811.json,0
"[""accepted""]",not_selected,True,0.012053789981262497,cvrp_s7799_n20-50-100_x66667_cvrp50_53861,0.04244897959183674,True,True,0.0,0.0,0.0,50,4,False,10.939565656968943,False,False,,False,10.92751186698768,4,4,4.876746493682631e-16,10.927511866987686,True,314162,10.92751186698768,2912493310,7,ea8f3fbe009b60ae92e9ba26a9659dbe989702998d580a608ac7426b336adf7b,20.0215977379994,pyvrp,20.0,0.0011018527023130712,cvrp50_53861.json,0
"[""accepted""]",stable_control,True,3.552713678800501e-15,cvrp_s7799_n20-50-100_x66667_cvrp50_54005,0.0,True,True,0.0,0.0,0.0,50,4,False,8.33452206587212,False,True,8.678398956457539,True,8.334522065872116,4,4,6.393972535056361e-16,8.334522065872122,True,314160,8.334522065872116,2927533357,7,8e445bf5d4a55fd43f16171071f28ad31d58b3b07910e10df519d8355599342a,20.035163147000276,pyvrp,20.0,4.2626483567042386e-16,cvrp50_54005.json,0
"[""accepted""]",not_selected,True,0.0,cvrp_s7799_n20-50-100_x66667_cvrp50_54108,0.0,True,True,0.0,0.0,0.0,50,4,False,8.751489262670038,False,False,,False,8.751489262670038,4,4,2.0297766312499507e-16,8.75148926267004,True,314160,8.751489262670038,3040222036,7,23cb2b5582e9b82bb1563a08bbe90eaed4786fd17064af8ce43f0fdf5c9c96d4,20.036062471999685,pyvrp,20.0,0.0,cvrp50_54108.json,0
"[""accepted""]",not_selected,True,0.05223512281037834,cvrp_s7799_n20-50-100_x66667_cvrp50_54122,0.04816326530612245,True,True,0.0,0.0,0.0,50,4,False,10.877035431324941,False,False,,False,10.824800308514563,4,4,4.923019701350994e-16,10.824800308514568,True,314159,10.824800308514563,136166294,7,ee19acd5f58c00afae478a0b4dc35eb01f1c298d7feef9d900cee4e110888e69,20.019697405999977,pyvrp,20.0,0.004802330850182358,cvrp50_54122.json,0
"[""accepted""]",not_selected,True,0.0,cvrp_s7799_n20-50-100_x66667_cvrp50_54396,0.0,True,True,0.0,0.0,0.0,50,4,False,8.031800780097013,False,False,,False,8.031800780097013,4,4,2.211654506922163e-16,8.031800780097015,True,314160,8.031800780097013,612839609,5,8f7d6ac32ba98614ffe33e2747b8ab5d168efe5ac032d0ee803fb468982eb6b9,20.027336174000084,pyvrp,20.0,0.0,cvrp50_54396.json,0
"[""accepted""]",not_selected,True,0.026838929686530122,cvrp_s7799_n20-50-100_x66667_cvrp50_54400,0.07428571428571429,True,True,0.0,0.0,0.0,50,2,False,10.868907617666004,False,False,,False,10.842068687979474,4,4,0.003527798379594883,10.880317320328384,True,314161,10.842068687979474,369732707,7,c39e05f5678bd439e89f5325df416747e0d8f61fe954fe417e0af2c4830dcf30,20.03486637700007,pyvrp,20.0,0.0024693309236437813,cvrp50_54400.json,0
"[""accepted""]",not_selected,True,1.7763568394002505e-15,cvrp_s7799_n20-50-100_x66667_cvrp50_54529,0.0,True,True,0.0,0.0,0.0,50,4,False,9.535813588949267,False,False,,False,9.535813588949265,4,4,5.588480173706869e-16,9.53581358894927,True,314160,9.535813588949265,1276091051,7,abf2180c8063b151392012fd66d4aea6aa03f2bc2d59c2b2edc78d04a1709da7,20.02796359199965,pyvrp,20.0,1.862826724568956e-16,cvrp50_54529.json,0
"[""accepted""]",not_selected,True,3.552713678800501e-15,cvrp_s7799_n20-50-100_x66667_cvrp50_54537,0.0,True,True,0.0,0.0,0.0,50,4,False,8.257555538515414,False,False,,False,8.25755553851541,4,4,4.3023793933079957e-16,8.257555538515414,True,314160,8.25755553851541,601744198,6,309c33b968dbc3d65d1635dfc577d68d7bd2af00d126b5b325561d4b2378eaed,20.01932401999875,pyvrp,20.0,4.302379393307994e-16,cvrp50_54537.json,0
"[""route_membership_ambiguous""]",unstable_matrix,True,0.0060943297382891615,cvrp_s7799_n20-50-100_x66667_cvrp50_54625,0.0963265306122449,False,False,0.28,0.0963265306122449,0.06421768707482993,50,4,True,11.197029931927347,False,True,11.490478118725344,True,11.190935602189057,4,4,0.0005445773217653983,11.197029931927347,True,314162,11.190935602189057,2073163065,7,1349311d70814a9ffa5a1ac3723730d08e45fbd324ab80a2374eae9f9114a7d9,20.023762219001583,pyvrp,20.0,0.0005442809187203936,cvrp50_54625.json,0
"[""accepted""]",not_selected,True,0.034688130633021785,cvrp_s7799_n20-50-100_x66667_cvrp50_54627,0.11836734693877551,True,True,0.2,0.00816326530612245,0.004081632653061225,50,4,False,10.348771932085416,False,False,,False,10.314083801452394,4,4,6.71380162045449e-05,10.314776268577791,True,314160,10.314083801452394,1723148707,7,615017e54ec70cdab343136790f91dbde93111b483a9bd45bd193fe6a302f0c8,20.0373161539992,pyvrp,20.0,0.0033519079230526303,cvrp50_54627.json,0
"[""accepted""]",not_selected,True,0.12390672829545224,cvrp_s7799_n20-50-100_x66667_cvrp50_54744,0.08653061224489796,True,True,0.0,0.0,0.0,50,4,False,11.587693449485165,False,False,,False,11.463786721189713,4,4,3.0990751705399835e-16,11.463786721189717,True,314160,11.463786721189713,3796873515,7,1366c8b1df7e126a933a453cf9c3265fe6fc676f7a5d5056180769e84ef2254c,20.033034703999874,pyvrp,20.0,0.010692958770061125,cvrp50_54744.json,0
"[""accepted""]",not_selected,True,0.009622339891018683,cvrp_s7799_n20-50-100_x66667_cvrp50_54884,0.10040816326530612,True,True,0.0,0.0,0.0,50,4,False,8.52799072419613,False,False,,False,8.518368384305111,4,4,2.0853252163561572e-16,8.518368384305113,True,314160,8.518368384305111,1949716062,6,d40dd5e2386637d8af626d990dccdc9988181e9cff987ce045ced3b99406fbcf,20.024505767998562,pyvrp,20.0,0.0011283243852174463,cvrp50_54884.json,0
"[""accepted""]",not_selected,True,0.04177202112129308,cvrp_s7799_n20-50-100_x66667_cvrp50_54890,0.04897959183673469,True,True,0.0,0.0,0.0,50,3,False,12.183908318854476,False,False,,False,12.142136297733183,4,4,0.0031244887552481404,12.18007426606014,True,314161,12.142136297733183,1316592593,7,f9c2c67d3b57b7099bcfb6f777b52bf4c7f2a44e269e3ab230704c018e7094ed,20.02063259100032,pyvrp,20.0,0.003428458260528052,cvrp50_54890.json,0
"[""accepted""]",not_selected,True,1.7763568394002505e-15,cvrp_s7799_n20-50-100_x66667_cvrp50_54953,0.0,True,True,0.0,0.0,0.0,50,4,False,10.978007511956738,False,False,,False,10.978007511956736,4,4,3.236209917811634e-16,10.97800751195674,True,314161,10.978007511956736,275410416,8,da00b805effc553d935ef392897d0003a9b3a789e68d048f1b3f2377119bc6af,20.07817282799988,pyvrp,20.0,1.6181049589058168e-16,cvrp50_54953.json,0
"[""accepted""]",not_selected,True,5.329070518200751e-15,cvrp_s7799_n20-50-100_x66667_cvrp50_55139,0.0,True,True,0.0,0.0,0.0,50,4,False,10.318435058014739,False,False,,False,10.318435058014733,4,4,8.607685319589642e-16,10.318435058014742,True,314160,10.318435058014733,4180991115,7,8f218b48b9bcb656291b757b6da683f7d3cb45e23a8215db3a36e5a1ae931676,20.025477543000306,pyvrp,20.0,5.164611191753783e-16,cvrp50_55139.json,0
"[""accepted""]",not_selected,True,0.0,cvrp_s7799_n20-50-100_x66667_cvrp50_55461,0.0,True,True,0.0,0.0,0.0,50,4,False,9.373392612294232,False,False,,False,9.373392612294232,4,4,3.7902111068523125e-16,9.373392612294236,True,314159,9.373392612294232,557066011,6,4aeb5682bce00a59a8aa97d71c11915cf0689ec3f9c5d2f549587ceac5fd5b50,20.03188428500107,pyvrp,20.0,0.0,cvrp50_55461.json,0
"[""accepted""]",not_selected,True,0.014204110707389361,cvrp_s7799_n20-50-100_x66667_cvrp50_55934,0.036734693877551024,True,True,0.0,0.0,0.0,50,3,False,12.03332850957423,False,False,,False,12.019124398866841,4,4,0.0011817924697348787,12.033328509574229,True,314159,12.019124398866841,2259411124,7,83261fcc2938ab873eca137e009f9766dfcd16e9e7259fe0973ce08e759da034,20.031449100999453,pyvrp,20.0,0.0011803974848761058,cvrp50_55934.json,0
"[""route_membership_ambiguous""]",unstable_matrix,True,0.02431143167230232,cvrp_s7799_n20-50-100_x66667_cvrp50_55949,0.07183673469387755,False,False,0.36,0.1036734693877551,0.05183673469387754,50,4,True,10.100878512702918,False,True,10.100024886962323,True,10.076567081030616,4,4,3.496423002754399e-05,10.076919400439925,True,314161,10.076567081030616,621637916,7,b2454aff3db4899bfa2912c26929dd2393b4a6bb64db20757bcaffee6b986573,20.030449009000222,pyvrp,20.0,0.002406863090346858,cvrp50_55949.json,0
"[""accepted""]",not_selected,True,0.0,cvrp_s7799_n20-50-100_x66667_cvrp50_55977,0.0,True,True,0.0,0.0,0.0,50,4,False,9.20098413807605,False,False,,False,9.20098413807605,4,4,3.8612322611213444e-16,9.200984138076054,True,314159,9.20098413807605,406049212,7,ffbee11fee93644a55c1ac84d23572efbbc244b64fd90b9cf853b4ea8e1fa886,20.027567324999836,pyvrp,20.0,0.0,cvrp50_55977.json,0
"[""accepted""]",not_selected,True,3.552713678800501e-15,cvrp_s7799_n20-50-100_x66667_cvrp50_56031,0.0,True,True,0.0,0.0,0.0,50,4,False,8.681434182103414,False,False,,False,8.681434182103411,4,4,2.0461559716275586e-16,8.681434182103413,True,314159,8.681434182103411,3127274743,7,16d7c643087336bb644af4cf9c4e36d48d91842222d92f6d76662856cc0c0c25,20.023034326000925,pyvrp,20.0,4.092311943255116e-16,cvrp50_56031.json,0
"[""accepted""]",not_selected,True,3.552713678800501e-15,cvrp_s7799_n20-50-100_x66667_cvrp50_56102,0.0,True,True,0.0,0.0,0.0,50,4,False,11.08948120746716,False,False,,False,11.089481207467156,4,4,3.203678884823092e-16,11.08948120746716,True,314159,11.089481207467156,949629726,7,754d70c63bf7977f04c14f9051bb4d6fa1fecaf8a47afcc8a1e698189939596d,20.03068174299915,pyvrp,20.0,3.203678884823091e-16,cvrp50_56102.json,0
"[""accepted""]",not_selected,True,-1.7763568394002505e-15,cvrp_s7799_n20-50-100_x66667_cvrp50_56617,0.0,True,True,0.0,0.0,0.0,50,4,False,10.467245012572025,False,False,,False,10.467245012572027,4,4,3.3941248862842112e-16,10.46724501257203,True,314161,10.467245012572027,523577479,7,33ef335122240dd106c74cdeda275812c22818b0a0a6081fe7246c6254c99bf3,20.02568156199959,pyvrp,20.0,-1.6970624431421059e-16,cvrp50_56617.json,0
"[""pyvrp_cost_not_converged""]",unstable_cost,False,0.0,cvrp_s7799_n20-50-100_x66667_cvrp50_56648,0.0,True,False,0.0,0.0,0.0,50,3,True,11.151198537895333,False,True,11.36950054034903,True,11.151198537895333,4,4,0.005434081911004516,11.21179506415613,False,314160,11.151198537895333,2227366251,7,53a4144fe242ff9fd40c4b4cc4238f8738cf99996b5c857aff194496c3b4efbc,20.03981397499956,pyvrp,20.0,0.0,cvrp50_56648.json,0
"[""accepted""]",not_selected,True,0.027420741002098126,cvrp_s7799_n20-50-100_x66667_cvrp50_56739,0.15836734693877552,True,True,0.24,0.029387755102040815,0.019591836734693877,50,4,False,12.235273021014669,False,False,,False,12.20785228001257,4,4,8.909526884788639e-05,12.208939941893513,True,314161,12.20785228001257,1790928871,7,dbde99128530b89e7aa26722377979ce103c10f91131d5978c11c8b0f8d6baed,20.02920488000018,pyvrp,20.0,0.002241122119220526,cvrp50_56739.json,0
"[""accepted""]",not_selected,True,1.7763568394002505e-15,cvrp_s7799_n20-50-100_x66667_cvrp50_56861,0.0,True,True,0.0,0.0,0.0,50,4,False,8.593486386308603,False,False,,False,8.593486386308602,4,4,6.20129046424183e-16,8.593486386308607,True,314162,8.593486386308602,2671438861,6,76c14a2e2fb210e7c24dab14e8c2a1811d16a3aa018cb557fe2583d635c8f077,20.028184607001094,pyvrp,20.0,2.067096821413943e-16,cvrp50_56861.json,0
"[""accepted""]",not_selected,True,3.552713678800501e-15,cvrp_s7799_n20-50-100_x66667_cvrp50_57088,0.0,True,True,0.0,0.0,0.0,50,4,False,10.399267888504387,False,False,,False,10.399267888504383,4,4,5.124467006078036e-16,10.399267888504388,True,314159,10.399267888504383,1246283073,6,af6917045b49172ee8fa3083d2071c6d7fe2eb8cb6f948bb00322751704b61c4,20.030912152999008,pyvrp,20.0,3.416311337385356e-16,cvrp50_57088.json,0
"[""accepted""]",not_selected,True,3.552713678800501e-15,cvrp_s7799_n20-50-100_x66667_cvrp50_57281,0.0,True,True,0.0,0.0,0.0,50,4,False,8.888711413941213,False,False,,False,8.88871141394121,4,4,5.995324035205536e-16,8.888711413941214,True,314159,8.88871141394121,2967493096,7,b1454dd8874730e87502474813a279fada85ab3872cc2b95016001acee67276f,20.028608962000362,pyvrp,20.0,3.996882690137022e-16,cvrp50_57281.json,0
"[""accepted""]",not_selected,True,0.02777100142746569,cvrp_s7799_n20-50-100_x66667_cvrp50_57307,0.09959183673469388,True,True,0.0,0.0,0.0,50,4,False,10.491023993496047,False,False,,False,10.46325299206858,4,4,3.3954198388336313e-16,10.463252992068584,True,314159,10.46325299206858,2951877665,6,b3808a3aae10233a5ba9af4874a720c4e5d9b0ded33903c59acfbd998e2e0622,20.03014623600029,pyvrp,20.0,0.002647120190048411,cvrp50_57307.json,0
"[""accepted""]",not_selected,True,3.552713678800501e-15,cvrp_s7799_n20-50-100_x66667_cvrp50_57472,0.0,True,True,0.0,0.0,0.0,50,4,False,13.058584681707297,False,False,,False,13.058584681707293,4,4,4.08089440631787e-16,13.058584681707298,True,314159,13.058584681707293,1356486564,7,98c3d16dfcfd7a94363fdf6f39da3d801cf7d1c0422b3cfa9c0d14b8cffdffa5,20.025236247000066,pyvrp,20.0,2.7205962708785794e-16,cvrp50_57472.json,0
"[""accepted""]",not_selected,True,0.04415775352555329,cvrp_s7799_n20-50-100_x66667_cvrp50_57650,0.07183673469387755,True,True,0.0,0.0,0.0,50,4,False,10.37046864874113,False,False,,False,10.326310895215578,4,4,3.440448108575306e-16,10.326310895215581,True,314160,10.326310895215578,2622368285,7,b6c5bb0369376c50bda4fda346128083e3c90071b04c74afe858fb8690c9afcd,20.031241332999343,pyvrp,20.0,0.004258028737294682,cvrp50_57650.json,0
"[""pyvrp_cost_not_converged"", ""route_membership_ambiguous""]",unstable_cost,False,0.19145485057175904,cvrp_s7799_n20-50-100_x66667_cvrp50_57668,0.14122448979591837,False,False,0.0,0.0,0.0,50,1,True,13.255719516384916,False,True,13.486518830757348,True,13.064264665813157,4,4,0.001824141581648492,13.088095734223728,False,314159,13.064264665813157,1917681916,7,e1a70f8e25b6b43b59c4b7cf70c6c1fc27e5834a85e3a48f9d1b870b54ddeac6,20.037799765999807,pyvrp,20.0,0.01444318811476877,cvrp50_57668.json,0
"[""pyvrp_cost_not_converged""]",unstable_cost,False,0.001337685752138995,cvrp_s7799_n20-50-100_x66667_cvrp50_57722,0.031020408163265307,True,False,0.0,0.0,0.0,50,2,True,10.214661546296965,False,True,10.664815581031922,True,10.213323860544826,4,4,0.005587575510684493,10.270391578830695,False,314160,10.213323860544826,2399767559,7,54b057b69f8cece84b6918ca531cfb8288984a3db85541cb4dc0a2c3d34bce0d,20.025025897000887,pyvrp,20.0,0.00013095742292351675,cvrp50_57722.json,0
"[""route_membership_ambiguous""]",unstable_matrix,True,0.015347292867103235,cvrp_s7799_n20-50-100_x66667_cvrp50_57894,0.04653061224489796,False,False,0.3,0.09387755102040816,0.06258503401360545,50,4,True,8.61148716503961,False,True,8.827919093349252,True,8.596139872172508,4,4,0.0007417449970121193,8.602516015916308,True,314161,8.596139872172508,3236455500,7,460a9b6d02008f64a0de581858ed670349a261c5efe9828c6a42abb0aa5ec5af,20.036756707000677,pyvrp,20.0,0.0017821884388807122,cvrp50_57894.json,0
"[""accepted""]",not_selected,True,5.329070518200751e-15,cvrp_s7799_n20-50-100_x66667_cvrp50_57901,0.0,True,True,0.0,0.0,0.0,50,4,False,10.018054974157591,False,False,,False,10.018054974157586,4,4,1.7731554118863513e-16,10.018054974157588,True,314160,10.018054974157586,3852830700,7,9eb3276a9826cd9e746c00c1f0bb133628fff5300866578f7cb8622af6ff77e1,20.02537510000002,pyvrp,20.0,5.319466235659051e-16,cvrp50_57901.json,0
"[""accepted""]",not_selected,True,0.014108299157607362,cvrp_s7799_n20-50-100_x66667_cvrp50_5793,0.060408163265306125,True,True,0.0,0.0,0.0,50,4,False,10.943844721683165,False,False,,False,10.929736422525558,4,4,3.250502611827457e-16,10.929736422525561,True,314160,10.929736422525558,2122760803,7,4c91e390dc46bf3d7c4a4d62f7253360f892a75075115fa09c8d874cb532730e,20.019151456001055,pyvrp,20.0,0.0012891538135271993,cvrp50_5793.json,0
"[""accepted""]",not_selected,True,0.05758060836199519,cvrp_s7799_n20-50-100_x66667_cvrp50_57958,0.02857142857142857,True,True,0.0,0.0,0.0,50,4,False,11.082270963076574,False,False,,False,11.02469035471458,4,4,4.833759812511956e-16,11.024690354714584,True,314161,11.02469035471458,713373040,7,e060965702097e48595e41ce7df19db7cac81f32df5e84fb40c335042035c4fe,20.024127955999575,pyvrp,20.0,0.00519574088684889,cvrp50_57958.json,0
"[""accepted""]",not_selected,True,3.552713678800501e-15,cvrp_s7799_n20-50-100_x66667_cvrp50_58003,0.0,True,True,0.0,0.0,0.0,50,4,False,11.659104398172882,False,False,,False,11.659104398172879,4,4,4.570737456502988e-16,11.659104398172884,True,314159,11.659104398172879,3198261216,7,2cf5c2abfc2a85bffce3c91129028eef54fc78af1409eab8c1ab91913a2ad5a7,20.02708977399925,pyvrp,20.0,3.0471583043353247e-16,cvrp50_58003.json,0
"[""accepted""]",not_selected,True,0.0003991348732412803,cvrp_s7799_n20-50-100_x66667_cvrp50_5809,0.0,True,True,0.0,0.0,0.0,50,4,False,8.506201608479827,False,False,,False,8.505802473606586,4,4,4.692501083602257e-05,8.506201608479829,True,314162,8.505802473606586,3177723382,6,2d341ac45114a9bfa2a70e1bd41d92d65ea9b0d3d132163ab72e728a3f533090,20.03303196000161,pyvrp,20.0,4.692280898249378e-05,cvrp50_5809.json,0
"[""accepted""]",not_selected,True,1.7763568394002505e-15,cvrp_s7799_n20-50-100_x66667_cvrp50_58394,0.0,True,True,0.28,0.011428571428571429,0.005714285714285714,50,4,False,9.198335567552789,False,False,,False,9.198335567552787,4,4,1.2316559574332058e-05,9.19844885940079,True,314159,9.198335567552787,337318523,7,9fcbf5121797d0e5309d3b0f4d3a02ef4ba19c7b3d39eddfb71b0b58c15a1772,20.021895389998463,pyvrp,20.0,1.931172032542893e-16,cvrp50_58394.json,0
"[""accepted""]",not_selected,True,0.05109899258352435,cvrp_s7799_n20-50-100_x66667_cvrp50_58395,0.044897959183673466,True,True,0.0,0.0,0.0,50,4,False,11.439854210865231,False,False,,False,11.388755218281707,4,4,1.559746263181395e-16,11.388755218281709,True,314162,11.388755218281707,1479275198,7,554f72b9cea8587ec70ae3560af272502b60da3d0d03b77349e191162fafa7f4,20.031530250998912,pyvrp,20.0,0.004466752079322135,cvrp50_58395.json,0
"[""accepted""]",not_selected,True,0.0,cvrp_s7799_n20-50-100_x66667_cvrp50_58447,0.0,True,True,0.0,0.0,0.0,50,4,False,8.435612393593534,False,False,,False,8.435612393593534,4,4,2.10578290765151e-16,8.435612393593535,True,314162,8.435612393593534,3987510716,7,35bfca11cc4e6ea7475f194391c6b02ccb2a1fa7919db152e8650cfde92ec4ae,20.02769928500129,pyvrp,20.0,0.0,cvrp50_58447.json,0
"[""accepted""]",not_selected,True,-1.7763568394002505e-15,cvrp_s7799_n20-50-100_x66667_cvrp50_58453,0.0,True,True,0.0,0.0,0.0,50,4,False,8.85275617657503,False,False,,False,8.852756176575031,4,4,4.0131159245085867e-16,8.852756176575035,True,314159,8.852756176575031,4003937794,7,7131130da60cc9ba175540dc5e32b0a81edcd9d4ea4594902686cf3335d26a76,20.020358445000966,pyvrp,20.0,-2.0065579622542938e-16,cvrp50_58453.json,0
"[""accepted""]",not_selected,True,0.0,cvrp_s7799_n20-50-100_x66667_cvrp50_58594,0.0,True,True,0.0,0.0,0.0,50,4,False,8.892750454622023,False,False,,False,8.892750454622023,4,4,3.9950673269527897e-16,8.892750454622027,True,314159,8.892750454622023,757476984,7,14993f33822e4fcff651716da335fabdd0531116a3a2c7cfccef402c43d4784b,20.039596054000867,pyvrp,20.0,0.0,cvrp50_58594.json,0
"[""accepted""]",stable_control,True,0.0,cvrp_s7799_n20-50-100_x66667_cvrp50_58662,0.0,True,True,0.0,0.0,0.0,50,4,False,9.326738208470585,False,True,9.713899514357848,True,9.326738208470585,4,4,3.8091705796715837e-16,9.326738208470589,True,314159,9.326738208470585,1880918648,7,8162fc3e742c3868b23d9fbc16312af6a325810d61eab3d7ec6388490d7960b5,20.018565852000393,pyvrp,20.0,0.0,cvrp50_58662.json,0
"[""accepted""]",not_selected,True,5.329070518200751e-15,cvrp_s7799_n20-50-100_x66667_cvrp50_58686,0.0,True,True,0.0,0.0,0.0,50,4,False,11.008015406173357,False,False,,False,11.008015406173351,4,4,6.037289349175451e-05,11.008679991915024,True,314159,11.008015406173351,503901049,7,7395c3b256e0ad2326bba30a62bdab8148505cc8a287ad09a7b99466574b42b3,20.02097028999924,pyvrp,20.0,4.841081994863651e-16,cvrp50_58686.json,0
"[""accepted""]",not_selected,True,0.12848165702697223,cvrp_s7799_n20-50-100_x66667_cvrp50_58695,0.10612244897959183,True,True,0.0,0.0,0.0,50,4,False,11.219386798082386,False,False,,False,11.090905141055414,4,4,3.203267572498978e-16,11.090905141055417,True,314159,11.090905141055414,2651874626,7,8e55070ea612d98e5de512d13b76d7daba612145cbbe7212e1dccc73bda740eb,20.02411602599932,pyvrp,20.0,0.011451753945138273,cvrp50_58695.json,0
"[""accepted""]",not_selected,True,0.0,cvrp_s7799_n20-50-100_x66667_cvrp50_5875,0.0,True,True,0.0,0.0,0.0,50,4,False,9.469999717372835,False,False,,False,9.469999717372835,4,4,3.7515457073171844e-16,9.469999717372838,True,314159,9.469999717372835,246950716,6,314c1f20d0d927adff1e6fdab50bef2ee7fa23e249011846e7f525c7e807cb60,20.029775299999528,pyvrp,20.0,0.0,cvrp50_5875.json,0
"[""accepted""]",not_selected,True,0.0,cvrp_s7799_n20-50-100_x66667_cvrp50_58784,0.0,True,True,0.0,0.0,0.0,50,4,False,10.547563533334607,False,False,,False,10.547563533334607,4,4,8.420697508890265e-16,10.547563533334616,True,314159,10.547563533334607,2191048785,7,d471682636655f21f2e0cb08d7bf9f082d0859b54a2321e0f033110cbc012ff1,20.029812725999363,pyvrp,20.0,0.0,cvrp50_58784.json,0
"[""accepted""]",not_selected,True,0.02471940763127556,cvrp_s7799_n20-50-100_x66667_cvrp50_58830,0.05551020408163265,True,True,0.0,0.0,0.0,50,4,False,11.487347846864553,False,False,,False,11.462628439233278,4,4,3.099388327585133e-16,11.462628439233281,True,314160,11.462628439233278,2320906675,6,af1dc1c2d0fbda1d9529f1d943f65d772929dba1398698f9cb534b8b9395e1a9,20.028850034999778,pyvrp,20.0,0.002151881179259551,cvrp50_58830.json,0
"[""accepted""]",not_selected,True,0.04900151788632989,cvrp_s7799_n20-50-100_x66667_cvrp50_59172,0.02122448979591837,True,True,0.0,0.0,0.0,50,4,False,10.327904939000899,False,False,,False,10.278903421114569,4,4,0.0,10.278903421114569,True,314159,10.278903421114569,3785946821,8,20c33cbc737c7aecff7192cf94b671ffc72afb25c16fdb39da1cde013a92859e,20.026674356000512,pyvrp,20.0,0.004744574836401448,cvrp50_59172.json,0
"[""accepted""]",not_selected,True,1.7763568394002505e-15,cvrp_s7799_n20-50-100_x66667_cvrp50_59188,0.0,True,True,0.32,0.026122448979591838,0.013061224489795917,50,4,False,11.07583416912882,False,False,,False,11.075834169128818,4,4,5.821263227647582e-07,11.075840616663434,True,314160,11.075834169128818,608099605,7,35237a0ee973bc370b8b2e2d0ba7469d2c8f339bb975340e92fb8a080ba00ece,20.037662830000045,pyvrp,20.0,1.6038131415432446e-16,cvrp50_59188.json,0
"[""accepted""]",not_selected,True,0.029566084449298202,cvrp_s7799_n20-50-100_x66667_cvrp50_59297,0.062040816326530614,True,True,0.0,0.0,0.0,50,4,False,10.531216257728861,False,False,,False,10.501650173279563,4,4,3.3830051660262295e-16,10.501650173279566,True,314162,10.501650173279563,3592563242,6,f1ccf8791e300c9b89ce67beb120030f85e66bbc622b3021e4ba02ca3e66512b,20.027544757000214,pyvrp,20.0,0.002807471020035283,cvrp50_59297.json,0
"[""accepted""]",not_selected,True,0.09704765908226953,cvrp_s7799_n20-50-100_x66667_cvrp50_59546,0.06857142857142857,True,True,0.0,0.0,0.0,50,4,False,11.781949877283443,False,False,,False,11.684902218201174,4,4,1.5202154080787087e-16,11.684902218201175,True,314159,11.684902218201174,216919696,7,d9ba34b0ab34af0d5a22a3f1176bafa2e5ac62e875b2cdc674985a3142218c4a,20.025230666000425,pyvrp,20.0,0.00823697775776362,cvrp50_59546.json,0
"[""accepted""]",not_selected,True,0.007923680479832385,cvrp_s7799_n20-50-100_x66667_cvrp50_59908,0.0326530612244898,True,True,0.0,0.0,0.0,50,4,False,11.306886078450196,False,False,,False,11.298962397970364,4,4,6.288566248240062e-16,11.29896239797037,True,314159,11.298962397970364,2697613315,7,36eb2fe87eb717b2307c8bd3b861e30f63026c3c868d6e5f6e083a705744516b,20.02686580199952,pyvrp,20.0,0.0007007836131765875,cvrp50_59908.json,0
"[""accepted""]",not_selected,True,0.0346509164263189,cvrp_s7799_n20-50-100_x66667_cvrp50_60126,0.06775510204081632,True,True,0.0,0.0,0.0,50,4,False,10.706072610043597,False,False,,False,10.671421693617278,4,4,3.329184977223257e-16,10.671421693617281,True,314159,10.671421693617278,853688085,7,76655418d0b20d4e0af24e3ee4b70386d16f873dcca43677e5d9ac94c07c8377,20.029239628998766,pyvrp,20.0,0.0032365665439081865,cvrp50_60126.json,0
"[""accepted""]",not_selected,True,0.016107673692774327,cvrp_s7799_n20-50-100_x66667_cvrp50_60209,0.025306122448979593,True,True,0.0,0.0,0.0,50,4,False,8.761321033636632,False,False,,False,8.745213359943858,4,4,4.0624665546448244e-16,8.745213359943861,True,314160,8.745213359943858,2495517841,7,9a28b935da4c0f1b341209da18660d647a83923e2be7cf7ea4be26eb02b73044,20.02121991200147,pyvrp,20.0,0.0018384982847830182,cvrp50_60209.json,0
"[""accepted""]",not_selected,True,0.0,cvrp_s7799_n20-50-100_x66667_cvrp50_60362,0.0,True,True,0.0,0.0,0.0,50,4,False,8.424000819673502,False,False,,False,8.424000819673502,4,4,2.10868550161074e-16,8.424000819673504,True,314159,8.424000819673502,230405095,6,f6d11b5055bd20dcdd0bde71254081b69099f213d55e064783ea128e63b4aef2,20.029585468999358,pyvrp,20.0,0.0,cvrp50_60362.json,0
"[""accepted""]",not_selected,True,0.0,cvrp_s7799_n20-50-100_x66667_cvrp50_6043,0.0,True,True,0.0,0.0,0.0,50,4,False,10.259304150256922,False,False,,False,10.259304150256922,4,4,3.4629187582001175e-16,10.259304150256925,True,314162,10.259304150256922,1090689649,6,82918d0033b9123fe4a74d99c4d7c065dc199512a3ae02e52ea43c5ca7320658,20.02759514599893,pyvrp,20.0,0.0,cvrp50_6043.json,0
"[""accepted""]",not_selected,True,0.0,cvrp_s7799_n20-50-100_x66667_cvrp50_60557,0.0,True,True,0.0,0.0,0.0,50,4,False,10.303758667067124,False,False,,False,10.303758667067124,4,4,1.7239891740456255e-16,10.303758667067125,True,314159,10.303758667067124,2012466454,6,3c9bd3fa5b87f7c26f1faf9b5a203a69fe3cdd3e10728910734ef0d2527ad228,20.021313638999345,pyvrp,20.0,0.0,cvrp50_60557.json,0
"[""pyvrp_cost_not_converged""]",unstable_cost,False,0.03215319343353862,cvrp_s7799_n20-50-100_x66667_cvrp50_60571,0.04979591836734694,True,False,0.24,0.009795918367346938,0.0065306122448979586,50,3,True,11.23936282289433,False,True,11.465867936758027,True,11.207209629460792,4,4,0.006709815380869387,11.282407937009175,False,314160,11.207209629460792,3291091908,7,b3e743dea51910558db9deee60a9f92cd2a953944819ddafcdb6bfcdc3172b8d,20.020290931999625,pyvrp,20.0,0.0028607665701514042,cvrp50_60571.json,0
"[""accepted""]",not_selected,True,0.0,cvrp_s7799_n20-50-100_x66667_cvrp50_60599,0.0,True,True,0.0,0.0,0.0,50,4,False,11.307920083955175,False,False,,False,11.307920083955175,4,4,1.5708961738425495e-16,11.307920083955176,True,314159,11.307920083955175,266738592,7,78f9fe1f932c6c44a5cce0c0a3254022cce4fdf5f603fcfcbab92f702ac77002,20.022409096000047,pyvrp,20.0,0.0,cvrp50_60599.json,0
"[""accepted""]",not_selected,True,0.00912115616440623,cvrp_s7799_n20-50-100_x66667_cvrp50_60667,0.04979591836734694,True,True,0.0,0.0,0.0,50,4,False,9.0968218933103,False,False,,False,9.087700737145894,4,4,3.9093647354372223e-16,9.087700737145898,True,314159,9.087700737145894,1326128754,7,ec0b3131b8ab7b50fa07b3b60df42792574b9f9d8b50657beb37855de88ffc07,20.021063808999315,pyvrp,20.0,0.0010026750299589602,cvrp50_60667.json,0
"[""accepted""]",stable_control,True,0.0,cvrp_s7799_n20-50-100_x66667_cvrp50_60718,0.0,True,True,0.0,0.0,0.0,50,4,False,9.543816863778632,False,True,9.780880920812269,True,9.543816863778632,4,4,3.722529182516076e-16,9.543816863778636,True,314159,9.543816863778632,2681817983,6,fff546754166b989cab1ef5de950262d0528c3f937f3ad9a47ca5a956d0eb178,20.039233307999893,pyvrp,20.0,0.0,cvrp50_60718.json,0
"[""accepted""]",not_selected,True,0.0006306007595160423,cvrp_s7799_n20-50-100_x66667_cvrp50_60732,0.0,True,True,0.0,0.0,0.0,50,4,False,12.036975058246972,False,False,,False,12.036344457487456,4,4,5.239138525364655e-05,12.036975058246973,True,314159,12.036344457487456,3888175938,7,7283fde4143454a805025551d14a10326470e026aa517239fb12e8eee68e57fe,20.040135958000974,pyvrp,20.0,5.238864054004953e-05,cvrp50_60732.json,0
"[""accepted""]",not_selected,True,0.016750644805489046,cvrp_s7799_n20-50-100_x66667_cvrp50_61569,0.029387755102040815,True,True,0.0,0.0,0.0,50,4,False,9.90671551936811,False,False,,False,9.88996487456262,4,4,5.388361420683435e-16,9.889964874562626,True,314159,9.88996487456262,911228201,6,389b245da1290c694a30afda0cd0ef50ce674f5db90516085579eab48eebd4e5,20.028242599000805,pyvrp,20.0,0.0016908373691301342,cvrp50_61569.json,0
"[""accepted""]",not_selected,True,3.552713678800501e-15,cvrp_s7799_n20-50-100_x66667_cvrp50_61848,0.0,True,True,0.0,0.0,0.0,50,4,False,11.098140547418534,False,False,,False,11.09814054741853,4,4,3.2011792098153554e-16,11.098140547418534,True,314160,11.09814054741853,4135456025,7,f8f02ae1fda9e0a81ea1e632ac511470a3718ec399b54c5607c4fa3311f7be91,20.031486645999394,pyvrp,20.0,3.2011792098153544e-16,cvrp50_61848.json,0
"[""accepted""]",not_selected,True,-1.7763568394002505e-15,cvrp_s7799_n20-50-100_x66667_cvrp50_61850,0.0,True,True,0.0,0.0,0.0,50,4,False,9.604194007889701,False,False,,False,9.604194007889703,4,4,5.548691034170071e-16,9.604194007889708,True,314159,9.604194007889703,3109560985,7,85653249c0b0b7b6b7b975871648867a4af80ae5fa6db11649cf1c77fc66b171,20.04124634099935,pyvrp,20.0,-1.8495636780566907e-16,cvrp50_61850.json,0
"[""accepted""]",not_selected,True,5.329070518200751e-15,cvrp_s7799_n20-50-100_x66667_cvrp50_62236,0.0,True,True,0.0,0.0,0.0,50,4,False,9.236184305029463,False,False,,False,9.236184305029457,4,4,5.769774987381821e-16,9.236184305029463,True,314162,9.236184305029457,2544812304,6,2f857328ec2f1f249ba5e1387c8cb3970b2420d90aab78676ce4c8d3b58f8cca,20.037073487999805,pyvrp,20.0,5.769774987381818e-16,cvrp50_62236.json,0
"[""accepted""]",not_selected,True,0.0,cvrp_s7799_n20-50-100_x66667_cvrp50_62326,0.0,True,True,0.0,0.0,0.0,50,4,False,9.151445998969923,False,False,,False,9.151445998969923,4,4,1.9410668429887423e-16,9.151445998969924,True,314160,9.151445998969923,2537194898,6,7fecb8c213d24fba02b3baf3ec9320fd9479d0dd221a4150084e4fa5cba1ddac,20.02302747700014,pyvrp,20.0,0.0,cvrp50_62326.json,0
"[""accepted""]",not_selected,True,0.0,cvrp_s7799_n20-50-100_x66667_cvrp50_62483,0.0,True,True,0.0,0.0,0.0,50,4,False,9.478958666828827,False,False,,False,9.478958666828827,4,4,7.495999937700026e-16,9.478958666828834,True,314161,9.478958666828827,3061698151,7,6b3d1a7a5062cfaab65c7061641f44a428d8004c7df23733ec38e7fd5ad7203b,20.023952153998835,pyvrp,20.0,0.0,cvrp50_62483.json,0
"[""accepted""]",stable_control,True,0.017277281610766693,cvrp_s7799_n20-50-100_x66667_cvrp50_6249,0.08489795918367347,True,True,0.0,0.0,0.0,50,4,False,10.300511366842935,False,True,10.401804612581223,True,10.283234085232168,4,4,3.45486026025857e-16,10.283234085232172,True,314162,10.283234085232168,1565418477,7,a0de4f3674d197b97cf86a093d1ef5e9e4c190350ace2f27bdf4ffb51a5f49e0,20.019595364999986,pyvrp,20.0,0.0016773227071407144,cvrp50_6249.json,0
"[""accepted""]",not_selected,True,7.105427357601002e-15,cvrp_s7799_n20-50-100_x66667_cvrp50_62697,0.0,True,True,0.0,0.0,0.0,50,4,False,13.441634707079794,False,False,,False,13.441634707079787,4,4,3.9646000165395796e-16,13.441634707079793,True,314160,13.441634707079787,4179376334,7,9f33b92aa7135d25e21b9a186c77241c2ade1a4aeae57758751e5932298e9c8d,20.030801371998677,pyvrp,20.0,5.286133355386104e-16,cvrp50_62697.json,0
"[""accepted""]",not_selected,True,0.0,cvrp_s7799_n20-50-100_x66667_cvrp50_62720,0.0,True,True,0.0,0.0,0.0,50,4,False,8.823634310057813,False,False,,False,8.823634310057813,4,4,6.039541453034033e-16,8.823634310057818,True,314160,8.823634310057813,1168666890,7,f2b134e2f2eeeb9f60f77d370bff9512c2922b7741e2e23f0a3dd24adc673a7e,20.03616713699921,pyvrp,20.0,0.0,cvrp50_62720.json,0
"[""accepted""]",not_selected,True,0.02454199583311656,cvrp_s7799_n20-50-100_x66667_cvrp50_62730,0.05551020408163265,True,True,0.0,0.0,0.0,50,4,False,10.34086769033958,False,False,,False,10.316325694506464,4,4,3.44377812799411e-16,10.316325694506467,True,314160,10.316325694506464,1369866614,7,8c6bc67a9da2142223196eb63f4614055517bdd206f2d04f8da82e3818d30119,20.070286174999637,pyvrp,20.0,0.002373301406422949,cvrp50_62730.json,0
"[""accepted""]",not_selected,True,7.105427357601002e-15,cvrp_s7799_n20-50-100_x66667_cvrp50_62896,0.0,True,True,0.0,0.0,0.0,50,4,False,9.65869317681214,False,False,,False,9.658693176812132,4,4,7.356510065625834e-16,9.65869317681214,True,314159,9.658693176812132,3837317842,6,8a2ea0fc3bdd6a34b25df87d9e2b91c97567d983414c97de2061131cf413bf1a,20.036375993999172,pyvrp,20.0,7.356510065625829e-16,cvrp50_62896.json,0
"[""accepted""]",stable_control,True,-1.7763568394002505e-15,cvrp_s7799_n20-50-100_x66667_cvrp50_63020,0.0,True,True,0.0,0.0,0.0,50,4,False,8.522981909652907,False,True,9.124668502530385,True,8.52298190965291,4,4,6.252589263582953e-16,8.522981909652914,True,314159,8.52298190965291,3890307610,6,11068441ff762e9bc0cbaa859130efd8e7b4086ff201f7da96531d3cf1062bac,20.02848552099931,pyvrp,20.0,-2.0841964211943181e-16,cvrp50_63020.json,0
"[""accepted""]",not_selected,True,3.552713678800501e-15,cvrp_s7799_n20-50-100_x66667_cvrp50_63135,0.0,True,True,0.0,0.0,0.0,50,4,False,9.812981201533178,False,False,,False,9.812981201533175,4,4,3.620422383205449e-16,9.812981201533178,True,314161,9.812981201533175,3276672471,7,3db5821b6d78fa034274a9764d006facb3de190877a12a727ea9d89092fd8689,20.027563778001422,pyvrp,20.0,3.620422383205448e-16,cvrp50_63135.json,0
"[""accepted""]",not_selected,True,3.552713678800501e-15,cvrp_s7799_n20-50-100_x66667_cvrp50_63189,0.0,True,True,0.0,0.0,0.0,50,4,False,11.185270477778783,False,False,,False,11.18527047777878,4,4,6.521304251291733e-06,11.185343420330698,True,314159,11.18527047777878,376690235,7,ed26a8a52ca2d9f3b08efdea0ed52f23f198c683e7cbd9c102e56ccdcbe9714f,20.028999443999055,pyvrp,20.0,3.176242975848013e-16,cvrp50_63189.json,0
"[""accepted""]",not_selected,True,0.01086207914236681,cvrp_s7799_n20-50-100_x66667_cvrp50_6356,0.07591836734693877,True,True,0.0,0.0,0.0,50,4,False,10.681516714168188,False,False,,False,10.670654635025821,4,4,3.3294242952432545e-16,10.670654635025825,True,314160,10.670654635025821,3764810234,7,5d0099a0a8ecb62e6a8715177b36bae4753e784b697b1e6cbc291d23c4b556a2,20.04232571099965,pyvrp,20.0,0.0010169041937610902,cvrp50_6356.json,0
"[""accepted""]",not_selected,True,-1.7763568394002505e-15,cvrp_s7799_n20-50-100_x66667_cvrp50_63763,0.0,True,True,0.0,0.0,0.0,50,4,False,8.895655664212395,False,False,,False,8.895655664212397,4,4,1.9968812940305346e-16,8.895655664212399,True,314160,8.895655664212397,684252361,7,d2235368249eedddb0c370080e8eb40d86c0ba6266ee37cd87193ce8f501b0a4,20.025546836999638,pyvrp,20.0,-1.9968812940305348e-16,cvrp50_63763.json,0
"[""accepted""]",not_selected,True,5.329070518200751e-15,cvrp_s7799_n20-50-100_x66667_cvrp50_63842,0.0,True,True,0.0,0.0,0.0,50,4,False,10.040837530866114,False,False,,False,10.040837530866108,4,4,3.538264281121227e-16,10.040837530866112,True,314159,10.040837530866108,4172689160,6,d70afcbbed64ef9332c693bf06f460009d364db9196c85d446228b5fd3d4f577,20.024866121999366,pyvrp,20.0,5.307396421681838e-16,cvrp50_63842.json,0
"[""accepted""]",not_selected,True,0.03584399989528286,cvrp_s7799_n20-50-100_x66667_cvrp50_63905,0.0653061224489796,True,True,0.0,0.0,0.0,50,2,False,11.91629803247995,False,False,,False,11.880454032584668,4,4,0.0036511759571134297,11.923831660708032,True,314162,11.880454032584668,2279212632,7,235bbde8ec31142710843697c10813cf48defca0c8cbfcea5479f9ac9868e7f4,20.031451543000003,pyvrp,20.0,0.00300798115300438,cvrp50_63905.json,0
"[""accepted""]",not_selected,True,3.552713678800501e-15,cvrp_s7799_n20-50-100_x66667_cvrp50_63961,0.0,True,True,0.0,0.0,0.0,50,4,False,11.232251886103022,False,False,,False,11.232251886103018,4,4,4.744436442699514e-16,11.232251886103024,True,314160,11.232251886103018,3618343942,7,ddd07ccb6459cba1f6bedfc5d6321c1778e814638fa3ab87e2702c900a15b92b,20.025332160999824,pyvrp,20.0,3.1629576284663417e-16,cvrp50_63961.json,0
"[""accepted""]",not_selected,True,1.7763568394002505e-15,cvrp_s7799_n20-50-100_x66667_cvrp50_64012,0.0,True,True,0.0,0.0,0.0,50,4,False,10.998746157094622,False,False,,False,10.99874615709462,4,4,6.460215788340313e-16,10.998746157094628,True,314162,10.99874615709462,281113016,6,12deaf063a703f186afabbf9cf7971335770c1c325a8aca12f9bc42180b0088e,20.025632933999077,pyvrp,20.0,1.615053947085078e-16,cvrp50_64012.json,0
"[""accepted""]",not_selected,True,0.04469954641025353,cvrp_s7799_n20-50-100_x66667_cvrp50_64200,0.16489795918367348,True,True,0.0,0.0,0.0,50,4,False,11.211879419682669,False,False,,False,11.167179873272415,4,4,3.1813884249358103e-16,11.167179873272419,True,314159,11.167179873272415,3957845015,7,e90dae8235f751ea07fbdd5bb8e7bf68e54d1ad6270ca831cc488e5987b50782,20.021820783000294,pyvrp,20.0,0.003986802277928768,cvrp50_64200.json,0
"[""accepted""]",not_selected,True,0.06295782729028332,cvrp_s7799_n20-50-100_x66667_cvrp50_64396,0.16244897959183674,True,True,0.0,0.0,0.0,50,3,False,12.42286184415837,False,False,,False,12.359904016868086,4,4,0.002955008068213494,12.396427632960275,True,314159,12.359904016868086,613938203,7,95dcc73f71ab5662ab62559d78862a7ec96d52c51f8a85a5a748f1a7a002f58d,20.038316924001265,pyvrp,20.0,0.005067900462878296,cvrp50_64396.json,0
"[""pyvrp_cost_not_converged"", ""route_membership_ambiguous""]",unstable_cost,False,0.0,cvrp_s7799_n20-50-100_x66667_cvrp50_64455,0.0,False,False,0.0,0.0,0.0,50,1,True,11.243263702423668,False,True,11.670988815141111,True,11.243263702423668,4,4,0.006198505957810584,11.312955139468377,False,314162,11.243263702423668,1918223773,7,379dd1218ab192fdcd7f575b6f2353a73f34a0577b1a337fab095cdf8100eb7b,20.025028915999428,pyvrp,20.0,0.0,cvrp50_64455.json,0
"[""route_membership_ambiguous""]",unstable_matrix,True,0.10338827373614379,cvrp_s7799_n20-50-100_x66667_cvrp50_64549,0.11673469387755102,False,False,0.34,0.06448979591836734,0.03224489795918367,50,4,True,11.886736346949684,False,True,12.292339061716337,True,11.78334807321354,4,4,0.0009509668089221897,11.794553646129144,True,314159,11.78334807321354,2641910567,7,19f9436f7b713e2afd034b43f8b06cadfd9bf370e1e0c4c447ae00e476bdcd4c,20.031469456000195,pyvrp,20.0,0.008697784717221794,cvrp50_64549.json,0
"[""accepted""]",not_selected,True,1.7763568394002505e-15,cvrp_s7799_n20-50-100_x66667_cvrp50_64735,0.0,True,True,0.0,0.0,0.0,50,4,False,7.929957827436083,False,False,,False,7.929957827436081,4,4,2.240058368601165e-16,7.929957827436083,True,314162,7.929957827436081,3694585063,6,007ccad270711400a6ce63d390dd5159c5211d01922eecce303105420b56ce36,20.0236103369989,pyvrp,20.0,2.2400583686011644e-16,cvrp50_64735.json,0
"[""accepted""]",not_selected,True,0.01671594255022235,cvrp_s7799_n20-50-100_x66667_cvrp50_64931,0.0963265306122449,True,True,0.0,0.0,0.0,50,4,False,10.635881434789528,False,False,,False,10.619165492239306,4,4,5.018351509914165e-16,10.619165492239311,True,314162,10.619165492239306,2612318581,7,291dcfa47a9b1539b71ecbecb0fde293ac7660ab1d8f2cf363878ef08f75448c,20.029529161000028,pyvrp,20.0,0.0015716555936346934,cvrp50_64931.json,0
"[""accepted""]",not_selected,True,0.056989463261441387,cvrp_s7799_n20-50-100_x66667_cvrp50_65029,0.08,True,True,0.0,0.0,0.0,50,4,False,9.55551270568709,False,False,,False,9.498523242425648,4,4,3.7402800289334666e-16,9.498523242425652,True,314161,9.498523242425648,3218235239,6,e1c3d5d80a76aa41fe23517d9365442d8910a68f2d18cb46ab1ebd843d968b27,20.02963825900042,pyvrp,20.0,0.005964040341605465,cvrp50_65029.json,0
"[""accepted""]",not_selected,True,0.0006556599130771446,cvrp_s7799_n20-50-100_x66667_cvrp50_65641,0.0,True,True,0.0,0.0,0.0,50,4,False,8.197048249764379,False,False,,False,8.196392589851301,4,4,7.999371746650798e-05,8.197048249764379,True,314160,8.196392589851301,378829978,6,ce25ef5f08bee1010fae45d1fe1187f58e69fc268d93a5ca9452dbeb921b0e7d,20.021210838000115,pyvrp,20.0,7.99873189835123e-05,cvrp50_65641.json,0
"[""accepted""]",not_selected,True,1.7763568394002505e-15,cvrp_s7799_n20-50-100_x66667_cvrp50_65675,0.0,True,True,0.0,0.0,0.0,50,4,False,10.280721789486774,False,False,,False,10.280721789486773,4,4,3.455704523036079e-16,10.280721789486776,True,314159,10.280721789486773,2917360943,7,399c0f4aaf0b99e923e24bcead940d16d16a8f5718b84b4fb7205ab4533c85ae,20.02940569400016,pyvrp,20.0,1.7278522615180392e-16,cvrp50_65675.json,0
"[""accepted""]",not_selected,True,5.329070518200751e-15,cvrp_s7799_n20-50-100_x66667_cvrp50_65873,0.0,True,True,0.0,0.0,0.0,50,4,False,10.993710179730357,False,False,,False,10.993710179730352,4,4,6.463175071416409e-16,10.993710179730359,True,314159,10.993710179730352,1872550839,7,157576b94b269d913f0c6974a094fb96f551534c4d6249023b29c58a276e62e8,20.02750321900021,pyvrp,20.0,4.847381303562305e-16,cvrp50_65873.json,0
"[""accepted""]",not_selected,True,0.00558833630479505,cvrp_s7799_n20-50-100_x66667_cvrp50_66019,0.027755102040816326,True,True,0.0,0.0,0.0,50,4,False,8.925415133648025,False,False,,False,8.91982679734323,4,4,5.974410310061194e-16,8.919826797343235,True,314159,8.91982679734323,2019388623,6,f5a346704761165a3984c39d13f3aa39d787d34624d4052b6075d9d0a9e7daf1,20.029576044998976,pyvrp,20.0,0.0006261150009401261,cvrp50_66019.json,0
"[""accepted""]",not_selected,True,0.11557029073281733,cvrp_s7799_n20-50-100_x66667_cvrp50_66056,0.044081632653061226,True,True,0.0,0.0,0.0,50,4,False,11.768190537915038,False,False,,False,11.65262024718222,4,4,4.573280863151274e-16,11.652620247182226,True,314162,11.65262024718222,1662209126,8,bc4b45c9d9802a6823c6a1d45e2b32328588002433ec37e7bd5ebb7a061dce1e,20.019917603000067,pyvrp,20.0,0.00982056590267384,cvrp50_66056.json,0
"[""accepted""]",not_selected,True,0.006112272734140944,cvrp_s7799_n20-50-100_x66667_cvrp50_66111,0.1493877551020408,True,True,0.0,0.0,0.0,50,4,False,12.275498916447685,False,False,,False,12.269386643713544,4,4,4.343387875001236e-16,12.269386643713549,True,314161,12.269386643713544,2422114113,6,41ac15f43bc594d4cb17af1890b5acbf210ae598972c93eb426e1d5790c22b02,20.031268343000193,pyvrp,20.0,0.0004979245874846877,cvrp50_66111.json,0
"[""accepted""]",stable_control,True,0.0,cvrp_s7799_n20-50-100_x66667_cvrp50_6614,0.0,True,True,0.0,0.0,0.0,50,4,False,9.334733898138659,False,True,9.661704331495974,True,9.334733898138659,4,4,3.8059078250842375e-16,9.334733898138662,True,314160,9.334733898138659,3261490696,7,bd79b9122461fb3a3fedab0f9df470b8fc1fc176f5455625702fdd7eb4bfdf74,20.023841434000133,pyvrp,20.0,0.0,cvrp50_6614.json,0
"[""route_membership_ambiguous""]",unstable_matrix,True,0.03900583950906622,cvrp_s7799_n20-50-100_x66667_cvrp50_66270,0.06448979591836734,False,False,0.22,0.053877551020408164,0.026938775510204082,50,4,True,12.315842053827414,False,True,12.453902964594182,True,12.276836214318347,4,4,0.00017459324200527586,12.278979666954573,True,314161,12.276836214318347,1270897934,8,173bbbf0ad1e11c06ad5295e5a80b24aa06884bc0c0852c44710efa372ba053e,20.03382086700003,pyvrp,20.0,0.003167127293333899,cvrp50_66270.json,0
"[""accepted""]",not_selected,True,0.03864982638103598,cvrp_s7799_n20-50-100_x66667_cvrp50_66436,0.12,True,True,0.0,0.0,0.0,50,2,False,10.837796285646888,False,False,,False,10.799146459265852,4,4,0.0014456998539916707,10.814758783725248,True,314161,10.799146459265852,2462170049,7,2f57d1b0589f2a3ce32ac6c558df37ae5cee2b4fa04c6eef73d8ceba12a32214,20.059876888999497,pyvrp,20.0,0.003566207129416351,cvrp50_66436.json,0
"[""accepted""]",not_selected,True,0.0009309431518786937,cvrp_s7799_n20-50-100_x66667_cvrp50_66560,0.03183673469387755,True,True,0.24,0.03918367346938775,0.019591836734693877,50,4,False,11.416564962803323,False,False,,False,11.415634019651444,4,4,0.0007950511751175122,11.42471003289348,True,314159,11.415634019651444,3404592524,7,cc15e960302408ec167e0f5eb6e92ff2149d350418d56ab076d59f9759e39255,20.026045813001474,pyvrp,20.0,8.154319227471919e-05,cvrp50_66560.json,0
"[""accepted""]",not_selected,True,3.552713678800501e-15,cvrp_s7799_n20-50-100_x66667_cvrp50_6729,0.0,True,True,0.0,0.0,0.0,50,4,False,9.082636801893162,False,False,,False,9.082636801893159,4,4,3.9115443634826214e-16,9.082636801893162,True,314159,9.082636801893159,2587811459,7,49945b8ab8cb7a229e7111cd442a45ce814fc01f9171c1ad6dae36a633406199,20.038269257000138,pyvrp,20.0,3.91154436348262e-16,cvrp50_6729.json,0
"[""accepted""]",not_selected,True,0.04974868798499976,cvrp_s7799_n20-50-100_x66667_cvrp50_6849,0.11836734693877551,True,True,0.0,0.0,0.0,50,3,False,9.696038506228376,False,False,,False,9.646289818243377,4,4,0.0030053516596932808,9.675280311358517,True,314162,9.646289818243377,215026640,7,708e9f54bf9deb9afe05f66347f153daac75e567ac2faea6bd0ea89d818433b1,20.029920547000074,pyvrp,20.0,0.005130826156790017,cvrp50_6849.json,0
"[""accepted""]",stable_control,True,3.552713678800501e-15,cvrp_s7799_n20-50-100_x66667_cvrp50_7180,0.0,True,True,0.0,0.0,0.0,50,3,False,8.47350530167001,False,True,8.529638149807461,True,8.473505301670006,4,4,0.002521358403545391,8.494870045469858,True,314162,8.473505301670006,3462828192,6,2e0d8b4efe6a637f51a9919fc879226373d430302ca397d09dbe9bc49bbbc1c0,20.025684923999506,pyvrp,20.0,4.19273199498714e-16,cvrp50_7180.json,0
"[""route_membership_ambiguous""]",unstable_matrix,True,0.08456126278122511,cvrp_s7799_n20-50-100_x66667_cvrp50_7213,0.15428571428571428,False,False,0.3,0.13387755102040816,0.06693877551020408,50,4,True,11.728811282440903,False,True,11.84056346192548,True,11.644250019659678,4,4,0.0005021135854985554,11.65009675578749,True,314160,11.644250019659678,3704840887,7,6bb0a796512e3e9c5da27213fa0f3e9af872acd5b67acfc093d6e142e6ee379f,20.029998169000464,pyvrp,20.0,0.007209704440195147,cvrp50_7213.json,0
"[""accepted""]",not_selected,True,8.881784197001252e-15,cvrp_s7799_n20-50-100_x66667_cvrp50_7234,0.0,True,True,0.0,0.0,0.0,50,4,False,10.899541110584346,False,False,,False,10.899541110584337,4,4,4.889261358926195e-16,10.899541110584343,True,314159,10.899541110584337,3346339159,7,7226a15551f1e395efcbfaeb8402a51f281b823fa65610da742fe7ad543eca67,20.02460246999908,pyvrp,20.0,8.148768931543653e-16,cvrp50_7234.json,0
"[""accepted""]",not_selected,True,0.005180958635815358,cvrp_s7799_n20-50-100_x66667_cvrp50_7379,0.03918367346938775,True,True,0.0,0.0,0.0,50,4,False,11.274736151928664,False,False,,False,11.269555193292849,4,4,9.4574638072182e-16,11.26955519329286,True,314159,11.269555193292849,2453991865,7,0464381ba11cec4a4ba9e56cbe900e7fc76cafc520fbebd3eb622e4e44b67362,20.019755426999836,pyvrp,20.0,0.00045951927974200086,cvrp50_7379.json,0
"[""accepted""]",stable_control,True,0.015031848612469645,cvrp_s7799_n20-50-100_x66667_cvrp50_7524,0.0473469387755102,True,True,0.0,0.0,0.0,50,4,False,11.323190537030014,False,True,11.435243977281754,True,11.308158688417544,4,4,1.5708630276118211e-16,11.308158688417546,True,314159,11.308158688417544,2542384195,7,c3dffde9dd492068acb4b1bb35152db7f258a703b6b40c3c7237c3fa468a4a7b,20.069035243001053,pyvrp,20.0,0.001327527657802037,cvrp50_7524.json,0
"[""accepted""]",not_selected,True,0.0,cvrp_s7799_n20-50-100_x66667_cvrp50_7587,0.0,True,True,0.0,0.0,0.0,50,4,False,9.620313772852937,False,False,,False,9.620313772852937,4,4,3.692929110925383e-16,9.62031377285294,True,314162,9.620313772852937,3346730904,7,bd79086fe1430f50566bb07ac3a44f73838191d2b5402b07788dff1a629fd3c0,20.01912869499938,pyvrp,20.0,0.0,cvrp50_7587.json,0
"[""accepted""]",not_selected,True,0.004720429539624149,cvrp_s7799_n20-50-100_x66667_cvrp50_7833,0.03428571428571429,True,True,0.0,0.0,0.0,50,4,False,8.88566697144742,False,False,,False,8.880946541907797,4,4,4.0003772818987267e-16,8.8809465419078,True,314159,8.880946541907797,1424200319,7,58c5129129274f02241e55de949876cca56c09e5c77b0914a12556fc573e144e,20.023289598999327,pyvrp,20.0,0.0005312408798115489,cvrp50_7833.json,0
"[""accepted""]",stable_control,True,0.0,cvrp_s7799_n20-50-100_x66667_cvrp50_7965,0.0,True,True,0.0,0.0,0.0,50,4,False,9.977519911788162,False,True,10.774841157272256,True,9.977519911788162,4,4,1.5041838431780565e-05,9.977669992030625,True,314159,9.977519911788162,861181112,6,e6e7f46b45475cc92cbc944a20a9d4a2765ca5dc77dda4ad4f44ff24cb19f478,20.030080042000918,pyvrp,20.0,0.0,cvrp50_7965.json,0
"[""accepted""]",stable_control,True,0.00021559970418039143,cvrp_s7799_n20-50-100_x66667_cvrp50_8178,0.022857142857142857,True,True,0.0,0.0,0.0,50,4,False,10.116982645667164,False,True,11.314723987830282,True,10.116767045962984,4,4,5.267562744095481e-16,10.11676704596299,True,314160,10.116767045962984,3623007722,6,0fdbe54a2b04855ee3f32520ead961fd94c3592a62b7f5489956b532e5f666ab,20.03721333499925,pyvrp,20.0,2.1310672532657457e-05,cvrp50_8178.json,0
"[""accepted""]",not_selected,True,0.02169535507478848,cvrp_s7799_n20-50-100_x66667_cvrp50_8187,0.07020408163265306,True,True,0.0,0.0,0.0,50,4,False,10.67759879578807,False,False,,False,10.655903440713281,4,4,1.667016644138571e-16,10.655903440713283,True,314159,10.655903440713281,2717172127,7,8742f27fbdc94b9aaa555702611194a3a7d2a4fac3407954ae3e18e97d8ebcdc,20.035745716999372,pyvrp,20.0,0.0020318571141057034,cvrp50_8187.json,0
"[""accepted""]",not_selected,True,0.029709675613402098,cvrp_s7799_n20-50-100_x66667_cvrp50_8203,0.07428571428571429,True,True,0.0,0.0,0.0,50,4,False,11.880989578901882,False,False,,False,11.85127990328848,4,4,1.4988734161171478e-16,11.851279903288482,True,314160,11.85127990328848,4169681327,7,56deba0cb49ee77abf112a479d16d979099bdae015987d0fab4116862909883f,20.03226116299993,pyvrp,20.0,0.002500606150363113,cvrp50_8203.json,0
"[""accepted""]",stable_control,True,0.001969367943182476,cvrp_s7799_n20-50-100_x66667_cvrp50_8262,0.0163265306122449,True,True,0.0,0.0,0.0,50,4,False,10.825073280401375,False,True,11.253425996387323,True,10.823103912458192,4,4,3.2825275517414785e-16,10.823103912458196,True,314159,10.823103912458192,1588119146,7,f679b9385fa31b6f381fb753b83e2e10b7d3b6e243ad1d471acfaac7336061de,20.018221563001134,pyvrp,20.0,0.00018192652300543646,cvrp50_8262.json,0
"[""accepted""]",not_selected,True,0.0282515251108979,cvrp_s7799_n20-50-100_x66667_cvrp50_8328,0.0653061224489796,True,True,0.0,0.0,0.0,50,4,False,12.125030911315,False,False,,False,12.096779386204101,4,4,2.9369087137790003e-16,12.096779386204105,True,314160,12.096779386204101,1252443326,8,7a537161271844183af903a85910832f7d96f34337d8d4521d7bb78327286fa9,20.03646787300022,pyvrp,20.0,0.0023300167494446355,cvrp50_8328.json,0
"[""accepted""]",not_selected,True,1.7763568394002505e-15,cvrp_s7799_n20-50-100_x66667_cvrp50_8344,0.0,True,True,0.0,0.0,0.0,50,4,False,8.940664223109067,False,False,,False,8.940664223109065,4,4,7.947314853001078e-16,8.940664223109072,True,314159,8.940664223109065,640177510,6,f2934622c295c9ca2b25167e1c53687e15a3fbfe74245cb4a3f5dbf848248582,20.02692416699938,pyvrp,20.0,1.9868287132502692e-16,cvrp50_8344.json,0
"[""accepted""]",not_selected,True,0.08331615245908353,cvrp_s7799_n20-50-100_x66667_cvrp50_8384,0.09224489795918367,True,True,0.0,0.0,0.0,50,4,False,11.211931317802486,False,False,,False,11.128615165343403,4,4,1.596206547722271e-16,11.128615165343405,True,314160,11.128615165343403,944164627,7,9f1db067672201509a1625599465dbc42418e3ac313dcb25937acf00de8c5673,20.021973789000185,pyvrp,20.0,0.007431025939910351,cvrp50_8384.json,0
"[""accepted""]",stable_control,True,0.04074217411914205,cvrp_s7799_n20-50-100_x66667_cvrp50_8386,0.1110204081632653,True,True,0.0,0.0,0.0,50,4,False,10.856226980058231,False,True,11.175056750283346,True,10.81548480593909,4,4,4.927259955350691e-16,10.815484805939095,True,314159,10.81548480593909,4138084962,6,65230438a141079fcf56e094952d2fea1ad6b6db167342064738d068100acaed,20.029799361000187,pyvrp,20.0,0.00375288525138441,cvrp50_8386.json,0
"[""accepted""]",not_selected,True,0.00024008464897740112,cvrp_s7799_n20-50-100_x66667_cvrp50_8442,0.013877551020408163,True,True,0.34,0.013877551020408163,0.00925170068027211,50,4,False,9.367182175421739,False,False,,False,9.366942090772762,4,4,2.5631059384816105e-05,9.367182175421744,True,314161,9.366942090772762,4073365319,6,3710196e93564c74e63db660552e6b43f92b717dff2b8fcac2c061c2e29515f9,20.026110030999916,pyvrp,20.0,2.5630402449879947e-05,cvrp50_8442.json,0
"[""pyvrp_cost_not_converged""]",unstable_cost,False,0.07613809960297502,cvrp_s7799_n20-50-100_x66667_cvrp50_8449,0.16,True,False,0.0,0.0,0.0,50,3,True,11.878036840249251,False,True,12.118310330593792,True,11.801898740646276,4,4,0.006719863770548994,11.881205892417233,False,314162,11.801898740646276,2539291602,7,67eb39ef605f89b8883f63a42a1698d30940e63ed973362f2040b165c16857e7,20.03805511399878,pyvrp,20.0,0.00640999018835989,cvrp50_8449.json,0
"[""accepted""]",not_selected,True,0.00674930529290485,cvrp_s7799_n20-50-100_x66667_cvrp50_8472,0.029387755102040815,True,True,0.0,0.0,0.0,50,4,False,11.298367849382632,False,False,,False,11.291618544089728,4,4,4.719492159067045e-16,11.291618544089733,True,314161,11.291618544089728,263754231,6,bf46e214af242d3fe7e9855a7d3ac8033eca6d93432281009bbf6557294f1a74,20.020151144999545,pyvrp,20.0,0.0005973699372227155,cvrp50_8472.json,0
"[""pyvrp_cost_not_converged""]",unstable_cost,False,0.11921465087299943,cvrp_s7799_n20-50-100_x66667_cvrp50_8573,0.1469387755102041,True,False,0.0,0.0,0.0,50,3,True,11.500410928307776,False,True,11.851870437325848,True,11.381196277434777,4,4,0.005552348490663772,11.44438864540774,False,314159,11.381196277434777,113849614,7,d9770aae97065ff06b15c6c5e3d2f260371851a226f65141cbb4da5aa2bf43c5,20.02069595299872,pyvrp,20.0,0.010366120968734916,cvrp50_8573.json,0
"[""accepted""]",not_selected,True,1.7763568394002505e-15,cvrp_s7799_n20-50-100_x66667_cvrp50_8633,0.0,True,True,0.0,0.0,0.0,50,4,False,8.929667605425795,False,False,,False,8.929667605425793,4,4,5.967826299562071e-16,8.929667605425799,True,314161,8.929667605425793,175687224,6,dc0e45afc4f0fef6cf1461c4475e560bc5e945f3ffe37818aa11b9e8b5b8c255,20.024328655999852,pyvrp,20.0,1.9892754331873567e-16,cvrp50_8633.json,0
"[""accepted""]",not_selected,True,-1.7763568394002505e-15,cvrp_s7799_n20-50-100_x66667_cvrp50_8673,0.0,True,True,0.0,0.0,0.0,50,4,False,9.26256106799207,False,False,,False,9.262561067992072,4,4,6.297979184606167e-05,9.263144422160096,True,314161,9.262561067992072,220615728,7,8d0cf3c71b83e779fe72d97e456918651bb82c6c3d2c142bca731c29eb3d3a8b,20.023955780001415,pyvrp,20.0,-1.917781514594999e-16,cvrp50_8673.json,0
"[""accepted""]",not_selected,True,1.7763568394002505e-15,cvrp_s7799_n20-50-100_x66667_cvrp50_8724,0.0,True,True,0.0,0.0,0.0,50,4,False,9.555091777762195,False,False,,False,9.555091777762193,4,4,1.859068317412095e-16,9.555091777762195,True,314160,9.555091777762193,487080437,7,9640f23c86b1362f8599d3928a983429dc0b5174490275af57168d5ca3a3f412,20.024508026999683,pyvrp,20.0,1.8590683174120946e-16,cvrp50_8724.json,0
"[""accepted""]",not_selected,True,0.0,cvrp_s7799_n20-50-100_x66667_cvrp50_8730,0.0,True,True,0.0,0.0,0.0,50,4,False,10.364115212255111,False,False,,False,10.364115212255111,4,4,5.141848010237632e-16,10.364115212255117,True,314160,10.364115212255111,121118980,7,3b7f079643de50d2095c3a3451a83cd33d4d59ca76ff78f6d87449da4f152993,20.01811295999869,pyvrp,20.0,0.0,cvrp50_8730.json,0
"[""accepted""]",not_selected,True,0.044037867273308606,cvrp_s7799_n20-50-100_x66667_cvrp50_8735,0.09306122448979592,True,True,0.0,0.0,0.0,50,4,False,12.18362172041703,False,False,,False,12.139583853143721,4,4,2.703501264531977e-07,12.13958713508175,True,314162,12.139583853143721,1862216483,7,2028d8015e1e430da66db44c9c4bc718294e268a00e0cd259f10b8f6ecb8908d,20.038494693999382,pyvrp,20.0,0.003614513671210833,cvrp50_8735.json,0
"[""accepted""]",stable_control,True,3.552713678800501e-15,cvrp_s7799_n20-50-100_x66667_cvrp50_8859,0.0,True,True,0.0,0.0,0.0,50,4,False,9.72951066407176,False,True,9.99929847518471,True,9.729510664071757,4,4,5.477223574952698e-16,9.729510664071762,True,314161,9.729510664071757,2268566523,6,4bb1e223163d829b3ed8c352fa4c7e93d84e07fdf60eca6af621f836bb621e24,20.023134687000493,pyvrp,20.0,3.6514823833017976e-16,cvrp50_8859.json,0
"[""accepted""]",not_selected,True,-1.7763568394002505e-15,cvrp_s7799_n20-50-100_x66667_cvrp50_9121,0.0,True,True,0.0,0.0,0.0,50,4,False,11.081284625567578,False,False,,False,11.08128462556758,4,4,3.206048575454339e-16,11.081284625567584,True,314160,11.08128462556758,3128146876,7,250968fabae526b41a44a1a71d5f205fb217c9bbe60461dac2d420e78ae9b155,20.037677487998735,pyvrp,20.0,-1.6030242877271697e-16,cvrp50_9121.json,0
"[""route_membership_ambiguous""]",unstable_matrix,True,0.0603600313977406,cvrp_s7799_n20-50-100_x66667_cvrp50_9128,0.08734693877551021,False,False,0.28,0.05142857142857143,0.025714285714285714,50,4,True,12.804844454994107,False,True,13.352272965093503,True,12.744484423596367,4,4,7.922247814612216e-05,12.745494073235099,True,314159,12.744484423596367,2225527919,8,3aaa9e88c1030bd4958db7e16f22fee49739304668fe439c3143a403e00d6edd,20.022036741998818,pyvrp,20.0,0.0047138433902802436,cvrp50_9128.json,0
"[""accepted""]",not_selected,True,1.7763568394002505e-15,cvrp_s7799_n20-50-100_x66667_cvrp50_9209,0.0,True,True,0.0,0.0,0.0,50,4,False,10.194394693360472,False,False,,False,10.19439469336047,4,4,5.227451632485383e-16,10.194394693360476,True,314159,10.19439469336047,1591425289,7,a63af34201e13b30cb1287d9adf0383fa971083f9779a73d09bc9e64225e9ec2,20.025240439999834,pyvrp,20.0,1.7424838774951273e-16,cvrp50_9209.json,0
"[""accepted""]",not_selected,True,2.7004929993523774e-05,cvrp_s7799_n20-50-100_x66667_cvrp50_9241,0.0,True,True,0.0,0.0,0.0,50,4,False,11.343623732377752,False,False,,False,11.343596727447759,4,4,2.3806320559254217e-06,11.343623732377758,True,314162,11.343596727447759,3615376216,6,da961227d2d1bb21c37ac2a950aa0c8971af6b52b2e16cdab380d869d70c988b,20.067055678999168,pyvrp,20.0,2.3806263880601437e-06,cvrp50_9241.json,0
"[""accepted""]",not_selected,True,-1.7763568394002505e-15,cvrp_s7799_n20-50-100_x66667_cvrp50_9252,0.0,True,True,0.0,0.0,0.0,50,4,False,11.448514042493903,False,False,,False,11.448514042493905,4,4,2.3350259007414696e-05,11.448781368262047,True,314160,11.448514042493905,3774474385,7,45350f17b889ca71d5a51ca05ce7ddaa3ccf7a829a2e15e534ca2849f34d9c96,20.02031687499948,pyvrp,20.0,-1.5516047172645082e-16,cvrp50_9252.json,0
"[""accepted""]",not_selected,True,0.016915716829922545,cvrp_s7799_n20-50-100_x66667_cvrp50_9793,0.0,True,True,0.0,0.0,0.0,50,4,False,11.83799336884006,False,False,,False,11.821077652010137,4,4,4.50810888404456e-16,11.821077652010143,True,314159,11.821077652010137,3668587656,7,316d32f56c38c5ba8632c0c86bb49f50b9f7849bbe9c5a59b238bc2fb019042a,20.02212166299978,pyvrp,20.0,0.0014289344741861452,cvrp50_9793.json,0
