acceptance_reasons,challenger_selection_reason,cost_converged,improvement_over_original,instance_id,matrix_disagreement_from_original,matrix_stable,matrix_target_accepted,max_customer_membership_instability,max_near_best_matrix_disagreement,mean_near_best_matrix_disagreement,n_customers,near_best_seed_count,needs_review,original_cost,ortools_beats_pyvrp,ortools_checked,ortools_cost,ortools_feasible,pyvrp_best_cost,pyvrp_candidate_count,pyvrp_feasible_count,pyvrp_seed_spread_relative,pyvrp_worst_cost,reference_accepted,reference_base_seed,reference_cost,reference_derived_seed,reference_num_vehicles,reference_route_hash,reference_runtime_seconds,reference_solver,reference_time_budget,relative_improvement_over_original,source_file,vehicle_count_delta_from_original
"[""pyvrp_cost_not_converged"", ""route_membership_ambiguous""]",unstable_cost,False,0.2877917640568981,cvrp_s7799_n20-50-100_x66667_cvrp100_0007,0.09878787878787879,False,False,0.0,0.0,0.0,100,1,True,15.709875601056826,False,True,16.55271456942856,True,15.422083836999928,4,4,0.006994183652933292,15.52994872366684,False,9102,15.422083836999928,1191842208,10,241dee84c4aa21fb620a516ec3d3fe236f0778ed7e97774bfaa0424cb3be4d47,40.09288809999998,pyvrp,40.0,0.018319162504223645,cvrp100_0007.json,0
"[""accepted""]",not_selected,True,0.2229157819613654,cvrp_s7799_n20-50-100_x66667_cvrp100_0377,0.05393939393939394,True,True,0.0,0.0,0.0,100,4,False,13.118587939628368,False,False,,False,12.895672157667002,4,4,1.3774829397660624e-16,12.895672157667004,True,9101,12.895672157667002,1446145046,11,b92b31adb1b514ce338ac03801d05f4c0f31586fff4bdc0f0108627b84089635,40.09551090000241,pyvrp,40.0,0.016992360990925395,cvrp100_0377.json,1
"[""accepted""]",stable_control,True,0.21244041313711293,cvrp_s7799_n20-50-100_x66667_cvrp100_0496,0.02727272727272727,True,True,0.0,0.0,0.0,100,3,False,13.997958946970714,False,True,14.654949075511249,True,13.785518533833601,4,4,0.0013556940499072606,13.804207479284806,True,9102,13.785518533833601,2110417435,10,f1340118ae24668d0fc9f7d661129e6c91ed81141af18e4c8c3580b7d8925f06,40.087719399998605,pyvrp,40.0,0.015176527802511306,cvrp100_0496.json,0
"[""pyvrp_cost_not_converged"", ""route_membership_ambiguous""]",unstable_cost,False,0.11849661650787802,cvrp_s7799_n20-50-100_x66667_cvrp100_0639,0.0890909090909091,False,False,0.0,0.0,0.0,100,1,True,13.08333867011764,False,True,13.713423502441273,True,12.964842053609763,4,4,0.0015058236691995418,12.984364819641522,False,9102,12.964842053609763,1560436212,10,2c22e9ac1afe68040e387fdf3d39e83e92cf8d06e9bcf1f1b3f7a0563cfd9b8c,40.155090799999016,pyvrp,40.0,0.009057062535461565,cvrp100_0639.json,0
"[""accepted""]",not_selected,True,0.30361045369569695,cvrp_s7799_n20-50-100_x66667_cvrp100_0689,0.08404040404040404,True,True,0.0,0.0,0.0,100,3,False,17.000732177869093,False,False,,False,16.697121724173396,4,4,0.0026259287701775316,16.74096717648806,True,9101,16.697121724173396,1131258062,11,ea1b2cfa8cf98967b5e5bbaf534441ee4a2c719cd3824f5584bbecadf179fcf9,40.137105199999496,pyvrp,40.0,0.017858669292545263,cvrp100_0689.json,0
"[""accepted""]",not_selected,True,0.06575856838741068,cvrp_s7799_n20-50-100_x66667_cvrp100_0839,0.033535353535353536,True,True,0.0,0.0,0.0,100,4,False,13.8745378235098,False,False,,False,13.808779255122388,4,4,2.5428024567581982e-05,13.809130385100536,True,9103,13.808779255122388,1891685898,11,eb5527eb79d09f8b2162d3f757db34196f0b4704c85b43df47b1a7d3000a7f73,40.09451540000009,pyvrp,40.0,0.004739514153472244,cvrp100_0839.json,0
"[""pyvrp_cost_not_converged"", ""route_membership_ambiguous""]",unstable_cost,False,0.24651586674477954,cvrp_s7799_n20-50-100_x66667_cvrp100_0905,0.07757575757575758,False,False,0.0,0.0,0.0,100,1,True,13.27070168619914,False,True,13.676629437007202,True,13.02418581945436,4,4,0.0029225490572543263,13.062249641442511,False,9102,13.02418581945436,2140903339,9,3143efa5df9c7fd5a2f7d11020c4873a17c8874d46dcc6ff1756d27a956af5d7,40.08991879999667,pyvrp,40.0,0.018575948173195966,cvrp100_0905.json,0
"[""pyvrp_cost_not_converged"", ""route_membership_ambiguous""]",unstable_cost,False,0.2684845909041691,cvrp_s7799_n20-50-100_x66667_cvrp100_0938,0.057777777777777775,False,False,0.0,0.0,0.0,100,1,True,16.88225852127031,False,True,17.176796039098182,True,16.61377393036614,4,4,0.0030726361221054916,16.664822012269077,False,9102,16.61377393036614,513943378,11,8a9ae2f881206b574db47d14fb6901b54bb603b0f39297e968dad9ec8015eca9,40.08845350000047,pyvrp,40.0,0.015903357395333082,cvrp100_0938.json,0
"[""route_membership_ambiguous""]",unstable_matrix,True,0.2844355658475983,cvrp_s7799_n20-50-100_x66667_cvrp100_10101,0.09212121212121212,False,False,0.19,0.07858585858585859,0.061548821548821554,100,4,True,15.674456373468082,False,True,18.005181798381717,True,15.390020807620484,4,4,0.0009634653113734323,15.404848558809942,True,9102,15.390020807620484,3720215807,11,c36983126795a293a4fbd373a813a7e6cb8fb305dd55868009d1187b2e8d3c50,40.094727600000624,pyvrp,40.0,0.018146438962250593,cvrp100_10101.json,0
"[""route_membership_ambiguous""]",unstable_matrix,True,0.18682439612466695,cvrp_s7799_n20-50-100_x66667_cvrp100_10332,0.07151515151515152,False,False,0.24,0.05919191919191919,0.03057239057239057,100,4,True,16.35733700103129,False,True,16.569374117997484,True,16.170512604906623,4,4,7.480150996571061e-05,16.17172218366639,True,9102,16.170512604906623,3902535193,10,886a7d4d871edfd7ca953e5d35d2f871e8d14dffaae86e5956c5d45bb2448b46,40.07760950000011,pyvrp,40.0,0.011421443240601336,cvrp100_10332.json,0
"[""accepted""]",not_selected,True,0.24178215755935284,cvrp_s7799_n20-50-100_x66667_cvrp100_10607,0.10787878787878788,True,True,0.23,0.015353535353535354,0.015353535353535354,100,2,False,14.347622702005333,False,False,,False,14.10584054444598,4,4,0.0023410721822823967,14.138863335352294,True,9101,14.10584054444598,4237213374,9,60ed0e85d64235ec736a8033133a979fbac84d215a43a289570fb3180d84dd31,40.0854333999996,pyvrp,40.0,0.016851722587154422,cvrp100_10607.json,0
"[""accepted""]",not_selected,True,0.1979345856225052,cvrp_s7799_n20-50-100_x66667_cvrp100_10674,0.03939393939393939,True,True,0.0,0.0,0.0,100,3,False,13.209608966014617,False,False,,False,13.011674380392112,4,4,0.0036291387890002576,13.058895552595834,True,9103,13.011674380392112,2575562997,10,8a6ee7b6897986b0c93b22e2f6f73e2e1e8278179916bf4b31756c5c2e4bc0e7,40.09044350000113,pyvrp,40.0,0.014984136633548112,cvrp100_10674.json,0
"[""accepted""]",not_selected,True,0.2270558942711709,cvrp_s7799_n20-50-100_x66667_cvrp100_10820,0.10343434343434343,True,True,0.28,0.03777777777777778,0.01888888888888889,100,4,False,14.392073844515034,False,False,,False,14.165017950243863,4,4,5.813653323705971e-05,14.16584145528073,True,9102,14.165017950243863,2538605407,10,8e53a599fa849d394d90fbd1da2eca36a631d0318e75c58e96b601e3d0367a17,40.09412969999903,pyvrp,40.0,0.015776454229193954,cvrp100_10820.json,0
"[""accepted""]",not_selected,True,0.05757475944964341,cvrp_s7799_n20-50-100_x66667_cvrp100_10878,0.051111111111111114,True,True,0.0,0.0,0.0,100,4,False,14.092817977538205,False,False,,False,14.035243218088562,4,4,2.5312804513581773e-16,14.035243218088565,True,9101,14.035243218088562,302852402,11,e0c158ff38afdc0c4aaa7a1b0539dd6a151fe36b6810fee6a19ec9ba60cb8284,40.09040550000282,pyvrp,40.0,0.004085397224416633,cvrp100_10878.json,0
"[""accepted""]",not_selected,True,0.17966214713738182,cvrp_s7799_n20-50-100_x66667_cvrp100_10911,0.050505050505050504,True,True,0.19,0.04909090909090909,0.03272727272727272,100,4,False,17.553176863075684,False,False,,False,17.373514715938303,4,4,0.0008292129308625311,17.38792105899529,True,9102,17.373514715938303,3074917091,11,ed3a5428dcd0b82e1428ee0ecb2381cad5d99fadbf624b9356df063c2ded6c5f,40.081503400000656,pyvrp,40.0,0.010235306607963,cvrp100_10911.json,0
"[""accepted""]",not_selected,True,0.3207634060426976,cvrp_s7799_n20-50-100_x66667_cvrp100_10959,0.05232323232323232,True,True,0.0,0.0,0.0,100,2,False,18.089216457073974,False,False,,False,17.768453051031276,4,4,0.001236837834408405,17.7904297460237,True,9101,17.768453051031276,3101301849,11,dfd019652f7b0ad1eb5e92dda9e11b275f03e20c11152010f5d9cc25ada70cb6,40.07813929999975,pyvrp,40.0,0.017732299616397138,cvrp100_10959.json,0
"[""accepted""]",not_selected,True,0.24813292397720588,cvrp_s7799_n20-50-100_x66667_cvrp100_11000,0.04888888888888889,True,True,0.0,0.0,0.0,100,4,False,14.704837768606643,False,False,,False,14.456704844629437,4,4,1.22874255128765e-16,14.456704844629439,True,9103,14.456704844629437,3138014101,10,1b3d04101213d5d780998cc428443c5b24c07dcf15318f8bdbd8102500e2d1da,40.08712949999972,pyvrp,40.0,0.01687423743680769,cvrp100_11000.json,0
"[""accepted""]",not_selected,True,0.0750884167043111,cvrp_s7799_n20-50-100_x66667_cvrp100_11033,0.03515151515151515,True,True,0.0,0.0,0.0,100,4,False,12.85078269101955,False,False,,False,12.775694274315239,4,4,4.171257079088473e-16,12.775694274315244,True,9103,12.775694274315239,3986271742,11,476567885a32fe8a8d4e7cb19b0fc2cd936b734a0b0874daeb1ede7b5690ceb5,40.08136079999895,pyvrp,40.0,0.005843100650731942,cvrp100_11033.json,0
"[""pyvrp_cost_not_converged"", ""route_membership_ambiguous""]",unstable_cost,False,0.3121973169772474,cvrp_s7799_n20-50-100_x66667_cvrp100_11173,0.10404040404040404,False,False,0.0,0.0,0.0,100,1,True,17.3584392747208,False,True,18.056758158633006,True,17.046241957743554,4,4,0.006912970783091191,17.16408213035894,False,9104,17.046241957743554,1384937119,10,3b843abd654fd1044b587dbf7db02c1893a3a7dd763f118c0289a60ac4d0604c,40.087191699996765,pyvrp,40.0,0.01798533336069575,cvrp100_11173.json,0
"[""accepted""]",not_selected,True,0.3019573142852163,cvrp_s7799_n20-50-100_x66667_cvrp100_11210,0.07353535353535354,True,True,0.0,0.0,0.0,100,4,False,15.474777064346442,False,False,,False,15.172819750061226,4,4,5.4734039194633204e-05,15.173650219772119,True,9102,15.172819750061226,3362371522,12,ea22221ebd0b4ec9e3fc7e552556af12266a33fcd689bafcee3299fb32b73bd0,40.08641429999989,pyvrp,40.0,0.01951287007429138,cvrp100_11210.json,0
"[""pyvrp_cost_not_converged"", ""route_membership_ambiguous""]",unstable_cost,False,0.1780855713292251,cvrp_s7799_n20-50-100_x66667_cvrp100_11550,0.09070707070707071,False,False,0.0,0.0,0.0,100,1,True,13.277839853279666,False,True,14.601496077594943,True,13.09975428195044,4,4,0.003335666510388344,13.143450693603059,False,9102,13.09975428195044,1781273703,10,ec3b0ead3f53c1dc2316c6e71ee88ccec354d4b75df87169b15cdc0ea7bab562,40.087807600000815,pyvrp,40.0,0.013412239739074532,cvrp100_11550.json,0
"[""pyvrp_cost_not_converged""]",unstable_cost,False,0.2498183001349954,cvrp_s7799_n20-50-100_x66667_cvrp100_1169,0.07535353535353535,True,False,0.0,0.0,0.0,100,3,True,13.64021936767425,False,True,14.506058866877424,True,13.390401067539255,4,4,0.0056050377323574475,13.465454770774212,False,9101,13.390401067539255,3545414678,10,f5ba8e84a0697b125161086b686a5244218c24f614bb9734de1b9e18113ba999,40.06505919999836,pyvrp,40.0,0.01831483009188518,cvrp100_1169.json,0
"[""pyvrp_cost_not_converged"", ""route_membership_ambiguous""]",unstable_cost,False,0.5901938927399293,cvrp_s7799_n20-50-100_x66667_cvrp100_11794,0.12525252525252525,False,False,0.0,0.0,0.0,100,1,True,18.461055203479486,False,True,19.622197618861776,True,17.870861310739556,4,4,0.002060502573504381,17.907684266461075,False,9104,17.870861310739556,2645741301,10,10cef56182e29de264351adf0dec5d561c77a06c9431031e17c268b8d28047ca,40.15131619999738,pyvrp,40.0,0.031969672710186754,cvrp100_11794.json,0
"[""route_membership_ambiguous""]",unstable_matrix,True,0.3250462481980687,cvrp_s7799_n20-50-100_x66667_cvrp100_12053,0.07434343434343435,False,False,0.26,0.08161616161616161,0.056868686868686874,100,4,True,15.865397944302272,False,True,16.06229883580429,True,15.540351696104203,4,4,0.0004935235936497275,15.548021226319845,True,9101,15.540351696104203,1772770617,10,945a4cf3da70873cd0bc8aa3b15ac843c9b9482b285fca76efa86bad7dc79410,40.079965699998866,pyvrp,40.0,0.020487746310504762,cvrp100_12053.json,0
"[""accepted""]",not_selected,True,0.37299462172634534,cvrp_s7799_n20-50-100_x66667_cvrp100_12156,0.06828282828282828,True,True,0.19,0.011515151515151515,0.007676767676767677,100,3,False,16.87708796052218,False,False,,False,16.504093338795833,4,4,0.0016282805501684687,16.53096663297756,True,9102,16.504093338795833,1155917731,11,3e5bbdc07688b8d7ab44ea14affefeecb0b1ab9f168a4f4a7de93dd4d22ee3f4,40.086055799998576,pyvrp,40.0,0.022100650455743956,cvrp100_12156.json,0
"[""accepted""]",not_selected,True,0.21644893219911054,cvrp_s7799_n20-50-100_x66667_cvrp100_12195,0.09434343434343434,True,True,0.2,0.027878787878787878,0.018585858585858584,100,3,False,16.98036977662088,False,False,,False,16.76392084442177,4,4,0.002700809463249158,16.809197000479543,True,9101,16.76392084442177,825787551,10,044ed45cb71de30cbee06f66f8074a544ee5f95abf9842189524c7e2ae455da1,40.08780520000073,pyvrp,40.0,0.012747009343525864,cvrp100_12195.json,0
"[""pyvrp_cost_not_converged"", ""route_membership_ambiguous""]",unstable_cost,False,0.2925656001781931,cvrp_s7799_n20-50-100_x66667_cvrp100_1221,0.09515151515151515,False,False,0.0,0.0,0.0,100,1,True,17.828947771224637,False,True,18.60918526094163,True,17.536382171046444,4,4,0.003392484866352556,17.595874082172294,False,9104,17.536382171046444,2290288475,10,cd8b089c87de6141fa39d9c7dc43eeecc29985e9bca7c747b44679acc551075d,40.08899400000155,pyvrp,40.0,0.01640958310789293,cvrp100_1221.json,0
"[""accepted""]",not_selected,True,0.1479766729803771,cvrp_s7799_n20-50-100_x66667_cvrp100_12522,0.09292929292929293,True,True,0.14,0.019797979797979797,0.009898989898989899,100,4,False,16.69259400564612,False,False,,False,16.544617332665744,4,4,0.00016366104846994302,16.547325042084942,True,9102,16.544617332665744,2938251783,11,48faf982b1d593b2e36520354676d4f5b83b7b8d0443615a330208668f285962,40.10128850000183,pyvrp,40.0,0.00886480992291104,cvrp100_12522.json,0
"[""route_membership_ambiguous""]",unstable_matrix,True,0.24348156081406458,cvrp_s7799_n20-50-100_x66667_cvrp100_12665,0.11777777777777777,False,False,0.21,0.0595959595959596,0.03973063973063973,100,3,True,16.416928026411032,False,True,16.807178152815425,True,16.173446465596967,4,4,0.004236943178706287,16.24197243927555,True,9101,16.173446465596967,466352390,10,2c3520eb91f6996aa3efbc17e03b30caaf25cadb17c8ad12680b2ccac9ae081b,40.09162290000313,pyvrp,40.0,0.014831127993151897,cvrp100_12665.json,0
"[""accepted""]",stable_control,True,0.268774197505822,cvrp_s7799_n20-50-100_x66667_cvrp100_1279,0.07797979797979798,True,True,0.0,0.0,0.0,100,4,False,14.936163026344355,False,True,15.715331899253377,True,14.667388828838533,4,4,4.844371033261589e-16,14.66738882883854,True,9101,14.667388828838533,1045962608,10,caf3dd669748e4ec5513da8757290eba84293cd08ae90cdbbe116ffa2b1cfb9b,40.09472579999783,pyvrp,40.0,0.01799486233725214,cvrp100_1279.json,0
"[""route_membership_ambiguous""]",unstable_matrix,True,0.632289650061292,cvrp_s7799_n20-50-100_x66667_cvrp100_12908,0.08161616161616161,False,False,0.22,0.06828282828282828,0.06060606060606061,100,3,True,19.141387291240566,False,True,19.64362219494299,True,18.509097641179274,4,4,0.00476163349571341,18.597231180482943,True,9104,18.509097641179274,3862947650,11,d8147c59dbfc617d5d4ef6973f5fa180cc7eeef9f7c849ff068e714e47f8010a,40.099028700002236,pyvrp,40.0,0.033032592697742384,cvrp100_12908.json,0
"[""accepted""]",not_selected,True,0.1574517864380418,cvrp_s7799_n20-50-100_x66667_cvrp100_12923,0.08545454545454545,True,True,0.16,0.0032323232323232323,0.0021548821548821547,100,4,False,14.561714002587209,False,False,,False,14.404262216149167,4,4,5.628242730321e-07,14.404270323217577,True,9102,14.404262216149167,4066303705,11,1742da93b82b0df6e1a4a4c89236e95687f0d43dd6cd0f2d0f00bc40fa6170bd,40.09169660000043,pyvrp,40.0,0.010812723447944867,cvrp100_12923.json,0
"[""route_membership_ambiguous""]",unstable_matrix,True,0.27570742102100176,cvrp_s7799_n20-50-100_x66667_cvrp100_1293,0.08949494949494949,False,False,0.2,0.08464646464646465,0.05653198653198654,100,4,True,15.080174680461933,False,True,15.868426462115618,True,14.804467259440932,4,4,0.0005989971415826936,14.813335093011991,True,9101,14.804467259440932,1152624414,10,cff39c534c92a299469d22feb274154853801cadb13019d0ba04d75a0d57b20a,40.08350110000174,pyvrp,40.0,0.018282773698782933,cvrp100_1293.json,0
"[""accepted""]",not_selected,True,0.3461765975622324,cvrp_s7799_n20-50-100_x66667_cvrp100_13068,0.09393939393939393,True,True,0.0,0.0,0.0,100,4,False,16.05568558040361,False,False,,False,15.709508982841376,4,4,1.1307526169917e-16,15.709508982841378,True,9103,15.709508982841376,2608130136,10,0f611a8b4676fff83c9aad4fb861b57829263d4a4d063c0743d187734add0167,40.09240690000297,pyvrp,40.0,0.021560997556202156,cvrp100_13068.json,0
"[""route_membership_ambiguous""]",unstable_matrix,True,0.21921966541419025,cvrp_s7799_n20-50-100_x66667_cvrp100_13104,0.07434343434343435,False,False,0.18,0.06202020202020202,0.06202020202020202,100,2,True,18.223054650289367,False,True,19.466818219199155,True,18.003834984875176,4,4,0.001743377739400041,18.03522247001164,True,9103,18.003834984875176,175269169,11,c76f7e1923bde8b9279323416879dace960f215e74552ac4a27385a4a07ea5e2,40.09326679999867,pyvrp,40.0,0.01202979794667461,cvrp100_13104.json,0
"[""pyvrp_cost_not_converged"", ""route_membership_ambiguous""]",unstable_cost,False,0.5616512767639392,cvrp_s7799_n20-50-100_x66667_cvrp100_13277,0.11313131313131314,False,False,0.0,0.0,0.0,100,1,True,16.86532165068471,False,True,17.633515702233066,True,16.30367037392077,4,4,0.003158989803757607,16.35517350239581,False,9104,16.30367037392077,3729826963,10,5d89c39b330341b2f93cb36a24d1dae825e46abceafa10bd2f4bde464ac2286b,40.1520445999995,pyvrp,40.0,0.03330213845883793,cvrp100_13277.json,0
"[""pyvrp_cost_not_converged""]",unstable_cost,False,0.11745599956206121,cvrp_s7799_n20-50-100_x66667_cvrp100_1365,0.0496969696969697,True,False,0.2,0.04404040404040404,0.04404040404040404,100,2,True,14.443561294345365,False,True,14.930401048063475,True,14.326105294783304,4,4,0.009088436809361182,14.456307197479196,False,9101,14.326105294783304,1052050792,10,6ef1816d90646e59e9ebb96a5c2357fe35a672360b90eaa0f2749fa04319d03a,40.16400330000033,pyvrp,40.0,0.008132066404429292,cvrp100_1365.json,0
"[""accepted""]",not_selected,True,0.17612531264190068,cvrp_s7799_n20-50-100_x66667_cvrp100_13668,0.06383838383838383,True,True,0.0,0.0,0.0,100,4,False,12.605351916878856,False,False,,False,12.429226604236955,4,4,5.336209388274378e-05,12.4298898537939,True,9103,12.429226604236955,510200786,11,a1ae099adc99937bc5d4edf13aaf5ad357f9ac11722c645e46b752f53d8c0229,40.084431700001005,pyvrp,40.0,0.013972264622462847,cvrp100_13668.json,0
"[""accepted""]",not_selected,True,0.15899414125327205,cvrp_s7799_n20-50-100_x66667_cvrp100_13914,0.06404040404040404,True,True,0.0,0.0,0.0,100,4,False,15.109700242519715,False,False,,False,14.950706101266443,4,4,2.3762848756016667e-16,14.950706101266446,True,9101,14.950706101266443,219337195,10,4e3ea7f91b75c457a8f3f70e3774fb4031418ebb52e562b3f969b9a455691d27,40.087130799998704,pyvrp,40.0,0.010522653573619669,cvrp100_13914.json,0
"[""accepted""]",stable_control,True,0.22029128434205525,cvrp_s7799_n20-50-100_x66667_cvrp100_14073,0.07171717171717172,True,True,0.0,0.0,0.0,100,4,False,13.24086231045573,False,True,13.925954927289089,True,13.020571026113675,4,4,3.3603887010772934e-05,13.021008567911252,True,9101,13.020571026113675,3122583477,11,ad6869e891ca3053b26b7bcaf4b061493e58b41d0688d99c7a4b77797b759df7,40.08950250000271,pyvrp,40.0,0.016637230957994395,cvrp100_14073.json,0
"[""accepted""]",not_selected,True,0.2867296032115263,cvrp_s7799_n20-50-100_x66667_cvrp100_14183,0.07333333333333333,True,True,0.0,0.0,0.0,100,4,False,16.520767613671264,False,False,,False,16.234038010459738,4,4,6.565304965735799e-16,16.23403801045975,True,9103,16.234038010459738,2955295754,11,fcced9579941d7f3758782a3ce866964ea8c8456206e970f7f5c054809495a97,40.08803739999712,pyvrp,40.0,0.01735570706619297,cvrp100_14183.json,0
"[""accepted""]",not_selected,True,0.22622806594890932,cvrp_s7799_n20-50-100_x66667_cvrp100_14550,0.07292929292929293,True,True,0.0,0.0,0.0,100,3,False,18.514298414258867,False,False,,False,18.288070348309958,4,4,0.0016880536335583147,18.318941591912193,True,9102,18.288070348309958,3583044475,10,e0ae12f7e5283f20d51916d6430387aaa97c6b75fc7a7bc65be9863025230abb,40.08981610000046,pyvrp,40.0,0.012219100118569914,cvrp100_14550.json,0
"[""pyvrp_cost_not_converged"", ""route_membership_ambiguous""]",unstable_cost,False,0.25113652781339724,cvrp_s7799_n20-50-100_x66667_cvrp100_1463,0.06121212121212121,False,False,0.0,0.0,0.0,100,1,True,14.762507522941299,False,True,15.35686354837236,True,14.511370995127901,4,4,0.00776343748023731,14.624029116601106,False,9104,14.511370995127901,1752729121,11,a92be0aa347ab5005c6f67870ae68f18a89d6f1bb46778cebf760bb9043b598e,40.07700090000071,pyvrp,40.0,0.01701177983639466,cvrp100_1463.json,0
"[""pyvrp_cost_not_converged"", ""route_membership_ambiguous""]",unstable_cost,False,0.4441234600918982,cvrp_s7799_n20-50-100_x66667_cvrp100_14895,0.08242424242424243,False,False,0.0,0.0,0.0,100,1,True,16.366047181656455,False,True,16.82036150589794,True,15.921923721564557,4,4,0.004549563675389834,15.994361527370515,False,9104,15.921923721564557,390807769,10,548f5fdd10fab75d76a86cccbc6c537ce1d65ff1e074fc3a130de6be132e0202,40.08510050000041,pyvrp,40.0,0.027136880100754247,cvrp100_14895.json,0
"[""route_membership_ambiguous""]",unstable_matrix,True,0.1956525006344627,cvrp_s7799_n20-50-100_x66667_cvrp100_15241,0.06484848484848485,False,False,0.25,0.05858585858585859,0.03905723905723906,100,4,True,16.25054059582392,False,True,17.18686666514278,True,16.054888095189458,4,4,8.057093194339836e-05,16.056181652485535,True,9101,16.054888095189458,2436427781,10,cd564217b92d31f61d7cd033a86c2c63b4bb236be4f154de9bdafadf6a7319cb,40.08848139999827,pyvrp,40.0,0.012039753353481772,cvrp100_15241.json,0
"[""route_membership_ambiguous""]",unstable_matrix,True,0.1802733046972982,cvrp_s7799_n20-50-100_x66667_cvrp100_1559,0.06828282828282828,False,False,0.2,0.06787878787878789,0.04555555555555555,100,4,True,16.668086235478167,False,True,17.57550428409377,True,16.48781293078087,4,4,0.0008642612899904461,16.502062709253547,True,9104,16.48781293078087,3583882354,12,d122507ed9c0fa495564931f7027df1657aacc5e086ae21eeb293439c97812ce,40.08479839999927,pyvrp,40.0,0.01081547708300098,cvrp100_1559.json,0
"[""pyvrp_cost_not_converged"", ""route_membership_ambiguous""]",unstable_cost,False,0.22852701788870888,cvrp_s7799_n20-50-100_x66667_cvrp100_15642,0.09757575757575758,False,False,0.0,0.0,0.0,100,1,True,16.38268104029383,False,True,16.88315254987802,True,16.15415402240512,4,4,0.0027272097756070434,16.198209789171685,False,9102,16.15415402240512,3127712701,11,a30fc738ed75edf40ca28a88294484d5c0b7a449d7b1018b976aac2af47358fb,40.140135100002226,pyvrp,40.0,0.013949305203869743,cvrp100_15642.json,0
"[""accepted""]",stable_control,True,0.3344958988651445,cvrp_s7799_n20-50-100_x66667_cvrp100_15722,0.050505050505050504,True,True,0.13,0.0026262626262626263,0.001750841750841751,100,3,False,15.916216587279514,False,True,16.793616186705435,True,15.58172068841437,4,4,0.004249360454809557,15.647933036125606,True,9102,15.58172068841437,253755561,11,a117a0cd3d358d9ba421eec9f09c76a9ccca58271e700334cdb6b14fcb9b40cd,40.07651629999964,pyvrp,40.0,0.02101604341904211,cvrp100_15722.json,0
"[""accepted""]",not_selected,True,0.2317051342476315,cvrp_s7799_n20-50-100_x66667_cvrp100_15824,0.06727272727272728,True,True,0.0,0.0,0.0,100,4,False,16.10506514325334,False,False,,False,15.87336000900571,4,4,3.357241639562964e-16,15.873360009005715,True,9101,15.87336000900571,3230056606,10,bc3b2d5de1b92a4d78cdb8dfbc823129c9c375e1f1851f8bcf287feb68e59743,40.08727200000067,pyvrp,40.0,0.014387096990085528,cvrp100_15824.json,0
"[""accepted""]",stable_control,True,0.31201119047790904,cvrp_s7799_n20-50-100_x66667_cvrp100_16092,0.10626262626262627,True,True,0.0,0.0,0.0,100,2,False,15.997801122599043,False,True,16.402781533927726,True,15.685789932121134,4,4,0.001988275963863847,15.716977611217388,True,9102,15.685789932121134,3278503202,11,05d3fde25e006b8d309093ec7344021fcd4bc03584ea891b24c24b3f9deea5e4,40.08763539999927,pyvrp,40.0,0.019503379751180386,cvrp100_16092.json,0
"[""accepted""]",not_selected,True,0.21054551867669602,cvrp_s7799_n20-50-100_x66667_cvrp100_16123,0.061414141414141414,True,True,0.0,0.0,0.0,100,4,False,16.561724114354064,False,False,,False,16.351178595677368,4,4,5.8835810773418084e-05,16.352140630527146,True,9104,16.351178595677368,2394898841,11,eb3d6949120902b212eda9d6f00f67753417407cc1a98a791404baf82934d010,40.06387619999805,pyvrp,40.0,0.01271277780157055,cvrp100_16123.json,0
"[""pyvrp_cost_not_converged"", ""route_membership_ambiguous""]",unstable_cost,False,0.6605202303445594,cvrp_s7799_n20-50-100_x66667_cvrp100_1619,0.09232323232323232,False,False,0.0,0.0,0.0,100,1,True,21.041045276836456,False,True,21.152173621643506,True,20.380525046491897,4,4,0.00894841484828886,20.562898439433848,False,9101,20.380525046491897,127997015,11,251e0c4bdd62f63dca14470ef7c37d55f4c05b9bd0c2aebb08fdaf8d193b222d,40.1288080000013,pyvrp,40.0,0.03139198750129154,cvrp100_1619.json,0
"[""pyvrp_cost_not_converged"", ""route_membership_ambiguous""]",unstable_cost,False,0.23822889300734573,cvrp_s7799_n20-50-100_x66667_cvrp100_16688,0.07191919191919192,False,False,0.21,0.054343434343434346,0.054343434343434346,100,2,True,15.933058234005237,False,True,16.533000339882197,True,15.694829340997892,4,4,0.00501014751127882,15.773462751160638,False,9101,15.694829340997892,1071181626,10,83ba86f767a4941549efcb68bdd029b5686628eb8b46ae4b8681c678613715f7,40.140430799998285,pyvrp,40.0,0.014951862317235753,cvrp100_16688.json,0
"[""pyvrp_cost_not_converged"", ""route_membership_ambiguous""]",unstable_cost,False,0.17422558871873406,cvrp_s7799_n20-50-100_x66667_cvrp100_16694,0.07858585858585859,False,False,0.0,0.0,0.0,100,1,True,15.329032008468321,False,True,16.13354705671811,True,15.154806419749587,4,4,0.009930712279443863,15.305304441954789,False,9101,15.154806419749587,3674303896,10,018a35d6e1be468f848e37985dda9457593d4e136f678f62ffcf93766b3ebaa0,40.08631260000038,pyvrp,40.0,0.011365726721849458,cvrp100_16694.json,0
"[""route_membership_ambiguous""]",unstable_matrix,True,0.19896334729040888,cvrp_s7799_n20-50-100_x66667_cvrp100_16870,0.03797979797979798,False,False,0.2,0.0795959595959596,0.05306397306397306,100,4,True,13.67852259249377,False,True,14.447028133470976,True,13.479559245203362,4,4,0.0003422748760690734,13.48417295967348,True,9103,13.479559245203362,120446470,11,50c324da73971158e4fcf3349afbbd13ae3dd5bead6fca7df3f538dc02f56059,40.08987189999971,pyvrp,40.0,0.014545675232469335,cvrp100_16870.json,0
"[""accepted""]",stable_control,True,0.21215377488785236,cvrp_s7799_n20-50-100_x66667_cvrp100_1696,0.051515151515151514,True,True,0.0,0.0,0.0,100,4,False,16.785914408343782,False,True,17.616997940363543,True,16.57376063345593,4,4,4.2871545660300704e-16,16.573760633455937,True,9103,16.57376063345593,589589946,11,31e51d1ad3cf6009d2e44bbfbf71be78b658d0d25f6e5c7b6c19000620d5eb45,40.08708190000107,pyvrp,40.0,0.012638797608928411,cvrp100_1696.json,0
"[""accepted""]",stable_control,True,0.3317626029527627,cvrp_s7799_n20-50-100_x66667_cvrp100_17086,0.06404040404040404,True,True,0.0,0.0,0.0,100,4,False,14.084398264445658,False,True,14.219473867875454,True,13.752635661492896,4,4,3.874944882835835e-16,13.752635661492901,True,9102,13.752635661492896,165169953,11,f191735668839cf9ad7b35b117cc736f1426384618a81580cd35af3d0fcbd71c,40.08646389999922,pyvrp,40.0,0.02355532673271934,cvrp100_17086.json,0
"[""route_membership_ambiguous""]",unstable_matrix,True,0.11293156387096737,cvrp_s7799_n20-50-100_x66667_cvrp100_17175,0.07333333333333333,False,False,0.21,0.0703030303030303,0.046868686868686865,100,3,True,15.463386032192668,False,True,16.13953791725653,True,15.3504544683217,4,4,0.0014536043027627028,15.372767954986216,True,9101,15.3504544683217,4292543266,11,63925d3c08d2d3f4ef22e52d35bf906d7531eb70c7acb1d36ff6a5185e7d1413,40.087226499999815,pyvrp,40.0,0.00730315880596004,cvrp100_17175.json,0
"[""pyvrp_cost_not_converged"", ""route_membership_ambiguous""]",unstable_cost,False,0.11732560093646605,cvrp_s7799_n20-50-100_x66667_cvrp100_17190,0.09878787878787879,False,False,0.0,0.0,0.0,100,1,True,16.058435818829196,False,True,16.479251012441793,True,15.94111021789273,4,4,0.00401141592876582,16.005056641342996,False,9103,15.94111021789273,2930063884,10,688c0b854b2e2b40c4b9e73a102ca90ee4fb4e0f71d64149ab9266c6cefaf17d,40.083116300000256,pyvrp,40.0,0.007306166195769628,cvrp100_17190.json,0
"[""pyvrp_cost_not_converged""]",unstable_cost,False,0.5455469331217913,cvrp_s7799_n20-50-100_x66667_cvrp100_1737,0.09090909090909091,True,False,0.0,0.0,0.0,100,3,True,19.87659026683553,False,True,20.701537174022256,True,19.33104333371374,4,4,0.007552048533101654,19.477032311165438,False,9103,19.33104333371374,901107563,11,144d80d650faf966a72f7d338ac3d19d68575492a95a8bd2e2d1c11b46d5fccf,40.089610600000015,pyvrp,40.0,0.02744670619044991,cvrp100_1737.json,0
"[""route_membership_ambiguous""]",unstable_matrix,True,0.4344198887297992,cvrp_s7799_n20-50-100_x66667_cvrp100_17411,0.06626262626262626,False,False,0.18,0.0701010101010101,0.04569023569023569,100,4,True,21.81272258561514,False,True,22.939352157635607,True,21.378302696885342,4,4,0.0004608670304690513,21.388155251765724,True,9101,21.378302696885342,857681670,11,f519ab7dab37bbeaea84f241abb01300efae51a1fe9224e52d00b9e336875b5d,40.08130960000199,pyvrp,40.0,0.019915894818938674,cvrp100_17411.json,-1
"[""pyvrp_cost_not_converged"", ""route_membership_ambiguous""]",unstable_cost,False,0.24655001150363987,cvrp_s7799_n20-50-100_x66667_cvrp100_1745,0.08424242424242424,False,False,0.0,0.0,0.0,100,1,True,17.92030311717464,False,True,18.683660190387005,True,17.673753105671,4,4,0.0057362719715289235,17.775134560242783,False,9104,17.673753105671,4033698313,10,b75923c0231c856d63b3db16591ac069ec309b91729bc46c7872b91d4b9239d6,40.08767690000241,pyvrp,40.0,0.01375813845845882,cvrp100_1745.json,0
"[""accepted""]",stable_control,True,0.2774079636219362,cvrp_s7799_n20-50-100_x66667_cvrp100_1762,0.07696969696969697,True,True,0.0,0.0,0.0,100,4,False,16.967704827723576,False,True,17.517624113367912,True,16.69029686410164,4,4,6.385830715405421e-16,16.69029686410165,True,9101,16.69029686410164,3120932132,11,cec15661dc0dd9b45fd5f467a30ec01b96f45148c31db0c09538504f0966f4a5,40.09420790000149,pyvrp,40.0,0.016349174295434383,cvrp100_1762.json,0
"[""accepted""]",not_selected,True,0.14527578457583878,cvrp_s7799_n20-50-100_x66667_cvrp100_17706,0.03939393939393939,True,True,0.0,0.0,0.0,100,3,False,13.039756877658727,False,False,,False,12.894481093082888,4,4,0.0049003256617864074,12.957668249678742,True,9104,12.894481093082888,2715797015,11,9c401734a2b6749fed9f45110ebd2464dbfac292817d4257bf2f56fd204af9f1,40.08917199999996,pyvrp,40.0,0.011140988742262723,cvrp100_17706.json,0
"[""route_membership_ambiguous""]",unstable_matrix,True,0.06535569352574022,cvrp_s7799_n20-50-100_x66667_cvrp100_1776,0.0595959595959596,False,False,0.22,0.07737373737373737,0.0531986531986532,100,4,True,13.279383866376007,False,True,14.074101772573872,True,13.214028172850266,4,4,0.0004821861570796995,13.220399794314476,True,9104,13.214028172850266,887186314,10,27d553146d7386eb05ec05b8abd96e25eb3e22cfab07562126234dccc37fa0df,40.07564700000148,pyvrp,40.0,0.004921590804466746,cvrp100_1776.json,0
"[""pyvrp_cost_not_converged"", ""route_membership_ambiguous""]",unstable_cost,False,0.1383068019578939,cvrp_s7799_n20-50-100_x66667_cvrp100_17830,0.06121212121212121,False,False,0.0,0.0,0.0,100,1,True,13.462796665811439,False,True,13.601166483942855,True,13.324489863853545,4,4,0.004449123888721503,13.383772170011843,False,9102,13.324489863853545,3045429381,11,8dce7c8d95485a21f23c750780c97f5c0bb9df4f7b97b691e1d6b4a3db22f76f,40.13462430000072,pyvrp,40.0,0.01027325936735878,cvrp100_17830.json,0
"[""pyvrp_cost_not_converged""]",unstable_cost,False,0.28934077938239966,cvrp_s7799_n20-50-100_x66667_cvrp100_17844,0.08303030303030302,True,False,0.0,0.0,0.0,100,2,True,16.035696439712183,False,True,16.602925722923445,True,15.746355660329783,4,4,0.007461915403161142,15.863853634175252,False,9101,15.746355660329783,109519598,10,977b2f9f666fe0b5b835840088698124bcdf0930f13041882a375f325ef3c79e,40.092502100000274,pyvrp,40.0,0.018043543070935864,cvrp100_17844.json,0
"[""pyvrp_cost_not_converged"", ""route_membership_ambiguous""]",unstable_cost,False,0.14161568453483575,cvrp_s7799_n20-50-100_x66667_cvrp100_17879,0.05656565656565657,False,False,0.0,0.0,0.0,100,1,True,13.920826203487787,False,True,14.511236493395112,True,13.77921051895295,4,4,0.007026164983923902,13.876025525407334,False,9103,13.77921051895295,3186940428,11,63267f994ae34ef99a53a72399d61c98765c3fb9957f8802aebd29a03faf1f6c,40.09340570000131,pyvrp,40.0,0.010172936754239107,cvrp100_17879.json,0
"[""pyvrp_cost_not_converged"", ""route_membership_ambiguous""]",unstable_cost,False,0.27031884996643996,cvrp_s7799_n20-50-100_x66667_cvrp100_17944,0.07898989898989899,False,False,0.0,0.0,0.0,100,1,True,17.27133227767904,False,True,18.327545087719063,True,17.0010134277126,4,4,0.005639209929027041,17.09688571143768,False,9102,17.0010134277126,2229060450,11,35040340c54467efd7be7291a572a9d21a049dec655ade7d3de0ced4a52a4bef,40.0950606999977,pyvrp,40.0,0.015651302726413994,cvrp100_17944.json,0
"[""pyvrp_cost_not_converged"", ""route_membership_ambiguous""]",unstable_cost,False,0.14747133049560013,cvrp_s7799_n20-50-100_x66667_cvrp100_17958,0.07333333333333333,False,False,0.24,0.07131313131313131,0.047542087542087545,100,3,True,14.075068944954575,False,True,14.591516237430364,True,13.927597614458975,4,4,0.005673537253356172,14.006616358374362,False,9103,13.927597614458975,3637589083,10,83e14c4412a9cb38716b9cda9a56b39e528a38cc6ee54ab78b58dbde3396a9cc,40.09736960000009,pyvrp,40.0,0.01047748547963337,cvrp100_17958.json,0
"[""pyvrp_cost_not_converged""]",unstable_cost,False,0.3687669341925357,cvrp_s7799_n20-50-100_x66667_cvrp100_17960,0.07595959595959596,True,False,0.2,0.020606060606060607,0.020606060606060607,100,2,True,17.851442064028884,False,True,19.533186556149357,True,17.48267512983635,4,4,0.00516108885192894,17.572904769550842,False,9102,17.48267512983635,3100199049,11,353fa8079271d3d79140cdebf1d36598787de8179edcc4e210685c1b428121fa,40.08956649999891,pyvrp,40.0,0.02065754312003794,cvrp100_17960.json,0
"[""pyvrp_cost_not_converged"", ""route_membership_ambiguous""]",unstable_cost,False,0.26267675195636286,cvrp_s7799_n20-50-100_x66667_cvrp100_18129,0.08404040404040404,False,False,0.0,0.0,0.0,100,1,True,14.884267850335428,False,True,15.723667483088322,True,14.621591098379065,4,4,0.003293656882643324,14.669749602535438,False,9101,14.621591098379065,454897835,11,f412c9db002061382b1913cf4230901159d49b4092628e8e40bf2e3f7c5ef32b,40.090404300000955,pyvrp,40.0,0.017647945777221636,cvrp100_18129.json,0
"[""pyvrp_cost_not_converged""]",unstable_cost,False,0.2947300624620901,cvrp_s7799_n20-50-100_x66667_cvrp100_18300,0.08121212121212121,True,False,0.0,0.0,0.0,100,2,True,15.992445066043796,False,True,17.174211434173483,True,15.697715003581706,4,4,0.00574922539721913,15.787964705358606,False,9103,15.697715003581706,2960913149,10,5548d0d7589e2c1f9102b07457712df236d737c537aead1e3a35c0c8c888369b,40.09172050000052,pyvrp,40.0,0.018429330927506527,cvrp100_18300.json,0
"[""accepted""]",not_selected,True,0.26913526673342325,cvrp_s7799_n20-50-100_x66667_cvrp100_18312,0.0703030303030303,True,True,0.0,0.0,0.0,100,4,False,14.612091899810189,False,False,,False,14.342956633076765,4,4,5.555820266665119e-06,14.343036319965911,True,9102,14.342956633076765,3201446910,11,a4fb891ba1b87f03fadc8645b16fab4d473c602df607c0223485dabe7695b351,40.080656800000725,pyvrp,40.0,0.018418667811480115,cvrp100_18312.json,0
"[""pyvrp_cost_not_converged"", ""route_membership_ambiguous""]",unstable_cost,False,0.495509652623479,cvrp_s7799_n20-50-100_x66667_cvrp100_18382,0.09292929292929293,False,False,0.0,0.0,0.0,100,1,True,18.43824986043297,False,True,19.29293614566366,True,17.94274020780949,4,4,0.008271307093122987,18.091150122160407,False,9104,17.94274020780949,245344430,11,9372337dfe2ddd6ad0b1fdea9d04f6e77732fe485410a515a639b9a30f1f5c2c,40.09285209999871,pyvrp,40.0,0.026874006826797792,cvrp100_18382.json,0
"[""route_membership_ambiguous""]",unstable_matrix,True,0.3240543737521584,cvrp_s7799_n20-50-100_x66667_cvrp100_18549,0.11333333333333333,False,False,0.22,0.11050505050505051,0.07367003367003368,100,3,True,19.177035187110363,False,True,19.8727587955954,True,18.852980813358204,4,4,0.0017349744833903954,18.88569025400523,True,9102,18.852980813358204,1782929376,10,cf717698630994fe790d342d64c4f570338cf02f7cd76a614d32ad65e5014c82,40.085153199997876,pyvrp,40.0,0.01689804344573389,cvrp100_18549.json,0
"[""accepted""]",not_selected,True,0.20873828791679827,cvrp_s7799_n20-50-100_x66667_cvrp100_18882,0.0694949494949495,True,True,0.18,0.03313131313131313,0.016565656565656565,100,4,False,14.801837862596976,False,False,,False,14.593099574680178,4,4,0.0005335041316795844,14.600885053597281,True,9101,14.593099574680178,2650175294,11,a3c83b9783039c0853eabc479d191025b99d4bf147503b6753946ae10193b113,40.07234700000117,pyvrp,40.0,0.014102187164491426,cvrp100_18882.json,0
"[""route_membership_ambiguous""]",unstable_matrix,True,0.3213343785038596,cvrp_s7799_n20-50-100_x66667_cvrp100_18898,0.10484848484848484,False,False,0.19,0.06,0.06,100,2,True,17.465162467958784,False,True,18.134864195113863,True,17.143828089454924,4,4,0.0033819043107488514,17.20180687557339,True,9102,17.143828089454924,1248668699,11,8b4cbe0a1f5e1e31e07da6e1b560f04df59f91a2c34831d76368e36c9bdd89e6,40.1543969000013,pyvrp,40.0,0.0183985908572779,cvrp100_18898.json,0
"[""route_membership_ambiguous""]",unstable_matrix,True,0.509148728112077,cvrp_s7799_n20-50-100_x66667_cvrp100_19077,0.09757575757575758,False,False,0.21,0.05494949494949495,0.036632996632996635,100,3,True,18.10304900760411,False,True,18.587868591216637,True,17.593900279492033,4,4,0.0012889617590476758,17.616578144144796,True,9104,17.593900279492033,2141794281,10,d3c4da5200417cbc445616724b20edb211124fc11d2723b3d74403e22751d13d,40.088752299998305,pyvrp,40.0,0.028125026226146283,cvrp100_19077.json,0
"[""route_membership_ambiguous""]",unstable_matrix,True,0.6566982709455544,cvrp_s7799_n20-50-100_x66667_cvrp100_19291,0.08424242424242424,False,False,0.21,0.06767676767676768,0.047373737373737373,100,4,True,20.162646175418434,False,True,21.098848344839677,True,19.50594790447288,4,4,0.00030081848936674093,19.51181565425517,True,9102,19.50594790447288,32506927,11,a8754568fd3c8146669c2369962f94a95fb677eb10e5340069a2d949a36189bd,40.12083809999967,pyvrp,40.0,0.03257004389365207,cvrp100_19291.json,0
"[""accepted""]",not_selected,True,0.38647064391550323,cvrp_s7799_n20-50-100_x66667_cvrp100_19495,0.0797979797979798,True,True,0.0,0.0,0.0,100,2,False,15.911079609108493,False,False,,False,15.52460896519299,4,4,0.004810686164288478,15.599292986747832,True,9101,15.52460896519299,151032556,10,be3052f5a1246b86626a2ab28ad46e72a5f6e103dbfa8a41ad0073aad8ec95ba,40.08948489999966,pyvrp,40.0,0.024289404201979066,cvrp100_19495.json,0
"[""pyvrp_cost_not_converged"", ""route_membership_ambiguous""]",unstable_cost,False,0.2576255984533766,cvrp_s7799_n20-50-100_x66667_cvrp100_19556,0.09656565656565656,False,False,0.23,0.055757575757575756,0.03717171717171717,100,3,True,15.974112827924198,False,True,16.700092672064137,True,15.716487229470822,4,4,0.008266432936363607,15.846406517148457,False,9101,15.716487229470822,1595659996,10,eca5b341b8f0701185ea3388f15b752d777ca94c9ec0e7068ff2f258698a6d84,40.089569499999925,pyvrp,40.0,0.016127693677173965,cvrp100_19556.json,0
"[""accepted""]",not_selected,True,0.3218039240881492,cvrp_s7799_n20-50-100_x66667_cvrp100_19586,0.06464646464646465,True,True,0.2,0.04686868686868687,0.023434343434343436,100,4,False,13.479497031231949,False,False,,False,13.1576931071438,4,4,5.3386154162433524e-05,13.15839554577644,True,9102,13.1576931071438,18046471,10,c9b45f44c19318a8a562c9c2450db5c4356daa4b5eb85622d0dc3a23074a3f88,40.08990579999954,pyvrp,40.0,0.02387358544184034,cvrp100_19586.json,-1
"[""pyvrp_cost_not_converged"", ""route_membership_ambiguous""]",unstable_cost,False,0.47497688370374647,cvrp_s7799_n20-50-100_x66667_cvrp100_19767,0.08565656565656565,False,False,0.0,0.0,0.0,100,1,True,16.555488347365472,False,True,16.693276322027238,True,16.080511463661725,4,4,0.00815601389337005,16.211664338571847,False,9104,16.080511463661725,534305144,10,b74b2bacbcb891919eacf0c7aad02072b3fe43c947098218ca0339b8651fe6d9,40.08958750000238,pyvrp,40.0,0.028689995350051456,cvrp100_19767.json,-1
"[""accepted""]",not_selected,True,0.3281002929533372,cvrp_s7799_n20-50-100_x66667_cvrp100_19831,0.04323232323232323,True,True,0.2,0.03898989898989899,0.024882154882154884,100,4,False,20.09884333648721,False,False,,False,19.770743043533873,4,4,6.637102144690157e-05,19.772055247944436,True,9103,19.770743043533873,474139718,11,32fed955f635b86417c49f6f9d467bfff81a8737d4c40888e0f0e28c110565cf,40.129150499997195,pyvrp,40.0,0.016324337050665383,cvrp100_19831.json,0
"[""pyvrp_cost_not_converged""]",unstable_cost,False,0.17427273249347408,cvrp_s7799_n20-50-100_x66667_cvrp100_19838,0.05616161616161616,True,False,0.17,0.025252525252525252,0.016835016835016835,100,3,True,16.903621036741797,False,True,17.54023411903233,True,16.729348304248322,4,4,0.007341268945940171,16.852162949440118,False,9103,16.729348304248322,3499132579,12,65475c799cdd83641703f2569bf5237c37de7e9879d247983d369eea33b2216a,40.099192500001664,pyvrp,40.0,0.010309787004492942,cvrp100_19838.json,0
"[""accepted""]",stable_control,True,0.3868875274167962,cvrp_s7799_n20-50-100_x66667_cvrp100_20010,0.07171717171717172,True,True,0.0,0.0,0.0,100,4,False,16.0272343774917,False,True,17.052456225601304,True,15.640346850074902,4,4,2.02260846525653e-05,15.640663193054287,True,9102,15.640346850074902,2689585099,11,dac8695f635405855d68123d46036ea63783812c73505e6b0d8a6514223ad788,40.09268489999886,pyvrp,40.0,0.02413938164903439,cvrp100_20010.json,0
"[""pyvrp_cost_not_converged"", ""route_membership_ambiguous""]",unstable_cost,False,0.3672176963886429,cvrp_s7799_n20-50-100_x66667_cvrp100_20097,0.09313131313131313,False,False,0.0,0.0,0.0,100,1,True,16.812871087904384,False,True,18.244168146981618,True,16.44565339151574,4,4,0.002503422172259866,16.486823804853362,False,9102,16.44565339151574,2679974079,10,211fe7039d450e2834537a6b531f166d611cd57881748b3c28e7aaae3855bdb1,40.089804399998684,pyvrp,40.0,0.0218414626787229,cvrp100_20097.json,0
"[""pyvrp_cost_not_converged""]",unstable_cost,False,0.2311754598559972,cvrp_s7799_n20-50-100_x66667_cvrp100_20160,0.05454545454545454,True,False,0.0,0.0,0.0,100,3,True,16.692279321730684,False,True,17.55761308283117,True,16.461103861874687,4,4,0.008187786351703728,16.595883863408922,False,9103,16.461103861874687,2713394849,11,61b885154d4382a4e9720b979829c18ab482747f88d51cdea7a15854ba7bb1f1,40.088635399999475,pyvrp,40.0,0.013849244635814573,cvrp100_20160.json,0
"[""pyvrp_cost_not_converged""]",unstable_cost,False,0.3599381650002069,cvrp_s7799_n20-50-100_x66667_cvrp100_20267,0.09575757575757576,True,False,0.0,0.0,0.0,100,3,True,16.134780970636776,False,True,16.783508976255757,True,15.774842805636569,4,4,0.005349922363719536,15.859236989946604,False,9102,15.774842805636569,3021345565,10,4e55b833c1ddbdac536340e9644d96351176e8ae98947306b6f1f091fed97819,40.08926120000251,pyvrp,40.0,0.02230821513197161,cvrp100_20267.json,0
"[""accepted""]",stable_control,True,0.31010582306515744,cvrp_s7799_n20-50-100_x66667_cvrp100_20549,0.06262626262626263,True,True,0.0,0.0,0.0,100,4,False,17.326606533527478,False,True,18.226632190766974,True,17.01650071046232,4,4,4.17561017890849e-16,17.016500710462328,True,9102,17.01650071046232,1845481967,11,49b35438ffc882e1145425d329d2abe372e97c956d653fac31c4b442124360c8,40.0842029000014,pyvrp,40.0,0.017897666370220493,cvrp100_20549.json,0
"[""accepted""]",not_selected,True,0.2172384711443538,cvrp_s7799_n20-50-100_x66667_cvrp100_20685,0.07858585858585859,True,True,0.17,0.006868686868686869,0.004579124579124579,100,4,False,13.19871092919018,False,False,,False,12.981472458045825,4,4,7.379263119545677e-05,12.982430395055296,True,9102,12.981472458045825,1436101582,10,5b2ec12474881eb1b7bf3a49f0e1f678675fb3b7572100e3e1a603106efd268b,40.08911690000241,pyvrp,40.0,0.01645906727632853,cvrp100_20685.json,0
"[""pyvrp_cost_not_converged""]",unstable_cost,False,0.16929972382308378,cvrp_s7799_n20-50-100_x66667_cvrp100_20726,0.07151515151515152,True,False,0.0,0.0,0.0,100,2,True,15.600774797954514,False,True,16.18857293961617,True,15.43147507413143,4,4,0.005077495528832225,15.509828319823619,False,9103,15.43147507413143,2158227760,10,0f8df161541e8c85e778ab8fa83d74bdf998dfd961bcd8b9de8701962a143117,40.13786590000018,pyvrp,40.0,0.010852007417303492,cvrp100_20726.json,0
"[""route_membership_ambiguous""]",unstable_matrix,True,0.4518671687470608,cvrp_s7799_n20-50-100_x66667_cvrp100_20821,0.10949494949494949,False,False,0.21,0.08060606060606061,0.08060606060606061,100,2,True,18.04150721581996,False,True,18.533250940311127,True,17.589640047072898,4,4,0.003856844973700685,17.657480561877655,True,9102,17.589640047072898,1583859714,10,cd5c2e8ac63f1af8f801163742131cd3c007fa1e9f725a290cf2e296115b5448,40.08640569999989,pyvrp,40.0,0.02504597666600906,cvrp100_20821.json,0
"[""accepted""]",not_selected,True,0.22048083639472438,cvrp_s7799_n20-50-100_x66667_cvrp100_20970,0.09575757575757576,True,True,0.0,0.0,0.0,100,3,False,14.531820997190222,False,False,,False,14.311340160795497,4,4,0.0037059773827281257,14.364377663747934,True,9101,14.311340160795497,1887568798,11,b8ca7de0de6651ad823e4ecd73be0d08dd10072e84da8a5ab4aaa381489d00ea,40.08724300000176,pyvrp,40.0,0.015172278576604758,cvrp100_20970.json,1
"[""route_membership_ambiguous""]",unstable_matrix,True,0.31471728894051765,cvrp_s7799_n20-50-100_x66667_cvrp100_21016,0.10929292929292929,False,False,0.22,0.0905050505050505,0.062356902356902354,100,4,True,17.963215059501255,False,True,18.186159928100317,True,17.648497770560738,4,4,0.0005449759311214218,17.658115777066143,True,9101,17.648497770560738,826011087,11,d0e76cc557f493059df7281c101b7391c50dd82e24db890bd7581fa15c7ce3f0,40.09150559999762,pyvrp,40.0,0.01752009803913441,cvrp100_21016.json,0
"[""pyvrp_cost_not_converged"", ""route_membership_ambiguous""]",unstable_cost,False,0.27503522112660583,cvrp_s7799_n20-50-100_x66667_cvrp100_21122,0.04303030303030303,False,False,0.0,0.0,0.0,100,1,True,15.471353230458101,False,True,17.076837019851364,True,15.196318009331495,4,4,0.009301101296730521,15.337660502473618,False,9101,15.196318009331495,309861440,11,0dfa3ec797190d553f82aa4d738fcf0f040a8538ebb9eee7b58a7d9d49a6f77e,40.089893999997,pyvrp,40.0,0.017777063003457917,cvrp100_21122.json,0
"[""accepted""]",not_selected,True,0.35361333833738584,cvrp_s7799_n20-50-100_x66667_cvrp100_21192,0.11757575757575757,True,True,0.21,0.04828282828282828,0.04828282828282828,100,2,False,17.688287642630012,False,False,,False,17.334674304292626,4,4,0.00145576328493492,17.35990948670112,True,9101,17.334674304292626,3846103482,10,b510ba0656708f49cc39466a32b6eda1d4b78645fbfb377aa7ab18c74d52a684,40.09166819999882,pyvrp,40.0,0.019991383308645035,cvrp100_21192.json,0
"[""route_membership_ambiguous""]",unstable_matrix,True,0.20382707455566695,cvrp_s7799_n20-50-100_x66667_cvrp100_21228,0.08,False,False,0.21,0.07838383838383839,0.054814814814814816,100,3,True,15.626087208748965,False,True,18.27013336916421,True,15.422260134193298,4,4,0.001961266112866515,15.452507290378303,True,9103,15.422260134193298,4220011925,12,477a0bf8307603289594aad223bd68eac011ae225abf52dd06a970201dfc663b,40.08429470000192,pyvrp,40.0,0.013044025150553699,cvrp100_21228.json,0
"[""accepted""]",stable_control,True,0.33170629036794885,cvrp_s7799_n20-50-100_x66667_cvrp100_21269,0.043434343434343436,True,True,0.0,0.0,0.0,100,4,False,15.455922479427855,False,True,16.17295468162194,True,15.124216189059906,4,4,4.698046674802697e-16,15.124216189059913,True,9101,15.124216189059906,1829583403,10,a8585a0695d2381bf427eb0870b9cccf6432dc4ad5885fe9b711f85b00dcb6bb,40.08305710000059,pyvrp,40.0,0.02146143595178202,cvrp100_21269.json,0
"[""pyvrp_cost_not_converged"", ""route_membership_ambiguous""]",unstable_cost,False,0.1661236269770452,cvrp_s7799_n20-50-100_x66667_cvrp100_21337,0.09313131313131313,False,False,0.0,0.0,0.0,100,1,True,12.442264072703166,False,True,13.319017414840264,True,12.27614044572612,4,4,0.012299986604740592,12.427136808766466,False,9104,12.27614044572612,2234245335,10,a5b915628741efb95905bf58b56e8c1e8d947b051c2e566fa9ac703961a7b064,40.08751769999799,pyvrp,40.0,0.013351559330869732,cvrp100_21337.json,0
"[""accepted""]",not_selected,True,0.12178193381714131,cvrp_s7799_n20-50-100_x66667_cvrp100_2149,0.06323232323232324,True,True,0.0,0.0,0.0,100,4,False,13.220330263744032,False,False,,False,13.09854832992689,4,4,5.424591472756479e-16,13.098548329926897,True,9104,13.09854832992689,3060339395,10,2b11199b91d5cfb1e216f7098c5914aadadadab01620225be9c2360b5fe43ba7,40.09196130000055,pyvrp,40.0,0.009211716453946767,cvrp100_2149.json,0
"[""accepted""]",not_selected,True,0.32005117207812717,cvrp_s7799_n20-50-100_x66667_cvrp100_21759,0.08303030303030302,True,True,0.19,0.045858585858585856,0.03057239057239057,100,4,False,16.423153520669434,False,False,,False,16.103102348591307,4,4,0.0006020558057894738,16.1127973148515,True,9101,16.103102348591307,2693204350,10,b2a02e5000f3a16676056cf2cf36203dd739c0dc380383991f0c77e046f3ace7,40.08313679999992,pyvrp,40.0,0.019487802490266277,cvrp100_21759.json,0
"[""accepted""]",not_selected,True,0.44117440242289163,cvrp_s7799_n20-50-100_x66667_cvrp100_21763,0.07131313131313131,True,True,0.0,0.0,0.0,100,4,False,17.331849479539063,False,False,,False,16.89067507711617,4,4,4.2067160283176477e-16,16.890675077116178,True,9103,16.89067507711617,1217714567,11,3440145889c422fcb781b6904baa9057ea36d391b570958a16689a3dc48eb6e8,40.08834790000037,pyvrp,40.0,0.02545454845680004,cvrp100_21763.json,0
"[""pyvrp_cost_not_converged""]",unstable_cost,False,0.5092202496362788,cvrp_s7799_n20-50-100_x66667_cvrp100_21894,0.06909090909090909,True,False,0.0,0.0,0.0,100,3,True,15.825558868763187,False,True,16.2671829744711,True,15.316338619126908,4,4,0.010368047221307351,15.47513914118755,False,9102,15.316338619126908,609367761,10,f0fdd0dd34ea835dd7944893af849658d9ee125c7fad47480ba419ceccfd67da,40.08874680000008,pyvrp,40.0,0.03217707847533828,cvrp100_21894.json,0
"[""route_membership_ambiguous""]",unstable_matrix,True,0.3850073866464143,cvrp_s7799_n20-50-100_x66667_cvrp100_21909,0.0995959595959596,False,False,0.23,0.06565656565656566,0.04377104377104377,100,3,True,16.685626894429397,False,True,17.270055472017727,True,16.300619507782983,4,4,0.004532365048228405,16.37449986590453,True,9103,16.300619507782983,2099347344,11,730eb62301f38bebf0d7c83239f1f4d92834626deb119b6437d1d3bcd004a67f,40.082241600001,pyvrp,40.0,0.023074193680727183,cvrp100_21909.json,0
"[""accepted""]",not_selected,True,0.28736510255394165,cvrp_s7799_n20-50-100_x66667_cvrp100_21995,0.08505050505050506,True,True,0.18,0.007272727272727273,0.007272727272727273,100,2,False,15.98086068412524,False,False,,False,15.693495581571298,4,4,0.0045825732669215235,15.765412174887958,True,9103,15.693495581571298,1599376123,11,d64a7c997463cd49ea66326d1c773b5ff330efe46b42c53abc54c2bf27b27b3d,40.09187469999961,pyvrp,40.0,0.017981828903583328,cvrp100_21995.json,0
"[""accepted""]",not_selected,True,0.3791368124601249,cvrp_s7799_n20-50-100_x66667_cvrp100_22031,0.07191919191919192,True,True,0.2,0.017373737373737375,0.017373737373737375,100,2,False,17.729718369658386,False,False,,False,17.35058155719826,4,4,0.0013831213866756324,17.37457951762128,True,9102,17.35058155719826,257866894,10,873007709ff0f2e75f3a5c4490ba94beefcc9c718e4d0bfc1fc7ddb5a93389e8,40.09917050000149,pyvrp,40.0,0.02138425464833991,cvrp100_22031.json,0
"[""accepted""]",stable_control,True,0.20543856386541925,cvrp_s7799_n20-50-100_x66667_cvrp100_22252,0.044848484848484846,True,True,0.0,0.0,0.0,100,3,False,15.27866436727147,False,True,15.95920249524455,True,15.07322580340605,4,4,0.0014523645285054816,15.09511762189307,True,9103,15.07322580340605,2789583645,11,2c264b6719ca1d5de1e3925a4a1d1b38ad6ed494045290462028cfbb00ba70e0,40.10054880000098,pyvrp,40.0,0.013446107521380639,cvrp100_22252.json,0
"[""accepted""]",not_selected,True,0.15284341729768514,cvrp_s7799_n20-50-100_x66667_cvrp100_22454,0.052525252525252523,True,True,0.0,0.0,0.0,100,4,False,16.24242132159527,False,False,,False,16.089577904297585,4,4,2.2080838291298856e-16,16.089577904297588,True,9103,16.089577904297585,2937833228,11,95a984c3b3747460c0c20cf48641c7d373c309bbd611d3db12b6ee941cbfb348,40.09905869999784,pyvrp,40.0,0.009410137458660223,cvrp100_22454.json,0
"[""accepted""]",not_selected,True,0.24104719276386177,cvrp_s7799_n20-50-100_x66667_cvrp100_22627,0.07818181818181819,True,True,0.19,0.03414141414141414,0.02276094276094276,100,3,False,14.706260296739288,False,False,,False,14.465213103975426,4,4,0.003574579171258246,14.516920153444708,True,9102,14.465213103975426,4291078105,11,73c6fd65783ce28bb0d264127cddde68059460e15d69a97b7d0d98f4acf33134,40.0947797000008,pyvrp,40.0,0.016390787861772543,cvrp100_22627.json,0
"[""accepted""]",not_selected,True,0.28425388018926157,cvrp_s7799_n20-50-100_x66667_cvrp100_23034,0.09696969696969697,True,True,0.0,0.0,0.0,100,2,False,16.58581541472989,False,False,,False,16.301561534540628,4,4,0.00491521285145197,16.381687179293937,True,9104,16.301561534540628,1933326555,11,e7f2279bec92d0c7d63a3f2ce1ca98430a41805b0f92e23b98b24fe6697b20a6,40.08657630000016,pyvrp,40.0,0.017138372342960916,cvrp100_23034.json,0
"[""accepted""]",not_selected,True,0.2490359261645132,cvrp_s7799_n20-50-100_x66667_cvrp100_23078,0.06808080808080808,True,True,0.21,0.03414141414141414,0.01882154882154882,100,4,False,19.85305349537121,False,False,,False,19.604017569206697,4,4,0.0003448596217886236,19.61077820329115,True,9104,19.604017569206697,149595059,11,14c00b98f067a8ea0e712c87f67d9024f7b05622330245a9ff999921305fb726,40.10543469999902,pyvrp,40.0,0.012543960868416365,cvrp100_23078.json,0
"[""accepted""]",not_selected,True,0.19716397615548864,cvrp_s7799_n20-50-100_x66667_cvrp100_2322,0.07373737373737374,True,True,0.0,0.0,0.0,100,2,False,15.744338407287552,False,False,,False,15.547174431132063,4,4,0.003577093053007467,15.602788120783561,True,9102,15.547174431132063,3814282280,11,2de0ae39171257c2e363617db7d2a0f311de61e4ce144887ef63a6d771c2e50b,40.089085599996906,pyvrp,40.0,0.012522849233488764,cvrp100_2322.json,0
"[""route_membership_ambiguous""]",unstable_matrix,True,0.15170383303293988,cvrp_s7799_n20-50-100_x66667_cvrp100_23571,0.04080808080808081,False,False,0.21,0.051111111111111114,0.025555555555555557,100,4,True,13.626099894946352,False,True,13.917132862763738,True,13.474396061913412,4,4,0.00022957966227496866,13.477489509210665,True,9103,13.474396061913412,1280674389,10,1ca4278085ba5a1bffbe2580b75207fe47f3734532305f74922ab5b86fb68461,40.093279199998506,pyvrp,40.0,0.011133327526037278,cvrp100_23571.json,0
"[""accepted""]",not_selected,True,0.2118355395204805,cvrp_s7799_n20-50-100_x66667_cvrp100_23575,0.05555555555555555,True,True,0.0,0.0,0.0,100,4,False,15.453135612786394,False,False,,False,15.241300073265913,4,4,2.3309781066722504e-16,15.241300073265917,True,9104,15.241300073265913,1561887961,11,a67004440ba8951b3e526571f81649ca0b745e3fce1ec4670506b9eb7c5ca8b0,40.088582600001246,pyvrp,40.0,0.013708256034794735,cvrp100_23575.json,0
"[""accepted""]",stable_control,True,0.11116188692273177,cvrp_s7799_n20-50-100_x66667_cvrp100_23653,0.03111111111111111,True,True,0.0,0.0,0.0,100,4,False,14.46733626719217,False,True,15.361033906801106,True,14.356174380269438,4,4,3.7120408104855683e-16,14.356174380269444,True,9101,14.356174380269438,203743984,10,395cdfd4afc2d07a111a568036ca1fa34b6aafa7f91d482c4b5005bc971cc886,40.07924180000191,pyvrp,40.0,0.007683645756877547,cvrp100_23653.json,0
"[""pyvrp_cost_not_converged""]",unstable_cost,False,0.2301499835783769,cvrp_s7799_n20-50-100_x66667_cvrp100_23786,0.06303030303030303,True,False,0.0,0.0,0.0,100,2,True,16.230079041236152,False,True,16.677324335841003,True,15.999929057657775,4,4,0.005911154638343057,16.09450711252011,False,9104,15.999929057657775,634800214,10,8973024c645447869b70bfd11c5f880c1b402131e4207f0aa7d6c53ce2b5a7d9,40.08062159999827,pyvrp,40.0,0.01418045981129416,cvrp100_23786.json,0
"[""accepted""]",stable_control,True,0.2984514509358718,cvrp_s7799_n20-50-100_x66667_cvrp100_23833,0.06424242424242424,True,True,0.0,0.0,0.0,100,4,False,17.641234875055083,False,True,17.9173237855415,True,17.34278342411921,4,4,4.0970513116823205e-16,17.34278342411922,True,9102,17.34278342411921,850810964,11,78a572fd3f18006f43d3b5b93a4c5df49962abf09f554be53da084ab79a32bad,40.08651069999905,pyvrp,40.0,0.016917832172728776,cvrp100_23833.json,0
"[""accepted""]",not_selected,True,0.4530281597100956,cvrp_s7799_n20-50-100_x66667_cvrp100_24088,0.07171717171717172,True,True,0.0,0.0,0.0,100,3,False,16.452212977213023,False,False,,False,15.999184817502927,4,4,0.002597625331522957,16.04074470526859,True,9103,15.999184817502927,920162904,10,a1a0769236d96435e9f8d1d399674113782b367fd769220220e4b8b7e1a4b8c4,40.14354169999933,pyvrp,40.0,0.027536001408294302,cvrp100_24088.json,0
"[""accepted""]",not_selected,True,0.12844935410817016,cvrp_s7799_n20-50-100_x66667_cvrp100_24196,0.04767676767676768,True,True,0.0,0.0,0.0,100,4,False,13.496487006999688,False,False,,False,13.368037652891518,4,4,2.657617947412084e-16,13.368037652891521,True,9102,13.368037652891518,802286057,10,9a254ba3b4d4fbb39967c60e35eafa0acdb8f8aba0b58e98e3efe9d8ad5a4409,40.08675960000255,pyvrp,40.0,0.009517243564310655,cvrp100_24196.json,0
"[""accepted""]",not_selected,True,0.15304318968832042,cvrp_s7799_n20-50-100_x66667_cvrp100_24395,0.06868686868686869,True,True,0.0,0.0,0.0,100,2,False,14.393461570385012,False,False,,False,14.240418380696692,4,4,0.0013462346476540768,14.259589325317876,True,9104,14.240418380696692,1682279161,11,c1410e69f8e5516c4499b572f7b2a4b8b9d502bd57639c9b50b79a55651cca44,40.091195199998765,pyvrp,40.0,0.010632827200040015,cvrp100_24395.json,0
"[""pyvrp_cost_not_converged""]",unstable_cost,False,0.31487951670078473,cvrp_s7799_n20-50-100_x66667_cvrp100_24461,0.09191919191919191,True,False,0.19,0.03737373737373737,0.024915824915824916,100,3,True,16.651140626992234,False,True,17.398864362454425,True,16.33626111029145,4,4,0.009034425052561657,16.483849836931455,False,9102,16.33626111029145,2285598987,10,57fb8f24436f784e8851cf8fd27b82c214220206c9faa3c9b0c3078b02edd023,40.0859515000011,pyvrp,40.0,0.018910387207369515,cvrp100_24461.json,0
"[""accepted""]",not_selected,True,0.28213567255258454,cvrp_s7799_n20-50-100_x66667_cvrp100_24577,0.07676767676767676,True,True,0.0,0.0,0.0,100,2,False,16.686456509150606,False,False,,False,16.40432083659802,4,4,0.001515747251836112,16.429185640824333,True,9103,16.40432083659802,2918551880,11,476ed2ed7753b63f5a175a8254d9f3b8df9ad45ce0dc69636e5280fc85d12934,40.0958169000005,pyvrp,40.0,0.016908063877903945,cvrp100_24577.json,0
"[""accepted""]",not_selected,True,0.3992098104829793,cvrp_s7799_n20-50-100_x66667_cvrp100_24589,0.09656565656565656,True,True,0.22,0.04868686868686869,0.04868686868686869,100,2,False,19.70244160185241,False,False,,False,19.30323179136943,4,4,0.002343565079225756,19.348470171311885,True,9103,19.30323179136943,445218887,10,f6c569f68e2a1fbc00caa2cc45b391a6d90e775b0cee1f166e854051e77ad8d7,40.08789149999939,pyvrp,40.0,0.020261946135926925,cvrp100_24589.json,0
"[""accepted""]",not_selected,True,0.07760690948988369,cvrp_s7799_n20-50-100_x66667_cvrp100_24738,0.08888888888888889,True,True,0.0,0.0,0.0,100,2,False,16.80193273535495,False,False,,False,16.724325825865066,4,4,0.004404071531266919,16.79798095311439,True,9101,16.724325825865066,842795199,11,c1f909dc25a771101bbba529cccf9c5698b89f494655f7858e2af94c0d818df8,40.15336699999898,pyvrp,40.0,0.004618927519366968,cvrp100_24738.json,0
"[""route_membership_ambiguous""]",unstable_matrix,True,0.3270112688502138,cvrp_s7799_n20-50-100_x66667_cvrp100_2484,0.03838383838383838,False,False,0.21,0.07858585858585859,0.039292929292929296,100,4,True,15.685107121109127,False,True,16.904468259704128,True,15.358095852258913,4,4,0.0009506478063209344,15.37269599239013,True,9102,15.358095852258913,583911512,10,7393b316195af8d2ea4cd6e8b4f87604e4869b79b7478706fa1400d6dce11316,40.090631200000644,pyvrp,40.0,0.020848519957515608,cvrp100_2484.json,0
"[""pyvrp_cost_not_converged""]",unstable_cost,False,0.2445738931878907,cvrp_s7799_n20-50-100_x66667_cvrp100_25004,0.05898989898989899,True,False,0.0,0.0,0.0,100,2,True,14.019860455071282,False,True,15.768783838407318,True,13.77528656188339,4,4,0.010721982281600975,13.92298494032388,False,9101,13.77528656188339,1120283225,10,1c56f7a0580c4191e26c035f4b53645d91aa54065f362a9f63e9e6bd20f34090,40.08154289999948,pyvrp,40.0,0.017444816513806534,cvrp100_25004.json,-1
"[""accepted""]",not_selected,True,0.22285061112055615,cvrp_s7799_n20-50-100_x66667_cvrp100_25052,0.03696969696969697,True,True,0.0,0.0,0.0,100,4,False,13.780617634947612,False,False,,False,13.557767023827056,4,4,3.930640280833262e-16,13.557767023827061,True,9103,13.557767023827056,2196253436,11,f5a1a35cb35ab667e60a8b0bffdaaf4ea4b80e11e33776d730d0e3bf4c1627e5,40.09001429999989,pyvrp,40.0,0.016171307921308806,cvrp100_25052.json,0
"[""accepted""]",stable_control,True,0.3236727923712692,cvrp_s7799_n20-50-100_x66667_cvrp100_25155,0.0698989898989899,True,True,0.0,0.0,0.0,100,2,False,18.18908092614169,False,True,18.72214525873837,True,17.86540813377042,4,4,0.0021451443451025987,17.903732013001527,True,9102,17.86540813377042,249696867,11,ecb6947a6417d0c2def7c44219d966ab4a416c6cb932880b6bf8f51762bf56b9,40.082482300000265,pyvrp,40.0,0.01779489539276724,cvrp100_25155.json,0
"[""pyvrp_cost_not_converged"", ""route_membership_ambiguous""]",unstable_cost,False,0.13732929305019326,cvrp_s7799_n20-50-100_x66667_cvrp100_25157,0.07474747474747474,False,False,0.0,0.0,0.0,100,1,True,14.999506613282353,False,True,15.344840398145859,True,14.86217732023216,4,4,0.0023332578363808257,14.896854611930273,False,9103,14.86217732023216,4140003167,11,d462c7ed327d252a82b676f3b4e2046c2f0ad6792eaffb482677658b1e594669,40.11720119999882,pyvrp,40.0,0.0091555873530257,cvrp100_25157.json,0
"[""accepted""]",stable_control,True,0.20947187827859892,cvrp_s7799_n20-50-100_x66667_cvrp100_25350,0.041616161616161614,True,True,0.0,0.0,0.0,100,4,False,12.394219835489478,False,True,12.551168772743713,True,12.18474795721088,4,4,5.831411025121813e-16,12.184747957210886,True,9101,12.18474795721088,610880315,10,b6a470890bca71de65b6ad6028c7d4e8e6bf2274f52c0d155a9bf10818050059,40.09781930000099,pyvrp,40.0,0.01690077157408483,cvrp100_25350.json,0
"[""accepted""]",not_selected,True,0.12249308389750624,cvrp_s7799_n20-50-100_x66667_cvrp100_25837,0.036565656565656565,True,True,0.0,0.0,0.0,100,2,False,14.155655923667203,False,False,,False,14.033162839769696,4,4,0.0024366266472983255,14.067356418290956,True,9102,14.033162839769696,909838599,10,885fa0cc77d5f4c5dbc8a1ab14d566b314f71772021255978281ec94b98f062a,40.09295800000109,pyvrp,40.0,0.008653296220114175,cvrp100_25837.json,0
"[""accepted""]",stable_control,True,0.46245523637786334,cvrp_s7799_n20-50-100_x66667_cvrp100_25894,0.09717171717171717,True,True,0.0,0.0,0.0,100,3,False,17.345968714504544,False,True,18.383238557873874,True,16.88351347812668,4,4,0.0012185564307203105,16.904086992048605,True,9102,16.88351347812668,1322625548,10,112e3b93fdcffa2f78a9d369f728c4ba203c2d2dc6ae00b0a459d0be91e9de63,40.10613220000232,pyvrp,40.0,0.026660675110705256,cvrp100_25894.json,0
"[""accepted""]",not_selected,True,0.13512470656428732,cvrp_s7799_n20-50-100_x66667_cvrp100_25903,0.08161616161616161,True,True,0.0,0.0,0.0,100,4,False,14.912579995551301,False,False,,False,14.777455288987014,4,4,2.4041444276594644e-16,14.777455288987017,True,9102,14.777455288987014,837180782,10,e8fa63e1c077ff0121d10754d0f45cfc0b7d8b0aa53f282876ad10e96b781a1b,40.093400000001566,pyvrp,40.0,0.009061121992612782,cvrp100_25903.json,0
"[""accepted""]",stable_control,True,0.33703712691277055,cvrp_s7799_n20-50-100_x66667_cvrp100_26073,0.09737373737373738,True,True,0.0,0.0,0.0,100,4,False,15.001886204281867,False,True,16.07750690249479,True,14.664849077369096,4,4,7.26781501819151e-16,14.664849077369107,True,9101,14.664849077369096,1961013561,9,453e59b534d7515c34ac1ed844f855304c110b8b2428111bef64ff9a9e429f24,40.09006149999914,pyvrp,40.0,0.02246631672333128,cvrp100_26073.json,0
"[""pyvrp_cost_not_converged"", ""route_membership_ambiguous""]",unstable_cost,False,0.11874161846683329,cvrp_s7799_n20-50-100_x66667_cvrp100_26200,0.0705050505050505,False,False,0.19,0.08121212121212121,0.08121212121212121,100,2,True,15.230813698695876,False,True,16.102078843232828,True,15.112072080229042,4,4,0.007014243567116854,15.218071834603595,False,9101,15.112072080229042,3162121547,11,7739cbd452684a70450fefcfcc0b46fb0ac53156ee0b49849741bb2b712dfdff,40.09530879999875,pyvrp,40.0,0.0077961441073237225,cvrp100_26200.json,0
"[""accepted""]",not_selected,True,0.19295778391230733,cvrp_s7799_n20-50-100_x66667_cvrp100_2629,0.04262626262626262,True,True,0.0,0.0,0.0,100,4,False,14.799799400297754,False,False,,False,14.606841616385447,4,4,4.864451566059552e-16,14.606841616385454,True,9103,14.606841616385447,2275931296,11,ef45fdc6955b5829df0babcd5f21f83e63b63e2f836a28cc7bbcd0d9488aac65,40.08324609999909,pyvrp,40.0,0.013037864817845116,cvrp100_2629.json,0
"[""accepted""]",not_selected,True,0.14536373154530402,cvrp_s7799_n20-50-100_x66667_cvrp100_26468,0.04525252525252525,True,True,0.0,0.0,0.0,100,4,False,14.229862350703973,False,False,,False,14.08449861915867,4,4,2.522428220460659e-16,14.084498619158673,True,9101,14.08449861915867,3096094282,11,754e881ca6216219661dd1d7202758fadb194c9acd74f7bf83ba6ef1a85a9e42,40.08870730000126,pyvrp,40.0,0.010215399696969848,cvrp100_26468.json,0
"[""accepted""]",stable_control,True,0.20176918321637416,cvrp_s7799_n20-50-100_x66667_cvrp100_26885,0.05858585858585859,True,True,0.0,0.0,0.0,100,2,False,14.688066599311224,False,True,15.074628477515876,True,14.48629741609485,4,4,0.0035348626699801973,14.537504488057234,True,9103,14.48629741609485,1465694357,11,03919cb27c54560d53a968cad722e92bf00f26c0e1ea0e837a61d8b6bd54a909,40.14143949999925,pyvrp,40.0,0.013736946374265204,cvrp100_26885.json,0
"[""accepted""]",not_selected,True,0.42374551741406563,cvrp_s7799_n20-50-100_x66667_cvrp100_2698,0.08444444444444445,True,True,0.19,0.010101010101010102,0.0063299663299663305,100,4,False,18.813496013696433,False,False,,False,18.389750496282367,4,4,1.3558654865156119e-05,18.389999836562403,True,9104,18.389750496282367,1065679160,11,010d3ba907b9859fcdcab78629fd0535466d0a0ba37945919effcda8d83b9e24,40.086892100000114,pyvrp,40.0,0.022523486177453367,cvrp100_2698.json,0
"[""accepted""]",not_selected,True,0.3258797419127504,cvrp_s7799_n20-50-100_x66667_cvrp100_2711,0.0905050505050505,True,True,0.0,0.0,0.0,100,2,False,14.739709778265292,False,False,,False,14.413830036352541,4,4,0.003170525691125886,14.459529454790319,True,9101,14.413830036352541,3317565461,10,5ef3f59333b02af1e58871b190c1f03a03c4b69c90c49f5272153a62ee21f235,40.080368299997644,pyvrp,40.0,0.022108965971180946,cvrp100_2711.json,0
"[""pyvrp_cost_not_converged"", ""route_membership_ambiguous""]",unstable_cost,False,0.31610679774625083,cvrp_s7799_n20-50-100_x66667_cvrp100_27222,0.09474747474747475,False,False,0.0,0.0,0.0,100,1,True,14.601434099180233,False,True,14.689150463087781,True,14.285327301433982,4,4,0.0022996616643743,14.31817872099213,False,9103,14.285327301433982,1985790054,10,d679a118a53283a119c8a81338d3b72263e9a64db0c0dbf246a5e6210f26eb24,40.082061400000384,pyvrp,40.0,0.02164902403415278,cvrp100_27222.json,0
"[""accepted""]",not_selected,True,0.10073605797679797,cvrp_s7799_n20-50-100_x66667_cvrp100_2739,0.045858585858585856,True,True,0.2,0.014141414141414142,0.007070707070707071,100,4,False,16.098362084199753,False,False,,False,15.997626026222955,4,4,0.00013444137821179544,15.999776769114037,True,9101,15.997626026222955,3192175668,11,1ddd29af95a12cb97672c97a7b02a9b1a694916220cb74d5b5b751992b84f793,40.0987626999995,pyvrp,40.0,0.00625753461438593,cvrp100_2739.json,0
"[""accepted""]",not_selected,True,0.34264981744033207,cvrp_s7799_n20-50-100_x66667_cvrp100_27625,0.09171717171717171,True,True,0.12,0.012121212121212121,0.00808080808080808,100,3,False,14.944106777301972,False,False,,False,14.60145695986164,4,4,0.002816791850837052,14.642586224836526,True,9103,14.60145695986164,1747064503,10,9e74ec25d854dfd3a563a6b2cea247b414fa67075ab2f59c5bce96170aa1cff1,40.15140519999841,pyvrp,40.0,0.022928758643559057,cvrp100_27625.json,0
"[""accepted""]",stable_control,True,0.2859573025211457,cvrp_s7799_n20-50-100_x66667_cvrp100_27857,0.06686868686868687,True,True,0.0,0.0,0.0,100,4,False,13.473036672634818,False,True,14.017289403540053,True,13.187079370113672,4,4,5.388173649507467e-16,13.187079370113679,True,9101,13.187079370113672,4192192440,11,65b46068b5425d261cf45b17fe9dd340fda7e676d3e0a49fe0c0bb211959ad16,40.08786319999854,pyvrp,40.0,0.021224413580195743,cvrp100_27857.json,0
"[""pyvrp_cost_not_converged"", ""route_membership_ambiguous""]",unstable_cost,False,0.25657038663335285,cvrp_s7799_n20-50-100_x66667_cvrp100_28054,0.10303030303030303,False,False,0.0,0.0,0.0,100,1,True,16.218009870496864,False,True,17.093192591865975,True,15.961439483863511,4,4,0.0024264772150299012,16.000169553090185,False,9102,15.961439483863511,586144905,11,f12b9aff04d84ab2552c3327193fddb8689b56587427a4be43aedaa4d314b43e,40.09485549999954,pyvrp,40.0,0.01582009066970018,cvrp100_28054.json,0
"[""accepted""]",not_selected,True,0.25682174258688306,cvrp_s7799_n20-50-100_x66667_cvrp100_28281,0.07090909090909091,True,True,0.0,0.0,0.0,100,3,False,14.035976893518507,False,False,,False,13.779155150931624,4,4,0.004814332085922246,13.845492579691655,True,9102,13.779155150931624,16593685,11,68b17219a5e7bba9935c46b9168583c9234691214fe5e4a85956e176ac853bf9,40.08826770000087,pyvrp,40.0,0.018297389952635038,cvrp100_28281.json,-1
"[""accepted""]",not_selected,True,0.2596116615901316,cvrp_s7799_n20-50-100_x66667_cvrp100_28298,0.04868686868686869,True,True,0.19,0.032929292929292926,0.02195286195286195,100,3,False,16.936903324877438,False,False,,False,16.677291663287306,4,4,0.0017351598750244065,16.70622943060552,True,9103,16.677291663287306,680357200,11,4e39ced366082fc65169548b564512c74337e4e82aa847bad9298b76bee17431,40.087722700001905,pyvrp,40.0,0.01532816575795211,cvrp100_28298.json,0
"[""pyvrp_cost_not_converged"", ""route_membership_ambiguous""]",unstable_cost,False,0.3244847931290167,cvrp_s7799_n20-50-100_x66667_cvrp100_2853,0.0802020202020202,False,False,0.0,0.0,0.0,100,1,True,17.61899471655862,False,True,17.96631608502845,True,17.294509923429604,4,4,0.003114524535569635,17.34837409891678,False,9101,17.294509923429604,3189578105,10,89be4c7e92e8b98a663a406c406fe3ea5f4182045b9d201190f8e4be5623c32d,40.09077929999694,pyvrp,40.0,0.018416759772568667,cvrp100_2853.json,0
"[""pyvrp_cost_not_converged""]",unstable_cost,False,0.05583278302965056,cvrp_s7799_n20-50-100_x66667_cvrp100_28598,0.015555555555555555,True,False,0.0,0.0,0.0,100,3,True,13.794130098566505,False,True,14.483400899564746,True,13.738297315536855,4,4,0.0061467238005017385,13.822742834624634,False,9101,13.738297315536855,1462908433,11,72c083ff68660aedda58421a5cf9916b0f7f198e07fe26c41540a1e8c0539f8a,40.09831359999953,pyvrp,40.0,0.004047575499918819,cvrp100_28598.json,0
"[""accepted""]",stable_control,True,0.1461372476437912,cvrp_s7799_n20-50-100_x66667_cvrp100_28640,0.06222222222222222,True,True,0.17,0.016363636363636365,0.01090909090909091,100,3,False,13.735582457042927,False,True,14.411887665091255,True,13.589445209399136,4,4,0.0037359406597419842,13.640214570300266,True,9103,13.589445209399136,2988799595,11,629ade80dbafe55509c56220003793e7593a7d363eec34f078d1a75845dc22dc,40.087734900000214,pyvrp,40.0,0.010639319308141845,cvrp100_28640.json,0
"[""route_membership_ambiguous""]",unstable_matrix,True,0.2157599057889108,cvrp_s7799_n20-50-100_x66667_cvrp100_28846,0.0901010101010101,False,False,0.21,0.08464646464646465,0.056430976430976436,100,3,True,16.249397479090053,False,True,17.27832291037928,True,16.033637573301142,4,4,0.0018062347990034488,16.062598087440648,True,9104,16.033637573301142,1307316144,10,61cbc6887fbbbc0286bd3e548874dbb5875c864fc92f37fb8246a0f6928c5048,40.0912086999997,pyvrp,40.0,0.013278024989329826,cvrp100_28846.json,0
"[""accepted""]",not_selected,True,0.11057271986898698,cvrp_s7799_n20-50-100_x66667_cvrp100_28963,0.031313131313131314,True,True,0.0,0.0,0.0,100,4,False,13.754492903440378,False,False,,False,13.64392018357139,4,4,3.905820648685318e-16,13.643920183571396,True,9101,13.64392018357139,3479724159,11,4787adc2fadfaed9155417d33c4346aa92a9d3e4476a325041d28584e7250de2,40.0940941000008,pyvrp,40.0,0.008039025549341022,cvrp100_28963.json,0
"[""accepted""]",not_selected,True,0.26969270463503037,cvrp_s7799_n20-50-100_x66667_cvrp100_29124,0.08222222222222222,True,True,0.0,0.0,0.0,100,2,False,16.63587380322841,False,False,,False,16.36618109859338,4,4,0.0036027798670674733,16.425144846356172,True,9101,16.36618109859338,3698512239,10,5a0fea2e1d696d086f17059a62a48ab75d6419dee695a90fb42436b577471f9b,40.0888331999995,pyvrp,40.0,0.016211514214702263,cvrp100_29124.json,0
"[""accepted""]",not_selected,True,0.14725871391383727,cvrp_s7799_n20-50-100_x66667_cvrp100_29173,0.08222222222222222,True,True,0.0,0.0,0.0,100,4,False,13.717297852219072,False,False,,False,13.570039138305235,4,4,4.6734770508907827e-05,13.57067333097016,True,9103,13.570039138305235,1689322099,11,784d095a39a75ba3d7f73ef8aba67325085657bd27ce72721888baa0c597b1c0,40.09191439999995,pyvrp,40.0,0.010735256717489367,cvrp100_29173.json,0
"[""pyvrp_cost_not_converged""]",unstable_cost,False,0.2706781912502798,cvrp_s7799_n20-50-100_x66667_cvrp100_2929,0.0905050505050505,True,False,0.0,0.0,0.0,100,2,True,16.684548600821824,False,True,17.665442732729186,True,16.413870409571544,4,4,0.005509671968987763,16.504305451269758,False,9102,16.413870409571544,1561755040,11,9f2d71f450a82e62bf0eb48aa9bb23871c3c94aeb58b3f1538f1daa49755836e,40.09605940000256,pyvrp,40.0,0.016223285251897503,cvrp100_2929.json,0
"[""accepted""]",not_selected,True,0.2723726750923401,cvrp_s7799_n20-50-100_x66667_cvrp100_29364,0.051515151515151514,True,True,0.0,0.0,0.0,100,4,False,14.496032846292213,False,False,,False,14.223660171199873,4,4,0.0,14.223660171199873,True,9101,14.223660171199873,3405588777,11,1ffd0ba65e682217bdfaefb3f891189467999879113f50b3205f01d4775a06ed,40.089317399997526,pyvrp,40.0,0.018789463157294614,cvrp100_29364.json,0
"[""accepted""]",stable_control,True,0.3015136643397973,cvrp_s7799_n20-50-100_x66667_cvrp100_29429,0.04888888888888889,True,True,0.19,0.029494949494949494,0.019663299663299664,100,3,False,18.627843662685525,False,True,19.299554537697745,True,18.326329998345727,4,4,0.0026674735132308468,18.375214998211042,True,9101,18.326329998345727,2663328851,11,454692a3710673d66842aae580e7a380850e9d02eb934598f874978f596f5741,40.08697089999987,pyvrp,40.0,0.016186181814687235,cvrp100_29429.json,0
"[""accepted""]",not_selected,True,0.337292479348708,cvrp_s7799_n20-50-100_x66667_cvrp100_29431,0.038181818181818185,True,True,0.0,0.0,0.0,100,4,False,18.148291121163886,False,False,,False,17.81099864181518,4,4,1.5260192498267075e-05,17.81127044108304,True,9103,17.81099864181518,257974141,11,fb4c5fd014a6c8be9dc23970fcd4546ad299f544f40d408ba384d338c781376e,40.11674969999876,pyvrp,40.0,0.018585357546715215,cvrp100_29431.json,0
"[""pyvrp_cost_not_converged""]",unstable_cost,False,0.29546964176427437,cvrp_s7799_n20-50-100_x66667_cvrp100_29736,0.08808080808080808,True,False,0.0,0.0,0.0,100,2,True,14.34702749451926,False,True,15.827294924874307,True,14.051557852754986,4,4,0.005831548293883524,14.133500190977625,False,9103,14.051557852754986,331270290,11,0541c79ddcbec359d0877b0c429fa69291933bb994904304c0e5c135b42d7ef8,40.10337349999827,pyvrp,40.0,0.0205944849465959,cvrp100_29736.json,0
"[""pyvrp_cost_not_converged""]",unstable_cost,False,0.55422217192395,cvrp_s7799_n20-50-100_x66667_cvrp100_29771,0.07818181818181819,True,False,0.0,0.0,0.0,100,3,True,19.621792896925335,False,True,19.968054659679723,True,19.067570725001385,4,4,0.00785302985563615,19.217308927179275,False,9101,19.067570725001385,511974574,11,384d2597fb163ab6f761930d9e1c8160022e37bd3ee574c14e87f11146f56fb1,40.0943064000021,pyvrp,40.0,0.028245236041136414,cvrp100_29771.json,0
"[""pyvrp_cost_not_converged"", ""route_membership_ambiguous""]",unstable_cost,False,0.07099343357664978,cvrp_s7799_n20-50-100_x66667_cvrp100_29815,0.09515151515151515,False,False,0.0,0.0,0.0,100,1,True,17.775606703590494,False,True,18.454972103836738,True,17.704613270013844,4,4,0.00533944826567324,17.799146136632835,False,9104,17.704613270013844,2615706076,10,b91eb033d1ab2aecb97dc226a5e45a039ff529db4bc8b6686bbf00c10c9b2d8a,40.137778200001776,pyvrp,40.0,0.003993868381567523,cvrp100_29815.json,0
"[""accepted""]",not_selected,True,0.2057858226056677,cvrp_s7799_n20-50-100_x66667_cvrp100_30116,0.08545454545454545,True,True,0.0,0.0,0.0,100,4,False,15.909157815831112,False,False,,False,15.703371993225444,4,4,3.393583569503259e-16,15.70337199322545,True,9101,15.703371993225444,1796003608,11,97314f91c1ac428d18ef307f649640587c798a28849cb17b770f467f8445e4bf,40.27841830000034,pyvrp,40.0,0.01293505445026709,cvrp100_30116.json,0
"[""pyvrp_cost_not_converged""]",unstable_cost,False,0.3104565382754423,cvrp_s7799_n20-50-100_x66667_cvrp100_30319,0.08262626262626263,True,False,0.0,0.0,0.0,100,2,True,16.24248927309443,False,True,17.138583678575433,True,15.93203273481899,4,4,0.006062234687514973,16.028616456306633,False,9101,15.93203273481899,636250339,11,0e1ada9866671e29f6f129c62a790dc8aa52970c1d50cf6612bc1d2d3bdf1159,40.278701200000796,pyvrp,40.0,0.019113852135319635,cvrp100_30319.json,0
"[""accepted""]",not_selected,True,0.1891601629872568,cvrp_s7799_n20-50-100_x66667_cvrp100_30380,0.04565656565656566,True,True,0.18,0.035555555555555556,0.023703703703703703,100,3,False,17.99753685809017,False,False,,False,17.808376695102915,4,4,0.0019302469223908903,17.842751259411415,True,9104,17.808376695102915,2022447768,11,5cc32bddd9eab8bfb322e6d3493fb7d27cd6dfa7ed26259531cfb4ab6d53a007,40.24926020000203,pyvrp,40.0,0.010510336190934172,cvrp100_30380.json,0
"[""accepted""]",not_selected,True,0.1787962648648893,cvrp_s7799_n20-50-100_x66667_cvrp100_30396,0.050101010101010104,True,True,0.0,0.0,0.0,100,2,False,16.84050614646299,False,False,,False,16.6617098815981,4,4,0.004692904127364458,16.7399016886704,True,9102,16.6617098815981,513991272,11,cd5a632c90f535db7e51015a002d14d21a2083f5d066b04a0ea99444ca12c147,40.14346650000152,pyvrp,40.0,0.010617036287976528,cvrp100_30396.json,0
"[""route_membership_ambiguous""]",unstable_matrix,True,0.22240321738530078,cvrp_s7799_n20-50-100_x66667_cvrp100_30419,0.06262626262626263,False,False,0.2,0.05858585858585859,0.04531986531986532,100,4,True,15.699090621852896,False,True,16.370012601452633,True,15.476687404467595,4,4,0.0006112273273632554,15.486147178746265,True,9102,15.476687404467595,1852174365,11,18bb38c441f3423b95164997b5abbc801d499f294174a63159b18efab2eaa83a,40.127480600000126,pyvrp,40.0,0.01416663058659709,cvrp100_30419.json,0
"[""accepted""]",not_selected,True,0.3125867737451138,cvrp_s7799_n20-50-100_x66667_cvrp100_30607,0.08525252525252525,True,True,0.0,0.0,0.0,100,2,False,18.19513441689767,False,False,,False,17.882547643152556,4,4,0.0034374236613243857,17.94401753554589,True,9102,17.882547643152556,1109364021,10,e504e165c6911d2cfa059a6f5c95dfaf3fbcd34761b408e2ae42130b4cb9561f,40.10822819999885,pyvrp,40.0,0.01717969027229703,cvrp100_30607.json,0
"[""route_membership_ambiguous""]",unstable_matrix,True,0.024027168107517483,cvrp_s7799_n20-50-100_x66667_cvrp100_3098,0.03737373737373737,False,False,0.22,0.06767676767676768,0.03383838383838384,100,4,True,14.964045925521733,False,True,15.766726823705495,True,14.940018757414215,4,4,0.000176020550746637,14.94264850774406,True,9103,14.940018757414215,1387952448,11,8a4a082da19ab7e758363f70250ddfa91938ab155889eb0e3b41f1cfba2a6f7d,40.12531139999919,pyvrp,40.0,0.0016056598748162261,cvrp100_3098.json,0
"[""pyvrp_cost_not_converged"", ""route_membership_ambiguous""]",unstable_cost,False,0.2258290856195373,cvrp_s7799_n20-50-100_x66667_cvrp100_31167,0.07454545454545454,False,False,0.0,0.0,0.0,100,1,True,18.846587179521986,False,True,20.270485602484623,True,18.62075809390245,4,4,0.0033366258946143897,18.682888597535914,False,9103,18.62075809390245,423013838,11,bf78eb90a127a41e45241d5a012f336294d277d02419ed2da1aac39f3b973780,40.116914900001575,pyvrp,40.0,0.011982492292552306,cvrp100_31167.json,0
"[""accepted""]",stable_control,True,0.15673350255252316,cvrp_s7799_n20-50-100_x66667_cvrp100_31340,0.06707070707070707,True,True,0.22,0.0044444444444444444,0.0022222222222222222,100,4,False,13.924885695493842,False,True,13.873828552948936,True,13.768152192941319,4,4,9.231569699290043e-05,13.769423209507314,True,9104,13.768152192941319,116227067,10,1b4ccc3787658a25c68e75b74a2a61a20f090b4e6f97d5a6e671a42296a71998,40.120805700000346,pyvrp,40.0,0.011255640152453306,cvrp100_31340.json,0
"[""pyvrp_cost_not_converged"", ""route_membership_ambiguous""]",unstable_cost,False,0.2252169874667196,cvrp_s7799_n20-50-100_x66667_cvrp100_31412,0.09595959595959595,False,False,0.0,0.0,0.0,100,1,True,17.34849655891298,False,True,17.96210140628851,True,17.12327957144626,4,4,0.0013940674688033032,17.14715057845604,False,9102,17.12327957144626,2698604301,10,7941c9f9db7c8e810c02c46c48f879be31a841a3657e333edde7df8f477f8ab0,40.127227400000265,pyvrp,40.0,0.012981931125957533,cvrp100_31412.json,0
"[""pyvrp_cost_not_converged""]",unstable_cost,False,0.3411782451029026,cvrp_s7799_n20-50-100_x66667_cvrp100_31552,0.07939393939393939,True,False,0.0,0.0,0.0,100,3,True,17.83166714392504,False,True,18.108560333711793,True,17.490488898822136,4,4,0.00845861117553972,17.638434143687366,False,9103,17.490488898822136,3443950803,10,18f801f968c80458a83bd2f242a35346fddc87c5df80a570968b365ab166bc5c,40.12108480000097,pyvrp,40.0,0.019133278024379037,cvrp100_31552.json,0
"[""pyvrp_cost_not_converged"", ""route_membership_ambiguous""]",unstable_cost,False,0.4510882454370311,cvrp_s7799_n20-50-100_x66667_cvrp100_31600,0.1004040404040404,False,False,0.0,0.0,0.0,100,1,True,17.45070603171369,False,True,17.519524017768063,True,16.99961778627666,4,4,0.0021481447468645254,17.036135425922954,False,9102,16.99961778627666,1591557186,10,c211e14bec10a90033fd3fe3bbdb53761fcf789d94fe24bee460d693104efa2c,40.229242800000065,pyvrp,40.0,0.025849283382417588,cvrp100_31600.json,0
"[""route_membership_ambiguous""]",unstable_matrix,True,0.2933052595023504,cvrp_s7799_n20-50-100_x66667_cvrp100_31644,0.10545454545454545,False,False,0.22,0.06464646464646465,0.0430976430976431,100,3,True,16.879799636185428,False,True,17.137171035773378,True,16.586494376683078,4,4,0.0015235482847091384,16.61176470174001,True,9102,16.586494376683078,2172896534,10,cf605ee2d95194b2747016735fd3f22bf9b8fa0a1d66b2a98d760d66048841d0,40.12317859999894,pyvrp,40.0,0.01737611025154519,cvrp100_31644.json,0
"[""pyvrp_cost_not_converged""]",unstable_cost,False,0.24071377499625513,cvrp_s7799_n20-50-100_x66667_cvrp100_31819,0.08949494949494949,True,False,0.17,0.013737373737373737,0.013737373737373737,100,2,True,17.871293757256733,False,True,17.963692458490964,True,17.63057998226048,4,4,0.006245297542804051,17.7406882001019,False,9101,17.63057998226048,1384139488,11,f21cb6297cb47b211e3ba5606ff7820b2d93ae8e3218ef1dfee5c449b741fde8,40.124110600001586,pyvrp,40.0,0.013469297649394411,cvrp100_31819.json,0
"[""accepted""]",not_selected,True,0.17665928838236056,cvrp_s7799_n20-50-100_x66667_cvrp100_31826,0.09595959595959595,True,True,0.0,0.0,0.0,100,4,False,13.19295462645023,False,False,,False,13.01629533806787,4,4,8.188306088315595e-16,13.01629533806788,True,9103,13.01629533806787,2842177124,10,ffa77a3a865dc564d17fd7c66c18cfda4c792043cadeba632906bd0310ed355e,40.12212390000059,pyvrp,40.0,0.013390426434741214,cvrp100_31826.json,0
"[""pyvrp_cost_not_converged""]",unstable_cost,False,0.1396518664394577,cvrp_s7799_n20-50-100_x66667_cvrp100_31862,0.03575757575757576,True,False,0.0,0.0,0.0,100,3,True,13.900391826614154,False,True,14.372969826045486,True,13.760739960174696,4,4,0.005731801159764793,13.839613785437647,False,9101,13.760739960174696,1303282126,11,55573e876d8e1b78c78edced3c1a91d583a002ce638b23b396b81965168e8263,40.13298339999892,pyvrp,40.0,0.010046613662506663,cvrp100_31862.json,0
"[""pyvrp_cost_not_converged""]",unstable_cost,False,0.21176984080762296,cvrp_s7799_n20-50-100_x66667_cvrp100_31982,0.09252525252525252,True,False,0.0,0.0,0.0,100,3,True,16.82030132118294,False,True,17.489387361566102,True,16.608531480375316,4,4,0.005094721560121155,16.693147323790335,False,9102,16.608531480375316,552159635,11,f2e258f0614e8a593fffb10e733f5a9303574bfd5ab9dd2a2a69bf571e952f7c,40.36342290000175,pyvrp,40.0,0.012590133598910438,cvrp100_31982.json,0
"[""pyvrp_cost_not_converged"", ""route_membership_ambiguous""]",unstable_cost,False,0.35013825441470026,cvrp_s7799_n20-50-100_x66667_cvrp100_32090,0.0997979797979798,False,False,0.0,0.0,0.0,100,1,True,16.183318088353268,False,True,16.501529160206477,True,15.833179833938567,4,4,0.0056278196965999705,15.922286115267816,False,9104,15.833179833938567,436637279,10,88a7d185adfbbe82829fbfc18607f1ac6d620f21bf4e3195203fe5f586759759,40.28665969999929,pyvrp,40.0,0.021635751858989045,cvrp100_32090.json,0
"[""accepted""]",not_selected,True,0.2628321044629196,cvrp_s7799_n20-50-100_x66667_cvrp100_32168,0.10323232323232323,True,True,0.2,0.019595959595959597,0.009797979797979799,100,4,False,15.547943580802489,False,False,,False,15.28511147633957,4,4,0.0008588647742688382,15.29823932015737,True,9101,15.28511147633957,59122359,9,80056139d1e6f73c8218ee38042f0f70df6d0e45bab082a15d3cf64178a361a2,40.26926840000306,pyvrp,40.0,0.016904621701061887,cvrp100_32168.json,0
"[""accepted""]",stable_control,True,0.19557187659332342,cvrp_s7799_n20-50-100_x66667_cvrp100_32404,0.04262626262626262,True,True,0.0,0.0,0.0,100,3,False,14.507486321565729,False,True,15.162976410498231,True,14.311914444972405,4,4,0.003364428064393087,14.360065851586263,True,9102,14.311914444972405,3860476332,11,20dd0b898dded81d560a13acd77b1bf27009f441ec15785961300ce55970adec,40.217671400001564,pyvrp,40.0,0.013480755539476271,cvrp100_32404.json,0
"[""pyvrp_cost_not_converged"", ""route_membership_ambiguous""]",unstable_cost,False,0.30631618246119885,cvrp_s7799_n20-50-100_x66667_cvrp100_3245,0.10747474747474747,False,False,0.0,0.0,0.0,100,1,True,19.093175779688924,False,True,20.78346857509297,True,18.786859597227725,4,4,0.0025219006434891622,18.834238190535114,False,9103,18.786859597227725,1794116112,11,4251a5ce6ee74f0aa8f23a10fac7e8238501890310e86cca595d94e3759573ca,40.162535799998295,pyvrp,40.0,0.016043228533361858,cvrp100_3245.json,0
"[""accepted""]",not_selected,True,0.2707220949123279,cvrp_s7799_n20-50-100_x66667_cvrp100_32456,0.07414141414141415,True,True,0.0,0.0,0.0,100,4,False,16.159173819978623,False,False,,False,15.888451725066295,4,4,2.75780070624225e-05,15.88888989690018,True,9101,15.888451725066295,2161990713,10,3c6e8476938db365a694234854645199691b2184b66fdd1af6fddf25c219bb4f,40.162891600000876,pyvrp,40.0,0.016753461403925047,cvrp100_32456.json,0
"[""accepted""]",not_selected,True,0.4342590948698408,cvrp_s7799_n20-50-100_x66667_cvrp100_32511,0.08606060606060606,True,True,0.0,0.0,0.0,100,2,False,17.04118229348996,False,False,,False,16.60692319862012,4,4,0.0011817499816828387,16.626548429805897,True,9102,16.60692319862012,4105749593,11,ce6e4dbf327d35f0835f61ce7bee49c510b63151e30ed49bfee5d74009c75a2d,40.36226289999831,pyvrp,40.0,0.025482920573869788,cvrp100_32511.json,0
"[""accepted""]",stable_control,True,0.11554110661665185,cvrp_s7799_n20-50-100_x66667_cvrp100_32834,0.04787878787878788,True,True,0.0,0.0,0.0,100,4,False,13.030770639432228,False,True,13.503672529258624,True,12.915229532815577,4,4,1.2478455447729864e-05,12.915390694931899,True,9103,12.915229532815577,3048964543,10,3ecce5f5db53ec0eb4fc651ac98b24923b5d296cfa55d83178dd6112c487d475,40.155406500001845,pyvrp,40.0,0.008866789986082216,cvrp100_32834.json,0
"[""pyvrp_cost_not_converged""]",unstable_cost,False,0.35979519562595996,cvrp_s7799_n20-50-100_x66667_cvrp100_33076,0.08424242424242424,True,False,0.0,0.0,0.0,100,3,True,18.1814096445818,False,True,18.485445930509158,True,17.82161444895584,4,4,0.005042843773367296,17.91148606641111,False,9104,17.82161444895584,1328975211,11,38a9e1b92ec3276e5409ccdc1fe5d1a90afb9d02cf0b1706b3820a0f6bed6d28,40.18735000000015,pyvrp,40.0,0.019789180413366993,cvrp100_33076.json,0
"[""accepted""]",not_selected,True,0.19792375133572193,cvrp_s7799_n20-50-100_x66667_cvrp100_3331,0.05393939393939394,True,True,0.0,0.0,0.0,100,3,False,15.071694475182506,False,False,,False,14.873770723846784,4,4,0.0020853417311553347,14.904787618636858,True,9102,14.873770723846784,1578039721,11,5b6404398ccee3e820ccd1152e0506c535e0cd076133452ba82030cbcce3a4f6,40.17960139999923,pyvrp,40.0,0.013132149915965254,cvrp100_3331.json,0
"[""route_membership_ambiguous""]",unstable_matrix,True,0.46105698033541387,cvrp_s7799_n20-50-100_x66667_cvrp100_33365,0.06828282828282828,False,False,0.25,0.06727272727272728,0.04484848484848485,100,3,True,16.353658009482277,False,True,16.500153934423327,True,15.892601029146864,4,4,0.004971340139580717,15.971608554565403,True,9101,15.892601029146864,303423689,10,64654fa3da606b48a2e58b4b38c1b9681487aa948e28f3cb91f512610fe61e83,40.16634290000002,pyvrp,40.0,0.0281928960522521,cvrp100_33365.json,0
"[""accepted""]",not_selected,True,0.22259883657559776,cvrp_s7799_n20-50-100_x66667_cvrp100_33429,0.10262626262626262,True,True,0.18,0.03232323232323232,0.03232323232323232,100,2,False,13.832103454869129,False,False,,False,13.609504618293531,4,4,0.004835201107469989,13.675309310096022,True,9104,13.609504618293531,2483620517,10,803f1bb8c2b2faf9a3b0c0be90d292cf73e2d761872d345f43c07ab1faa1afb0,40.18827330000204,pyvrp,40.0,0.016092912932720967,cvrp100_33429.json,0
"[""accepted""]",not_selected,True,0.16373433900978718,cvrp_s7799_n20-50-100_x66667_cvrp100_33434,0.07939393939393939,True,True,0.22,0.008888888888888889,0.008888888888888889,100,2,False,13.603574551553994,False,False,,False,13.439840212544206,4,4,0.0021810992786750875,13.469153838337295,True,9102,13.439840212544206,1972723714,10,a6d29f7bac08f17f7b402333f1dfb639012f96d81eee10f1716dee4cb68dcac1,40.16494509999757,pyvrp,40.0,0.012036126121798121,cvrp100_33434.json,0
"[""pyvrp_cost_not_converged"", ""route_membership_ambiguous""]",unstable_cost,False,0.4356726190765734,cvrp_s7799_n20-50-100_x66667_cvrp100_33520,0.07555555555555556,False,False,0.0,0.0,0.0,100,1,True,17.894409083179458,False,True,18.813514595082207,True,17.458736464102884,4,4,0.005408127675635162,17.55315553995602,False,9101,17.458736464102884,1085762549,12,2b7c0d10d5b8896edf0e7350d9c5b4e39901b4d608db2232f06a81d56ef72c24,40.21066050000081,pyvrp,40.0,0.024346857001615145,cvrp100_33520.json,0
"[""accepted""]",not_selected,True,0.4590480949264055,cvrp_s7799_n20-50-100_x66667_cvrp100_33593,0.11292929292929293,True,True,0.0,0.0,0.0,100,2,False,16.526425581946356,False,False,,False,16.06737748701995,4,4,0.004506857610436546,16.139790869527083,True,9104,16.06737748701995,2324079898,10,098d2645f09abba2456073ecff3eda482843575449c8dafcc72904c02e43ec1d,40.23276919999989,pyvrp,40.0,0.02777661101913499,cvrp100_33593.json,0
"[""accepted""]",stable_control,True,0.31753051882759564,cvrp_s7799_n20-50-100_x66667_cvrp100_33604,0.06767676767676768,True,True,0.22,0.008686868686868687,0.0057912457912457915,100,3,False,12.698462355950848,False,True,13.026470274719134,True,12.380931837123253,4,4,0.0034854329316077277,12.424084744672353,True,9103,12.380931837123253,4032742945,10,a90552e16816d1a55f6024258e1da45cf38ee21290f5c9d94b863c58e7f18530,40.203382100000454,pyvrp,40.0,0.0250054305731585,cvrp100_33604.json,0
"[""accepted""]",not_selected,True,0.32397999984130976,cvrp_s7799_n20-50-100_x66667_cvrp100_33658,0.06202020202020202,True,True,0.0,0.0,0.0,100,4,False,16.375324032820323,False,False,,False,16.051344032979014,4,4,0.00010175672801720741,16.052977365228088,True,9104,16.051344032979014,1683337597,11,9147f15155b15345cbf79fa3a94c10cff7ea34447d2a8e3d91b8c5d5e1d2f96e,40.187985699998535,pyvrp,40.0,0.019784646654440012,cvrp100_33658.json,0
"[""accepted""]",not_selected,True,0.3507586592629419,cvrp_s7799_n20-50-100_x66667_cvrp100_33669,0.06060606060606061,True,True,0.0,0.0,0.0,100,2,False,16.014351192131073,False,False,,False,15.663592532868131,4,4,0.0018972743051561937,15.693310664507178,True,9103,15.663592532868131,2612104944,11,b831161e65a64c0c59de9f61c9bd9898565678a8c65a16e420b91d0fad608ab2,40.178209899997455,pyvrp,40.0,0.02190277052468371,cvrp100_33669.json,0
"[""accepted""]",not_selected,True,0.17349530293893523,cvrp_s7799_n20-50-100_x66667_cvrp100_33730,0.0397979797979798,True,True,0.0,0.0,0.0,100,4,False,14.538663071666576,False,False,,False,14.365167768727641,4,4,0.00010276270239938925,14.366643972187976,True,9102,14.365167768727641,2076083147,10,d9500367f0a12ec79e77c18fe5e4b6e420fb8e52a5af52acfce5c5cadfbc72dd,40.292388000001665,pyvrp,40.0,0.011933373934295827,cvrp100_33730.json,0
"[""accepted""]",not_selected,True,0.14240771260967833,cvrp_s7799_n20-50-100_x66667_cvrp100_33867,0.03535353535353535,True,True,0.0,0.0,0.0,100,4,False,14.5357772748074,False,False,,False,14.393369562197721,4,4,4.936597595786372e-16,14.393369562197728,True,9104,14.393369562197721,4114197129,11,44a6f1c7d0cea886384dff419809a80bf16dad96957725da2e30f83ba991ce57,40.12811480000164,pyvrp,40.0,0.009797048339237521,cvrp100_33867.json,0
"[""accepted""]",not_selected,True,0.44332322693377435,cvrp_s7799_n20-50-100_x66667_cvrp100_33970,0.06888888888888889,True,True,0.19,0.02,0.01333333333333333,100,4,False,19.072158857509077,False,False,,False,18.628835630575303,4,4,5.175911911993659e-05,18.62979984269777,True,9102,18.628835630575303,1236066614,10,f291f00b093bef7e3c73c97c84e050b0f0e20ac03b53316b23d3d745f24f333e,40.16651259999708,pyvrp,40.0,0.023244522565374365,cvrp100_33970.json,0
"[""accepted""]",not_selected,True,0.45666759877882157,cvrp_s7799_n20-50-100_x66667_cvrp100_3430,0.10545454545454545,True,True,0.21,0.043838383838383836,0.043838383838383836,100,2,False,17.74420435529878,False,False,,False,17.28753675651996,4,4,0.0016129031200283089,17.315419878492154,True,9103,17.28753675651996,126587413,10,536d16233ceb3c448fed80c8fae7d364d64aad4abe88cf5fd9a3041405c5fce9,40.142476400000305,pyvrp,40.0,0.02573615528962567,cvrp100_3430.json,0
"[""accepted""]",not_selected,True,0.2849603648812309,cvrp_s7799_n20-50-100_x66667_cvrp100_34370,0.06848484848484848,True,True,0.14,0.0028282828282828283,0.0018855218855218854,100,3,False,15.651966589182251,False,False,,False,15.36700622430102,4,4,0.0017248358297012373,15.393511787231937,True,9102,15.36700622430102,3415609021,11,102ccaad2d61d3a08d17796e04f186fe31b5716758c11e7feb6d732d09c0b2c2,40.140791899997566,pyvrp,40.0,0.018206042241246494,cvrp100_34370.json,0
"[""accepted""]",not_selected,True,0.3876322413957336,cvrp_s7799_n20-50-100_x66667_cvrp100_34534,0.07757575757575758,True,True,0.0,0.0,0.0,100,2,False,14.62786088375046,False,False,,False,14.240228642354726,4,4,0.002692232247066314,14.27856664511127,True,9101,14.240228642354726,1376040722,9,666d5f1c6bad7a397849c4222469cbe2448446eea65f1a929cf108ace01afb5f,40.1339960999976,pyvrp,40.0,0.026499584900095657,cvrp100_34534.json,0
"[""pyvrp_cost_not_converged""]",unstable_cost,False,0.5082549743930755,cvrp_s7799_n20-50-100_x66667_cvrp100_34580,0.0901010101010101,True,False,0.21,0.027474747474747475,0.027474747474747475,100,2,True,16.797687108418184,False,True,17.496588066718566,True,16.28943213402511,4,4,0.0077302530235482374,16.41535356603104,False,9101,16.28943213402511,586122606,11,a470b9f059ceae433a0903c10ae9595d4666e4483438ee5b3e02726306e56a0f,40.17147140000088,pyvrp,40.0,0.03025743789086075,cvrp100_34580.json,0
"[""route_membership_ambiguous""]",unstable_matrix,True,0.22398107171890302,cvrp_s7799_n20-50-100_x66667_cvrp100_34757,0.10444444444444445,False,False,0.21,0.09616161616161616,0.09616161616161616,100,2,True,17.253403794085727,False,True,18.310474861977802,True,17.029422722366824,4,4,0.002218096876143672,17.067195631709836,True,9103,17.029422722366824,1168836814,10,9c5ee6a77f7ae2dbb028f4fcf9cf1254b89b5e944ee6dd691e76f6a0440c4edf,40.13666309999826,pyvrp,40.0,0.012981848358274744,cvrp100_34757.json,0
"[""route_membership_ambiguous""]",unstable_matrix,True,0.19737356408010953,cvrp_s7799_n20-50-100_x66667_cvrp100_34968,0.06464646464646465,False,False,0.17,0.08161616161616161,0.05441077441077441,100,3,True,13.03022885186333,False,True,13.492092103856512,True,12.83285528778322,4,4,0.0032803725867812865,12.874951834479395,True,9103,12.83285528778322,4089802373,11,b1da808faee4f2ec9133e8253648535c3398a1d188f136d07b0026c21a3d2141,40.16575759999978,pyvrp,40.0,0.01514735975277096,cvrp100_34968.json,0
"[""pyvrp_cost_not_converged"", ""route_membership_ambiguous""]",unstable_cost,False,0.45030392349313786,cvrp_s7799_n20-50-100_x66667_cvrp100_35127,0.09757575757575758,False,False,0.0,0.0,0.0,100,1,True,18.184312915244742,False,True,18.913186212408995,True,17.734008991751605,4,4,0.007781436948725369,17.87200506456905,False,9101,17.734008991751605,1996456563,11,1d27139a3a13f8473bd8352190335ff3cab21d5812f5e0f7ec480dff0413e037,40.32325270000001,pyvrp,40.0,0.02476331800887717,cvrp100_35127.json,0
"[""pyvrp_cost_not_converged""]",unstable_cost,False,0.3089893898896783,cvrp_s7799_n20-50-100_x66667_cvrp100_35317,0.08666666666666667,True,False,0.22,0.026262626262626262,0.026262626262626262,100,2,True,17.906702433790883,False,True,18.333746320569254,True,17.597713043901205,4,4,0.012183155355235207,17.812108715811902,False,9102,17.597713043901205,494819830,11,7be006079d51f454bdf224dce6914f20c0d1a32ba97f17396485214f61b4e4df,40.19248879999941,pyvrp,40.0,0.017255515974096892,cvrp100_35317.json,0
"[""pyvrp_cost_not_converged"", ""route_membership_ambiguous""]",unstable_cost,False,0.37858913757042956,cvrp_s7799_n20-50-100_x66667_cvrp100_35328,0.09717171717171717,False,False,0.22,0.0696969696969697,0.0696969696969697,100,2,True,17.224909836738092,False,True,17.718902235229596,True,16.846320699167663,4,4,0.006636967422190875,16.95812918083182,False,9103,16.846320699167663,3781220821,10,eea75b6a7f6d4b6206cb3ef66d6a9d7830e71c79087c1761f228902971b0696e,40.3714665999978,pyvrp,40.0,0.02197916512532083,cvrp100_35328.json,0
"[""accepted""]",not_selected,True,0.2962187360041941,cvrp_s7799_n20-50-100_x66667_cvrp100_35342,0.06424242424242424,True,True,0.21,0.004242424242424243,0.0028282828282828287,100,3,False,15.639256049871339,False,False,,False,15.343037313867145,4,4,0.0022463027679554617,15.377502421054128,True,9104,15.343037313867145,2743682880,10,715b6f1b085d3c6fe10958fe36a003dbf9f78a67c0927e2c41ca5d6212bc12eb,40.304888599999686,pyvrp,40.0,0.01894071783591209,cvrp100_35342.json,0
"[""pyvrp_cost_not_converged"", ""route_membership_ambiguous""]",unstable_cost,False,0.4713567799036653,cvrp_s7799_n20-50-100_x66667_cvrp100_35558,0.10121212121212121,False,False,0.0,0.0,0.0,100,1,True,17.152601560550377,False,True,17.775736437429604,True,16.68124478064671,4,4,0.005866341924965476,16.77910266626403,False,9102,16.68124478064671,3620443594,11,c848ef622ccb5a16b3e45a5b82de25e8cb3768f4256bc03aa4eedbca71efc24d,40.18263609999849,pyvrp,40.0,0.027480191750489238,cvrp100_35558.json,1
"[""accepted""]",not_selected,True,0.321191166749486,cvrp_s7799_n20-50-100_x66667_cvrp100_35959,0.08060606060606061,True,True,0.0,0.0,0.0,100,3,False,17.099185857834595,False,False,,False,16.77799469108511,4,4,0.004506288528574603,16.85360117609403,True,9102,16.77799469108511,2820317458,10,9b80c20fb6c2f1674f9968e19eb974583d2708206526e81099bca0aa80e87810,40.211046200001874,pyvrp,40.0,0.018784003485307513,cvrp100_35959.json,0
"[""accepted""]",not_selected,True,0.2974813881462204,cvrp_s7799_n20-50-100_x66667_cvrp100_36177,0.06505050505050505,True,True,0.2,0.0498989898989899,0.03303030303030303,100,4,False,17.287470426620658,False,False,,False,16.989989038474437,4,4,0.0007113309276825018,17.00207454313849,True,9103,16.989989038474437,3681613104,12,ee644cd7ace3bd3a03593291261a294e94d2a6b43cd7b5ac0d37f7fee1f857cd,40.17626359999849,pyvrp,40.0,0.017207918845555,cvrp100_36177.json,0
"[""accepted""]",stable_control,True,0.20632214524382952,cvrp_s7799_n20-50-100_x66667_cvrp100_36310,0.09838383838383838,True,True,0.0,0.0,0.0,100,2,False,16.184211625198508,False,True,16.54084237055921,True,15.977889479954678,4,4,0.0034017014604770333,16.03224148993398,True,9102,15.977889479954678,3927456671,10,2f11ff95a798ee2fab8bf4edd56b98bb88823a18cdb4d54dac0983a40dd33552,40.18910179999875,pyvrp,40.0,0.012748359328333911,cvrp100_36310.json,0
"[""accepted""]",not_selected,True,0.24291503812574256,cvrp_s7799_n20-50-100_x66667_cvrp100_36328,0.08949494949494949,True,True,0.0,0.0,0.0,100,4,False,14.102350956403312,False,False,,False,13.859435918277569,4,4,2.563389808754949e-16,13.859435918277573,True,9101,13.859435918277569,1018902474,10,e6c7aba5fd54b28550938cc7db57a684523b32d1e1cd2a669bae7b14c9e71c63,40.22901959999945,pyvrp,40.0,0.017225144862491496,cvrp100_36328.json,0
"[""route_membership_ambiguous""]",unstable_matrix,True,0.2164660619675729,cvrp_s7799_n20-50-100_x66667_cvrp100_36335,0.09292929292929293,False,False,0.23,0.08646464646464647,0.07367003367003368,100,3,True,17.968145112873668,False,True,19.23593519012578,True,17.751679050906095,4,4,0.003466807598432655,17.813220706724714,True,9101,17.751679050906095,800919698,10,c28adcf0924cbcbad72d7ac5bb66ffa57afcad09edd96a206ece122331182eb4,40.196198900001036,pyvrp,40.0,0.012047212475620597,cvrp100_36335.json,-1
"[""accepted""]",not_selected,True,0.24424032201942403,cvrp_s7799_n20-50-100_x66667_cvrp100_3643,0.09434343434343434,True,True,0.23,0.013737373737373737,0.009158249158249159,100,3,False,15.204090703877355,False,False,,False,14.959850381857931,4,4,0.002656612407881786,14.99959290600243,True,9101,14.959850381857931,384608076,10,ce0c423bb82e3894f65cd6746c89cb16fc5baa691921b5a303528fc0560c982f,40.226361900000484,pyvrp,40.0,0.016064118978002265,cvrp100_3643.json,0
"[""accepted""]",not_selected,True,0.30295314826414455,cvrp_s7799_n20-50-100_x66667_cvrp100_36438,0.0995959595959596,True,True,0.21,0.023232323232323233,0.015488215488215488,100,3,False,17.38107702545139,False,False,,False,17.078123877187245,4,4,0.0016575004598332577,17.106430875366772,True,9102,17.078123877187245,881373810,10,0d9baa1d6972480b17d56d61fb98ce28ded65619c5ae89d12489349c2ce10cd0,40.211298300000635,pyvrp,40.0,0.017430056136367465,cvrp100_36438.json,0
"[""pyvrp_cost_not_converged"", ""route_membership_ambiguous""]",unstable_cost,False,0.11078775737019164,cvrp_s7799_n20-50-100_x66667_cvrp100_36440,0.0707070707070707,False,False,0.0,0.0,0.0,100,1,True,14.17021866368107,False,True,14.742565525061494,True,14.059430906310878,4,4,0.0016159096724814575,14.08214967670197,False,9101,14.059430906310878,4248365286,11,073ca36f295242480c837bfb6af76832dcb5aa31b4b7b373b439461eebfdc43d,40.39521480000258,pyvrp,40.0,0.00781835199580553,cvrp100_36440.json,0
"[""accepted""]",not_selected,True,0.2176754278193549,cvrp_s7799_n20-50-100_x66667_cvrp100_36518,0.08626262626262626,True,True,0.0,0.0,0.0,100,4,False,14.241773929152476,False,False,,False,14.024098501333121,4,4,5.066584035277252e-16,14.024098501333128,True,9104,14.024098501333121,3760818604,10,c065046d9694ea7e2eab7deb0c8faf252b9dd7a4a617b3151b40c64081fd936d,40.15912450000178,pyvrp,40.0,0.015284291753415629,cvrp100_36518.json,0
"[""pyvrp_cost_not_converged"", ""route_membership_ambiguous""]",unstable_cost,False,0.49713570546333585,cvrp_s7799_n20-50-100_x66667_cvrp100_36576,0.11131313131313131,False,False,0.0,0.0,0.0,100,1,True,17.668971423685928,False,True,18.36276974145729,True,17.171835718222592,4,4,0.0025622013905549443,17.215833419578203,False,9104,17.171835718222592,2344387458,11,e4de46aefd44b463a8e051bb3676ce2547a005cae3b95cc884e766caecb7e25f,40.45935029999964,pyvrp,40.0,0.028136086337029586,cvrp100_36576.json,1
"[""accepted""]",stable_control,True,0.07325390870206405,cvrp_s7799_n20-50-100_x66667_cvrp100_36608,0.06161616161616162,True,True,0.0,0.0,0.0,100,2,False,14.284326496983148,False,True,14.753925197233022,True,14.211072588281084,4,4,0.004698803228934532,14.277847622045522,True,9104,14.211072588281084,1763341888,10,7ea67e5aa99a55162cb2d83b11acce1942d9cf16dbac0e1cfb36f0886ac40fbd,40.14701010000135,pyvrp,40.0,0.0051282717961911115,cvrp100_36608.json,0
"[""pyvrp_cost_not_converged"", ""route_membership_ambiguous""]",unstable_cost,False,0.4200351892170229,cvrp_s7799_n20-50-100_x66667_cvrp100_36734,0.1008080808080808,False,False,0.0,0.0,0.0,100,1,True,16.29247868516078,False,True,16.627573101919335,True,15.872443495943758,4,4,0.005489888243141241,15.959581436882063,False,9103,15.872443495943758,1014759273,10,9f783552dc6c1951d1607c57d5bc50739f8f7fd2d9675e63ed9248f9f2953783,40.182363500000065,pyvrp,40.0,0.025780926115287275,cvrp100_36734.json,0
"[""accepted""]",stable_control,True,0.10888369870761849,cvrp_s7799_n20-50-100_x66667_cvrp100_36762,0.05191919191919192,True,True,0.0,0.0,0.0,100,3,False,13.528656758413698,False,True,13.782079670940368,True,13.41977305970608,4,4,0.001494862836038703,13.439833779721107,True,9102,13.41977305970608,2378628840,11,6b0cc4470aa1806eb136b3f2f37ed98128294c38c8f9dae26bffe1a01b4cfc92,40.195430199997645,pyvrp,40.0,0.008048374694694055,cvrp100_36762.json,0
"[""accepted""]",not_selected,True,0.36502118046640497,cvrp_s7799_n20-50-100_x66667_cvrp100_36780,0.058787878787878785,True,True,0.0,0.0,0.0,100,4,False,16.15614170561863,False,False,,False,15.791120525152225,4,4,6.749452022372401e-16,15.791120525152236,True,9102,15.791120525152225,960818741,12,c593731e6b6ba76b1b6b5f06264d38e808c45ea0888b09145173c3a97a8c3d7c,40.19031259999974,pyvrp,40.0,0.022593338627344507,cvrp100_36780.json,0
"[""accepted""]",not_selected,True,0.0963794173794259,cvrp_s7799_n20-50-100_x66667_cvrp100_3696,0.01696969696969697,True,True,0.0,0.0,0.0,100,4,False,13.430725795744472,False,False,,False,13.334346378365046,4,4,5.328665654830705e-16,13.334346378365053,True,9103,13.334346378365046,3537519481,10,c7019d256b31f257b5d181d461036eff05ae593b0c025193783d1eb9da84992c,40.29124189999857,pyvrp,40.0,0.007176039392447707,cvrp100_3696.json,0
"[""pyvrp_cost_not_converged"", ""route_membership_ambiguous""]",unstable_cost,False,0.4051723625772041,cvrp_s7799_n20-50-100_x66667_cvrp100_37098,0.08222222222222222,False,False,0.0,0.0,0.0,100,1,True,18.322077482312753,False,True,18.84713758699517,True,17.91690511973555,4,4,0.008733285697213853,18.073378570956073,False,9103,17.91690511973555,4161314624,11,9f82d314a49abf4602223b343e35075532cdb01833c88f082902711d2ba1eac2,40.364765700000135,pyvrp,40.0,0.0221138876291915,cvrp100_37098.json,0
"[""pyvrp_cost_not_converged""]",unstable_cost,False,0.22674914086426412,cvrp_s7799_n20-50-100_x66667_cvrp100_37298,0.07131313131313131,True,False,0.0,0.0,0.0,100,3,True,13.191125098987103,False,True,13.637131697280621,True,12.964375958122838,4,4,0.008720183684461187,13.077427697832082,False,9102,12.964375958122838,3936543460,11,2ac62569ded714d0fa8adf474992e7ea44261f11184c000b528cf5f1003f7de9,40.20285280000098,pyvrp,40.0,0.01718952243745117,cvrp100_37298.json,0
"[""pyvrp_cost_not_converged"", ""route_membership_ambiguous""]",unstable_cost,False,0.34725249774643174,cvrp_s7799_n20-50-100_x66667_cvrp100_37411,0.12646464646464647,False,False,0.0,0.0,0.0,100,1,True,17.0252296750808,False,True,17.369692628538736,True,16.67797717733437,4,4,0.004094449025673914,16.746264304738318,False,9103,16.67797717733437,2099277329,9,99fd41291f63f0847faad4e381b517647dcbf1721e0fb826aa0dbd9d80b54768,40.2253168999996,pyvrp,40.0,0.02039634732532815,cvrp100_37411.json,0
"[""route_membership_ambiguous""]",unstable_matrix,True,0.25500738946629653,cvrp_s7799_n20-50-100_x66667_cvrp100_37490,0.08767676767676767,False,False,0.19,0.09191919191919191,0.06572390572390573,100,3,True,16.727009648466296,False,True,17.147391380855083,True,16.472002259,4,4,0.0012437874110609798,16.492489928044712,True,9103,16.472002259,3161766758,11,f665bed77a89b3ca62f664c05a501956e614e01ad5aeae0f3b811c6910348b4b,40.46081559999948,pyvrp,40.0,0.0152452467491509,cvrp100_37490.json,0
"[""accepted""]",not_selected,True,0.2833361896727169,cvrp_s7799_n20-50-100_x66667_cvrp100_37514,0.0795959595959596,True,True,0.2,0.02909090909090909,0.014545454545454547,100,4,False,13.651103444793309,False,False,,False,13.367767255120592,4,4,0.0009860434882959567,13.38094845497556,True,9101,13.367767255120592,622554925,11,8fc73e560b5eda7d9d936acbeda867fdd2603e0c292e4ed55ca53c9f4f589cd1,40.22526110000035,pyvrp,40.0,0.020755552166062053,cvrp100_37514.json,0
"[""accepted""]",stable_control,True,0.32913995230903126,cvrp_s7799_n20-50-100_x66667_cvrp100_37580,0.10646464646464647,True,True,0.0,0.0,0.0,100,2,False,18.362135430687665,False,True,18.811591963887018,True,18.032995478378634,4,4,0.0033581902085157577,18.093553707224334,True,9101,18.032995478378634,2893414208,11,37bc07e4216cbf7d5863ebd5c44c6a01b76640e00386ae5e07e1c1fdcaf33bdf,40.248928299999534,pyvrp,40.0,0.017924927825058792,cvrp100_37580.json,0
"[""pyvrp_cost_not_converged""]",unstable_cost,False,0.33380273225526835,cvrp_s7799_n20-50-100_x66667_cvrp100_37749,0.07797979797979798,True,False,0.0,0.0,0.0,100,2,True,18.515651611040777,False,True,19.056695089861982,True,18.18184887878551,4,4,0.0057326440292677795,18.286078946201528,False,9102,18.18184887878551,14180586,11,3818c86ab740d1bfe5c80cb52c777fc404ee86f3a6100be7969f7aa722b11024,40.288860399999976,pyvrp,40.0,0.018028138532063528,cvrp100_37749.json,0
"[""accepted""]",not_selected,True,0.07700670403925791,cvrp_s7799_n20-50-100_x66667_cvrp100_38097,0.027676767676767678,True,True,0.0,0.0,0.0,100,4,False,12.598522067729082,False,False,,False,12.521515363689824,4,4,5.674574643102289e-16,12.521515363689831,True,9104,12.521515363689824,2439220988,10,37759829bc68f5fecb095f8c048427ea65e1b5459aff331a3e0beeff5b945c0e,40.15175309999904,pyvrp,40.0,0.006112360134408891,cvrp100_38097.json,0
"[""pyvrp_cost_not_converged""]",unstable_cost,False,0.31589452528126394,cvrp_s7799_n20-50-100_x66667_cvrp100_3820,0.047474747474747475,True,False,0.0,0.0,0.0,100,2,True,13.943909536322483,False,True,14.081855177075772,True,13.628015011041219,4,4,0.010386214337849394,13.769558495945322,False,9103,13.628015011041219,2139581536,11,41104dc8bfc963f4ab01a12e8400afe5d01cf46638ed88fe79c114db0e1eb9b8,40.14675720000014,pyvrp,40.0,0.022654659689120216,cvrp100_3820.json,0
"[""route_membership_ambiguous""]",unstable_matrix,True,0.16901517566112823,cvrp_s7799_n20-50-100_x66667_cvrp100_3855,0.08323232323232323,False,False,0.22,0.09212121212121212,0.0694949494949495,100,3,True,14.225343384215448,False,True,15.08533031349938,True,14.05632820855432,4,4,0.0017601849472777343,14.081069945881012,True,9103,14.05632820855432,2300340593,10,8ccf13947b8871daaa10765624df5312bd7432ef7b64a1989ffefafbfb46744d,40.15305889999945,pyvrp,40.0,0.011881272113871697,cvrp100_3855.json,0
"[""accepted""]",not_selected,True,0.08163465801685987,cvrp_s7799_n20-50-100_x66667_cvrp100_38880,0.02909090909090909,True,True,0.0,0.0,0.0,100,3,False,14.190504783922238,False,False,,False,14.108870125905378,4,4,0.002371387257006687,14.142327720732712,True,9103,14.108870125905378,2774419863,12,104cc3e03095b970aeb35650a93c995e539d4109a5ab749238d8a93645401f1a,40.1563943000001,pyvrp,40.0,0.005752766322263002,cvrp100_38880.json,0
"[""accepted""]",not_selected,True,0.29586169914855986,cvrp_s7799_n20-50-100_x66667_cvrp100_38967,0.04767676767676768,True,True,0.19,0.007676767676767677,0.0051178451178451176,100,3,False,14.28684030671116,False,False,,False,13.9909786075626,4,4,0.0038954729551384775,14.04548008634428,True,9101,13.9909786075626,3950372654,10,9ea64700e0a98b616a063869361d2e2070caed73fb49c24554df1b6c482ffcf6,40.162064799998916,pyvrp,40.0,0.0207086866512801,cvrp100_38967.json,0
"[""route_membership_ambiguous""]",unstable_matrix,True,0.06543065556588701,cvrp_s7799_n20-50-100_x66667_cvrp100_39277,0.048484848484848485,False,False,0.23,0.056767676767676765,0.028383838383838383,100,4,True,12.834119036934831,False,True,13.360888372571454,True,12.768688381368944,4,4,0.000363435196340506,12.773328972137838,True,9102,12.768688381368944,773339698,10,ec1ae53863014aa436c19d0d6892aeff2b57defd025e7b230d7b2204cd622adb,40.31631589999961,pyvrp,40.0,0.00509818051224136,cvrp100_39277.json,0
"[""route_membership_ambiguous""]",unstable_matrix,True,0.2704125051211861,cvrp_s7799_n20-50-100_x66667_cvrp100_39389,0.08181818181818182,False,False,0.19,0.07919191919191919,0.056262626262626264,100,4,True,19.371426311136254,False,True,20.064886483002212,True,19.101013806015068,4,4,0.0005132036634729258,19.110816516276362,True,9103,19.101013806015068,3465177896,11,04dee4e7c6c039785284ad15410ff686b0a5fb6062d89937b64951cd544c4794,40.141408200001024,pyvrp,40.0,0.01395934923830215,cvrp100_39389.json,0
"[""pyvrp_cost_not_converged"", ""route_membership_ambiguous""]",unstable_cost,False,0.19152480754426904,cvrp_s7799_n20-50-100_x66667_cvrp100_39453,0.0705050505050505,False,False,0.0,0.0,0.0,100,1,True,15.092073615611248,False,True,15.384462001580676,True,14.90054880806698,4,4,0.005174500511798427,14.9776517055004,False,9101,14.90054880806698,1407561212,11,c55b0d0de3ba7a86e00cd936dab89f01150f2f3a4d73b0b2a4966585191cf6cf,40.15798619999987,pyvrp,40.0,0.012690423623838919,cvrp100_39453.json,0
"[""route_membership_ambiguous""]",unstable_matrix,True,0.42272811111838493,cvrp_s7799_n20-50-100_x66667_cvrp100_3949,0.08222222222222222,False,False,0.24,0.07717171717171717,0.07016835016835017,100,3,True,19.68191506867612,False,True,19.881508566510004,True,19.259186957557734,4,4,0.002500074606814603,19.30733636181822,True,9103,19.259186957557734,2280641084,11,b781902209201d78c8c83adc93ceb9c3ce00bbc4620f00e6245796ccc726940b,40.1506315000006,pyvrp,40.0,0.021477996914596953,cvrp100_3949.json,0
"[""pyvrp_cost_not_converged""]",unstable_cost,False,0.5072053317323402,cvrp_s7799_n20-50-100_x66667_cvrp100_39666,0.0696969696969697,True,False,0.0,0.0,0.0,100,2,True,18.546285084590263,False,True,19.60020776727035,True,18.039079752857923,4,4,0.006439185767478915,18.155236738460943,False,9101,18.039079752857923,3258580391,11,bb9a948b2e10be5e76168e7697208aaa86bce6df37744b7a4dfbd73dafde0467,40.288958499997534,pyvrp,40.0,0.027348082347432853,cvrp100_39666.json,0
"[""route_membership_ambiguous""]",unstable_matrix,True,0.07032546037862808,cvrp_s7799_n20-50-100_x66667_cvrp100_39765,0.060404040404040404,False,False,0.2,0.05717171717171717,0.038114478114478115,100,4,True,15.438496621856087,False,True,16.615351039590436,True,15.36817116147746,4,4,0.0007239729008051614,15.379297300933304,True,9102,15.36817116147746,3297151783,11,556dcd3131225841dc0734c90ee3a20139c2c81088502a17671fca93473944fb,40.231939400000556,pyvrp,40.0,0.0045552013321730565,cvrp100_39765.json,0
"[""pyvrp_cost_not_converged"", ""route_membership_ambiguous""]",unstable_cost,False,0.32316256799339627,cvrp_s7799_n20-50-100_x66667_cvrp100_39787,0.0595959595959596,False,False,0.0,0.0,0.0,100,1,True,17.358716307333918,False,True,18.08452951698315,True,17.03555373934052,4,4,0.007604934776304851,17.165108014406442,False,9102,17.03555373934052,2971924853,11,1f758e0bcf2f3a138bd2624330d1a6f0cde7d3fbc8ce50f205e4e63ec1649090,40.181284199999936,pyvrp,40.0,0.01861673192140727,cvrp100_39787.json,0
"[""route_membership_ambiguous""]",unstable_matrix,True,0.30107267394924975,cvrp_s7799_n20-50-100_x66667_cvrp100_39879,0.06464646464646465,False,False,0.2,0.06323232323232324,0.04215488215488216,100,3,True,17.707379190866675,False,True,18.78312528286518,True,17.406306516917425,4,4,0.0010673323380980984,17.42488483074978,True,9103,17.406306516917425,2831399785,11,e82afb8d7cec5e716deb29edf2589d324b9e041cbaa55ead1171205be72cd2bf,40.274625599999126,pyvrp,40.0,0.01700266711996209,cvrp100_39879.json,0
"[""accepted""]",not_selected,True,0.5384456032205289,cvrp_s7799_n20-50-100_x66667_cvrp100_39904,0.08404040404040404,True,True,0.23,0.04626262626262626,0.02313131313131313,100,4,False,15.601990825499184,False,False,,False,15.063545222278655,4,4,0.00045140670091575226,15.07034500753154,True,9103,15.063545222278655,3695882881,10,e054282de9367b7869862942f7fda4252d21dd6e7d9c9bcd1e379042ed7ca4ed,40.282655899998645,pyvrp,40.0,0.034511339561905004,cvrp100_39904.json,0
"[""accepted""]",not_selected,True,0.253397962581726,cvrp_s7799_n20-50-100_x66667_cvrp100_40071,0.07171717171717172,True,True,0.0,0.0,0.0,100,4,False,14.803331736745655,False,False,,False,14.549933774163929,4,4,2.4417387281232815e-16,14.549933774163932,True,9101,14.549933774163929,995123004,10,8088d026d5ce75554c2ac3493cf163b17787701117ad184a9cf3f25e649b8c0e,40.28752389999863,pyvrp,40.0,0.017117630482651917,cvrp100_40071.json,0
"[""accepted""]",not_selected,True,0.42044886997545916,cvrp_s7799_n20-50-100_x66667_cvrp100_40084,0.1096969696969697,True,True,0.0,0.0,0.0,100,4,False,17.509897283210236,False,False,,False,17.089448413234777,4,4,7.84560186560396e-05,17.090789183318307,True,9102,17.089448413234777,2129932785,11,e7abb4dae984177cb24ecabd00f4c27bfeff11acc5c834c2548d7c382c026a07,40.17487560000154,pyvrp,40.0,0.02401206946991152,cvrp100_40084.json,0
"[""accepted""]",stable_control,True,0.38914501064430596,cvrp_s7799_n20-50-100_x66667_cvrp100_40292,0.08626262626262626,True,True,0.16,0.041212121212121214,0.041212121212121214,100,2,False,18.877133961170482,False,True,19.91425330707378,True,18.487988950526177,4,4,0.0014726864353399977,18.515215961070332,True,9103,18.487988950526177,4043375872,11,8a6898564dcd7edf5dc14a2b13e6ba3f77c51824f9e5d7ca7f9f3cf6e1aecf4c,40.15538210000159,pyvrp,40.0,0.020614623567579794,cvrp100_40292.json,0
"[""pyvrp_cost_not_converged""]",unstable_cost,False,0.3313252112153826,cvrp_s7799_n20-50-100_x66667_cvrp100_40487,0.07757575757575758,True,False,0.0,0.0,0.0,100,2,True,15.768930546713655,False,True,17.02919632049759,True,15.437605335498272,4,4,0.008394257952526475,15.567192576853744,False,9102,15.437605335498272,570051936,10,90e3aa22a2f2b402c3539a7d39aa53f1bfddcb9793cd4ca82e36670bc7607c3d,40.239487899998494,pyvrp,40.0,0.021011267075713824,cvrp100_40487.json,0
"[""route_membership_ambiguous""]",unstable_matrix,True,0.023283990787380304,cvrp_s7799_n20-50-100_x66667_cvrp100_4081,0.01090909090909091,False,False,0.19,0.08747474747474747,0.058316498316498315,100,4,True,12.894378851240026,False,True,13.540627562808073,True,12.871094860452645,4,4,0.0009930055816101974,12.88387592949051,True,9103,12.871094860452645,3094983415,10,4ac1d1db2dde69c323cc0b3782a4627af7b07ff3f01faf967d8d120ac5b1a298,40.14393879999989,pyvrp,40.0,0.0018057473768999064,cvrp100_4081.json,0
"[""pyvrp_cost_not_converged""]",unstable_cost,False,0.4157840396558363,cvrp_s7799_n20-50-100_x66667_cvrp100_40892,0.11535353535353535,True,False,0.0,0.0,0.0,100,2,True,17.65936397900307,False,True,18.207068497910356,True,17.243579939347235,4,4,0.008866239653236749,17.396465651569233,False,9103,17.243579939347235,3263513160,11,7cf2d5761bfdb78e3536b8de242bc1a9b6488f698e23e2206bd5a04f090898dc,40.134170500001346,pyvrp,40.0,0.023544678061463722,cvrp100_40892.json,0
"[""pyvrp_cost_not_converged"", ""route_membership_ambiguous""]",unstable_cost,False,0.4022978453559425,cvrp_s7799_n20-50-100_x66667_cvrp100_40919,0.10808080808080808,False,False,0.0,0.0,0.0,100,1,True,17.439695085249603,False,True,17.920274272592035,True,17.03739723989366,4,4,0.008297013962213946,17.178756762672844,False,9102,17.03739723989366,795871547,11,780405129b5a576f273484b3cadd5d85bd4a42d2318ab1bfb035bb7847ea5a08,40.342217999997956,pyvrp,40.0,0.023067940316009526,cvrp100_40919.json,0
"[""accepted""]",not_selected,True,0.1344657958652924,cvrp_s7799_n20-50-100_x66667_cvrp100_41037,0.08484848484848485,True,True,0.19,0.032929292929292926,0.017542087542087543,100,4,False,12.723432765136055,False,False,,False,12.588966969270762,4,4,0.0006064195037321128,12.596601164372768,True,9101,12.588966969270762,3275005143,10,6f8c23d351d7b14aa5e407fc8df7551c7fa364420e572a2406c3b7b596b567a7,40.27323289999913,pyvrp,40.0,0.010568358268355617,cvrp100_41037.json,0
"[""accepted""]",not_selected,True,0.20876969161841075,cvrp_s7799_n20-50-100_x66667_cvrp100_41039,0.07414141414141415,True,True,0.0,0.0,0.0,100,4,False,13.10749277468632,False,False,,False,12.898723083067908,4,4,4.131471374244941e-16,12.898723083067914,True,9103,12.898723083067908,4217749528,10,b261ec0d6c0e5762bcfb31d730119a83e713342e6ca26ddca4f3035380f5b922,40.25214789999882,pyvrp,40.0,0.015927507663524684,cvrp100_41039.json,0
"[""accepted""]",not_selected,True,0.3080501817960801,cvrp_s7799_n20-50-100_x66667_cvrp100_41303,0.09151515151515152,True,True,0.0,0.0,0.0,100,2,False,18.057488422885722,False,False,,False,17.749438241089642,4,4,0.0025550355608546424,17.79478868698082,True,9102,17.749438241089642,2283652267,11,0986b410d838e0f47fa5c739ea048bed7d983ba7dc1c5c13a6fdc6fe675cd57b,40.13410940000176,pyvrp,40.0,0.01705941460860432,cvrp100_41303.json,0
"[""accepted""]",stable_control,True,0.4257792435381482,cvrp_s7799_n20-50-100_x66667_cvrp100_41336,0.0901010101010101,True,True,0.0,0.0,0.0,100,3,False,16.63353641431856,False,True,17.924969253155417,True,16.20775717078041,4,4,0.004986568613567441,16.288578263984547,True,9104,16.20775717078041,2884533436,10,39675a90a93da9ce252b927322a93f63fae5bbac30b01a5f08008c572e31ebef,40.23220420000143,pyvrp,40.0,0.0255976379846457,cvrp100_41336.json,0
"[""accepted""]",not_selected,True,0.2282402699460402,cvrp_s7799_n20-50-100_x66667_cvrp100_4160,0.07212121212121213,True,True,0.0,0.0,0.0,100,2,False,14.284924096309302,False,False,,False,14.056683826363262,4,4,0.004106272319539188,14.114404398063972,True,9103,14.056683826363262,1202570331,10,9bef6b3ebb2e08322b5864fe91b4c1f2c5099cbf6db7e9dcf051f72f96943020,40.14506160000019,pyvrp,40.0,0.015977702675018697,cvrp100_4160.json,0
"[""route_membership_ambiguous""]",unstable_matrix,True,0.2361807611236184,cvrp_s7799_n20-50-100_x66667_cvrp100_41782,0.09393939393939393,False,False,0.19,0.06565656565656566,0.039124579124579124,100,4,True,15.737298388999678,False,True,16.61499167743803,True,15.50111762787606,4,4,0.000855088555255564,15.514372456153326,True,9104,15.50111762787606,158459228,11,97d955bd620f9d55bf38bf029f63ce11df6884a2804d034a3f1a39a1e451c268,40.21360990000176,pyvrp,40.0,0.015007706868461491,cvrp100_41782.json,0
"[""accepted""]",not_selected,True,0.16118294138510159,cvrp_s7799_n20-50-100_x66667_cvrp100_4180,0.05313131313131313,True,True,0.0,0.0,0.0,100,4,False,13.41327577184276,False,False,,False,13.25209283045766,4,4,2.6808699005150333e-16,13.252092830457663,True,9104,13.25209283045766,3823780167,10,752c1202690c09a79e538eb7f73e2da70184e2d2501d47c3c4c4b701f531e1d1,40.228642000001855,pyvrp,40.0,0.012016672446521819,cvrp100_4180.json,-1
"[""accepted""]",stable_control,True,0.15612771163572958,cvrp_s7799_n20-50-100_x66667_cvrp100_41800,0.06282828282828283,True,True,0.18,0.048484848484848485,0.028686868686868688,100,4,False,17.313813818341565,False,True,18.401893652410127,True,17.157686106705835,4,4,0.000971425719467374,17.174353524276437,True,9103,17.157686106705835,3869212631,11,d3940f60a67a8271f67495c3060935843a87e33c8449441c61b590e9d634b8a3,40.2008679999999,pyvrp,40.0,0.009017522844697227,cvrp100_41800.json,0
"[""accepted""]",not_selected,True,0.0621300682537953,cvrp_s7799_n20-50-100_x66667_cvrp100_41897,0.04040404040404041,True,True,0.0,0.0,0.0,100,4,False,12.925581217328306,False,False,,False,12.86345114907451,4,4,5.868402925049415e-05,12.864206028218005,True,9103,12.86345114907451,1662569243,10,cba29ea8d8205a523de944a37f479dccde3b38b30e35598240e3bdbd72c0240f,40.21083429999999,pyvrp,40.0,0.004806752378028651,cvrp100_41897.json,0
"[""accepted""]",not_selected,True,0.30505171359465777,cvrp_s7799_n20-50-100_x66667_cvrp100_41967,0.07555555555555556,True,True,0.17,0.010303030303030303,0.010303030303030303,100,2,False,16.86031822551059,False,False,,False,16.55526651191593,4,4,0.001261626461956684,16.57615307423211,True,9104,16.55526651191593,2904726015,11,93ea4955777110d563c6e03741901f3245517b4ac2a1414d978781840d83d50d,40.18422699999792,pyvrp,40.0,0.018092879951286906,cvrp100_41967.json,0
"[""pyvrp_cost_not_converged""]",unstable_cost,False,0.1801845024227795,cvrp_s7799_n20-50-100_x66667_cvrp100_4226,0.0698989898989899,True,False,0.0,0.0,0.0,100,2,True,16.88418446691151,False,True,17.613433070571755,True,16.70399996448873,4,4,0.005143299353805396,16.78991363671205,False,9101,16.70399996448873,182884839,10,b9385afaf0a3dabc90f95b9a234860341a47f579913cd12bb210e5d4c0b95461,40.181943300001876,pyvrp,40.0,0.01067179186391223,cvrp100_4226.json,0
"[""accepted""]",stable_control,True,0.1518055300096357,cvrp_s7799_n20-50-100_x66667_cvrp100_42317,0.055353535353535356,True,True,0.0,0.0,0.0,100,3,False,13.7553390724755,False,True,14.466650991318446,True,13.603533542465865,4,4,0.003064538543564861,13.645222095335429,True,9103,13.603533542465865,1008123869,11,c3e3e02bba0aafba8a1ee2fb653fdfabbe882cfdb9b3284295c9ff0638178817,40.19460439999966,pyvrp,40.0,0.011036116900484068,cvrp100_42317.json,0
"[""accepted""]",not_selected,True,0.23085726124755368,cvrp_s7799_n20-50-100_x66667_cvrp100_42370,0.06666666666666667,True,True,0.0,0.0,0.0,100,2,False,15.527259488836949,False,False,,False,15.296402227589395,4,4,0.002908477309742261,15.34089146638903,True,9101,15.296402227589395,2590909378,10,4afab4f88093e99adf4b53b8b312c5aa8ae663de67acbcf817012530de997977,40.1902356999999,pyvrp,40.0,0.01486786907976417,cvrp100_42370.json,-1
"[""accepted""]",not_selected,True,0.17950633333303223,cvrp_s7799_n20-50-100_x66667_cvrp100_42474,0.027474747474747475,True,True,0.0,0.0,0.0,100,4,False,15.42772946634886,False,False,,False,15.248223133015827,4,4,2.329919786593415e-16,15.24822313301583,True,9103,15.248223133015827,2315268934,11,aed410d9fb6666cc3a9d4e2f1ed2f799f2a0001cb2f9228d720379a4f16e42dd,40.34458860000086,pyvrp,40.0,0.011635304710558576,cvrp100_42474.json,0
"[""accepted""]",stable_control,True,0.2602667743147826,cvrp_s7799_n20-50-100_x66667_cvrp100_42676,0.08464646464646465,True,True,0.0,0.0,0.0,100,3,False,20.989743122418073,False,True,22.375403316589466,True,20.72947634810329,4,4,0.0035785161635662963,20.803657114277243,True,9102,20.72947634810329,4209641112,11,2482950bfaa896f1be8e5ba2ca33b409092fd13922f72f09531b22db0f557821,40.38444339999842,pyvrp,40.0,0.012399712221194598,cvrp100_42676.json,0
"[""accepted""]",not_selected,True,0.3334893390084126,cvrp_s7799_n20-50-100_x66667_cvrp100_42699,0.0698989898989899,True,True,0.0,0.0,0.0,100,2,False,16.13613981966365,False,False,,False,15.802650480655238,4,4,0.0014126084130405235,15.82497343767255,True,9102,15.802650480655238,662092725,11,d99ac977e211e908c5dea22bfc4e0fec3f21211ebd6299acffee1c7ed2655fda,40.37527729999783,pyvrp,40.0,0.02066723161397123,cvrp100_42699.json,0
"[""accepted""]",stable_control,True,0.13886339908773948,cvrp_s7799_n20-50-100_x66667_cvrp100_42749,0.07777777777777778,True,True,0.15,0.008484848484848486,0.005656565656565657,100,3,False,16.342787039357194,False,True,17.396013748046443,True,16.203923640269455,4,4,0.0017109193296703366,16.231647246442094,True,9101,16.203923640269455,2975967730,11,c5bd9a0def6678d96a35422428cfb9ef09c76f779ed1b226e4424b52fadd466e,40.18342269999994,pyvrp,40.0,0.008496922755789721,cvrp100_42749.json,0
"[""route_membership_ambiguous""]",unstable_matrix,True,0.22717806966406862,cvrp_s7799_n20-50-100_x66667_cvrp100_42971,0.08787878787878788,False,False,0.2,0.08343434343434343,0.05562289562289562,100,3,True,14.583583217504046,False,True,15.420224854596261,True,14.356405147839977,4,4,0.0010984498606628659,14.372174939074242,True,9103,14.356405147839977,4155330828,11,e348cb233bae5c949334246b3979e96f59e91ab3e283735be2094c5f8e79657a,40.177685999999085,pyvrp,40.0,0.015577657855128263,cvrp100_42971.json,0
"[""route_membership_ambiguous""]",unstable_matrix,True,0.10505887274812764,cvrp_s7799_n20-50-100_x66667_cvrp100_43024,0.06222222222222222,False,False,0.2,0.06262626262626263,0.04811447811447812,100,4,True,13.221569258421425,False,True,13.440787276663645,True,13.116510385673298,4,4,0.000813166204706357,13.127176288642607,True,9103,13.116510385673298,2875154582,10,e0fd340036faa32bec9f883581ab103cdb45d0a2fccfa9106a922a8d14cec681,40.14247659999819,pyvrp,40.0,0.007946021436238427,cvrp100_43024.json,0
"[""accepted""]",stable_control,True,0.19266650896581972,cvrp_s7799_n20-50-100_x66667_cvrp100_43133,0.0602020202020202,True,True,0.0,0.0,0.0,100,3,False,15.19521880463688,False,True,16.14583024662819,True,15.00255229567106,4,4,0.002121011716480117,15.034372884867285,True,9101,15.00255229567106,1404510820,11,ff1bfdb213adc41c5aab126a4411775e709f42fba2dde73ace146e7aa2ef9f7b,40.14241580000089,pyvrp,40.0,0.01267941656141383,cvrp100_43133.json,0
"[""accepted""]",not_selected,True,0.3363167217158374,cvrp_s7799_n20-50-100_x66667_cvrp100_43510,0.08606060606060606,True,True,0.17,0.03373737373737374,0.03373737373737374,100,2,False,16.163525503691588,False,False,,False,15.82720878197575,4,4,0.003997150233701626,15.89047251325747,True,9104,15.82720878197575,2727889561,10,049caf8763dbfe1abe0f2aa48130a72567385952ace1655289f7f872e5abc630,40.1889282000011,pyvrp,40.0,0.02080713898951228,cvrp100_43510.json,0
"[""pyvrp_cost_not_converged"", ""route_membership_ambiguous""]",unstable_cost,False,0.3044556908649092,cvrp_s7799_n20-50-100_x66667_cvrp100_43600,0.07717171717171717,False,False,0.0,0.0,0.0,100,1,True,14.395260425408392,False,True,15.059230287374938,True,14.090804734543482,4,4,0.011026055229741441,14.246170725778061,False,9101,14.090804734543482,642905401,10,55fd8b387e24e9abb5b0344bded24819383416b83302bdb18a0f6936991a54fb,40.15348610000001,pyvrp,40.0,0.021149717467252548,cvrp100_43600.json,0
"[""accepted""]",not_selected,True,0.33035496227283545,cvrp_s7799_n20-50-100_x66667_cvrp100_43672,0.06484848484848485,True,True,0.17,0.0298989898989899,0.0298989898989899,100,2,False,17.197893188126276,False,False,,False,16.86753822585344,4,4,0.004471631972360648,16.942963649079182,True,9102,16.86753822585344,2656161747,11,e31c84bc082ffe77353bc47c169cfadaec9ffab745cc79e4526b7b33140fcc69,40.211332000002585,pyvrp,40.0,0.019209036749973436,cvrp100_43672.json,0
"[""accepted""]",stable_control,True,0.23407117893825458,cvrp_s7799_n20-50-100_x66667_cvrp100_43802,0.08686868686868687,True,True,0.0,0.0,0.0,100,4,False,16.464938821387342,False,True,17.049846809109617,True,16.230867642449088,4,4,2.1888624545917555e-16,16.23086764244909,True,9101,16.230867642449088,3230173957,10,d8cd73c20a68e7dd467322d9be33f0b41683e7f775ac7e80790375de6f3b65f0,40.1777095000034,pyvrp,40.0,0.014216340642226063,cvrp100_43802.json,0
"[""pyvrp_cost_not_converged"", ""route_membership_ambiguous""]",unstable_cost,False,0.31840834118606054,cvrp_s7799_n20-50-100_x66667_cvrp100_4393,0.06747474747474748,False,False,0.0,0.0,0.0,100,1,True,18.048216249316884,False,True,18.426072432759952,True,17.729807908130823,4,4,0.0051796100523856204,17.821641399398644,False,9103,17.729807908130823,4276848886,11,0a94d64070e95b072acb84be2a117c49824b73639ed8b37181bab6b92f9925cb,40.27624389999983,pyvrp,40.0,0.017642094752610922,cvrp100_4393.json,0
"[""accepted""]",not_selected,True,0.35474420456891664,cvrp_s7799_n20-50-100_x66667_cvrp100_44182,0.09212121212121212,True,True,0.0,0.0,0.0,100,2,False,19.139043213288453,False,False,,False,18.784299008719536,4,4,0.003316570421907066,18.846598459208113,True,9101,18.784299008719536,1113554651,11,cf64455cd084e105765a49654a8a5b4688901a82b6828addaf142d5079c1a451,40.20662379999703,pyvrp,40.0,0.018535106515806064,cvrp100_44182.json,0
"[""pyvrp_cost_not_converged"", ""route_membership_ambiguous""]",unstable_cost,False,0.3307390501914842,cvrp_s7799_n20-50-100_x66667_cvrp100_44280,0.1008080808080808,False,False,0.0,0.0,0.0,100,1,True,16.21511308673931,False,True,16.709851361329058,True,15.884374036547827,4,4,0.00372078999672026,15.943476456567177,False,9101,15.884374036547827,2746602939,11,2796de05391c587591579e4849d732af16223a842ca6e751bd738661c5235839,40.28323709999677,pyvrp,40.0,0.02039696229204605,cvrp100_44280.json,0
"[""accepted""]",stable_control,True,0.054596362157512957,cvrp_s7799_n20-50-100_x66667_cvrp100_4429,0.022424242424242423,True,True,0.0,0.0,0.0,100,4,False,15.205595522790507,False,True,15.978678985003647,True,15.150999160632994,4,4,2.344870883520049e-16,15.150999160632997,True,9102,15.150999160632994,1042807694,11,1665c4f859bff47eb49fef190da724fce9736eccc2eb65f69e04163a9ec2fab9,40.164917800000694,pyvrp,40.0,0.00359054415696397,cvrp100_4429.json,0
"[""accepted""]",not_selected,True,0.37495554788824137,cvrp_s7799_n20-50-100_x66667_cvrp100_44293,0.08707070707070708,True,True,0.0,0.0,0.0,100,4,False,18.602712573083323,False,False,,False,18.227757025195082,4,4,3.898135874742908e-16,18.22775702519509,True,9103,18.227757025195082,914041346,11,8d0978473be67d860ba2abd4dcfb6f31d5619f98914367af24170d7f62352257,40.164215500000864,pyvrp,40.0,0.020155960933932446,cvrp100_44293.json,0
"[""accepted""]",not_selected,True,0.16377413015811726,cvrp_s7799_n20-50-100_x66667_cvrp100_44308,0.08707070707070708,True,True,0.19,0.042222222222222223,0.021111111111111112,100,4,False,15.827898270635597,False,False,,False,15.66412414047748,4,4,6.358825188667978e-05,15.665120194748908,True,9104,15.66412414047748,1786790873,11,37f3afd0e402510fe3aea12eba62e4a6d0f808969f1d7eb3ca410f84973a5a1a,40.185233600001084,pyvrp,40.0,0.01034718112018423,cvrp100_44308.json,0
"[""accepted""]",not_selected,True,0.14152597740920214,cvrp_s7799_n20-50-100_x66667_cvrp100_4449,0.024444444444444446,True,True,0.0,0.0,0.0,100,4,False,13.759805199731442,False,False,,False,13.61827922232224,4,4,7.826349322410233e-16,13.61827922232225,True,9102,13.61827922232224,125086139,9,222b79f1f56c3dcb3512f5c9e7191fcf18e474ba5d53d9f858714f2a7cb6a4b8,40.164878300001874,pyvrp,40.0,0.010285463736940432,cvrp100_4449.json,0
"[""pyvrp_cost_not_converged""]",unstable_cost,False,0.42193135122072434,cvrp_s7799_n20-50-100_x66667_cvrp100_44610,0.09494949494949495,True,False,0.0,0.0,0.0,100,3,True,17.580152030769497,False,True,18.56814953862121,True,17.158220679548773,4,4,0.00819615864416175,17.29885217828989,False,9102,17.158220679548773,147878020,10,14eba9031937c610222174283ce2b8565c3bf32dad497852da690e04b1224032,40.15502360000028,pyvrp,40.0,0.02400043813513347,cvrp100_44610.json,0
"[""route_membership_ambiguous""]",unstable_matrix,True,0.278511489387979,cvrp_s7799_n20-50-100_x66667_cvrp100_44901,0.08363636363636363,False,False,0.23,0.06121212121212121,0.045252525252525246,100,3,True,13.920890615951029,False,True,14.53446233657484,True,13.64237912656305,4,4,0.004170818755332626,13.699279017291477,True,9104,13.64237912656305,3505738282,10,8b31fcaa75b3eec378286fb2206c93d6092a7eab4b4c791421d8a53ac75e7c45,40.16764599999806,pyvrp,40.0,0.020006729243950173,cvrp100_44901.json,0
"[""pyvrp_cost_not_converged"", ""route_membership_ambiguous""]",unstable_cost,False,0.3351801950257851,cvrp_s7799_n20-50-100_x66667_cvrp100_45020,0.0802020202020202,False,False,0.0,0.0,0.0,100,1,True,16.46938385984625,False,True,16.759409832973613,True,16.134203664820465,4,4,0.003715031048250409,16.19414273237407,False,9103,16.134203664820465,1692236981,10,66b57c3124444b5f7d9acb8ebf75756bd9f2904f110b9820845f7a5d6b907156,40.17935969999962,pyvrp,40.0,0.02035171430079924,cvrp100_45020.json,0
"[""accepted""]",not_selected,True,0.07074187597288706,cvrp_s7799_n20-50-100_x66667_cvrp100_45022,0.08505050505050506,True,True,0.0,0.0,0.0,100,4,False,12.380888807672005,False,False,,False,12.310146931699117,4,4,4.3290064267861687e-16,12.310146931699123,True,9104,12.310146931699117,1570859962,10,7a87682b828f0f7f0091784164a6c404580cbfbdbc31a3f0505738d5ed9d3e44,40.186580600002344,pyvrp,40.0,0.005713796244503124,cvrp100_45022.json,0
"[""pyvrp_cost_not_converged""]",unstable_cost,False,0.320753746374665,cvrp_s7799_n20-50-100_x66667_cvrp100_45079,0.09656565656565656,True,False,0.0,0.0,0.0,100,2,True,13.7024660593783,False,True,14.392399113680003,True,13.381712313003636,4,4,0.006929282882703429,13.474437983075394,False,9103,13.381712313003636,380889373,10,e98443702e4ca66d5b5986f34f05001ef5ba4a11b8a2fca50202c1608d9eb2ba,40.15624720000051,pyvrp,40.0,0.02340846859132582,cvrp100_45079.json,0
"[""pyvrp_cost_not_converged"", ""route_membership_ambiguous""]",unstable_cost,False,0.409815014243879,cvrp_s7799_n20-50-100_x66667_cvrp100_45198,0.10686868686868686,False,False,0.21,0.09171717171717171,0.06114478114478114,100,3,True,17.71204684871043,False,True,18.83729196237601,True,17.30223183446655,4,4,0.005743592246699113,17.401608799081583,False,9102,17.30223183446655,11610534,11,df6d5f7bf17b8875cf88eff2707f460ad1214dc20eeffc0d7d818e92f6228427,40.32247869999992,pyvrp,40.0,0.02313764285654634,cvrp100_45198.json,0
"[""route_membership_ambiguous""]",unstable_matrix,True,0.14171689242756003,cvrp_s7799_n20-50-100_x66667_cvrp100_45251,0.058383838383838385,False,False,0.24,0.0903030303030303,0.045151515151515144,100,4,True,14.04439946877397,False,True,14.65875288460885,True,13.90268257634641,4,4,0.00042478803808502824,13.908588269602134,True,9102,13.90268257634641,34911619,9,ec5e9c6a663c26cefa2876bad39777f9c4e590e82869ba0e5c76d8a7056ab89d,40.166679699999804,pyvrp,40.0,0.010090633831845247,cvrp100_45251.json,0
"[""accepted""]",not_selected,True,0.255369570833075,cvrp_s7799_n20-50-100_x66667_cvrp100_45506,0.05515151515151515,True,True,0.0,0.0,0.0,100,4,False,15.554136154279547,False,False,,False,15.298766583446472,4,4,2.988090501480224e-06,15.298812297545584,True,9102,15.298766583446472,1979490992,11,683ef361de7f3bdd443a5a03be80b6cf429cd95e4d9d5a06cec0e7f3f6685adf,40.15651340000113,pyvrp,40.0,0.01641811337512388,cvrp100_45506.json,0
"[""pyvrp_cost_not_converged"", ""route_membership_ambiguous""]",unstable_cost,False,0.36876154885941403,cvrp_s7799_n20-50-100_x66667_cvrp100_45596,0.0898989898989899,False,False,0.0,0.0,0.0,100,1,True,15.056792714299547,False,True,15.270380706641461,True,14.688031165440133,4,4,0.0069964240413727,14.79079485980645,False,9104,14.688031165440133,2189116440,10,ff711319616b670179cde21d9b0f48c513210f579b080f68cbb9d55b7b2e585e,40.13761670000167,pyvrp,40.0,0.0244913744817114,cvrp100_45596.json,0
"[""accepted""]",not_selected,True,0.09333937252795366,cvrp_s7799_n20-50-100_x66667_cvrp100_4592,0.010303030303030303,True,True,0.22,0.04909090909090909,0.026363636363636363,100,4,False,14.452608612248717,False,False,,False,14.359269239720764,4,4,0.00044021619699579197,14.365590422617112,True,9102,14.359269239720764,3668505669,10,0879896f5ec07e7185c4f63bc31460315d7229a35a676a6c39da1c79f41f9ccb,40.21077679999871,pyvrp,40.0,0.006458306249907556,cvrp100_4592.json,0
"[""accepted""]",not_selected,True,0.26994023467595696,cvrp_s7799_n20-50-100_x66667_cvrp100_45999,0.08767676767676767,True,True,0.0,0.0,0.0,100,2,False,17.582704699766204,False,False,,False,17.312764465090247,4,4,0.0019867971225427,17.347161415712748,True,9101,17.312764465090247,876575169,11,82f6b2c3b29b1f6a7c3b862e2238bb3688e2eea7e6ccc8fabd8b1ac035dd47a6,40.535860500000126,pyvrp,40.0,0.015352600142317487,cvrp100_45999.json,0
"[""accepted""]",not_selected,True,0.16723534308650123,cvrp_s7799_n20-50-100_x66667_cvrp100_46209,0.0707070707070707,True,True,0.0,0.0,0.0,100,2,False,13.92541340832695,False,False,,False,13.758178065240449,4,4,0.0018205194757959914,13.783225096359688,True,9103,13.758178065240449,892889655,11,10e4f39d3f96179b7fc3e9cdea1449d64a079b0f2dd9ac57a98d255adbb272eb,40.22139740000057,pyvrp,40.0,0.012009362895215725,cvrp100_46209.json,0
"[""accepted""]",not_selected,True,0.2456328166581745,cvrp_s7799_n20-50-100_x66667_cvrp100_4647,0.06202020202020202,True,True,0.0,0.0,0.0,100,4,False,13.644819047214465,False,False,,False,13.39918623055629,4,4,2.6514398842361667e-16,13.399186230556294,True,9102,13.39918623055629,308609429,11,b81bf537f2852b7f09b9bf6b8e7249735dfc933f7fd5428f659724ba959e6f7a,40.286431299999094,pyvrp,40.0,0.01800191089440057,cvrp100_4647.json,0
"[""accepted""]",not_selected,True,0.3987556691381968,cvrp_s7799_n20-50-100_x66667_cvrp100_46828,0.08121212121212121,True,True,0.0,0.0,0.0,100,4,False,14.595959759402295,False,False,,False,14.197204090264098,4,4,4.8964786430390096e-05,14.197899253330286,True,9104,14.197204090264098,1311432394,10,14a659a58b3208d0399aa1a39891c110dfaab143433836def20338cf502df85f,40.24451049999698,pyvrp,40.0,0.027319592250953553,cvrp100_46828.json,0
"[""route_membership_ambiguous""]",unstable_matrix,True,0.16931317239353305,cvrp_s7799_n20-50-100_x66667_cvrp100_47089,0.09171717171717171,False,False,0.23,0.08545454545454545,0.045757575757575754,100,4,True,16.192563910994277,False,True,17.085810360472284,True,16.023250738600744,4,4,0.000809147503085809,16.0362159119272,True,9104,16.023250738600744,2602830077,11,c0fee196bf916c0e5eb27268c378b9a907f83dbcb790851cb82f587d079e7840,40.18824989999848,pyvrp,40.0,0.010456229990765968,cvrp100_47089.json,0
"[""pyvrp_cost_not_converged""]",unstable_cost,False,0.010210130141329543,cvrp_s7799_n20-50-100_x66667_cvrp100_47318,0.0,True,False,0.0,0.0,0.0,100,3,True,13.344542444315922,False,True,14.005536073220897,True,13.334332314174592,4,4,0.01034695600059945,13.472302063926728,False,9101,13.334332314174592,994616907,10,59adffb3cea6271355fbfec4e12c11d0252f7b3c4e69ff71f56a448f6a58e160,40.18465609999839,pyvrp,40.0,0.0007651165398839528,cvrp100_47318.json,0
"[""accepted""]",not_selected,True,0.5103378783828365,cvrp_s7799_n20-50-100_x66667_cvrp100_47323,0.10303030303030303,True,True,0.0,0.0,0.0,100,2,False,14.656671490686072,False,False,,False,14.146333612303236,4,4,0.002447248579732938,14.180953207144373,True,9101,14.146333612303236,471070348,9,d85acc3059e342ad1288e1101ec4c40ffa8a4b3197b2fb90cafc8ca20b6d2946,40.18044480000026,pyvrp,40.0,0.03481949354648105,cvrp100_47323.json,0
"[""pyvrp_cost_not_converged"", ""route_membership_ambiguous""]",unstable_cost,False,0.2351211431988247,cvrp_s7799_n20-50-100_x66667_cvrp100_47325,0.0597979797979798,False,False,0.0,0.0,0.0,100,1,True,12.909326711556801,False,True,13.370084842679507,True,12.674205568357976,4,4,0.015017750548402145,12.864543625982746,False,9101,12.674205568357976,1318005896,10,f168177b935d5697f1d279307b7bb8acbe7550a870ffbdee32c6ed426833a347,40.15044599999965,pyvrp,40.0,0.018213276993627986,cvrp100_47325.json,-1
"[""accepted""]",not_selected,True,0.21244190247933403,cvrp_s7799_n20-50-100_x66667_cvrp100_47520,0.08505050505050506,True,True,0.0,0.0,0.0,100,4,False,13.387810255033669,False,False,,False,13.175368352554335,4,4,4.044722223775697e-16,13.17536835255434,True,9103,13.175368352554335,239024979,9,c917eaf1ac49bacacb069038e0d129bf7ff9314bdef7bcceb9c435fe8cb2b59b,40.22158119999949,pyvrp,40.0,0.01586830844121489,cvrp100_47520.json,0
"[""accepted""]",not_selected,True,0.24584187258409962,cvrp_s7799_n20-50-100_x66667_cvrp100_47588,0.06505050505050505,True,True,0.17,0.013737373737373737,0.013737373737373737,100,2,False,14.178857625118306,False,False,,False,13.933015752534207,4,4,0.002447169434177572,13.967112202809723,True,9103,13.933015752534207,2476494656,10,015e281f986e0db61adbbb378b5a973612054f0f74a80375f2e372cc16e52995,40.1610811999999,pyvrp,40.0,0.01733862339858627,cvrp100_47588.json,0
"[""pyvrp_cost_not_converged"", ""route_membership_ambiguous""]",unstable_cost,False,0.6090796836627064,cvrp_s7799_n20-50-100_x66667_cvrp100_47625,0.08787878787878788,False,False,0.0,0.0,0.0,100,1,True,18.826767908273744,False,True,19.044246002204737,True,18.217688224611038,4,4,0.0059148480907796515,18.325443083024798,False,9104,18.217688224611038,755044105,11,2e844c4fb9319ee8396270e78f2c2f7a3ae35137cc4acb3c9316c870f5a7c077,40.28692320000118,pyvrp,40.0,0.03235179222637763,cvrp100_47625.json,0
"[""pyvrp_cost_not_converged""]",unstable_cost,False,0.30711199950030377,cvrp_s7799_n20-50-100_x66667_cvrp100_47886,0.07696969696969697,True,False,0.0,0.0,0.0,100,2,True,17.029059139491864,False,True,17.54875486467781,True,16.72194713999156,4,4,0.0057859792386403775,16.818699978973193,False,9102,16.72194713999156,18463747,10,8d9da8da39de9ffcdcc6382388222b2de86a9556f3ffd7d0c6ae1c7e8623eba8,40.22407430000021,pyvrp,40.0,0.01803458411792607,cvrp100_47886.json,0
"[""accepted""]",not_selected,True,0.19758622130813563,cvrp_s7799_n20-50-100_x66667_cvrp100_4821,0.07777777777777778,True,True,0.0,0.0,0.0,100,2,False,18.2701696995298,False,False,,False,18.072583478221663,4,4,0.0039566498291058174,18.14409036255227,True,9104,18.072583478221663,136143283,11,0bbae5ff84ada7dbf72b48e1398f91118af9c1a73a504dec09461596459a1ad3,40.15983490000144,pyvrp,40.0,0.01081468998688177,cvrp100_4821.json,0
"[""accepted""]",not_selected,True,0.3758279992918272,cvrp_s7799_n20-50-100_x66667_cvrp100_48264,0.06666666666666667,True,True,0.19,0.0298989898989899,0.019932659932659934,100,3,False,15.189288041687607,False,False,,False,14.81346004239578,4,4,0.0012234385474023774,14.831583400432052,True,9102,14.81346004239578,2368333968,11,213f4f083dd347ee1aad6b4f83f1b11243edf154dcdb2d7a58e542341d42744e,40.367388499998924,pyvrp,40.0,0.02474296347928568,cvrp100_48264.json,0
"[""pyvrp_cost_not_converged"", ""route_membership_ambiguous""]",unstable_cost,False,0.2460917298743439,cvrp_s7799_n20-50-100_x66667_cvrp100_48279,0.08323232323232323,False,False,0.0,0.0,0.0,100,1,True,17.329816430034988,False,True,17.869245433317097,True,17.083724700160644,4,4,0.0013603553927216629,17.10696463718428,False,9101,17.083724700160644,3075700408,10,9faadabab965528721832f189a6f1eccfd8847c5354fa17a779755582e5613af,40.30831410000246,pyvrp,40.0,0.014200481053442241,cvrp100_48279.json,0
"[""pyvrp_cost_not_converged"", ""route_membership_ambiguous""]",unstable_cost,False,0.13863567927735332,cvrp_s7799_n20-50-100_x66667_cvrp100_48344,0.06787878787878789,False,False,0.0,0.0,0.0,100,1,True,13.314284381365137,False,True,14.925074549470438,True,13.175648702087784,4,4,0.00848018361481099,13.287380622325735,False,9101,13.175648702087784,1376085404,10,4d07bb399c291353ca1201a2b2fdb96962e6e61c98d3ea6f9828ed5d30cbfb7c,40.30373110000073,pyvrp,40.0,0.010412552061107376,cvrp100_48344.json,0
"[""accepted""]",not_selected,True,0.4254564796740432,cvrp_s7799_n20-50-100_x66667_cvrp100_48383,0.06262626262626263,True,True,0.0,0.0,0.0,100,4,False,15.386520532179725,False,False,,False,14.961064052505682,4,4,5.93659927250544e-16,14.96106405250569,True,9101,14.961064052505682,1231039790,11,8c971bee365f43245635c49da53df495d1c6b68cbefa571587e998f298bb9693,40.18987819999893,pyvrp,40.0,0.02765124699793132,cvrp100_48383.json,0
"[""route_membership_ambiguous""]",unstable_matrix,True,0.0,cvrp_s7799_n20-50-100_x66667_cvrp100_48684,0.0,False,False,0.2,0.08747474747474747,0.05952861952861952,100,4,True,12.55097310423138,False,True,13.25645911300012,True,12.55097310423138,4,4,0.0007464047343194983,12.560341209976695,True,9103,12.55097310423138,3029508581,10,7f01f050de72cdcb527db3e5fdd96a09ceb4eaeb6788516245c4990776cbb64d,40.44324610000331,pyvrp,40.0,0.0,cvrp100_48684.json,0
"[""pyvrp_cost_not_converged"", ""route_membership_ambiguous""]",unstable_cost,False,0.267753504225249,cvrp_s7799_n20-50-100_x66667_cvrp100_48702,0.05353535353535353,False,False,0.0,0.0,0.0,100,1,True,14.260164145211892,False,True,16.230632572587734,True,13.992410640986643,4,4,0.009002702309527728,14.118380148580114,False,9101,13.992410640986643,2479637504,11,e93950407a2167c30e58aff3f5ae7e964677c4672a06f7f057f2d66fb2447abc,40.18861290000132,pyvrp,40.0,0.018776326941170037,cvrp100_48702.json,1
"[""accepted""]",not_selected,True,0.2887581768623608,cvrp_s7799_n20-50-100_x66667_cvrp100_48854,0.08646464646464647,True,True,0.0,0.0,0.0,100,4,False,15.098664812770219,False,False,,False,14.809906635907858,4,4,2.398876485950728e-16,14.809906635907861,True,9101,14.809906635907858,1193722662,11,e1a0b1b172e4ce674ecfda1aea2f961641acb93db7a00145de0c67e1947d37fb,40.18605490000118,pyvrp,40.0,0.019124749137959113,cvrp100_48854.json,0
"[""accepted""]",not_selected,True,0.18512861584980378,cvrp_s7799_n20-50-100_x66667_cvrp100_49056,0.06888888888888889,True,True,0.2,0.00808080808080808,0.00808080808080808,100,2,False,15.674851930291547,False,False,,False,15.489723314441743,4,4,0.0020837375912951257,15.521999833190806,True,9103,15.489723314441743,3167690761,10,6657cc74d731cb109e4c00a0b59d631a34597808440de74993d4cd4045b2c031,40.34486769999785,pyvrp,40.0,0.01181054957795448,cvrp100_49056.json,0
"[""accepted""]",not_selected,True,0.2509853900140335,cvrp_s7799_n20-50-100_x66667_cvrp100_49088,0.08545454545454545,True,True,0.11,0.022222222222222223,0.022222222222222223,100,2,False,14.003092886114448,False,False,,False,13.752107496100415,4,4,0.003434810596130254,13.799343380647143,True,9101,13.752107496100415,41075624,10,c006161c259e6302d90ff8caa443e4f0bc1edc480049026dde625bc0ffdbb278,40.201689599998645,pyvrp,40.0,0.01792356817563584,cvrp100_49088.json,0
"[""pyvrp_cost_not_converged"", ""route_membership_ambiguous""]",unstable_cost,False,0.3551738798288433,cvrp_s7799_n20-50-100_x66667_cvrp100_49093,0.08505050505050506,False,False,0.0,0.0,0.0,100,1,True,14.266048856227634,False,True,15.361163571406934,True,13.910874976398791,4,4,0.005564471733586376,13.988281646994416,False,9103,13.910874976398791,1334797815,10,95c1f8a19a9c98ee0c9ffefd194681de2ddf815f477292884e99445af906700f,40.21488859999954,pyvrp,40.0,0.024896443535856627,cvrp100_49093.json,0
"[""pyvrp_cost_not_converged""]",unstable_cost,False,0.3095147513791101,cvrp_s7799_n20-50-100_x66667_cvrp100_49225,0.07454545454545454,True,False,0.0,0.0,0.0,100,2,True,15.390190441079772,False,True,15.976855307812858,True,15.080675689700662,4,4,0.008427845547794124,15.207773295169833,False,9104,15.080675689700662,2182883875,11,185b91436840223bdeaf54ec3f5a8b194bd83093f05c5c91281aceaf4b46d0dd,40.26156579999952,pyvrp,40.0,0.02011117098024647,cvrp100_49225.json,0
"[""accepted""]",not_selected,True,0.08038156006913155,cvrp_s7799_n20-50-100_x66667_cvrp100_49326,0.04,True,True,0.16,0.030707070707070707,0.015353535353535354,100,4,False,13.22491803009558,False,False,,False,13.144536470026448,4,4,0.0009189114166573765,13.156615134655425,True,9101,13.144536470026448,911826672,11,dd73a07ebf8f4ba0743ae333fdab38b37f0648a69d567ab6067560e91c5894ce,40.29083240000182,pyvrp,40.0,0.006078038433675692,cvrp100_49326.json,1
"[""pyvrp_cost_not_converged""]",unstable_cost,False,0.4384640328077438,cvrp_s7799_n20-50-100_x66667_cvrp100_49484,0.05858585858585859,True,False,0.0,0.0,0.0,100,2,True,17.416686341777847,False,True,17.93281627397177,True,16.978222308970103,4,4,0.007479348126396874,17.10520834418625,False,9102,16.978222308970103,4058388542,11,b0373cea8739b8b8cd61fdf982c02a48ce39bf212c69cfba7762db4b824abd7a,40.34277889999794,pyvrp,40.0,0.02517493995146419,cvrp100_49484.json,0
"[""accepted""]",not_selected,True,0.15971697437661625,cvrp_s7799_n20-50-100_x66667_cvrp100_49539,0.04,True,True,0.0,0.0,0.0,100,4,False,15.622563143590787,False,False,,False,15.46284616921417,4,4,6.975183739472517e-05,15.463924731145825,True,9101,15.46284616921417,1519525623,11,e4d18a0501bab21a9719dcb0db997814376a15522ae6a29a0751eb6837920d98,40.34232250000059,pyvrp,40.0,0.010223480802005318,cvrp100_49539.json,0
"[""pyvrp_cost_not_converged"", ""route_membership_ambiguous""]",unstable_cost,False,0.364555270435055,cvrp_s7799_n20-50-100_x66667_cvrp100_49778,0.09535353535353536,False,False,0.0,0.0,0.0,100,1,True,16.21823436653054,False,True,16.754258307857416,True,15.853679096095487,4,4,0.007419983347566629,15.97131313098618,False,9103,15.853679096095487,3766722520,10,fa7991d164ae32060786681cfc046310d4937735f36309ef8d74729f8c9d6a6a,40.363212200001726,pyvrp,40.0,0.022478110884091376,cvrp100_49778.json,0
"[""pyvrp_cost_not_converged"", ""route_membership_ambiguous""]",unstable_cost,False,0.15517872826092294,cvrp_s7799_n20-50-100_x66667_cvrp100_49785,0.0890909090909091,False,False,0.0,0.0,0.0,100,1,True,14.388874010257346,False,True,14.607597492842524,True,14.233695281996424,4,4,0.002704855862831037,14.272195376129682,False,9102,14.233695281996424,3347929593,10,1803b8b8ea8068c2d88a4b41faeb5a5631fceaf3df490439e9910b34917fce33,40.34362649999821,pyvrp,40.0,0.010784633193000454,cvrp100_49785.json,0
"[""accepted""]",not_selected,True,0.25500550706689395,cvrp_s7799_n20-50-100_x66667_cvrp100_49798,0.03313131313131313,True,True,0.0,0.0,0.0,100,3,False,16.32176923103933,False,False,,False,16.066763723972436,4,4,0.002223464665503435,16.10248760540168,True,9103,16.066763723972436,1253176107,11,7dee7c2c262adb6f084be8a40e85f6f75364fafea8b66352d4b89a90d26a30f5,40.332055499999115,pyvrp,40.0,0.01562364370291099,cvrp100_49798.json,0
"[""route_membership_ambiguous""]",unstable_matrix,True,0.2559271818195903,cvrp_s7799_n20-50-100_x66667_cvrp100_49959,0.08525252525252525,False,False,0.2,0.055353535353535356,0.055353535353535356,100,2,True,19.618692076696128,False,True,20.23619304136248,True,19.362764894876538,4,4,0.00214181754453824,19.404236404439153,True,9103,19.362764894876538,4193925951,11,0420826642aa3b5f1f30faf4620cab9117f2873099c948af85fb8cc2d74684b8,40.34317210000154,pyvrp,40.0,0.013045068489738462,cvrp100_49959.json,0
"[""pyvrp_cost_not_converged""]",unstable_cost,False,0.1952578159153049,cvrp_s7799_n20-50-100_x66667_cvrp100_5006,0.06363636363636363,True,False,0.0,0.0,0.0,100,2,True,14.503301780751562,False,True,14.621133202862671,True,14.308043964836257,4,4,0.008138793793036251,14.424494184247756,False,9104,14.308043964836257,2790969170,11,f4e16dec3412ea6c8ce68e7e6a52bab09be17aa7a628b1c459f145e6d713c301,40.37623420000091,pyvrp,40.0,0.01346299062565508,cvrp100_5006.json,0
"[""accepted""]",not_selected,True,0.1902108951327115,cvrp_s7799_n20-50-100_x66667_cvrp100_50064,0.056767676767676765,True,True,0.19,0.007676767676767677,0.0051178451178451176,100,4,False,16.05986954998266,False,False,,False,15.86965865484995,4,4,4.63841285674176e-05,15.870394755137317,True,9101,15.86965865484995,3807950626,10,4b3ef7aaa68f5532d984b2002fe661a23f4a244c9ba47483878e0615409299d3,40.27916329999789,pyvrp,40.0,0.01184386302396316,cvrp100_50064.json,0
"[""accepted""]",not_selected,True,0.31684860524652336,cvrp_s7799_n20-50-100_x66667_cvrp100_50165,0.0694949494949495,True,True,0.19,0.0038383838383838384,0.0019191919191919192,100,4,False,16.34208920268388,False,False,,False,16.025240597437357,4,4,1.5864005381491242e-05,16.025494821940434,True,9102,16.025240597437357,1759549757,11,2974ba902071db7e559e35de3911f12d0ccea54cee7bde37659bf5e4002fbd75,40.1589836000021,pyvrp,40.0,0.0193885005348329,cvrp100_50165.json,0
"[""pyvrp_cost_not_converged""]",unstable_cost,False,0.25776635968560235,cvrp_s7799_n20-50-100_x66667_cvrp100_5019,0.07494949494949495,True,False,0.0,0.0,0.0,100,2,True,14.36606849359347,False,True,14.80727755471603,True,14.108302133907868,4,4,0.006962358444228922,14.206529190403614,False,9102,14.108302133907868,577784606,11,4e71f45287b5c8da893ab2fb3249e245caaf1ca83ba941cfd576611af5b3de09,40.216709000000264,pyvrp,40.0,0.01794272105834334,cvrp100_5019.json,0
"[""pyvrp_cost_not_converged"", ""route_membership_ambiguous""]",unstable_cost,False,0.450964860992352,cvrp_s7799_n20-50-100_x66667_cvrp100_50296,0.08262626262626263,False,False,0.0,0.0,0.0,100,1,True,14.749588667639992,False,True,14.830655594588846,True,14.29862380664764,4,4,0.006404717790115017,14.390202456916239,False,9104,14.29862380664764,4140258625,11,d3126c1445a5f71c261ce6c3d89a30581f6c40bf3163ad79f39318af7eb7e022,40.164746799997374,pyvrp,40.0,0.03057474151680927,cvrp100_50296.json,0
"[""route_membership_ambiguous""]",unstable_matrix,True,0.4712620749484806,cvrp_s7799_n20-50-100_x66667_cvrp100_50703,0.09111111111111111,False,False,0.21,0.08424242424242424,0.04225589225589226,100,4,True,16.47972276071976,False,True,16.80072938276923,True,16.00846068577128,4,4,0.000986047135113583,16.024245782568062,True,9103,16.00846068577128,2787938160,11,01ffc29a1a0d718da7131ebe5b411e5dd82cec3da0dcc9d284668f21a4118ffe,40.48241499999858,pyvrp,40.0,0.02859648076554766,cvrp100_50703.json,0
"[""accepted""]",not_selected,True,0.29126785332400473,cvrp_s7799_n20-50-100_x66667_cvrp100_50769,0.08666666666666667,True,True,0.19,0.04525252525252525,0.04525252525252525,100,2,False,17.599186194401575,False,False,,False,17.30791834107757,4,4,0.003146716052219461,17.362381445551943,True,9101,17.30791834107757,2420388224,11,9c5fef7ebc262894c8b1e47674c9f43a480a9aa4ba630b8b3103556cf84ae145,40.14808939999784,pyvrp,40.0,0.01655007510612389,cvrp100_50769.json,0
"[""accepted""]",not_selected,True,0.5157333955420995,cvrp_s7799_n20-50-100_x66667_cvrp100_50809,0.0898989898989899,True,True,0.21,0.04464646464646465,0.04464646464646465,100,2,False,19.995025345611275,False,False,,False,19.479291950069175,4,4,0.002623770104591885,19.530401133946384,True,9104,19.479291950069175,3953683873,11,0351d33bc751a1357dd859f2837d80ad92ecb6b0d30023b794438dac0cdbd509,40.32761460000256,pyvrp,40.0,0.02579308536136956,cvrp100_50809.json,0
"[""accepted""]",not_selected,True,0.4274694096244325,cvrp_s7799_n20-50-100_x66667_cvrp100_50908,0.07737373737373737,True,True,0.14,0.02909090909090909,0.019393939393939394,100,3,False,16.787367156794343,False,False,,False,16.35989774716991,4,4,0.003444502445955602,16.41624945497562,True,9103,16.35989774716991,2840966987,11,c6251389ef0bad99765aded178e82e72cc417090602e69917ea5de0a277400c7,40.443638900000224,pyvrp,40.0,0.025463755312662175,cvrp100_50908.json,0
"[""pyvrp_cost_not_converged"", ""route_membership_ambiguous""]",unstable_cost,False,0.26188938926583916,cvrp_s7799_n20-50-100_x66667_cvrp100_51110,0.09191919191919191,False,False,0.0,0.0,0.0,100,1,True,18.80433304608797,False,True,18.887445194394214,True,18.54244365682213,4,4,0.004211233795781133,18.620530222206106,False,9101,18.54244365682213,803100610,10,21dec55f5eb389e88093f56a348c0796d77d0551c4591fa613ae6247164ab26d,40.19695739999952,pyvrp,40.0,0.013927076734068072,cvrp100_51110.json,0
"[""accepted""]",not_selected,True,0.18218779426162612,cvrp_s7799_n20-50-100_x66667_cvrp100_51253,0.039191919191919194,True,True,0.0,0.0,0.0,100,4,False,13.915934819888419,False,False,,False,13.733747025626792,4,4,3.8802742676538697e-16,13.733747025626798,True,9104,13.733747025626792,621646290,10,1c17a71f0472a000add9bf4189557df51e4e81719722df41822d44d85af83474,40.34654159999991,pyvrp,40.0,0.013092026990615565,cvrp100_51253.json,0
"[""pyvrp_cost_not_converged"", ""route_membership_ambiguous""]",unstable_cost,False,0.21689203040967442,cvrp_s7799_n20-50-100_x66667_cvrp100_51668,0.06444444444444444,False,False,0.0,0.0,0.0,100,1,True,16.40726226471003,False,True,16.84345324831486,True,16.190370234300357,4,4,0.00701390148739886,16.303927896168254,False,9102,16.190370234300357,883278305,11,42cb6baa5b2e4aed00f37d8ff223d69d7524c772219f8a2db23a0b6a396d2e13,40.156726599998365,pyvrp,40.0,0.013219270034841952,cvrp100_51668.json,0
"[""accepted""]",not_selected,True,0.3403103014644948,cvrp_s7799_n20-50-100_x66667_cvrp100_51701,0.08484848484848485,True,True,0.21,0.03595959595959596,0.03595959595959596,100,2,False,16.420398850584757,False,False,,False,16.080088549120262,4,4,0.003675715099886733,16.13919437340778,True,9104,16.080088549120262,2739781229,11,cd8a6dabe5fe155ba5e72886d6d7c259ef179511d9d038df97fb486850dc9d8e,40.42601959999956,pyvrp,40.0,0.020724849899268788,cvrp100_51701.json,0
"[""accepted""]",stable_control,True,0.3717693938436675,cvrp_s7799_n20-50-100_x66667_cvrp100_51887,0.06424242424242424,True,True,0.0,0.0,0.0,100,2,False,14.100051747649852,False,True,15.377575859204324,True,13.728282353806184,4,4,0.0046459945906577324,13.79206387936099,True,9103,13.728282353806184,2734456696,9,d9ffae50a18d4475d80b1dbf6eefb7fa682036b5604c94b7fbde8259a3441179,40.17846289999943,pyvrp,40.0,0.026366526910486885,cvrp100_51887.json,-1
"[""accepted""]",not_selected,True,0.10432885269022307,cvrp_s7799_n20-50-100_x66667_cvrp100_51974,0.04505050505050505,True,True,0.19,0.03575757575757576,0.02794612794612794,100,4,False,16.538926843850778,False,False,,False,16.434597991160555,4,4,0.0007649922292941714,16.447170330915366,True,9101,16.434597991160555,60351469,11,de34ff79c56b060fe56a5c9979a13ccb571588d99a7bf53f4f65dca8fdf2e4f7,40.25938790000146,pyvrp,40.0,0.006308078732993057,cvrp100_51974.json,0
"[""route_membership_ambiguous""]",unstable_matrix,True,0.4270310350096054,cvrp_s7799_n20-50-100_x66667_cvrp100_5215,0.08505050505050506,False,False,0.21,0.05070707070707071,0.02750841750841751,100,4,True,18.122193074549244,False,True,18.736856807846962,True,17.69516203953964,4,4,0.0006994406216379618,17.70753875467656,True,9103,17.69516203953964,2700811348,11,d4dedb118f7d3e6b7c7b24e6f196c074380f2dabbb50370111ddf7d7a1f74a9e,40.25533820000055,pyvrp,40.0,0.023563982198673655,cvrp100_5215.json,0
"[""route_membership_ambiguous""]",unstable_matrix,True,0.27317095436992744,cvrp_s7799_n20-50-100_x66667_cvrp100_52175,0.08585858585858586,False,False,0.19,0.07090909090909091,0.06060606060606061,100,3,True,17.384375339655556,False,True,17.676540391466773,True,17.111204385285628,4,4,0.0038206863893325356,17.176580930985576,True,9101,17.111204385285628,3704452233,12,df0d724b0f364458b69e22b7ef104fe757785ec08f75cbb2e5af199867fc6193,40.18480649999765,pyvrp,40.0,0.0157135904530775,cvrp100_52175.json,0
"[""accepted""]",not_selected,True,0.14991554391678008,cvrp_s7799_n20-50-100_x66667_cvrp100_52250,0.05191919191919192,True,True,0.18,0.0036363636363636364,0.0018181818181818184,100,4,False,13.52721467552125,False,False,,False,13.37729913160447,4,4,9.155077627099237e-05,13.378523833724378,True,9101,13.37729913160447,828970476,10,a3dcc568c503adb9cad813ff721bec8f7cc240c7f93f3259ce4f5259ee7fc39f,40.34647699999914,pyvrp,40.0,0.011082513844336792,cvrp100_52250.json,0
"[""pyvrp_cost_not_converged""]",unstable_cost,False,0.2781052838290563,cvrp_s7799_n20-50-100_x66667_cvrp100_52275,0.044848484848484846,True,False,0.0,0.0,0.0,100,2,True,13.707180174042115,False,True,14.144559233785301,True,13.429074890213059,4,4,0.005327021762258281,13.50061186440022,False,9103,13.429074890213059,2805153233,11,3541bb1a6b08d285bb0ce0f770fd14a741b299524cd2aed39fefc677518b90c4,40.487634199998865,pyvrp,40.0,0.020289022271387108,cvrp100_52275.json,0
"[""pyvrp_cost_not_converged"", ""route_membership_ambiguous""]",unstable_cost,False,0.2755444478746423,cvrp_s7799_n20-50-100_x66667_cvrp100_52348,0.0898989898989899,False,False,0.0,0.0,0.0,100,1,True,14.468597188435263,False,True,15.824975008457304,True,14.19305274056062,4,4,0.007864088592234128,14.30466816470664,False,9101,14.19305274056062,3101385474,11,990e57c48f9371bb30a2767508079bb45f9235497fc4763dadc35b4a9efffba4,40.459883999999875,pyvrp,40.0,0.019044309844694875,cvrp100_52348.json,1
"[""pyvrp_cost_not_converged""]",unstable_cost,False,0.3019875598268378,cvrp_s7799_n20-50-100_x66667_cvrp100_52604,0.06767676767676768,True,False,0.0,0.0,0.0,100,2,True,14.79614568223365,False,True,15.699517929286316,True,14.494158122406812,4,4,0.011779014091687665,14.664885015177791,False,9103,14.494158122406812,3693385798,11,a5b1701e070be6bf42ce25aea27ddc63e0413ae43a7302a65beb1ab19e7bd822,40.25464869999996,pyvrp,40.0,0.020409880134489813,cvrp100_52604.json,0
"[""pyvrp_cost_not_converged"", ""route_membership_ambiguous""]",unstable_cost,False,0.537238636777591,cvrp_s7799_n20-50-100_x66667_cvrp100_52616,0.07838383838383839,False,False,0.0,0.0,0.0,100,1,True,17.128137245517653,False,True,17.683304796586764,True,16.590898608740062,4,4,0.0029917494007023018,16.640534419709873,False,9104,16.590898608740062,4169128916,11,33b1ee77927f87eeee0ee2c87dc07366438c8cdd72962de5cb0674e9912f8d98,40.14841089999754,pyvrp,40.0,0.03136585310338891,cvrp100_52616.json,0
"[""route_membership_ambiguous""]",unstable_matrix,True,0.14471530431844037,cvrp_s7799_n20-50-100_x66667_cvrp100_52668,0.06323232323232324,False,False,0.24,0.0698989898989899,0.04888888888888889,100,3,True,13.616466089897138,False,True,14.054021335410424,True,13.471750785578697,4,4,0.0030705617191069917,13.513116627830245,True,9101,13.471750785578697,3719043482,11,b971495b03af7195aa1e43c0c06fbf09a8b973fff16d18c0bb9597de8ccdc245,40.21968860000197,pyvrp,40.0,0.0106279634791448,cvrp100_52668.json,0
"[""accepted""]",not_selected,True,0.34087611008049556,cvrp_s7799_n20-50-100_x66667_cvrp100_52714,0.0892929292929293,True,True,0.0,0.0,0.0,100,2,False,14.143417386527625,False,False,,False,13.80254127644713,4,4,0.0029668667054157383,13.843491576610347,True,9101,13.80254127644713,353145722,10,36faf319feae5e148b9dc4545af4f6056ffb15f96b7352d64e9cb1fe6c389b4f,40.14378100000249,pyvrp,40.0,0.024101396484642996,cvrp100_52714.json,0
"[""route_membership_ambiguous""]",unstable_matrix,True,0.4058343905330162,cvrp_s7799_n20-50-100_x66667_cvrp100_52817,0.08282828282828283,False,False,0.23,0.059393939393939395,0.059393939393939395,100,2,True,16.25652188705022,False,True,17.31426100183413,True,15.850687496517203,4,4,0.0021409744632307896,15.884623413671898,True,9101,15.850687496517203,2317875735,10,227c4038d43688a9f4cc8296308836fbef4a29413285e9a70ecc37747e4546d5,40.406534400000965,pyvrp,40.0,0.02496440464650066,cvrp100_52817.json,0
"[""pyvrp_cost_not_converged"", ""route_membership_ambiguous""]",unstable_cost,False,0.21779251202107908,cvrp_s7799_n20-50-100_x66667_cvrp100_52829,0.08565656565656565,False,False,0.0,0.0,0.0,100,1,True,15.037991883820881,False,True,15.339664813382116,True,14.820199371799802,4,4,0.0032261655141855804,14.868011787926458,False,9104,14.820199371799802,2955406845,10,2e0b66e4cbdc05b1a78969ee025b26b8bfb7c8b6f8c3dddfab752841789b7a90,40.409151399999246,pyvrp,40.0,0.01448281883004594,cvrp100_52829.json,0
"[""route_membership_ambiguous""]",unstable_matrix,True,0.25322034992503895,cvrp_s7799_n20-50-100_x66667_cvrp100_52907,0.08040404040404041,False,False,0.22,0.08505050505050506,0.07057239057239056,100,3,True,15.760744803111129,False,True,16.81324827839523,True,15.50752445318609,4,4,0.0012252417527937192,15.526524919628603,True,9101,15.50752445318609,3979011329,10,1aa827ed432841c8a5860f88a0756795f1bfb1afc5ec08220733708a9d3222c7,40.46870619999754,pyvrp,40.0,0.016066521797564664,cvrp100_52907.json,0
"[""accepted""]",stable_control,True,0.16802107383072595,cvrp_s7799_n20-50-100_x66667_cvrp100_52928,0.02383838383838384,True,True,0.0,0.0,0.0,100,3,False,13.60042317663343,False,True,13.822442088041209,True,13.432402102802705,4,4,0.0021846760611149664,13.461747550119968,True,9104,13.432402102802705,575458262,10,0be7a8169248df228a04a97227d36b72ecb4b56340b9ef1cb4f59e2e6943c631,40.168680000002496,pyvrp,40.0,0.012354106313353472,cvrp100_52928.json,0
"[""accepted""]",not_selected,True,0.3034284006311321,cvrp_s7799_n20-50-100_x66667_cvrp100_53051,0.07373737373737374,True,True,0.0,0.0,0.0,100,3,False,15.408841711816251,False,False,,False,15.105413311185119,4,4,0.004679127876441431,15.176093471694655,True,9101,15.105413311185119,2373183311,10,4e05a9cf251738ffad13f526b76ac1926c7ac2d5c412128a40e5ac156acb2fbe,40.37297469999976,pyvrp,40.0,0.019691837083279814,cvrp100_53051.json,0
"[""accepted""]",not_selected,True,0.21037427848143864,cvrp_s7799_n20-50-100_x66667_cvrp100_53099,0.04666666666666667,True,True,0.0,0.0,0.0,100,2,False,14.800262766644405,False,False,,False,14.589888488162966,4,4,0.0035168982456573244,14.641199641391323,True,9101,14.589888488162966,27295334,10,0ca0413effbfac9dcbfe295522117bb2a9c79bab914bb7b6181261e2de25a53c,40.377916400000686,pyvrp,40.0,0.014214225909256327,cvrp100_53099.json,0
"[""accepted""]",not_selected,True,0.16413567744201885,cvrp_s7799_n20-50-100_x66667_cvrp100_53228,0.046464646464646465,True,True,0.19,0.01595959595959596,0.00797979797979798,100,4,False,13.725505290243332,False,False,,False,13.561369612801313,4,4,0.0006215021124257316,13.569798032663055,True,9103,13.561369612801313,171702095,10,04a17549e181155db2d5649c5dbe84d5ad488da1c986ed0b3849daf0a391c284,40.27394759999879,pyvrp,40.0,0.011958443348434933,cvrp100_53228.json,0
"[""accepted""]",stable_control,True,0.43852955121206705,cvrp_s7799_n20-50-100_x66667_cvrp100_53251,0.09676767676767677,True,True,0.17,0.025252525252525252,0.016835016835016835,100,3,False,17.83329866945655,False,True,18.38680009785354,True,17.394769118244483,4,4,0.0011997884948698986,17.41563916210347,True,9103,17.394769118244483,1477998533,10,c487ea109598cae1c37bac46ac9cd61fd2c28d8ffdc952da564d08766d4a5f89,40.26034760000039,pyvrp,40.0,0.024590489922268022,cvrp100_53251.json,0
"[""accepted""]",not_selected,True,0.44878666620486385,cvrp_s7799_n20-50-100_x66667_cvrp100_53254,0.06585858585858585,True,True,0.1,0.012121212121212121,0.012121212121212121,100,2,False,16.74733648786917,False,False,,False,16.298549821664306,4,4,0.0023989118403977745,16.33764860581281,True,9103,16.298549821664306,3142419045,11,c3bd15d68d2db1d31ee5f9a372abf915605ef7e3c2bccfae53c7f3f6e5fe86d4,40.60954549999951,pyvrp,40.0,0.026797495024354454,cvrp100_53254.json,0
"[""pyvrp_cost_not_converged"", ""route_membership_ambiguous""]",unstable_cost,False,0.42799379729692255,cvrp_s7799_n20-50-100_x66667_cvrp100_53351,0.08303030303030302,False,False,0.0,0.0,0.0,100,1,True,15.822508354512635,False,True,16.23961802098818,True,15.394514557215713,4,4,0.007481807184512387,15.50969334683197,False,9102,15.394514557215713,3799670415,10,b0bec731fa407b9e0e61a123a27d2a4d079b49d81d8d340f7f1550e6f620fbd9,40.35735339999883,pyvrp,40.0,0.02704968060104435,cvrp100_53351.json,0
"[""accepted""]",not_selected,True,0.08675945964320952,cvrp_s7799_n20-50-100_x66667_cvrp100_53501,0.04808080808080808,True,True,0.0,0.0,0.0,100,3,False,14.238552388294663,False,False,,False,14.151792928651453,4,4,0.0016286589534559072,14.174841372912155,True,9101,14.151792928651453,2425132177,10,dfb3755992cc212fc2fae08607e5398d8fefa436c6990319fd84b223de52060c,40.26912540000194,pyvrp,40.0,0.006093278114040118,cvrp100_53501.json,0
"[""accepted""]",not_selected,True,0.1329526222484283,cvrp_s7799_n20-50-100_x66667_cvrp100_53681,0.05818181818181818,True,True,0.21,0.038585858585858585,0.025723905723905722,100,3,False,13.644635922118596,False,False,,False,13.511683299870167,4,4,0.0016309616495001273,13.533720337152447,True,9101,13.511683299870167,2185132696,11,f7d731329fc63a5c0e9378d39697e3a50a0a3fd23f12e008b724c05a318f3ee0,40.33376629999839,pyvrp,40.0,0.00974394795194981,cvrp100_53681.json,0
"[""accepted""]",not_selected,True,0.39349774369684454,cvrp_s7799_n20-50-100_x66667_cvrp100_53706,0.0892929292929293,True,True,0.18,0.007272727272727273,0.0048484848484848485,100,4,False,16.810165197579725,False,False,,False,16.41666745388288,4,4,4.850268095028193e-05,16.417463706266663,True,9103,16.41666745388288,2425899665,10,a03a6b5342b38f8119b8cef083eb813ee6a69741b117f63882397bd0a90f1658,40.210200099998474,pyvrp,40.0,0.023408321040979365,cvrp100_53706.json,0
"[""accepted""]",stable_control,True,0.13415791538648136,cvrp_s7799_n20-50-100_x66667_cvrp100_5396,0.06060606060606061,True,True,0.0,0.0,0.0,100,4,False,12.340068992776605,False,True,13.229194012554299,True,12.205911077390123,4,4,8.731950420435502e-16,12.205911077390134,True,9101,12.205911077390123,3379457539,10,032deda4a992b59ca6b4089d8df8796e1859d160754be6e0c5df180a1a9bfc13,40.26931189999959,pyvrp,40.0,0.010871731386997284,cvrp100_5396.json,0
"[""pyvrp_cost_not_converged"", ""route_membership_ambiguous""]",unstable_cost,False,0.23120751179721566,cvrp_s7799_n20-50-100_x66667_cvrp100_53980,0.04464646464646465,False,False,0.0,0.0,0.0,100,1,True,17.143724827861856,False,True,18.698039724930194,True,16.91251731606464,4,4,0.005506730748757705,17.00564999520791,False,9102,16.91251731606464,2410176815,11,ee8b49e43b34fd19dc76f6585599e76fab1b9551a092a9128b4569f3d1e38d2c,40.22958850000214,pyvrp,40.0,0.013486422240134122,cvrp100_53980.json,0
"[""route_membership_ambiguous""]",unstable_matrix,True,0.07746732427932201,cvrp_s7799_n20-50-100_x66667_cvrp100_54016,0.07616161616161617,False,False,0.17,0.07757575757575758,0.03878787878787879,100,4,True,14.075398269587767,False,True,14.649199125313148,True,13.997930945308445,4,4,0.00038866450975747635,14.003371444276922,True,9102,13.997930945308445,3917517364,11,e23d650f818726513dc3c5e6002d4f7932cbe19896bc75fce897951ef0c753a5,40.19535680000263,pyvrp,40.0,0.005503739417924892,cvrp100_54016.json,0
"[""accepted""]",stable_control,True,0.0817968712203676,cvrp_s7799_n20-50-100_x66667_cvrp100_5449,0.05171717171717172,True,True,0.22,0.01292929292929293,0.009292929292929292,100,4,False,14.46036515705501,False,True,14.77589445697527,True,14.378568285834643,4,4,0.0009645137196850836,14.392436612215759,True,9104,14.378568285834643,2145348589,10,5d1575bb4e8b896ba433b4694563759ec54535bfd9503e156f139a21ee0b89da,40.17002119999961,pyvrp,40.0,0.005656625564566747,cvrp100_5449.json,0
"[""route_membership_ambiguous""]",unstable_matrix,True,0.20967273915296403,cvrp_s7799_n20-50-100_x66667_cvrp100_5463,0.09070707070707071,False,False,0.24,0.0997979797979798,0.08673400673400673,100,3,True,16.839517001315315,False,True,17.881392097932046,True,16.62984426216235,4,4,0.0015170467292392555,16.655072513008022,True,9101,16.62984426216235,2722457575,10,1372c1cee1f90f92db8aa5848e3f4f1f49969314b5ef5d4352ac73108f7e00c9,40.15084550000029,pyvrp,40.0,0.012451232368279134,cvrp100_5463.json,0
"[""route_membership_ambiguous""]",unstable_matrix,True,0.309713913311743,cvrp_s7799_n20-50-100_x66667_cvrp100_54883,0.07212121212121213,False,False,0.21,0.0602020202020202,0.0369023569023569,100,4,True,18.284003652263788,False,True,19.499174924780302,True,17.974289738952045,4,4,0.000965878131925477,17.99165071234779,True,9101,17.974289738952045,1931254647,10,fde6bb8cc0355ea02c68840b5df35276fc64e92f0fa1d985546f999c2b29ba3c,40.1844482000015,pyvrp,40.0,0.01693906428821986,cvrp100_54883.json,0
"[""pyvrp_cost_not_converged""]",unstable_cost,False,0.3423787331232635,cvrp_s7799_n20-50-100_x66667_cvrp100_54949,0.07555555555555556,True,False,0.0,0.0,0.0,100,2,True,15.261490912175194,False,True,15.578405641693905,True,14.91911217905193,4,4,0.005250125063797449,14.997439383832777,False,9104,14.91911217905193,2641064668,11,3f3b1c724758a1f526c45395639c4bbd5b58ae0c126a82752d2095682c329e12,40.25579010000001,pyvrp,40.0,0.022434160272645658,cvrp100_54949.json,0
"[""route_membership_ambiguous""]",unstable_matrix,True,0.5703146182151251,cvrp_s7799_n20-50-100_x66667_cvrp100_54994,0.11595959595959596,False,False,0.19,0.05313131313131313,0.031885521885521885,100,4,True,18.680001663547497,False,True,18.940955396335585,True,18.10968704533237,4,4,0.000687023514554367,18.122128826173736,True,9104,18.10968704533237,3500414744,10,ddc4b0e9de888078a2305c64d1c1e7f20d2588213b1abbea4d1d0f3ea1c880e0,40.33205430000089,pyvrp,40.0,0.03053075842750312,cvrp100_54994.json,0
"[""route_membership_ambiguous""]",unstable_matrix,True,0.6531528402043776,cvrp_s7799_n20-50-100_x66667_cvrp100_55040,0.12525252525252525,False,False,0.22,0.08404040404040404,0.061447811447811446,100,4,True,18.117362613688186,False,True,18.133848699514616,True,17.46420977348381,4,4,0.0009697344097244203,17.4811454186398,True,9103,17.46420977348381,1391232746,11,a68fd71dbcf960cab41f09010b97da9113548471d4d0e2726ccf4a707269bd17,40.41300410000258,pyvrp,40.0,0.03605120977768044,cvrp100_55040.json,0
"[""pyvrp_cost_not_converged"", ""route_membership_ambiguous""]",unstable_cost,False,0.26974777174473985,cvrp_s7799_n20-50-100_x66667_cvrp100_55053,0.08464646464646465,False,False,0.0,0.0,0.0,100,1,True,14.579861061811428,False,True,15.211732698372884,True,14.310113290066688,4,4,0.011416744871925325,14.473488202587728,False,9104,14.310113290066688,3602292997,11,4620b6fe6421713064c304c49baf8d802c7171dbc6343644e717ef668474af5d,40.167651199997636,pyvrp,40.0,0.01850139521914113,cvrp100_55053.json,0
"[""pyvrp_cost_not_converged"", ""route_membership_ambiguous""]",unstable_cost,False,0.1736884529078111,cvrp_s7799_n20-50-100_x66667_cvrp100_55131,0.06565656565656566,False,False,0.0,0.0,0.0,100,1,True,16.478620484836608,False,True,17.25651097865901,True,16.304932031928796,4,4,0.0019506487826337251,16.336737227747804,False,9103,16.304932031928796,2804737179,11,56130e20cfa3c9ae741a7d84eeb5c2209c420409beaa00bdf2ff58c587685636,40.156782199999725,pyvrp,40.0,0.010540230176891126,cvrp100_55131.json,0
"[""pyvrp_cost_not_converged""]",unstable_cost,False,0.10722461731141486,cvrp_s7799_n20-50-100_x66667_cvrp100_55134,0.07171717171717172,True,False,0.0,0.0,0.0,100,3,True,13.930098491599347,False,True,14.644896192253192,True,13.822873874287932,4,4,0.007583885344606401,13.927704964883487,False,9103,13.822873874287932,3800533341,10,a4729ad44d1884900669180bbf4c063a30954771195271629358a2d309d999e5,40.46342350000123,pyvrp,40.0,0.007697333753675718,cvrp100_55134.json,-1
"[""pyvrp_cost_not_converged"", ""route_membership_ambiguous""]",unstable_cost,False,0.47350428270235767,cvrp_s7799_n20-50-100_x66667_cvrp100_55326,0.07616161616161617,False,False,0.18,0.05717171717171717,0.05717171717171717,100,2,True,16.72505694324216,False,True,17.29791520034308,True,16.2515526605398,4,4,0.01434950214714639,16.48475435033668,False,9104,16.2515526605398,1628067105,11,abceaeab47e98823e51645a1c84409cc8533f401ae10cc83147a064f6f7e9f56,40.30493600000045,pyvrp,40.0,0.028311071484493775,cvrp100_55326.json,0
"[""pyvrp_cost_not_converged""]",unstable_cost,False,0.3034519999243557,cvrp_s7799_n20-50-100_x66667_cvrp100_55379,0.040202020202020204,True,False,0.14,0.010707070707070707,0.007138047138047138,100,3,True,16.323966857513597,False,True,16.502189834026016,True,16.02051485758924,4,4,0.010349641320469699,16.186321440134545,False,9104,16.02051485758924,3948824829,11,abee4f27a8c6b0d8a62249fe71c786f8eaec5f7fc154d1fbbb3cdc8b61f445b2,40.19603180000195,pyvrp,40.0,0.018589354081216036,cvrp100_55379.json,0
"[""pyvrp_cost_not_converged"", ""route_membership_ambiguous""]",unstable_cost,False,0.3972839011665208,cvrp_s7799_n20-50-100_x66667_cvrp100_55534,0.09535353535353536,False,False,0.0,0.0,0.0,100,1,True,17.277830791930228,False,True,17.96381045955989,True,16.880546890763707,4,4,0.006199891712653149,16.985204453536806,False,9102,16.880546890763707,2050636665,11,40800cee724fd946bac578a66df6ea9b8ccae695dac74f562d842abc709c0c78,40.35197600000174,pyvrp,40.0,0.02299385298715137,cvrp100_55534.json,0
"[""accepted""]",not_selected,True,0.267757631610797,cvrp_s7799_n20-50-100_x66667_cvrp100_55538,0.07494949494949495,True,True,0.0,0.0,0.0,100,4,False,14.215591636336331,False,False,,False,13.947834004725534,4,4,2.5471436479648666e-16,13.947834004725538,True,9103,13.947834004725534,3077841018,10,7f69402e86983ee4442e80d2585dd82a34e97f58b3224a3faabd16c4a020b6cd,40.17535440000211,pyvrp,40.0,0.018835489824171964,cvrp100_55538.json,-1
"[""pyvrp_cost_not_converged""]",unstable_cost,False,0.2953218168906897,cvrp_s7799_n20-50-100_x66667_cvrp100_55592,0.04828282828282828,True,False,0.0,0.0,0.0,100,2,True,16.25008849787213,False,True,16.627341581012764,True,15.954766680981441,4,4,0.00576274430359093,16.04670992178739,False,9101,15.954766680981441,2549524462,11,e02df78b6e43acc3f09384c9e5aa739814a0b9d8834ca5311ee2e593aa52cbf7,40.36630560000049,pyvrp,40.0,0.018173551296619746,cvrp100_55592.json,0
"[""route_membership_ambiguous""]",unstable_matrix,True,0.12270234453298734,cvrp_s7799_n20-50-100_x66667_cvrp100_55624,0.05414141414141414,False,False,0.22,0.05919191919191919,0.03946127946127946,100,4,True,14.0323659298648,False,True,14.539786455341087,True,13.909663585331813,4,4,0.0001627409270523761,13.911927256878677,True,9101,13.909663585331813,3524170785,10,fa6d55dc4111bf3990c5cb61a317bad42640658eaa9db118a491568790eb8b32,40.39806619999945,pyvrp,40.0,0.008744237796125485,cvrp100_55624.json,0
"[""route_membership_ambiguous""]",unstable_matrix,True,0.36325176782697,cvrp_s7799_n20-50-100_x66667_cvrp100_55644,0.06707070707070707,False,False,0.2,0.07393939393939394,0.0536026936026936,100,3,True,15.931200832419993,False,True,16.7764424324472,True,15.567949064593023,4,4,0.0010000661466245137,15.583518043424897,True,9102,15.567949064593023,3362912204,11,4c5db20bdeb7a8014ec5e4e3dcaed7077aff9778859aa9ac7c175b4370e2d930,40.390230599998176,pyvrp,40.0,0.022801279806086726,cvrp100_55644.json,0
"[""accepted""]",stable_control,True,0.0046259457889146205,cvrp_s7799_n20-50-100_x66667_cvrp100_55665,0.0,True,True,0.0,0.0,0.0,100,4,False,13.617228156288245,False,True,14.275607782804835,True,13.61260221049933,4,4,2.6725437280026034e-06,13.61263859077399,True,9104,13.61260221049933,242175942,11,9caba6d6b1c6100570a90d3b9d8a31f33d98d77d00d5d8597ceee49885f5a33d,40.36618770000132,pyvrp,40.0,0.00033971273271046895,cvrp100_55665.json,0
"[""route_membership_ambiguous""]",unstable_matrix,True,0.24465919405119863,cvrp_s7799_n20-50-100_x66667_cvrp100_55706,0.09393939393939393,False,False,0.21,0.07818181818181819,0.052121212121212124,100,3,True,16.32310930246115,False,True,16.763475759189323,True,16.078450108409953,4,4,0.003195674565954504,16.129831602481367,True,9103,16.078450108409953,3002261079,10,c8a8d20a67ec87caa2f0b25957b8ed4d30eae2248e7bb2bf05ad14a409d64665,40.37725439999849,pyvrp,40.0,0.014988516557584382,cvrp100_55706.json,0
"[""route_membership_ambiguous""]",unstable_matrix,True,0.10712003727067909,cvrp_s7799_n20-50-100_x66667_cvrp100_55720,0.046464646464646465,False,False,0.22,0.05696969696969697,0.03797979797979798,100,4,True,15.307817460200468,False,True,15.993791323766821,True,15.200697422929789,4,4,0.0008685899325010984,15.213900595678341,True,9104,15.200697422929789,853988557,10,c0930f544ab46284371be374bd32a974e0b755a935417f57a0c10ca7ca1cd43e,40.44021520000024,pyvrp,40.0,0.006997734167472642,cvrp100_55720.json,0
"[""route_membership_ambiguous""]",unstable_matrix,True,0.20072109999690113,cvrp_s7799_n20-50-100_x66667_cvrp100_55735,0.052525252525252523,False,False,0.21,0.055353535353535356,0.055353535353535356,100,2,True,16.36178294865288,False,True,16.840718033996747,True,16.16106184865598,4,4,0.0030410868285996083,16.21020904098011,True,9102,16.16106184865598,1144464767,11,f9cb4d6bdfd2a7ffb1f83b7467c2dd3bcf0e0b885ad11dbdd3afd300f8cf03be,40.4112513,pyvrp,40.0,0.012267678933696352,cvrp100_55735.json,0
"[""accepted""]",not_selected,True,0.2883473808219037,cvrp_s7799_n20-50-100_x66667_cvrp100_55769,0.10606060606060606,True,True,0.18,0.01696969696969697,0.01696969696969697,100,2,False,15.589152928915631,False,False,,False,15.300805548093727,4,4,0.0027420035254524483,15.342760410848863,True,9101,15.300805548093727,1195162786,11,a073da8e105f7d6a4e3c8dd0eb82fb4371d809c10d67d03f2c9a0632dfdb071f,40.429574400001,pyvrp,40.0,0.018496667659668724,cvrp100_55769.json,0
"[""pyvrp_cost_not_converged"", ""route_membership_ambiguous""]",unstable_cost,False,0.2623892658562532,cvrp_s7799_n20-50-100_x66667_cvrp100_55790,0.09474747474747475,False,False,0.0,0.0,0.0,100,1,True,16.630787674209078,False,True,17.18776706766685,True,16.368398408352824,4,4,0.003956572935945201,16.43316117050008,False,9102,16.368398408352824,2805379304,11,14b77dcb91e0e09eb090223588455267aee7e4154101778e36267fe73d97b8d2,40.40682829999787,pyvrp,40.0,0.01577732041298109,cvrp100_55790.json,0
"[""pyvrp_cost_not_converged""]",unstable_cost,False,0.2968612148319174,cvrp_s7799_n20-50-100_x66667_cvrp100_55818,0.08262626262626263,True,False,0.0,0.0,0.0,100,2,True,16.981489154478428,False,True,17.530543141722145,True,16.68462793964651,4,4,0.008663613963440396,16.82917711523924,False,9104,16.68462793964651,3265807320,10,f41927fb7513867001c2894a58293e8bc60bd39c371872bd2ac269b7c01a18b5,40.2812445999989,pyvrp,40.0,0.017481459495772664,cvrp100_55818.json,0
"[""pyvrp_cost_not_converged"", ""route_membership_ambiguous""]",unstable_cost,False,0.21883690859640303,cvrp_s7799_n20-50-100_x66667_cvrp100_55932,0.09191919191919191,False,False,0.0,0.0,0.0,100,1,True,15.883263185704669,False,True,16.535224194739186,True,15.664426277108266,4,4,0.004234838748932318,15.730762596486358,False,9101,15.664426277108266,2820968904,10,8eba1538fb415250c0220f9a35ec2f7e4018a43ce6854eff4fccca67565e41e2,40.22150380000312,pyvrp,40.0,0.013777830540097182,cvrp100_55932.json,0
"[""pyvrp_cost_not_converged"", ""route_membership_ambiguous""]",unstable_cost,False,0.24852034945199364,cvrp_s7799_n20-50-100_x66667_cvrp100_5601,0.08969696969696969,False,False,0.0,0.0,0.0,100,1,True,13.906474176995712,False,True,14.255327613403047,True,13.657953827543718,4,4,0.0030967839819251073,13.700249560182728,False,9102,13.657953827543718,3632885109,11,ad031b9943b501217163a7bef051164e0cfcc48a4a5e89273cce79018ba505b7,40.47045969999817,pyvrp,40.0,0.017870838164219912,cvrp100_5601.json,0
"[""accepted""]",not_selected,True,0.13941405420431074,cvrp_s7799_n20-50-100_x66667_cvrp100_56142,0.04565656565656566,True,True,0.0,0.0,0.0,100,2,False,14.230137444127225,False,False,,False,14.090723389922914,4,4,0.0023110351592451413,14.123287547096224,True,9103,14.090723389922914,417577705,11,3e3b1ad9dc4d030c7cf43f6f2aec5e77969d76d00069347a02a1e2d3913d46e1,40.31401249999908,pyvrp,40.0,0.009797098218601318,cvrp100_56142.json,0
"[""accepted""]",stable_control,True,0.02645884181503,cvrp_s7799_n20-50-100_x66667_cvrp100_56145,0.01292929292929293,True,True,0.19,0.007676767676767677,0.0038383838383838384,100,4,False,15.111245424081272,False,True,16.017596174119408,True,15.084786582266242,4,4,2.994474325692843e-05,15.085238292327533,True,9104,15.084786582266242,532857828,11,ffe4ba29f2282be85a180d159a289809db081ccab6db21d35dbbeb048eb63156,40.17767500000264,pyvrp,40.0,0.001750937204213837,cvrp100_56145.json,0
"[""pyvrp_cost_not_converged"", ""route_membership_ambiguous""]",unstable_cost,False,0.2933608581109084,cvrp_s7799_n20-50-100_x66667_cvrp100_56155,0.08161616161616161,False,False,0.0,0.0,0.0,100,1,True,15.969294570115864,False,True,16.522184388129794,True,15.675933712004955,4,4,0.007338185862579614,15.790966627153125,False,9101,15.675933712004955,1988388000,10,682d2cd2c7e5d51a20034ad49462bf0af98dc00f63673a1eaad971b0e1e748af,40.25048810000226,pyvrp,40.0,0.01837030789449455,cvrp100_56155.json,0
"[""accepted""]",not_selected,True,0.42396749447424753,cvrp_s7799_n20-50-100_x66667_cvrp100_5625,0.07636363636363637,True,True,0.21,0.03171717171717172,0.03171717171717172,100,2,False,20.30671911177356,False,False,,False,19.882751617299313,4,4,0.004043447720082902,19.963146483995256,True,9101,19.882751617299313,4011958727,10,c452c92d6b00a0bc02725ef9d40641c1c803649777629b7e90eaf8f267e4c8c7,40.32834830000138,pyvrp,40.0,0.020878187763400783,cvrp100_5625.json,0
"[""accepted""]",not_selected,True,0.1879530101301672,cvrp_s7799_n20-50-100_x66667_cvrp100_56297,0.052525252525252523,True,True,0.0,0.0,0.0,100,2,False,14.393254307318639,False,False,,False,14.205301297188472,4,4,0.0014837951725356388,14.226379054677654,True,9101,14.205301297188472,1732120567,11,8b443a46ea24a86839ad883ebd9d8ac4de5e48a8ca28f9a6560e459e9d0a51dd,40.54603519999728,pyvrp,40.0,0.013058409593624523,cvrp100_56297.json,0
"[""route_membership_ambiguous""]",unstable_matrix,True,0.3054233308804353,cvrp_s7799_n20-50-100_x66667_cvrp100_56445,0.06424242424242424,False,False,0.24,0.08525252525252525,0.06989898989898989,100,3,True,14.587869317292812,False,True,16.232107043183664,True,14.282445986412377,4,4,0.0026389502642840614,14.320136651022842,True,9102,14.282445986412377,702130168,10,78b56fe93d13a5e0ee0953bdeae2ac589b1cd92c1497da870a0fd9ecbae2743c,40.327268999997614,pyvrp,40.0,0.020936801957663488,cvrp100_56445.json,-1
"[""pyvrp_cost_not_converged"", ""route_membership_ambiguous""]",unstable_cost,False,0.30759527715774837,cvrp_s7799_n20-50-100_x66667_cvrp100_5653,0.08727272727272728,False,False,0.0,0.0,0.0,100,1,True,19.198518370309106,False,True,19.8549019050976,True,18.890923093151358,4,4,0.0034071882529221518,18.9552880244012,False,9102,18.890923093151358,306200518,12,5f24a522f71bff8c770a311c1c29aa405392ac3a6c9bd0cca6b95be35ee59198,40.366588600001705,pyvrp,40.0,0.01602182372747319,cvrp100_5653.json,0
"[""pyvrp_cost_not_converged"", ""route_membership_ambiguous""]",unstable_cost,False,0.3032482240238039,cvrp_s7799_n20-50-100_x66667_cvrp100_56571,0.05515151515151515,False,False,0.0,0.0,0.0,100,1,True,18.08657490744184,False,True,18.494740937891052,True,17.783326683418036,4,4,0.0028211914419557418,17.833496852466798,False,9104,17.783326683418036,3427594433,12,f5ed9253ae841eeb049841e06e2e0557d8d2988758448ada607a6bad91d8f578,40.37818939999852,pyvrp,40.0,0.01676648152431727,cvrp100_56571.json,0
"[""pyvrp_cost_not_converged"", ""route_membership_ambiguous""]",unstable_cost,False,0.44520953211101855,cvrp_s7799_n20-50-100_x66667_cvrp100_56666,0.09232323232323232,False,False,0.0,0.0,0.0,100,1,True,18.706931923274606,False,True,18.965025403056494,True,18.261722391163588,4,4,0.0067627460301476795,18.385221781768088,False,9101,18.261722391163588,1363322144,12,5b9f7aaa6a34012cf7fc83cd9ba6a1f00a16bbf6097109a70ff6499115dc89c7,40.37602699999843,pyvrp,40.0,0.023799174227875506,cvrp100_56666.json,0
"[""pyvrp_cost_not_converged"", ""route_membership_ambiguous""]",unstable_cost,False,0.42389889877684084,cvrp_s7799_n20-50-100_x66667_cvrp100_56845,0.09111111111111111,False,False,0.0,0.0,0.0,100,1,True,19.920665695037147,False,True,20.6232303759332,True,19.496766796260307,4,4,0.0033282079020187064,19.561656089575436,False,9101,19.496766796260307,4097113008,11,f1e4b1d6ca3b2a5c89fad7f1c04527a49d902ee283a3324f2b94f4350ec43e85,40.2826814,pyvrp,40.0,0.02127935407713042,cvrp100_56845.json,0
"[""accepted""]",not_selected,True,0.19825599338369138,cvrp_s7799_n20-50-100_x66667_cvrp100_56904,0.0890909090909091,True,True,0.0,0.0,0.0,100,4,False,14.617150908150222,False,False,,False,14.41889491476653,4,4,1.964449377024449e-05,14.419178166657858,True,9101,14.41889491476653,953906792,11,20ce20456f58145120806cd33eb2bb16b8c0030c5304a0e5214893d4836344b0,40.2180365000022,pyvrp,40.0,0.013563244617878846,cvrp100_56904.json,0
"[""pyvrp_cost_not_converged"", ""route_membership_ambiguous""]",unstable_cost,False,0.3189939299359015,cvrp_s7799_n20-50-100_x66667_cvrp100_56941,0.10929292929292929,False,False,0.0,0.0,0.0,100,1,True,15.620315957682175,False,True,16.671969484131374,True,15.301322027746274,4,4,0.003902804311087443,15.361040093321499,False,9103,15.301322027746274,484025805,10,4a507ca877ddefda6f34714a6ce2662ad9c1799d0ba82cb6c6d3cc3d78298a51,40.43248120000135,pyvrp,40.0,0.02042173351679344,cvrp100_56941.json,0
"[""pyvrp_cost_not_converged"", ""route_membership_ambiguous""]",unstable_cost,False,0.25104831371498193,cvrp_s7799_n20-50-100_x66667_cvrp100_57044,0.09858585858585858,False,False,0.0,0.0,0.0,100,1,True,16.324273018755378,False,True,16.606892624587417,True,16.073224705040396,4,4,0.0035598789659963123,16.1304434395836,False,9102,16.073224705040396,813642517,11,5a0064d30cc4929a318deee332d8df71be4905775313880a711df11dd9c5db9f,40.19513089999964,pyvrp,40.0,0.015378835763561787,cvrp100_57044.json,0
"[""pyvrp_cost_not_converged""]",unstable_cost,False,0.4809765008750162,cvrp_s7799_n20-50-100_x66667_cvrp100_57047,0.09535353535353536,True,False,0.0,0.0,0.0,100,2,True,18.823556949774982,False,True,18.87172609583588,True,18.342580448899966,4,4,0.005797105398909414,18.448914321050214,False,9103,18.342580448899966,1323395061,11,ac3675f6b825b926f9ee4502500efc306988fe8b6bfaa8b476a1c9846fe1a67b,40.3562079000003,pyvrp,40.0,0.02555183922774839,cvrp100_57047.json,0
"[""pyvrp_cost_not_converged""]",unstable_cost,False,0.5162280314830099,cvrp_s7799_n20-50-100_x66667_cvrp100_57094,0.09252525252525252,True,False,0.0,0.0,0.0,100,3,True,14.834025725602048,False,True,15.382188810043628,True,14.317797694119038,4,4,0.012215429902650432,14.49269574821188,False,9101,14.317797694119038,116801540,11,c8c38938a541cc0f199570c062f3b223af3d0b1e0828e7f9af5760aa19fd1e2a,40.32851909999954,pyvrp,40.0,0.03480026535157289,cvrp100_57094.json,0
"[""pyvrp_cost_not_converged"", ""route_membership_ambiguous""]",unstable_cost,False,0.3638234089622898,cvrp_s7799_n20-50-100_x66667_cvrp100_57635,0.11313131313131314,False,False,0.0,0.0,0.0,100,1,True,18.85037317180226,False,True,19.430239537410134,True,18.48654976283997,4,4,0.002101688568984621,18.525402733156497,False,9104,18.48654976283997,2761170014,10,1ce5ca24f9bef98f31bd34bc6bb120af3f74cd0f15ae469edb98b181d3b9598d,40.5890287000002,pyvrp,40.0,0.019300594510591598,cvrp100_57635.json,0
"[""route_membership_ambiguous""]",unstable_matrix,True,0.06513291229734719,cvrp_s7799_n20-50-100_x66667_cvrp100_57715,0.09353535353535354,False,False,0.22,0.051111111111111114,0.03215488215488215,100,4,True,13.222250278745962,False,True,14.7435517735491,True,13.157117366448615,4,4,0.0004017730134982146,13.162403541141883,True,9101,13.157117366448615,1080116317,10,9eb7e3da9f73210f920061a64db16c4b0ce573aa27ed8e9901d2771840d5d9b2,40.25821690000157,pyvrp,40.0,0.00492600812450546,cvrp100_57715.json,0
"[""accepted""]",not_selected,True,0.1979512386483986,cvrp_s7799_n20-50-100_x66667_cvrp100_57800,0.05272727272727273,True,True,0.18,0.0036363636363636364,0.0024242424242424242,100,3,False,15.516780134131892,False,False,,False,15.318828895483493,4,4,0.0010463547629772085,15.334857825061516,True,9102,15.318828895483493,4200424733,11,e87f48e9bc8f667ae1be3f92a4b1d197fbb134e7f0edb1ca1c4fd85ef3b788ce,40.17224940000233,pyvrp,40.0,0.012757236806685812,cvrp100_57800.json,0
"[""route_membership_ambiguous""]",unstable_matrix,True,0.18638911987915208,cvrp_s7799_n20-50-100_x66667_cvrp100_57991,0.047474747474747475,False,False,0.17,0.051515151515151514,0.025757575757575757,100,4,True,17.27410839636869,False,True,18.054451221185214,True,17.087719276489537,4,4,0.00018218953571314136,17.090832480130917,True,9103,17.087719276489537,1942669442,12,930302f05f58ace04554592a3efc510d184120e544eba20c387d328885da214d,40.38127769999846,pyvrp,40.0,0.010790086272605203,cvrp100_57991.json,0
"[""pyvrp_cost_not_converged""]",unstable_cost,False,0.43763116322465834,cvrp_s7799_n20-50-100_x66667_cvrp100_58007,0.06484848484848485,True,False,0.2,0.024242424242424242,0.024242424242424242,100,2,True,18.111874645195655,False,True,19.50189696087817,True,17.674243481970997,4,4,0.008770900595508294,17.829262514652175,False,9102,17.674243481970997,3170778174,11,34743bddaa1a5552aa6831c125d7053d93b4c108c0d35d097a080e4f125414ed,40.17844199999672,pyvrp,40.0,0.024162665201569518,cvrp100_58007.json,0
"[""pyvrp_cost_not_converged"", ""route_membership_ambiguous""]",unstable_cost,False,0.5530890143567788,cvrp_s7799_n20-50-100_x66667_cvrp100_58018,0.06747474747474748,False,False,0.0,0.0,0.0,100,1,True,17.73365180190706,False,True,18.02886563046679,True,17.180562787550283,4,4,0.007641524846476029,17.31184848496779,False,9102,17.180562787550283,1632489272,11,cf53b263e6da38643fe9a51f2326d02ca775a46963ea22cadb398765eac05bef,40.8281848000006,pyvrp,40.0,0.03118867002324361,cvrp100_58018.json,0
"[""accepted""]",not_selected,True,0.14867965178768117,cvrp_s7799_n20-50-100_x66667_cvrp100_58129,0.08949494949494949,True,True,0.2,0.029696969696969697,0.019797979797979797,100,3,False,14.327876507444406,False,False,,False,14.179196855656725,4,4,0.0035140918978518215,14.229023856445234,True,9101,14.179196855656725,1422911663,11,eee52a1f8c2f05a7746a3d6b10ce7fc49a538543d23fd1627a6cf71491c013a8,40.51463199999853,pyvrp,40.0,0.010376949557768099,cvrp100_58129.json,0
"[""pyvrp_cost_not_converged"", ""route_membership_ambiguous""]",unstable_cost,False,0.46528118570706667,cvrp_s7799_n20-50-100_x66667_cvrp100_58140,0.07878787878787878,False,False,0.0,0.0,0.0,100,1,True,16.43662799812055,False,True,17.985973401341283,True,15.971346812413483,4,4,0.0018349383538535185,16.000653249242276,False,9103,15.971346812413483,1085948531,10,3724fe0a7efeddb8db9af293cd5532c01d37553cb68934ad45a78a0d208a2269,40.20267390000299,pyvrp,40.0,0.028307581443120167,cvrp100_58140.json,0
"[""pyvrp_cost_not_converged"", ""route_membership_ambiguous""]",unstable_cost,False,0.5827713774552485,cvrp_s7799_n20-50-100_x66667_cvrp100_58153,0.09414141414141414,False,False,0.0,0.0,0.0,100,1,True,20.052698312243848,False,True,20.515086553401442,True,19.4699269347886,4,4,0.009012902940208232,19.645407496504795,False,9104,19.4699269347886,1095379732,11,2971cf615a689cabf9629dbf57f7f07000d506d5bcfa16f986f0c981f110f54a,40.23141720000058,pyvrp,40.0,0.029061992973754454,cvrp100_58153.json,0
"[""route_membership_ambiguous""]",unstable_matrix,True,0.19530024897768783,cvrp_s7799_n20-50-100_x66667_cvrp100_58176,0.08808080808080808,False,False,0.23,0.0696969696969697,0.03484848484848485,100,4,True,15.094986809140561,False,True,15.45831356714619,True,14.899686560162873,4,4,0.00013452539349698584,14.901690946360361,True,9103,14.899686560162873,3293384859,10,30c040bc222a906b2685c10b82ae10748a8a3d63a3a342873f40fdf968adce00,40.23090130000128,pyvrp,40.0,0.012938086759998125,cvrp100_58176.json,0
"[""route_membership_ambiguous""]",unstable_matrix,True,0.13711899247143933,cvrp_s7799_n20-50-100_x66667_cvrp100_58401,0.08,False,False,0.2,0.05656565656565657,0.035925925925925924,100,4,True,13.847169501808507,False,True,14.363239851315875,True,13.710050509337067,4,4,0.00039807368565665513,13.715508119673858,True,9103,13.710050509337067,2436720958,11,2bb2d299f1f2544ab11df7b2a937c1154f66421355d248a5ca6f346a2b8e3c24,40.38395319999836,pyvrp,40.0,0.009902311981775836,cvrp100_58401.json,0
"[""route_membership_ambiguous""]",unstable_matrix,True,0.17762744758034366,cvrp_s7799_n20-50-100_x66667_cvrp100_58456,0.08181818181818182,False,False,0.17,0.0905050505050505,0.060336700336700334,100,4,True,14.149270634835792,False,True,14.710029069614523,True,13.971643187255449,4,4,0.00029898748896164235,13.975820533768674,True,9103,13.971643187255449,1307424909,12,fc6b9cfba262b7d3bf9ae384a06cc11f9dc8103ee8c1394147d65864e5cdd8f2,40.15704750000077,pyvrp,40.0,0.012553823597311177,cvrp100_58456.json,0
"[""accepted""]",not_selected,True,0.3395133126259502,cvrp_s7799_n20-50-100_x66667_cvrp100_5863,0.08121212121212121,True,True,0.0,0.0,0.0,100,3,False,14.933791605397667,False,False,,False,14.594278292771717,4,4,0.00206312429217071,14.624388102844234,True,9101,14.594278292771717,761010424,10,09a937fa202fa6f8e5dea95d37bcf8e4cf08b3d873a70b01cf0c13b492a4525f,40.71864270000151,pyvrp,40.0,0.022734568795190403,cvrp100_5863.json,0
"[""accepted""]",not_selected,True,0.21199504011005565,cvrp_s7799_n20-50-100_x66667_cvrp100_5876,0.06181818181818182,True,True,0.21,0.02585858585858586,0.01616161616161616,100,4,False,15.442228254794697,False,False,,False,15.230233214684642,4,4,0.00024800166907758384,15.234010337942324,True,9101,15.230233214684642,625683357,11,0acdff52d5a6c0c220250a316f0176d331ee70726444aaabb69f25857acb7b34,40.22983169999861,pyvrp,40.0,0.013728267489132131,cvrp100_5876.json,0
"[""pyvrp_cost_not_converged"", ""route_membership_ambiguous""]",unstable_cost,False,0.23057573267973908,cvrp_s7799_n20-50-100_x66667_cvrp100_5892,0.07878787878787878,False,False,0.0,0.0,0.0,100,1,True,15.267317047553876,False,True,16.020159984555224,True,15.036741314874137,4,4,0.009095383458916561,15.17350624310545,False,9104,15.036741314874137,3608199360,10,9c44e7932d39c030fb7c62cc929a2206d5301e57c7221d1037ebf160b033f29b,40.38408479999998,pyvrp,40.0,0.015102570540819538,cvrp100_5892.json,0
"[""pyvrp_cost_not_converged"", ""route_membership_ambiguous""]",unstable_cost,False,0.11042509434638781,cvrp_s7799_n20-50-100_x66667_cvrp100_58925,0.10383838383838384,False,False,0.0,0.0,0.0,100,1,True,13.374333409193211,False,True,13.844651090709675,True,13.263908314846823,4,4,0.0023671267668718557,13.295305667252231,False,9104,13.263908314846823,985868906,11,a15c1c4e6b2a63ef69c0e02b2af17eb01b4cf4b14d0e2e9d7494b29caf34404a,40.18226610000056,pyvrp,40.0,0.00825649331206923,cvrp100_58925.json,0
"[""accepted""]",not_selected,True,0.3417652289509121,cvrp_s7799_n20-50-100_x66667_cvrp100_59255,0.09353535353535354,True,True,0.22,0.027474747474747475,0.01952861952861953,100,3,False,15.522413249619019,False,False,,False,15.180648020668107,4,4,0.001937971822813221,15.210067688784207,True,9103,15.180648020668107,2216370883,10,12795d1f84fb9c5806816d339e208cc2fa957f4701772830541715a6e387067e,40.27884970000014,pyvrp,40.0,0.022017531904022742,cvrp100_59255.json,0
"[""pyvrp_cost_not_converged"", ""route_membership_ambiguous""]",unstable_cost,False,0.4274070628366786,cvrp_s7799_n20-50-100_x66667_cvrp100_59356,0.08262626262626263,False,False,0.23,0.08525252525252525,0.05683501683501683,100,3,True,18.186422101438403,False,True,19.239924546901232,True,17.759015038601724,4,4,0.005625056318162762,17.85891049834896,False,9102,17.759015038601724,1557932813,10,ac2c0afeb873d81a0b47d1921678e5c1b01860bb7144beb2e4c759ea6f59e2c2,40.22547050000139,pyvrp,40.0,0.023501437525904233,cvrp100_59356.json,0
"[""pyvrp_cost_not_converged""]",unstable_cost,False,0.11389130637133427,cvrp_s7799_n20-50-100_x66667_cvrp100_59432,0.0496969696969697,True,False,0.0,0.0,0.0,100,2,True,13.411879404274725,False,True,14.468154146919684,True,13.29798809790339,4,4,0.010100266507186732,13.432301321701612,False,9102,13.29798809790339,3976964710,11,c1018d27b397e188fe453b05d9a04104074c095dd6c8a0a2b57e383f20b736eb,40.33561649999683,pyvrp,40.0,0.008491823027802804,cvrp100_59432.json,0
"[""pyvrp_cost_not_converged"", ""route_membership_ambiguous""]",unstable_cost,False,0.26671812731565225,cvrp_s7799_n20-50-100_x66667_cvrp100_59790,0.0802020202020202,False,False,0.2,0.05818181818181818,0.03878787878787879,100,3,True,16.71405519553245,False,True,17.452262980227758,True,16.447337068216797,4,4,0.006040150053977229,16.546681452097168,False,9101,16.447337068216797,2455015112,11,ef35388ac6bcade464eb6b71f9ef8a212daf6ece8a0fb5d8cdad0346a1382ede,40.36416809999719,pyvrp,40.0,0.015957714881002914,cvrp100_59790.json,0
"[""pyvrp_cost_not_converged""]",unstable_cost,False,0.2696095196295065,cvrp_s7799_n20-50-100_x66667_cvrp100_60016,0.05313131313131313,True,False,0.19,0.011515151515151515,0.007676767676767677,100,3,True,14.119899971142686,False,True,14.879223248290511,True,13.85029045151318,4,4,0.00720779255250905,13.950120471879684,False,9101,13.85029045151318,3757175472,11,cb2c0470ad54f9d1ee81b5a93b37549efb4fb88dadc09cebf84466b33e7d3b68,40.22812799999883,pyvrp,40.0,0.0190942938817213,cvrp100_60016.json,0
"[""route_membership_ambiguous""]",unstable_matrix,True,0.4016285998751705,cvrp_s7799_n20-50-100_x66667_cvrp100_60552,0.07757575757575758,False,False,0.21,0.051515151515151514,0.03434343434343434,100,3,True,17.27394859792488,False,True,17.90619886053235,True,16.872319998049708,4,4,0.0015084962473236351,16.89777182945041,True,9103,16.872319998049708,170603832,11,3bd964ab3e1ca3e672f8679ac411df7dba6e861d3c81c8432467bcbe931a8c05,40.30214049999995,pyvrp,40.0,0.023250538091992366,cvrp100_60552.json,0
"[""pyvrp_cost_not_converged""]",unstable_cost,False,0.21930847611521465,cvrp_s7799_n20-50-100_x66667_cvrp100_60578,0.07939393939393939,True,False,0.0,0.0,0.0,100,2,True,14.194566645105157,False,True,14.609020011955021,True,13.975258168989942,4,4,0.006917752571470872,14.071935547125442,False,9103,13.975258168989942,683729365,11,9067974899e645eea923bbb2c9d8075c8522d8de6b5763e02b5624d747ca4e6d,40.393635399999766,pyvrp,40.0,0.015450170589803868,cvrp100_60578.json,0
"[""accepted""]",stable_control,True,0.10364113487147364,cvrp_s7799_n20-50-100_x66667_cvrp100_60946,0.09535353535353536,True,True,0.0,0.0,0.0,100,2,False,13.444689852901773,False,True,13.762983067732224,True,13.341048718030299,4,4,0.0026721169206844813,13.376697560049424,True,9103,13.341048718030299,3863209669,10,09fc1bd81397f58f4f6558ef7b5f8d1aba3b8abd8bc77c1b551d85d57cc8ffc0,40.73065510000015,pyvrp,40.0,0.007708704031510607,cvrp100_60946.json,0
"[""accepted""]",not_selected,True,0.3226449334011985,cvrp_s7799_n20-50-100_x66667_cvrp100_6102,0.04707070707070707,True,True,0.0,0.0,0.0,100,4,False,16.019375365916826,False,False,,False,15.696730432515627,4,4,3.395019453963249e-16,15.696730432515633,True,9101,15.696730432515627,2230425979,10,4d84dbc64c1820ce78bd2073d281980471d7b97c7da6c5e6738e2c4d76eee9f0,40.30654340000183,pyvrp,40.0,0.020140918483480007,cvrp100_6102.json,0
"[""route_membership_ambiguous""]",unstable_matrix,True,0.26895010168946243,cvrp_s7799_n20-50-100_x66667_cvrp100_61156,0.12606060606060607,False,False,0.22,0.09111111111111111,0.09111111111111111,100,2,True,18.634562323643575,False,True,19.464548385249604,True,18.365612221954112,4,4,0.0022129552365353607,18.406254499692864,True,9102,18.365612221954112,2671682551,11,8c29de762e52c0aed8f4f4c6151b433527ea8f68b23d518aaf446f73e2f32dac,40.18918779999876,pyvrp,40.0,0.014432863891212401,cvrp100_61156.json,0
"[""pyvrp_cost_not_converged"", ""route_membership_ambiguous""]",unstable_cost,False,0.4850962253527804,cvrp_s7799_n20-50-100_x66667_cvrp100_61221,0.07696969696969697,False,False,0.0,0.0,0.0,100,1,True,18.956429008423758,False,True,19.65741827618068,True,18.471332783070977,4,4,0.007595829712427941,18.611637881452772,False,9102,18.471332783070977,46553637,11,c6ad0d50c2c6f4024e310d292db4874380b3506384b5c13fbbd1e4f0db1a192e,40.2967991000005,pyvrp,40.0,0.025590063673765557,cvrp100_61221.json,0
"[""accepted""]",not_selected,True,0.1541656450477582,cvrp_s7799_n20-50-100_x66667_cvrp100_61281,0.06060606060606061,True,True,0.2,0.02101010101010101,0.014006734006734007,100,3,False,13.46603860410767,False,False,,False,13.311872959059912,4,4,0.0035177879211034683,13.358701304962556,True,9101,13.311872959059912,808887977,11,a09fba2624ae5ee48abf288b912341ce7ff97e61040726e66f9afce244142f1a,41.25389379999979,pyvrp,40.0,0.011448477876836892,cvrp100_61281.json,0
"[""pyvrp_cost_not_converged"", ""route_membership_ambiguous""]",unstable_cost,False,0.09385881706995747,cvrp_s7799_n20-50-100_x66667_cvrp100_61375,0.06060606060606061,False,False,0.0,0.0,0.0,100,1,True,14.10119390398775,False,True,14.779696132483616,True,14.007335086917793,4,4,0.006327703386430391,14.095969348582148,False,9104,14.007335086917793,1829711203,10,6bbd22ded8a3cd0b951e789a59225c43990ff01d11b8f0e0cc6cb5ffd3913ff7,40.18617129999984,pyvrp,40.0,0.006656090094854638,cvrp100_61375.json,0
"[""pyvrp_cost_not_converged""]",unstable_cost,False,0.2728991432960388,cvrp_s7799_n20-50-100_x66667_cvrp100_61411,0.0892929292929293,True,False,0.0,0.0,0.0,100,2,True,14.74671708240606,False,True,14.88214602383289,True,14.47381793911002,4,4,0.005382031886854133,14.551716488782832,False,9102,14.47381793911002,1434177613,11,dbe60a9b56d362f75d1460ef5daa41090c12976cb31039c4363b5cdfaa91d010,40.1568116999988,pyvrp,40.0,0.01850575567233388,cvrp100_61411.json,0
"[""pyvrp_cost_not_converged"", ""route_membership_ambiguous""]",unstable_cost,False,0.0887813638857704,cvrp_s7799_n20-50-100_x66667_cvrp100_61432,0.06383838383838383,False,False,0.0,0.0,0.0,100,1,True,14.57669853194911,False,True,15.263864959210748,True,14.487917168063339,4,4,0.0015920873222921533,14.510983197313031,False,9103,14.487917168063339,2478688371,10,e39e0245067d7fc80e40f4a1e8bbfa030674bc4a7895cfc274e69888d3e2c4ef,40.250015300000086,pyvrp,40.0,0.0060906359345485545,cvrp100_61432.json,0
"[""pyvrp_cost_not_converged""]",unstable_cost,False,0.4132920651466776,cvrp_s7799_n20-50-100_x66667_cvrp100_61630,0.1098989898989899,True,False,0.0,0.0,0.0,100,2,True,18.496168094226153,False,True,18.814078132681882,True,18.082876029079475,4,4,0.0074599747934367446,18.21777382844925,False,9101,18.082876029079475,1904040177,10,10d0759d574e3e6a42bf2357a493c63fe1796a34b8d57fb73630d12402f7e90d,40.18502670000089,pyvrp,40.0,0.022344739896459565,cvrp100_61630.json,0
"[""route_membership_ambiguous""]",unstable_matrix,True,0.17241401583816085,cvrp_s7799_n20-50-100_x66667_cvrp100_61675,0.037575757575757575,False,False,0.25,0.0602020202020202,0.0301010101010101,100,4,True,13.583739742529097,False,True,15.425322783629658,True,13.411325726690936,4,4,0.0006795432863949014,13.420439303050165,True,9104,13.411325726690936,1864300243,10,9be582a2ef088556dc581850599c021448c81e4e273fae0c3d9a232b9851e10e,40.15019630000097,pyvrp,40.0,0.012692676619705306,cvrp100_61675.json,0
"[""accepted""]",not_selected,True,0.31561840096509997,cvrp_s7799_n20-50-100_x66667_cvrp100_6168,0.0696969696969697,True,True,0.0,0.0,0.0,100,4,False,16.67704701912798,False,False,,False,16.36142861816288,4,4,0.0,16.36142861816288,True,9102,16.36142861816288,3306978926,11,12bc7e52b32f5bd309f5ab077804728dcbb99b8bd1d95c8f61bd3657a2e764ee,40.26304789999995,pyvrp,40.0,0.01892531697027039,cvrp100_6168.json,0
"[""accepted""]",not_selected,True,0.2228774724763145,cvrp_s7799_n20-50-100_x66667_cvrp100_6188,0.06666666666666667,True,True,0.0,0.0,0.0,100,2,False,14.594292714215408,False,False,,False,14.371415241739093,4,4,0.0015551131770470683,14.393764418954337,True,9101,14.371415241739093,2722529628,11,072f76478c572a1dd22bb936a7d6410883baa31d5a583a8c4d50784ef8837bc6,40.29597999999896,pyvrp,40.0,0.015271550108024296,cvrp100_6188.json,0
"[""accepted""]",not_selected,True,0.2757897532298532,cvrp_s7799_n20-50-100_x66667_cvrp100_61968,0.08686868686868687,True,True,0.18,0.0036363636363636364,0.0018181818181818184,100,4,False,15.779520669710813,False,False,,False,15.50373091648096,4,4,7.230240047456669e-05,15.504851873442533,True,9102,15.50373091648096,2608117225,10,f727724ec0295175e0521e916f69947d244e5956c85f0c968dd79d76ce0653cd,40.41380299999946,pyvrp,40.0,0.017477701572978614,cvrp100_61968.json,0
"[""accepted""]",not_selected,True,0.2608160887619917,cvrp_s7799_n20-50-100_x66667_cvrp100_62123,0.06080808080808081,True,True,0.0,0.0,0.0,100,2,False,16.04862722155868,False,False,,False,15.787811132796687,4,4,0.003395031749389909,15.841411252845903,True,9101,15.787811132796687,1515026501,11,c74d5c63040dafccd3b89df5325e6ded292018a26fef93b561ec8f9503fb9e1a,40.26345829999991,pyvrp,40.0,0.016251613621607982,cvrp100_62123.json,0
"[""accepted""]",stable_control,True,0.3577521674809425,cvrp_s7799_n20-50-100_x66667_cvrp100_62287,0.06606060606060606,True,True,0.0,0.0,0.0,100,3,False,16.759930149930252,False,True,17.183597819855798,True,16.40217798244931,4,4,0.001842944894077797,16.43240629261382,True,9104,16.40217798244931,266836484,11,a8a7e7a706ccf3f5e33f493a89ad5cd7d3d63d4604025c42c80eab017eeb267b,40.29576260000249,pyvrp,40.0,0.021345683680097635,cvrp100_62287.json,0
"[""pyvrp_cost_not_converged"", ""route_membership_ambiguous""]",unstable_cost,False,0.15316882749173466,cvrp_s7799_n20-50-100_x66667_cvrp100_62330,0.06545454545454546,False,False,0.0,0.0,0.0,100,1,True,14.909477047089405,False,True,15.753875530949001,True,14.75630821959767,4,4,0.0028935891139734698,14.799006912424336,False,9103,14.75630821959767,2069870808,11,ac3885cd34e368a8e448de6d88d6cba94f76a795d1dfc42d744f791114d4ba19,40.16062090000196,pyvrp,40.0,0.010273252845017521,cvrp100_62330.json,0
"[""pyvrp_cost_not_converged"", ""route_membership_ambiguous""]",unstable_cost,False,0.15951088226840682,cvrp_s7799_n20-50-100_x66667_cvrp100_62638,0.051515151515151514,False,False,0.0,0.0,0.0,100,1,True,15.301996693016132,False,True,15.782937700830585,True,15.142485810747726,4,4,0.002610782909385138,15.182019553908033,False,9104,15.142485810747726,464570914,10,c8e5b742aa7e5265dbd0e65c870d1728786e96163272e47fc7d463958055a0be,40.16246980000142,pyvrp,40.0,0.010424187474906981,cvrp100_62638.json,0
"[""accepted""]",not_selected,True,0.3308246411417155,cvrp_s7799_n20-50-100_x66667_cvrp100_6284,0.05757575757575758,True,True,0.0,0.0,0.0,100,4,False,14.402400817817337,False,False,,False,14.071576176675622,4,4,5.049489316895873e-16,14.071576176675629,True,9101,14.071576176675622,2788170798,11,76c7ab65e9563fea8d6261ab4912f9ea50bd43eef514a7a6d8e180a49f692ee4,40.3266881999989,pyvrp,40.0,0.022970103757454757,cvrp100_6284.json,0
"[""accepted""]",not_selected,True,0.38359916168581876,cvrp_s7799_n20-50-100_x66667_cvrp100_62910,0.09393939393939393,True,True,0.0,0.0,0.0,100,2,False,20.287631115667153,False,False,,False,19.904031953981335,4,4,0.0041282104220624555,19.986199986134825,True,9101,19.904031953981335,3230827009,11,a68e0dad37f2456d50896ac60bf00366729d5632d828f7b991a359418026b73c,40.29912699999841,pyvrp,40.0,0.018908031179134744,cvrp100_62910.json,0
"[""pyvrp_cost_not_converged""]",unstable_cost,False,0.148255411999763,cvrp_s7799_n20-50-100_x66667_cvrp100_63132,0.07595959595959596,True,False,0.0,0.0,0.0,100,3,True,14.280135902195298,False,True,15.476577565037813,True,14.131880490195535,4,4,0.010890404655517232,14.285782387277173,False,9101,14.131880490195535,2617381518,10,2e4fd44f23716e7e7c2b9bfa286c1af5b8fd688694bac76f451587642f865712,40.21556050000072,pyvrp,40.0,0.010381932848200104,cvrp100_63132.json,0
"[""pyvrp_cost_not_converged"", ""route_membership_ambiguous""]",unstable_cost,False,0.39465400728774114,cvrp_s7799_n20-50-100_x66667_cvrp100_63240,0.10949494949494949,False,False,0.0,0.0,0.0,100,1,True,17.94717834302274,False,True,18.52272583769582,True,17.552524335734997,4,4,0.0015475050901177813,17.579686956488963,False,9101,17.552524335734997,2828483865,10,8828aec2dc907d487c3e6c7e9a8ed599b9b664ea7bf4492ccdbd46b1101247d4,40.303507399999944,pyvrp,40.0,0.02198975235798943,cvrp100_63240.json,0
"[""route_membership_ambiguous""]",unstable_matrix,True,0.17784376035078253,cvrp_s7799_n20-50-100_x66667_cvrp100_63323,0.043434343434343436,False,False,0.26,0.06808080808080808,0.045387205387205386,100,4,True,16.80987564442245,False,True,17.178605104456068,True,16.63203188407167,4,4,0.000992964436700112,16.648546900242614,True,9101,16.63203188407167,257032541,10,5aabd0889d700bc6f63ed9527667391e3f4771a384ae141b8c8ae3c046793723,40.26856320000297,pyvrp,40.0,0.010579718976671397,cvrp100_63323.json,0
"[""route_membership_ambiguous""]",unstable_matrix,True,0.31832882198946244,cvrp_s7799_n20-50-100_x66667_cvrp100_63379,0.06363636363636363,False,False,0.18,0.05454545454545454,0.05454545454545454,100,2,True,15.944488013158416,False,True,16.45113515059628,True,15.626159191168954,4,4,0.0013556580618291126,15.647342919851887,True,9104,15.626159191168954,3121517698,11,dd6d0098d01c0c400e215897b8fe9efcb717f73eeb8cb060365aaefaab0fe5d2,40.26611769999727,pyvrp,40.0,0.019964819298478386,cvrp100_63379.json,0
"[""accepted""]",not_selected,True,0.19839734824984845,cvrp_s7799_n20-50-100_x66667_cvrp100_63566,0.02303030303030303,True,True,0.0,0.0,0.0,100,4,False,13.190263926761387,False,False,,False,12.991866578511539,4,4,9.536914097275436e-05,12.993105601666764,True,9104,12.991866578511539,2219449750,10,067d0eb9c69cceae29d40892807271b41757d0f16920fe9bb8a58419f6e7dd3a,40.25648920000094,pyvrp,40.0,0.015041196245309783,cvrp100_63566.json,0
"[""pyvrp_cost_not_converged"", ""route_membership_ambiguous""]",unstable_cost,False,0.16291354861555618,cvrp_s7799_n20-50-100_x66667_cvrp100_63724,0.05313131313131313,False,False,0.0,0.0,0.0,100,1,True,16.003592269868683,False,True,17.295291136830915,True,15.840678721253127,4,4,0.007101324198961138,15.95316851638433,False,9103,15.840678721253127,1902931192,10,e276008b49430ad8fa9b450be48f56a681a7cc9096e56f8bfc14bb18ec91070f,40.25974119999955,pyvrp,40.0,0.010179811249146062,cvrp100_63724.json,0
"[""accepted""]",not_selected,True,0.14315168311870785,cvrp_s7799_n20-50-100_x66667_cvrp100_64055,0.03878787878787879,True,True,0.0,0.0,0.0,100,4,False,15.58414546485128,False,False,,False,15.440993781732573,4,4,2.3008322709147965e-16,15.440993781732576,True,9102,15.440993781732573,2100730918,11,09b3145cb8e98035b2be72f338ad995648adb300ebccebd9a82c9d5acb6dcc1a,40.17776159999994,pyvrp,40.0,0.009185725546618796,cvrp100_64055.json,0
"[""accepted""]",not_selected,True,0.18239705956665553,cvrp_s7799_n20-50-100_x66667_cvrp100_64113,0.08363636363636363,True,True,0.0,0.0,0.0,100,2,False,14.31429107351099,False,False,,False,14.131894013944335,4,4,0.004187019075384715,14.191064523752035,True,9102,14.131894013944335,3437751743,10,63b1f2ec505f130d734e0b4e7d254173414b98dc62eb4124d8e34362835f1697,40.432393899998715,pyvrp,40.0,0.01274230477988439,cvrp100_64113.json,0
"[""accepted""]",stable_control,True,0.21480870237240168,cvrp_s7799_n20-50-100_x66667_cvrp100_64116,0.036565656565656565,True,True,0.22,0.025252525252525252,0.025252525252525252,100,2,False,16.76001894584311,False,True,17.52307178300571,True,16.54521024347071,4,4,0.003614978083876178,16.60502081589398,True,9103,16.54521024347071,3839041323,11,45b2880acaf42e88cd52089b6818d4f4961989b0b5206e6795eb61bb71fef150,40.3940376999999,pyvrp,40.0,0.012816733863279995,cvrp100_64116.json,0
"[""pyvrp_cost_not_converged"", ""route_membership_ambiguous""]",unstable_cost,False,0.31221900454528395,cvrp_s7799_n20-50-100_x66667_cvrp100_6417,0.04767676767676768,False,False,0.0,0.0,0.0,100,1,True,17.26510462082686,False,True,18.096754492020924,True,16.952885616281577,4,4,0.011929146798283987,17.155119077452717,False,9103,16.952885616281577,2354408313,12,d76def01da33dedffca5a6b0e6da248a17bd04bf0404df720b1a8d875832d5f2,40.262597999997524,pyvrp,40.0,0.018083817700626892,cvrp100_6417.json,0
"[""route_membership_ambiguous""]",unstable_matrix,True,0.1406388100556235,cvrp_s7799_n20-50-100_x66667_cvrp100_64768,0.0705050505050505,False,False,0.21,0.06262626262626263,0.03158249158249158,100,4,True,17.341220009056844,False,True,17.801489269503616,True,17.20058119900122,4,4,0.0001466509066813277,17.2031036798295,True,9104,17.20058119900122,906069110,11,77c069a0e9b68a575bd6a90e929e46d1b019d1d35bca1e6d40a8a6146fcfb521,40.406294100001105,pyvrp,40.0,0.008110087409200259,cvrp100_64768.json,0
"[""accepted""]",not_selected,True,0.3023141815658974,cvrp_s7799_n20-50-100_x66667_cvrp100_64849,0.08606060606060606,True,True,0.0,0.0,0.0,100,2,False,14.630125427949222,False,False,,False,14.327811246383325,4,4,0.0022949134844516203,14.360692333615328,True,9102,14.327811246383325,411120100,11,d7f3bd441cc981be03d9f212543e3b7fe47d5f8d97727543fd5d10f63b326c55,40.28258990000177,pyvrp,40.0,0.020663813379778677,cvrp100_64849.json,0
"[""pyvrp_cost_not_converged"", ""route_membership_ambiguous""]",unstable_cost,False,0.4178637730476922,cvrp_s7799_n20-50-100_x66667_cvrp100_6506,0.10646464646464647,False,False,0.22,0.10181818181818182,0.10181818181818182,100,2,True,16.68189132197854,False,True,17.28883708031327,True,16.264027548930848,4,4,0.006979816441916158,16.377547475828653,False,9102,16.264027548930848,1913828331,11,4cd91ee7f219158c00f1e2f7a4224bb0aa489aff74c472ca8199074e6410d733,40.42955439999787,pyvrp,40.0,0.025048944689931706,cvrp100_6506.json,0
"[""accepted""]",not_selected,True,0.48878718789791087,cvrp_s7799_n20-50-100_x66667_cvrp100_65214,0.07535353535353535,True,True,0.2,0.043434343434343436,0.028956228956228958,100,3,False,16.13742478105285,False,False,,False,15.64863759315494,4,4,0.0031283787899480404,15.697592459092949,True,9102,15.64863759315494,4032279152,11,d09ee57f719b9993171eee72350cbc751a9e9ef98ffde7cc388a74f5de77bdaf,40.17722710000089,pyvrp,40.0,0.030289045156188858,cvrp100_65214.json,0
"[""accepted""]",not_selected,True,0.16998858075702117,cvrp_s7799_n20-50-100_x66667_cvrp100_65259,0.06444444444444444,True,True,0.0,0.0,0.0,100,2,False,14.144055906367829,False,False,,False,13.974067325610807,4,4,0.001984844490170295,14.001803676147315,True,9102,13.974067325610807,3264362145,11,a336dea9800fe849a11b744d2b2225bea77ddd561319a08c36b8cfea77fcee38,40.231407500003115,pyvrp,40.0,0.012018375908744126,cvrp100_65259.json,0
"[""route_membership_ambiguous""]",unstable_matrix,True,0.41384440123708366,cvrp_s7799_n20-50-100_x66667_cvrp100_65279,0.07515151515151515,False,False,0.25,0.06606060606060606,0.03558922558922559,100,4,True,16.003489845985886,False,True,16.630958716447957,True,15.589645444748802,4,4,0.0006701609181709295,15.600093015854014,True,9102,15.589645444748802,919739715,10,5f63e21c694826ebb9e963bffcdac909af241ef07b8f9cbe57e0161757eaf5e8,40.1806213000018,pyvrp,40.0,0.02585963469342202,cvrp100_65279.json,0
"[""pyvrp_cost_not_converged"", ""route_membership_ambiguous""]",unstable_cost,False,0.1661293399926862,cvrp_s7799_n20-50-100_x66667_cvrp100_65538,0.05555555555555555,False,False,0.0,0.0,0.0,100,1,True,14.918132328783477,False,True,15.54909790773126,True,14.75200298879079,4,4,0.001829563939153117,14.778992721489361,False,9104,14.75200298879079,3322846021,11,47799988c0fc47525e26c640927742c4239b7a58a4f5059d66b9c189edd3d0a8,40.31985539999732,pyvrp,40.0,0.011136068264534123,cvrp100_65538.json,0
"[""pyvrp_cost_not_converged"", ""route_membership_ambiguous""]",unstable_cost,False,0.44439547484069664,cvrp_s7799_n20-50-100_x66667_cvrp100_65710,0.07212121212121213,False,False,0.0,0.0,0.0,100,1,True,15.286906552173837,False,True,15.929620536846233,True,14.84251107733314,4,4,0.006026216924423754,14.931955268788313,False,9102,14.84251107733314,4287189591,11,8a0d42d91f81cc1691ab4dcfb59c8e626c057ac5d224032ac1465783abd68796,40.19248379999772,pyvrp,40.0,0.029070333708391936,cvrp100_65710.json,0
"[""pyvrp_cost_not_converged""]",unstable_cost,False,0.3555145116874705,cvrp_s7799_n20-50-100_x66667_cvrp100_65760,0.06686868686868687,True,False,0.0,0.0,0.0,100,2,True,16.656337602031797,False,True,17.895948117857653,True,16.300823090344327,4,4,0.014678055295242996,16.540087473022375,False,9102,16.300823090344327,1897040508,11,f283690ffa98c4b31a626b4c581ea4c06f0497f61d67d9a2e9fccc4dce2cee28,40.17326250000042,pyvrp,40.0,0.0213440985756739,cvrp100_65760.json,0
"[""pyvrp_cost_not_converged""]",unstable_cost,False,0.3427089317717904,cvrp_s7799_n20-50-100_x66667_cvrp100_6584,0.09878787878787879,True,False,0.12,0.009696969696969697,0.009696969696969697,100,2,True,15.031663387500716,False,True,15.927996004961772,True,14.688954455728926,4,4,0.005046810442739803,14.763086824469028,False,9101,14.688954455728926,438144531,10,07eea934700dbeb1be05ecf71dc68f7f781aedf023e41fc7aeed9cfd9c6e2ed7,40.39978159999737,pyvrp,40.0,0.022799135593786865,cvrp100_6584.json,0
"[""pyvrp_cost_not_converged"", ""route_membership_ambiguous""]",unstable_cost,False,0.2323012504083728,cvrp_s7799_n20-50-100_x66667_cvrp100_65863,0.08707070707070708,False,False,0.0,0.0,0.0,100,1,True,17.83527392614353,False,True,18.465669422665673,True,17.602972675735156,4,4,0.00617621641975938,17.711692444611607,False,9104,17.602972675735156,2354584945,12,59cf65e205e1746f4f3c5a4d7d06c5b5c22852dcd6e5d38f9fdf8c55390718b1,40.305946100001165,pyvrp,40.0,0.013024821001927983,cvrp100_65863.json,0
"[""accepted""]",not_selected,True,0.6822900191293115,cvrp_s7799_n20-50-100_x66667_cvrp100_66024,0.0995959595959596,True,True,0.23,0.037575757575757575,0.021750841750841746,100,4,False,19.257341753698164,False,False,,False,18.575051734568852,4,4,4.144797064102354e-05,18.575821632767802,True,9103,18.575051734568852,318428801,10,90f9b7be2d867513f190b25da9e5d2916472af1b016207587c87e4222bde7934,40.47557489999963,pyvrp,40.0,0.03543012466911666,cvrp100_66024.json,0
"[""pyvrp_cost_not_converged""]",unstable_cost,False,0.2383911983344369,cvrp_s7799_n20-50-100_x66667_cvrp100_66080,0.0703030303030303,True,False,0.0,0.0,0.0,100,2,True,13.887735498817094,False,True,14.171180100503674,True,13.649344300482657,4,4,0.011678008761434879,13.808741462811534,False,9102,13.649344300482657,3181761020,11,6b2aaae3f15941d7f545513c9c6e21c4f78c56c5b8f0cf7e8dc10aa35c5516e7,40.34409820000292,pyvrp,40.0,0.017165591780945295,cvrp100_66080.json,0
"[""pyvrp_cost_not_converged""]",unstable_cost,False,0.5848477096566036,cvrp_s7799_n20-50-100_x66667_cvrp100_66112,0.08484848484848485,True,False,0.2,0.031313131313131314,0.031313131313131314,100,2,True,19.896753839218857,False,True,20.82925763047864,True,19.311906129562253,4,4,0.009138651740653043,19.488390914128505,False,9104,19.311906129562253,454937563,11,0e981dda1f2079c35dee3affae5a054562b5839d1b9e98a17ec4303788381ed7,40.35707149999871,pyvrp,40.0,0.029394127021052024,cvrp100_66112.json,0
"[""accepted""]",not_selected,True,0.14143467244097252,cvrp_s7799_n20-50-100_x66667_cvrp100_66251,0.05191919191919192,True,True,0.0,0.0,0.0,100,3,False,14.50098819607068,False,False,,False,14.359553523629707,4,4,0.0015859298026239083,14.382326767515204,True,9102,14.359553523629707,3389775620,11,100cc196dc797746f62dcda45d3b7220ec847558a086c5451ca336c616850096,40.61740220000138,pyvrp,40.0,0.009753450628923134,cvrp100_66251.json,0
"[""route_membership_ambiguous""]",unstable_matrix,True,0.1186087752299585,cvrp_s7799_n20-50-100_x66667_cvrp100_66259,0.0707070707070707,False,False,0.2,0.06323232323232324,0.03161616161616162,100,4,True,14.657099472796487,False,True,15.041759306580587,True,14.538490697566528,4,4,0.00020332651531978417,14.541446758218074,True,9104,14.538490697566528,508747593,11,c625692ccae712f2ccef939972d9f402237be66d1c46d3e0cf6539e88574d29b,40.40142000000196,pyvrp,40.0,0.008092240586215292,cvrp100_66259.json,0
"[""accepted""]",not_selected,True,0.2019647009129688,cvrp_s7799_n20-50-100_x66667_cvrp100_66449,0.053737373737373736,True,True,0.24,0.04686868686868687,0.023434343434343436,100,4,False,14.5986314440773,False,False,,False,14.396666743164332,4,4,0.0009201705416226008,14.40991413179895,True,9101,14.396666743164332,336685089,10,f111b5ba778856f5e817a3d57b0d0caba1d3904e322b188eed104c016aa04edd,40.38340059999973,pyvrp,40.0,0.013834495492720063,cvrp100_66449.json,0
"[""pyvrp_cost_not_converged""]",unstable_cost,False,0.31398996733442885,cvrp_s7799_n20-50-100_x66667_cvrp100_66501,0.10686868686868686,True,False,0.0,0.0,0.0,100,2,True,14.081813471985118,False,True,14.44153802514678,True,13.76782350465069,4,4,0.009896570041346545,13.904077734281362,False,9103,13.76782350465069,939863842,10,c7593f5206fa87156f017700e90d351df5aebcc32152b3076f46eb57e54e8b67,40.26000629999908,pyvrp,40.0,0.02229755194237533,cvrp100_66501.json,0
"[""pyvrp_cost_not_converged"", ""route_membership_ambiguous""]",unstable_cost,False,0.21667782838570737,cvrp_s7799_n20-50-100_x66667_cvrp100_6732,0.0698989898989899,False,False,0.0,0.0,0.0,100,1,True,14.308218302902503,False,True,14.546644491466683,True,14.091540474516796,4,4,0.00809035944046878,14.20554610202555,False,9101,14.091540474516796,4091101422,10,39c764dc0c40cbb7bfb8f36b5165654f12106d20f41e55022d3469a17ff14278,40.28289349999977,pyvrp,40.0,0.015143592570275017,cvrp100_6732.json,0
"[""route_membership_ambiguous""]",unstable_matrix,True,0.3533215909100704,cvrp_s7799_n20-50-100_x66667_cvrp100_6961,0.04929292929292929,False,False,0.19,0.07191919191919192,0.04794612794612795,100,3,True,16.753216108946525,False,True,17.69675838416343,True,16.399894518036454,4,4,0.0015973793223691586,16.4260913704286,True,9101,16.399894518036454,2004912016,10,b57320c93811ec2084fdb6d9f21d4f179fcb0ce78f0df843e1bf87cf0ba03747,40.30813920000219,pyvrp,40.0,0.021089776948641534,cvrp100_6961.json,0
"[""pyvrp_cost_not_converged""]",unstable_cost,False,0.3128433116222382,cvrp_s7799_n20-50-100_x66667_cvrp100_7063,0.0898989898989899,True,False,0.21,0.039191919191919194,0.02612794612794613,100,3,True,16.273506145428485,False,True,16.390621418749642,True,15.960662833806246,4,4,0.006526987427475503,16.064837879456675,False,9104,15.960662833806246,2875882409,10,e981ff7e47b24db50cc7948956ea5629aea635a22b90f3d4d8cff23643ebc8ba,40.46143010000014,pyvrp,40.0,0.01922408784109019,cvrp100_7063.json,0
"[""accepted""]",not_selected,True,0.05764489070879719,cvrp_s7799_n20-50-100_x66667_cvrp100_7088,0.042828282828282827,True,True,0.0,0.0,0.0,100,4,False,14.979039804460369,False,False,,False,14.921394913751572,4,4,9.410184537985569e-05,14.922799044548597,True,9103,14.921394913751572,4094547470,10,b68f23ba81bfb491569263f31fd3fa397d9ac7fb08babd56e7c07eeda22639b1,40.35602520000248,pyvrp,40.0,0.00384837022007459,cvrp100_7088.json,0
"[""accepted""]",not_selected,True,0.4601086251394939,cvrp_s7799_n20-50-100_x66667_cvrp100_7115,0.06808080808080808,True,True,0.19,0.0038383838383838384,0.0019191919191919192,100,4,False,16.42473020554335,False,False,,False,15.964621580403858,4,4,2.3959212899063053e-05,15.965004080171155,True,9103,15.964621580403858,1337045038,10,21c94bf6dd20b539238e43add30a5618de658200f3d682cb340458af72801b4e,40.38376249999783,pyvrp,40.0,0.028013161822542883,cvrp100_7115.json,0
"[""route_membership_ambiguous""]",unstable_matrix,True,0.18627769231620306,cvrp_s7799_n20-50-100_x66667_cvrp100_7167,0.07838383838383839,False,False,0.18,0.07494949494949495,0.049966329966329964,100,3,True,17.223048774602656,False,True,18.100752741475855,True,17.036771082286453,4,4,0.0012575768123770912,17.058196130557313,True,9103,17.036771082286453,4103807568,11,adc49247243408cd51a1d7028b44b996e177b08bc362f4d5760684925db6c305,40.392806899999414,pyvrp,40.0,0.010815604992705513,cvrp100_7167.json,0
"[""accepted""]",not_selected,True,0.43933662120880257,cvrp_s7799_n20-50-100_x66667_cvrp100_7549,0.06505050505050505,True,True,0.18,0.017777777777777778,0.008888888888888889,100,4,False,18.06236526204231,False,False,,False,17.623028640833507,4,4,0.0007607450378925579,17.63643527242466,True,9102,17.623028640833507,614711226,11,acd978016dd47e9d0896ad288f577d2fab3d01ac655b3bafb4eb9abbe7f58657,40.176114300000336,pyvrp,40.0,0.02432331617897571,cvrp100_7549.json,0
"[""route_membership_ambiguous""]",unstable_matrix,True,0.1002058386766489,cvrp_s7799_n20-50-100_x66667_cvrp100_7823,0.03878787878787879,False,False,0.25,0.06787878787878789,0.047138047138047146,100,4,True,14.816425009021618,False,True,15.834241289714123,True,14.716219170344969,4,4,0.0007082322863756589,14.726641671894788,True,9104,14.716219170344969,2882725140,10,f247ec6b618007249d1e273328b6ab707c8e9e4ec2cd51ddbb3ef75975f37586,40.52023620000182,pyvrp,40.0,0.006763159035707619,cvrp100_7823.json,0
"[""pyvrp_cost_not_converged"", ""route_membership_ambiguous""]",unstable_cost,False,0.18467328811903094,cvrp_s7799_n20-50-100_x66667_cvrp100_8142,0.1006060606060606,False,False,0.0,0.0,0.0,100,1,True,14.82511737134193,False,True,15.107713704565018,True,14.6404440832229,4,4,0.005389416496111423,14.719347534075418,False,9103,14.6404440832229,1816106958,11,ffe46bb584e3032226858a317a51849d81a5585640fa3e9e71066870d3270add,40.13661040000079,pyvrp,40.0,0.012456784219193997,cvrp100_8142.json,0
"[""accepted""]",stable_control,True,0.3506685817450137,cvrp_s7799_n20-50-100_x66667_cvrp100_8144,0.09252525252525252,True,True,0.0,0.0,0.0,100,4,False,16.21342350009296,False,True,16.42365261951114,True,15.862754918347948,4,4,3.2000232361169136e-05,15.863262530191223,True,9103,15.862754918347948,2970692478,11,1b47ee40e93884fec55e535bc708ac7a462bee9439056dc6b6a73021a19b06a7,40.12522869999884,pyvrp,40.0,0.021628287310388402,cvrp100_8144.json,0
"[""accepted""]",not_selected,True,0.17229370458974458,cvrp_s7799_n20-50-100_x66667_cvrp100_8164,0.05898989898989899,True,True,0.23,0.028686868686868688,0.019124579124579124,100,3,False,16.47848806955032,False,False,,False,16.306194364960575,4,4,0.0030877504417008827,16.356543823813443,True,9102,16.306194364960575,2425293379,10,ff289b15b190768239d1d049b4050a628a17eb10afd44a19c6151e3f105249f6,40.44114239999908,pyvrp,40.0,0.010455674322944501,cvrp100_8164.json,0
"[""pyvrp_cost_not_converged""]",unstable_cost,False,0.26776354990312257,cvrp_s7799_n20-50-100_x66667_cvrp100_8267,0.06202020202020202,True,False,0.0,0.0,0.0,100,3,True,16.464561260174417,False,True,17.257516204253545,True,16.196797710271294,4,4,0.006021924003749387,16.29433359518665,False,9101,16.196797710271294,1414704815,10,79082dc9166acd73c8aad32458191730489c7c783f5bb5dc6694f2277d9bce05,40.19658290000007,pyvrp,40.0,0.01626302369506845,cvrp100_8267.json,0
"[""pyvrp_cost_not_converged"", ""route_membership_ambiguous""]",unstable_cost,False,0.41717588064036093,cvrp_s7799_n20-50-100_x66667_cvrp100_8284,0.07717171717171717,False,False,0.0,0.0,0.0,100,1,True,17.72073251110614,False,True,18.28486800292047,True,17.303556630465778,4,4,0.008630577810464191,17.452896322362786,False,9101,17.303556630465778,26062251,11,2b90b4700eaec4e3ebc86ca8eef73d913a73844fa225a700b4cd0c2dcda614bb,40.493781400000444,pyvrp,40.0,0.023541683752570822,cvrp100_8284.json,0
"[""route_membership_ambiguous""]",unstable_matrix,True,0.1665316529721732,cvrp_s7799_n20-50-100_x66667_cvrp100_8554,0.06343434343434344,False,False,0.2,0.06888888888888889,0.04265993265993267,100,4,True,15.154735088101777,False,True,15.562261677505953,True,14.988203435129604,4,4,0.00021187167343439625,14.99137901087318,True,9104,14.988203435129604,2266450124,10,050c5f82b86ecf27e7391e1c12f9b75196fb46797a798e12f29de0b95b99820d,40.16702109999824,pyvrp,40.0,0.010988753812194305,cvrp100_8554.json,0
"[""pyvrp_cost_not_converged""]",unstable_cost,False,0.5670971019164739,cvrp_s7799_n20-50-100_x66667_cvrp100_8580,0.1193939393939394,True,False,0.0,0.0,0.0,100,2,True,19.596772870434922,False,True,19.506945918493503,True,19.029675768518448,4,4,0.0065418707846375684,19.154165448469644,False,9103,19.029675768518448,2782769929,11,adbb527880628c1b11d04d797fccecd798e5c80c6410879c6f111afa2bd97e92,40.23382290000154,pyvrp,40.0,0.028938290282071732,cvrp100_8580.json,0
"[""accepted""]",not_selected,True,0.10253154336794701,cvrp_s7799_n20-50-100_x66667_cvrp100_8699,0.035555555555555556,True,True,0.21,0.018585858585858588,0.009292929292929294,100,4,False,13.947459083696142,False,False,,False,13.844927540328195,4,4,0.0002283105239542687,13.848088482989036,True,9102,13.844927540328195,1329695423,11,b21a99b6ae3d2fe7da0a22855a525bfc93444fb2dcdf45d74e588c9c3819246f,40.56942640000125,pyvrp,40.0,0.007351270417978934,cvrp100_8699.json,0
"[""pyvrp_cost_not_converged"", ""route_membership_ambiguous""]",unstable_cost,False,0.18976308611844672,cvrp_s7799_n20-50-100_x66667_cvrp100_8780,0.08,False,False,0.0,0.0,0.0,100,1,True,15.169377531127491,False,True,15.801013883786613,True,14.979614445009044,4,4,0.004326582152637749,15.044424977520215,False,9104,14.979614445009044,1675061945,10,45ba56eb1aa817941a8aa1f3fe6b029e3b512487b19dea213cd9bcfdf9b119a8,40.440330299999914,pyvrp,40.0,0.012509615884307301,cvrp100_8780.json,0
"[""accepted""]",not_selected,True,0.12130907377742517,cvrp_s7799_n20-50-100_x66667_cvrp100_8862,0.05090909090909091,True,True,0.19,0.01292929292929293,0.006464646464646464,100,4,False,13.805906534323285,False,False,,False,13.68459746054586,4,4,0.00016768693787823016,13.686892188790114,True,9104,13.68459746054586,2696588673,10,75c087ebdfb2459d64def904efd26b53a0d81865c392ebe7be860c35c41865e0,40.21268440000131,pyvrp,40.0,0.00878675177727989,cvrp100_8862.json,0
"[""pyvrp_cost_not_converged"", ""route_membership_ambiguous""]",unstable_cost,False,0.21994221525211977,cvrp_s7799_n20-50-100_x66667_cvrp100_8934,0.05818181818181818,False,False,0.0,0.0,0.0,100,1,True,13.71422624537221,False,True,14.460011026524217,True,13.49428403012009,4,4,0.008376393975529398,13.60731746957407,False,9102,13.49428403012009,958041977,10,ddb3c8f8db47cb43bfbd06d4cda4652941b4ac115cc2654cfdf427e6bced05ba,40.33940700000312,pyvrp,40.0,0.016037522738575068,cvrp100_8934.json,0
"[""route_membership_ambiguous""]",unstable_matrix,True,0.22979125594606842,cvrp_s7799_n20-50-100_x66667_cvrp100_8957,0.11818181818181818,False,False,0.21,0.0597979797979798,0.042828282828282827,100,4,True,19.301194425894458,False,True,20.771523840248847,True,19.07140316994839,4,4,0.0008689701128031836,19.087975649312295,True,9104,19.07140316994839,3791819464,10,262c0e0670a9a30628eaf56dcc54366a677afb2d006992fe014ab9737e8ae76f,40.227118200000405,pyvrp,40.0,0.011905545888796434,cvrp100_8957.json,0
"[""accepted""]",not_selected,True,0.2406445567742459,cvrp_s7799_n20-50-100_x66667_cvrp100_9013,0.0890909090909091,True,True,0.0,0.0,0.0,100,4,False,14.083119867307895,False,False,,False,13.842475310533649,4,4,3.8497959350850435e-16,13.842475310533654,True,9104,13.842475310533649,3928429043,10,8b1a82cfcb696a0ecd5ef4e167c9a8736eea25ae9c1e783f47afe001f9aef977,40.19980310000028,pyvrp,40.0,0.017087446463682418,cvrp100_9013.json,0
"[""route_membership_ambiguous""]",unstable_matrix,True,0.2520539710525007,cvrp_s7799_n20-50-100_x66667_cvrp100_9150,0.06363636363636363,False,False,0.21,0.06343434343434344,0.042289562289562294,100,3,True,15.890430973231965,False,True,16.537562598612958,True,15.638377002179464,4,4,0.002623252296386777,15.679400410562193,True,9103,15.638377002179464,1407675254,11,3efb097ca7d1a95e026f716a798cce45cb37d1096d6eee09a431dd91f87610fd,40.26546969999981,pyvrp,40.0,0.015861997165281118,cvrp100_9150.json,0
"[""accepted""]",not_selected,True,0.14092593053985247,cvrp_s7799_n20-50-100_x66667_cvrp100_9330,0.038585858585858585,True,True,0.0,0.0,0.0,100,3,False,16.01120917828849,False,False,,False,15.870283247748636,4,4,0.001988354624169071,15.90183899883117,True,9101,15.870283247748636,1981947312,10,6ff3d93fc0a30574a43014d3d597441a4f174524dc467479695bddbd739f94e8,40.16721349999716,pyvrp,40.0,0.008801704416612755,cvrp100_9330.json,0
"[""pyvrp_cost_not_converged"", ""route_membership_ambiguous""]",unstable_cost,False,0.5532719347832309,cvrp_s7799_n20-50-100_x66667_cvrp100_9837,0.08949494949494949,False,False,0.0,0.0,0.0,100,1,True,15.164451986581446,False,True,15.342145568449679,True,14.611180051798215,4,4,0.02201751789568099,14.932881970065699,False,9101,14.611180051798215,3799088239,10,dace3574b514fb8b46a6b13405d4cb974ace408dc003b2e962583bb659854a3c,40.26026540000021,pyvrp,40.0,0.03648479584180187,cvrp100_9837.json,0
"[""accepted""]",not_selected,True,0.0,cvrp_s7799_n20-50-100_x66667_cvrp20_0171,0.0,True,True,0.0,0.0,0.0,20,4,False,6.283435419277544,False,False,,False,6.283435419277544,4,4,1.4135235908929673e-16,6.283435419277545,True,9101,6.283435419277544,4284506600,4,a55940316b80d86ac528aac11f6998f1680bd30823857e4aa79dfc0bb38edd00,10.012706200002867,pyvrp,10.0,0.0,cvrp20_0171.json,0
"[""accepted""]",not_selected,True,8.881784197001252e-16,cvrp_s7799_n20-50-100_x66667_cvrp20_0229,0.0,True,True,0.0,0.0,0.0,20,4,False,6.474630719961233,False,False,,False,6.474630719961232,4,4,1.37178235812257e-16,6.474630719961233,True,9101,6.474630719961232,2401827462,4,1bdbe029fd2d96e0ee5f0e5be47aa9260f7cf5aa017aef1594119ba87219b48e,10.011269499998889,pyvrp,10.0,1.3717823581225698e-16,cvrp20_0229.json,0
"[""route_membership_ambiguous""]",unstable_matrix,True,0.0004960877282007559,cvrp_s7799_n20-50-100_x66667_cvrp20_0432,0.18947368421052632,False,False,0.4,0.18947368421052632,0.12631578947368421,20,4,True,5.811423521322145,False,True,5.811423521322146,True,5.810927433593944,4,4,8.537152354202964e-05,5.811423521322142,True,9101,5.810927433593944,3923998539,4,ede7273a8f666a1a6a035b22d155c6c4723bb6a98e503aa51d000cb26f729a45,10.011585500000365,pyvrp,10.0,8.536423586761612e-05,cvrp20_0432.json,0
"[""accepted""]",not_selected,True,1.7763568394002505e-15,cvrp_s7799_n20-50-100_x66667_cvrp20_0828,0.0,True,True,0.0,0.0,0.0,20,4,False,6.897206985543459,False,False,,False,6.897206985543457,4,4,3.863209070983719e-16,6.89720698554346,True,9104,6.897206985543457,837649989,4,b8e9e3233e143b305b442cc063c1740dcd2b7c334e149d99ce4f3fbf64805603,10.014145600001939,pyvrp,10.0,2.575472713989145e-16,cvrp20_0828.json,0
"[""accepted""]",not_selected,True,0.0,cvrp_s7799_n20-50-100_x66667_cvrp20_0959,0.0,True,True,0.0,0.0,0.0,20,4,False,5.066165886169333,False,False,,False,5.066165886169333,4,4,3.5063140041460477e-16,5.066165886169335,True,9101,5.066165886169333,1265523256,4,e2cb989f808bdc5b2eecfee25fa16d1d0bec7af96504246f277714bdd2d5fb8c,10.011790500000643,pyvrp,10.0,0.0,cvrp20_0959.json,0
"[""accepted""]",stable_control,True,-8.881784197001252e-16,cvrp_s7799_n20-50-100_x66667_cvrp20_0983,0.0,True,True,0.0,0.0,0.0,20,4,False,5.277180103391914,False,True,5.277180103391915,True,5.277180103391915,4,4,1.6830549693182677e-16,5.277180103391916,True,9102,5.277180103391915,1890747865,4,088994ebb618f985801ab87b979e04870b2b89bebac3db606e09ec848412aa46,10.027674600001774,pyvrp,10.0,-1.683054969318268e-16,cvrp20_0983.json,0
"[""accepted""]",not_selected,True,8.881784197001252e-16,cvrp_s7799_n20-50-100_x66667_cvrp20_10019,0.0,True,True,0.0,0.0,0.0,20,4,False,5.999824629636699,False,False,,False,5.999824629636698,4,4,0.0,5.999824629636698,True,9101,5.999824629636698,400051174,4,5cc085216289f9ff903bd4d9e69262aeb92706ad2d614d413d087e96e5c1fb51,10.026954900000419,pyvrp,10.0,1.480340634146012e-16,cvrp20_10019.json,0
"[""accepted""]",not_selected,True,0.0,cvrp_s7799_n20-50-100_x66667_cvrp20_10031,0.0,True,True,0.0,0.0,0.0,20,4,False,7.400658992195631,False,False,,False,7.400658992195631,4,4,2.4002684642996097e-16,7.400658992195633,True,9101,7.400658992195631,985821097,4,ebee88b644e0e45f710a7c365b6bb55d609fdd4d4481cabd231f017d8b65dd2c,10.008166900002834,pyvrp,10.0,0.0,cvrp20_10031.json,0
"[""accepted""]",not_selected,True,8.881784197001252e-16,cvrp_s7799_n20-50-100_x66667_cvrp20_10215,0.0,True,True,0.0,0.0,0.0,20,4,False,6.981068052557104,False,False,,False,6.981068052557103,4,4,1.272267241936989e-16,6.981068052557104,True,9104,6.981068052557103,3650942091,4,b85e6ba5e09a86ad80969061f9286640fedfa2c20f6574f778f0fd823b05c33a,10.013063099999272,pyvrp,10.0,1.2722672419369888e-16,cvrp20_10215.json,0
"[""accepted""]",not_selected,True,1.7763568394002505e-15,cvrp_s7799_n20-50-100_x66667_cvrp20_10287,0.0,True,True,0.0,0.0,0.0,20,4,False,7.132640906050376,False,False,,False,7.132640906050375,4,4,2.490461615547515e-16,7.132640906050376,True,9103,7.132640906050375,67839200,5,5a75a12ae4b3e06b637c061e32b575392ac00be4cd48437235b3f02c6ae07244,10.025411099999474,pyvrp,10.0,2.490461615547514e-16,cvrp20_10287.json,0
"[""accepted""]",not_selected,True,8.881784197001252e-16,cvrp_s7799_n20-50-100_x66667_cvrp20_10302,0.0,True,True,0.0,0.0,0.0,20,4,False,5.926687911940631,False,False,,False,5.92668791194063,4,4,1.4986083844750666e-16,5.926687911940631,True,9102,5.92668791194063,577196739,4,caceb47c115108df44ac6d3eb337af48cbd96a6e0eabd39be0f9fa5a30f68ef0,10.020343000000139,pyvrp,10.0,1.4986083844750663e-16,cvrp20_10302.json,0
"[""accepted""]",not_selected,True,0.0005592783651957589,cvrp_s7799_n20-50-100_x66667_cvrp20_1089,0.0,True,True,0.0,0.0,0.0,20,4,False,5.833773014894825,False,False,,False,5.833213736529629,4,4,9.587825690208499e-05,5.833773014894825,True,9101,5.833213736529629,3071866877,3,1c2fc01dbd3b1467796afd4a404ac030d2ba1c61d165ef7d3fb3e9d0873c9c6f,10.01202259999991,pyvrp,10.0,9.586906514322823e-05,cvrp20_1089.json,0
"[""accepted""]",not_selected,True,8.881784197001252e-16,cvrp_s7799_n20-50-100_x66667_cvrp20_10891,0.0,True,True,0.0,0.0,0.0,20,4,False,6.307433180347645,False,False,,False,6.307433180347644,4,4,1.408145586809327e-16,6.307433180347645,True,9101,6.307433180347644,3803936477,4,6c9c78bbd18701f81a0394aca053a10cf0aa4b6a675f1d824637c3b855bed23c,10.029324900002393,pyvrp,10.0,1.4081455868093267e-16,cvrp20_10891.json,0
"[""accepted""]",not_selected,True,1.7763568394002505e-15,cvrp_s7799_n20-50-100_x66667_cvrp20_11055,0.0,True,True,0.0,0.0,0.0,20,4,False,6.702052320808223,False,False,,False,6.702052320808221,4,4,2.650466982904774e-16,6.702052320808223,True,9103,6.702052320808221,2008981060,4,de40bf9c4198da7c3a50681395a7fecda995798cc667129ae88b76251b42900e,10.010023700000602,pyvrp,10.0,2.650466982904773e-16,cvrp20_11055.json,0
"[""accepted""]",not_selected,True,1.7763568394002505e-15,cvrp_s7799_n20-50-100_x66667_cvrp20_11112,0.0,True,True,0.0,0.0,0.0,20,4,False,6.130888322342566,False,False,,False,6.130888322342564,4,4,4.3460835021086762e-16,6.1308883223425665,True,9103,6.130888322342564,72978614,4,084bad8ac2381cf2236e1b3295dbf19364b9206722939bc2afbfb163490e6457,10.02572009999858,pyvrp,10.0,2.897389001405783e-16,cvrp20_11112.json,0
"[""route_membership_ambiguous""]",unstable_matrix,True,0.00023697677439304954,cvrp_s7799_n20-50-100_x66667_cvrp20_11228,0.24210526315789474,False,False,0.55,0.24210526315789474,0.12105263157894737,20,4,True,6.12143296270831,False,True,6.121432962708311,True,6.121195985933917,4,4,3.8714129549091726e-05,6.121432962708312,True,9103,6.121195985933917,3117258130,4,018dd81bcb7d50d3ed13d8a73a2337ed8e087f7506867c5f36e056366f1b7787,10.036247600000934,pyvrp,10.0,3.871263082299667e-05,cvrp20_11228.json,0
"[""accepted""]",stable_control,True,8.881784197001252e-16,cvrp_s7799_n20-50-100_x66667_cvrp20_11373,0.0,True,True,0.0,0.0,0.0,20,4,False,5.800505950363862,False,True,5.800505950363861,True,5.800505950363861,4,4,1.5312085312909826e-16,5.800505950363862,True,9102,5.800505950363861,689426076,4,fbbd13de85b62d6a97260b746c155a05798dad99a76b6a642e54a0ebaa47fc3c,10.038464799999929,pyvrp,10.0,1.5312085312909824e-16,cvrp20_11373.json,0
"[""accepted""]",not_selected,True,8.881784197001252e-16,cvrp_s7799_n20-50-100_x66667_cvrp20_11394,0.0,True,True,0.0,0.0,0.0,20,4,False,5.834223243866015,False,False,,False,5.834223243866014,4,4,1.5223593314396022e-16,5.834223243866015,True,9104,5.834223243866014,3231966814,4,7c0eb90ea95a0071fbdbcee03c2083fd474858ec33ee5e99deab3b254a2810c3,10.016325500000676,pyvrp,10.0,1.522359331439602e-16,cvrp20_11394.json,0
"[""accepted""]",not_selected,True,8.881784197001252e-16,cvrp_s7799_n20-50-100_x66667_cvrp20_11404,0.0,True,True,0.0,0.0,0.0,20,4,False,5.097785247787314,False,False,,False,5.097785247787313,4,4,1.742282925875777e-16,5.097785247787314,True,9101,5.097785247787313,3703887458,3,47d8a7011a34540464773e7ad5b4d1b2ed75449a8b8ff748ef42abadb5544e26,10.01631069999712,pyvrp,10.0,1.7422829258757765e-16,cvrp20_11404.json,0
"[""accepted""]",stable_control,True,0.0,cvrp_s7799_n20-50-100_x66667_cvrp20_11413,0.0,True,True,0.0,0.0,0.0,20,4,False,4.776392576805974,False,True,4.776392576805975,True,4.776392576805974,4,4,1.8595172097308212e-16,4.776392576805975,True,9101,4.776392576805974,603864205,3,6576be0ebed76ec1361f9054c10f572e578e3b229cc5a47ffbda9f081d176262,10.015832299999602,pyvrp,10.0,0.0,cvrp20_11413.json,0
"[""accepted""]",not_selected,True,0.00013159616264690754,cvrp_s7799_n20-50-100_x66667_cvrp20_11416,0.14736842105263157,True,True,0.0,0.0,0.0,20,4,False,5.307631555035869,False,False,,False,5.307499958873222,4,4,1.6734402761798323e-16,5.307499958873223,True,9102,5.307499958873222,3757662657,3,4c87339d4f4d613ec874bed2c51548b334a25219bc4cbf8a0d77af359a508218,10.011003299998265,pyvrp,10.0,2.4793763712187106e-05,cvrp20_11416.json,0
"[""accepted""]",not_selected,True,0.0,cvrp_s7799_n20-50-100_x66667_cvrp20_11574,0.0,True,True,0.0,0.0,0.0,20,4,False,5.951150810547348,False,False,,False,5.951150810547348,4,4,2.98489636030056e-16,5.951150810547349,True,9101,5.951150810547348,2521982278,4,cab0fec5d20d14bef8aedfbf4ac82acd867174a40631ecfc27c2640e2900b268,10.011852999999974,pyvrp,10.0,0.0,cvrp20_11574.json,0
"[""accepted""]",not_selected,True,0.0,cvrp_s7799_n20-50-100_x66667_cvrp20_11672,0.0,True,True,0.0,0.0,0.0,20,4,False,5.572753131183007,False,False,,False,5.572753131183007,4,4,3.1875749698303217e-16,5.572753131183009,True,9104,5.572753131183007,2243680777,4,b8ffa89b40400001d64ecaf50d659cc1b95f21e31b21bb0838b4cfd1e728bf24,10.012380199998006,pyvrp,10.0,0.0,cvrp20_11672.json,0
"[""accepted""]",not_selected,True,-0.0002486070249414496,cvrp_s7799_n20-50-100_x66667_cvrp20_11939,0.0,True,True,0.0,0.0,0.0,20,4,False,6.15949303480988,False,False,,False,6.159741641834821,4,4,2.8838171187827964e-16,6.159741641834823,True,9104,6.159741641834821,1559860293,4,8b1b247be909b54abfbaae83908b78b14330b805525061a9b935c5b1c5a6324b,10.009817799997109,pyvrp,10.0,-4.036160501139736e-05,cvrp20_11939.json,0
"[""accepted""]",not_selected,True,0.0,cvrp_s7799_n20-50-100_x66667_cvrp20_11952,0.0,True,True,0.0,0.0,0.0,20,4,False,4.992818625724909,False,False,,False,4.992818625724909,4,4,3.557823691507201e-16,4.992818625724911,True,9102,4.992818625724909,2260849270,3,e41bfadba1f76d7ee4cc93d834a5db87afa56156eaf8187b1c8268dde913da94,10.013479300003382,pyvrp,10.0,0.0,cvrp20_11952.json,0
"[""accepted""]",not_selected,True,8.881784197001252e-16,cvrp_s7799_n20-50-100_x66667_cvrp20_11985,0.0,True,True,0.0,0.0,0.0,20,4,False,5.986063135092501,False,False,,False,5.9860631350925,4,4,4.451231467105469e-16,5.986063135092503,True,9102,5.9860631350925,1011279311,4,e026e3650b2144af1b40e40b6bab7c82137da1c346d99c8604e089686d7d3cbc,10.013846300000296,pyvrp,10.0,1.4837438223684895e-16,cvrp20_11985.json,0
"[""accepted""]",not_selected,True,0.0,cvrp_s7799_n20-50-100_x66667_cvrp20_12204,0.0,True,True,0.0,0.0,0.0,20,4,False,6.069420629474226,False,False,,False,6.069420629474226,4,4,2.926732134487325e-16,6.0694206294742274,True,9101,6.069420629474226,1436956359,4,ff08dcd091db1b57f7be9f973a99f051705103838d1fbb292d4816308722c560,10.011146999997436,pyvrp,10.0,0.0,cvrp20_12204.json,0
"[""accepted""]",not_selected,True,8.881784197001252e-16,cvrp_s7799_n20-50-100_x66667_cvrp20_12449,0.0,True,True,0.0,0.0,0.0,20,4,False,5.5898603648418455,False,False,,False,5.589860364841845,4,4,1.5889098505687892e-16,5.5898603648418455,True,9102,5.589860364841845,3282728931,3,e34d065f50cef3a566344b351b5340c6c30afa463a76df3fa6eafbbaa74ac5da,10.075539900000877,pyvrp,10.0,1.588909850568789e-16,cvrp20_12449.json,0
"[""accepted""]",stable_control,True,0.0,cvrp_s7799_n20-50-100_x66667_cvrp20_1262,0.0,True,True,0.0,0.0,0.0,20,4,False,4.091795878812153,False,True,4.091795878812153,True,4.091795878812153,4,4,2.1706322749363614e-16,4.091795878812154,True,9101,4.091795878812153,4026146902,4,f31e08db93660f66c1f0c0ab13f69a91ef9fe778b9ec8019c569ff690fb66cb3,10.019760700000916,pyvrp,10.0,0.0,cvrp20_1262.json,0
"[""accepted""]",not_selected,True,1.7763568394002505e-15,cvrp_s7799_n20-50-100_x66667_cvrp20_12638,0.0,True,True,0.0,0.0,0.0,20,4,False,8.568287021003915,False,False,,False,8.568287021003913,4,4,4.1463523223388043e-16,8.568287021003917,True,9103,8.568287021003913,1855099646,4,d092e928034eb96ed4ef3f3132cf9d127244e228a1350fdf6ae2efe0ab52e9c9,10.012083400000847,pyvrp,10.0,2.0731761611694016e-16,cvrp20_12638.json,0
"[""accepted""]",not_selected,True,0.0,cvrp_s7799_n20-50-100_x66667_cvrp20_12692,0.0,True,True,0.0,0.0,0.0,20,4,False,5.6732291619790525,False,False,,False,5.6732291619790525,4,4,0.0,5.6732291619790525,True,9101,5.6732291619790525,3559400390,4,062e31a3a900404008b5c571d42ccd768c57ff0e993e73845393400a70b75970,10.019748400001845,pyvrp,10.0,0.0,cvrp20_12692.json,0
"[""accepted""]",not_selected,True,1.7763568394002505e-15,cvrp_s7799_n20-50-100_x66667_cvrp20_12731,0.0,True,True,0.0,0.0,0.0,20,4,False,7.286100544942708,False,False,,False,7.286100544942706,4,4,2.438007585049348e-16,7.286100544942708,True,9104,7.286100544942706,4015740319,4,49e1908d9eeb4864834ce77b91fa1f61ee0a3e95c587d80e4fda4733714ce7d9,10.019958100001531,pyvrp,10.0,2.4380075850493474e-16,cvrp20_12731.json,0
"[""accepted""]",not_selected,True,8.881784197001252e-16,cvrp_s7799_n20-50-100_x66667_cvrp20_12872,0.0,True,True,0.0,0.0,0.0,20,4,False,7.369063365024064,False,False,,False,7.369063365024063,4,4,2.4105598654930955e-16,7.369063365024065,True,9101,7.369063365024063,1921971557,4,19d3f37d1f95e1a40873b5900828a4cf61400d3c929e291e4b327ba039c32e04,10.035670400000527,pyvrp,10.0,1.2052799327465478e-16,cvrp20_12872.json,0
"[""accepted""]",not_selected,True,8.881784197001252e-16,cvrp_s7799_n20-50-100_x66667_cvrp20_12878,0.0,True,True,0.0,0.0,0.0,20,4,False,6.433462164220325,False,False,,False,6.433462164220324,4,4,5.522242282792778e-16,6.433462164220328,True,9104,6.433462164220324,2128940641,4,e8bbb5d79f7dc4204afdac0efd32b90213805f846ab969d8ced8b801dbda01c6,10.020023500001116,pyvrp,10.0,1.3805605706981944e-16,cvrp20_12878.json,0
"[""accepted""]",not_selected,True,8.881784197001252e-16,cvrp_s7799_n20-50-100_x66667_cvrp20_12901,0.0,True,True,0.0,0.0,0.0,20,4,False,4.756055071463086,False,False,,False,4.756055071463085,4,4,1.867468745324891e-16,4.756055071463086,True,9102,4.756055071463085,752572996,3,6843ee5a87dd3f23a6ff8662cdaa76494204f7486cdad59f718e3dd2f95c2317,10.01345769999898,pyvrp,10.0,1.8674687453248905e-16,cvrp20_12901.json,0
"[""accepted""]",not_selected,True,8.881784197001252e-16,cvrp_s7799_n20-50-100_x66667_cvrp20_12969,0.0,True,True,0.0,0.0,0.0,20,4,False,5.983196609364543,False,False,,False,5.983196609364542,4,4,1.4844546781397779e-16,5.983196609364543,True,9101,5.983196609364542,3758736153,4,0107ee9e7b0468055e6153f84641cfb659caab7748c17c2d8e3b40b75506a43d,10.019424199999776,pyvrp,10.0,1.4844546781397776e-16,cvrp20_12969.json,0
"[""accepted""]",not_selected,True,0.0,cvrp_s7799_n20-50-100_x66667_cvrp20_1322,0.0,True,True,0.0,0.0,0.0,20,4,False,7.289045738711548,False,False,,False,7.289045738711548,4,4,1.2185112448713e-16,7.289045738711549,True,9101,7.289045738711548,3761933388,4,43a980f417e7b3ccdbd5c162dccb0fd9897c6c5714e6be649360a5dcfb1a996e,10.016998599996441,pyvrp,10.0,0.0,cvrp20_1322.json,0
"[""accepted""]",not_selected,True,8.881784197001252e-16,cvrp_s7799_n20-50-100_x66667_cvrp20_13250,0.0,True,True,0.0,0.0,0.0,20,4,False,5.202180648699987,False,False,,False,5.202180648699986,4,4,1.707319448666357e-16,5.202180648699987,True,9102,5.202180648699986,2556908624,3,bb3276e1b390728041de123becf61cf00f8e42b63a3ecf90492098945b0d4215,10.020425599999726,pyvrp,10.0,1.7073194486663568e-16,cvrp20_13250.json,0
"[""accepted""]",not_selected,True,0.0,cvrp_s7799_n20-50-100_x66667_cvrp20_13392,0.0,True,True,0.0,0.0,0.0,20,4,False,7.111415328029409,False,False,,False,7.111415328029409,4,4,2.4978949442016116e-16,7.111415328029411,True,9101,7.111415328029409,2945151830,4,fc6f1aeed8d5a9f5900b2a7ae91b39d8c85e470992c1c56df7d90e46c31adee5,10.011380699997972,pyvrp,10.0,0.0,cvrp20_13392.json,0
"[""accepted""]",not_selected,True,0.0,cvrp_s7799_n20-50-100_x66667_cvrp20_1342,0.0,True,True,0.0,0.0,0.0,20,4,False,5.688968625960873,False,False,,False,5.688968625960873,4,4,0.0,5.688968625960873,True,9101,5.688968625960873,3363614171,3,da1cb49e055ebbd6afc6069655355d57974586872aa5dc86c00da2d9db5108ae,10.013531100001273,pyvrp,10.0,0.0,cvrp20_1342.json,0
"[""accepted""]",not_selected,True,2.6645352591003757e-15,cvrp_s7799_n20-50-100_x66667_cvrp20_13485,0.0,True,True,0.0,0.0,0.0,20,4,False,6.16817004703883,False,False,,False,6.168170047038827,4,4,5.759753138625067e-16,6.1681700470388305,True,9103,6.168170047038827,1307514867,4,7950012278e8b455690d32ba3c22b5a97c62f094a6c3f2ef28410818bbbe02b2,10.01352770000085,pyvrp,10.0,4.319814853968798e-16,cvrp20_13485.json,0
"[""accepted""]",not_selected,True,8.881784197001252e-16,cvrp_s7799_n20-50-100_x66667_cvrp20_13641,0.0,True,True,0.0,0.0,0.0,20,4,False,5.287876745569155,False,False,,False,5.287876745569154,4,4,1.6796503822528626e-16,5.287876745569155,True,9101,5.287876745569154,2825455992,4,5fa63afd1011fb23cf71497e8fe02c55378534a14ccc836ebcfe3e27a5879b80,10.013839200000803,pyvrp,10.0,1.6796503822528624e-16,cvrp20_13641.json,0
"[""accepted""]",not_selected,True,0.0,cvrp_s7799_n20-50-100_x66667_cvrp20_13820,0.0,True,True,0.0,0.0,0.0,20,4,False,6.017636525170529,False,False,,False,6.017636525170529,4,4,1.4759589017798908e-16,6.01763652517053,True,9101,6.017636525170529,3915873372,3,af60a7563045e5c4fa461f7bc1b066953f79da424091dbdfe977c6d2d3dcf1bb,10.040158300002076,pyvrp,10.0,0.0,cvrp20_13820.json,0
"[""accepted""]",not_selected,True,0.0,cvrp_s7799_n20-50-100_x66667_cvrp20_13869,0.0,True,True,0.0,0.0,0.0,20,4,False,5.740356943536174,False,False,,False,5.740356943536174,4,4,1.547252946875094e-16,5.740356943536175,True,9101,5.740356943536174,4115190056,4,1f30a45e0958e1ce24ad1d1f016f9f79e99ae20c4f61ef7eb466c50bdbda509f,10.010607699998218,pyvrp,10.0,0.0,cvrp20_13869.json,0
"[""accepted""]",stable_control,True,1.7763568394002505e-15,cvrp_s7799_n20-50-100_x66667_cvrp20_13943,0.0,True,True,0.0,0.0,0.0,20,4,False,6.5985982835287915,False,True,6.598598283528792,True,6.59859828352879,4,4,4.038032237470045e-16,6.598598283528792,True,9101,6.59859828352879,2220706237,4,56cecfe1aef73c8ea3df75359ee2e5797e28a8210e92297ff5dd5869a2434d7e,10.016404399997555,pyvrp,10.0,2.692021491646696e-16,cvrp20_13943.json,0
"[""accepted""]",not_selected,True,1.7763568394002505e-15,cvrp_s7799_n20-50-100_x66667_cvrp20_1420,0.0,True,True,0.0,0.0,0.0,20,4,False,5.853756378184828,False,False,,False,5.853756378184826,4,4,3.0345588791843017e-16,5.853756378184828,True,9103,5.853756378184826,3887799206,4,0afcd28b5ebf3669f9814ea9d59e7bc3809c03345a3399de8da120eb4bcd7c85,10.016268499999569,pyvrp,10.0,3.0345588791843007e-16,cvrp20_1420.json,0
"[""accepted""]",not_selected,True,8.881784197001252e-16,cvrp_s7799_n20-50-100_x66667_cvrp20_14205,0.0,True,True,0.0,0.0,0.0,20,4,False,5.248666711113564,False,False,,False,5.248666711113563,4,4,3.384396337528882e-16,5.2486667111135645,True,9101,5.248666711113563,1909205943,3,9ce8c97bce88eb8fa7be2ad4d10cec6154d1c228a5c53331252d252bb364da29,10.024852499998815,pyvrp,10.0,1.6921981687644408e-16,cvrp20_14205.json,0
"[""accepted""]",not_selected,True,0.0,cvrp_s7799_n20-50-100_x66667_cvrp20_14281,0.0,True,True,0.0,0.0,0.0,20,4,False,6.4679113584122145,False,False,,False,6.4679113584122145,4,4,0.0,6.4679113584122145,True,9101,6.4679113584122145,3868646843,4,fb95adca0bdb25cbb1e5bfe14f0bef077e883a75b71a147fd4bcfe4da74b27f8,10.0257672000007,pyvrp,10.0,0.0,cvrp20_14281.json,0
"[""accepted""]",not_selected,True,0.0,cvrp_s7799_n20-50-100_x66667_cvrp20_14387,0.0,True,True,0.0,0.0,0.0,20,4,False,5.626511988178092,False,False,,False,5.626511988178092,4,4,1.5785595437569203e-16,5.626511988178093,True,9101,5.626511988178092,4204796671,4,f052b01eba8239ffacf3ca978d508904fe02ffda044d93bac8411a1d2fe83588,10.014583299998776,pyvrp,10.0,0.0,cvrp20_14387.json,0
"[""accepted""]",not_selected,True,0.0,cvrp_s7799_n20-50-100_x66667_cvrp20_14510,0.0,True,True,0.0,0.0,0.0,20,4,False,7.295769796875473,False,False,,False,7.295769796875473,4,4,1.217388218691469e-16,7.295769796875474,True,9101,7.295769796875473,236746161,4,46bd57fa01fb3db702552dab07cff0fc16c8c6bac3e768b4d0276c933a1cf157,10.010766900002636,pyvrp,10.0,0.0,cvrp20_14510.json,0
"[""accepted""]",not_selected,True,0.0,cvrp_s7799_n20-50-100_x66667_cvrp20_14571,0.0,True,True,0.0,0.0,0.0,20,4,False,5.401027583985312,False,False,,False,5.401027583985312,4,4,1.644461921160484e-16,5.401027583985313,True,9104,5.401027583985312,4089994094,4,e3ca9442d6ffbf0c1a19ddd1b8b396862c8d807ff388d961f0bbe2aa0442c491,10.011412100000598,pyvrp,10.0,0.0,cvrp20_14571.json,0
"[""accepted""]",not_selected,True,0.0,cvrp_s7799_n20-50-100_x66667_cvrp20_14805,0.0,True,True,0.0,0.0,0.0,20,4,False,6.901159832207299,False,False,,False,6.901159832207299,4,4,2.573997534602951e-16,6.901159832207301,True,9103,6.901159832207299,2257837594,4,98f802d055cf01e673781ff124ebf6292ac6d1b58ecc7e1d52664002a4ba862e,10.017437300000893,pyvrp,10.0,0.0,cvrp20_14805.json,0
"[""accepted""]",not_selected,True,1.7763568394002505e-15,cvrp_s7799_n20-50-100_x66667_cvrp20_14868,0.0,True,True,0.0,0.0,0.0,20,4,False,7.788848511357053,False,False,,False,7.788848511357052,4,4,1.1403205729384225e-16,7.7888485113570525,True,9103,7.788848511357052,1209067629,4,1cace926efcb654a7a7667b303f4fb8d55f10e1249caf7684d14723441a14635,10.018553000001702,pyvrp,10.0,2.2806411458768444e-16,cvrp20_14868.json,0
"[""accepted""]",not_selected,True,1.7763568394002505e-15,cvrp_s7799_n20-50-100_x66667_cvrp20_14904,0.0,True,True,0.0,0.0,0.0,20,4,False,5.312410641207058,False,False,,False,5.312410641207056,4,4,3.34378676531797e-16,5.312410641207058,True,9104,5.312410641207056,4268873101,4,ff5fd8a0f53d647c28ff18fbc2b397fcaaa0fa92038c3c471b666e227c4f0444,10.017052800001693,pyvrp,10.0,3.3437867653179686e-16,cvrp20_14904.json,0
"[""accepted""]",not_selected,True,1.7763568394002505e-15,cvrp_s7799_n20-50-100_x66667_cvrp20_1497,0.0,True,True,0.0,0.0,0.0,20,4,False,8.197997607437303,False,False,,False,8.197997607437301,4,4,2.1668179529458788e-16,8.197997607437303,True,9101,8.197997607437301,3137300730,4,9b8984cee06604226bfba91bcd2207dddc3c9094040ae7fcc79a7ceb9b21369d,10.018776400000206,pyvrp,10.0,2.1668179529458783e-16,cvrp20_1497.json,0
"[""accepted""]",not_selected,True,2.6645352591003757e-15,cvrp_s7799_n20-50-100_x66667_cvrp20_15054,0.0,True,True,0.0,0.0,0.0,20,4,False,6.209251698441924,False,False,,False,6.209251698441921,4,4,4.291234094712224e-16,6.209251698441924,True,9101,6.209251698441921,385479226,4,8b12d8f6044cf4d1c1a41978ee769b7eba37c0f29c8738fedbe04ff639b3c98a,10.01350249999814,pyvrp,10.0,4.2912340947122223e-16,cvrp20_15054.json,0
"[""accepted""]",not_selected,True,-8.881784197001252e-16,cvrp_s7799_n20-50-100_x66667_cvrp20_15152,0.0,True,True,0.0,0.0,0.0,20,4,False,5.82278389442746,False,False,,False,5.822783894427461,4,4,0.0,5.822783894427461,True,9101,5.822783894427461,969458535,4,66b109ad4eda79e8e64c394bd2cafe1b2bfd6b70f2b5d4d361aaa5cb95b485f9,10.014567800000805,pyvrp,10.0,-1.5253501345810423e-16,cvrp20_15152.json,0
"[""accepted""]",not_selected,True,8.881784197001252e-16,cvrp_s7799_n20-50-100_x66667_cvrp20_15264,0.0,True,True,0.0,0.0,0.0,20,4,False,6.614693746897917,False,False,,False,6.614693746897916,4,4,2.685471024615926e-16,6.614693746897918,True,9103,6.614693746897916,3356819630,4,bab348d7ab4707caf4b8799ddea6a1ac1bf5553e33c4024cab78c85e5c44e35c,10.014207599997462,pyvrp,10.0,1.3427355123079628e-16,cvrp20_15264.json,0
"[""accepted""]",not_selected,True,0.0,cvrp_s7799_n20-50-100_x66667_cvrp20_15429,0.0,True,True,0.0,0.0,0.0,20,4,False,5.726225111114271,False,False,,False,5.726225111114271,4,4,3.1021428688726273e-16,5.726225111114273,True,9101,5.726225111114271,175047905,4,024e404207ae83ab1252918bcdd8caabcbbcdb6c5a47ca5ffbef11f151caa7be,10.013117599999532,pyvrp,10.0,0.0,cvrp20_15429.json,0
"[""accepted""]",not_selected,True,0.0,cvrp_s7799_n20-50-100_x66667_cvrp20_15507,0.0,True,True,0.0,0.0,0.0,20,4,False,6.793634568655151,False,False,,False,6.793634568655151,4,4,3.922105659604001e-16,6.793634568655154,True,9103,6.793634568655151,596917566,4,346e4e2725a31856b7cf14eedf0f8dacc85559ec99a722b2a4e815de76f2ba97,10.030684699999256,pyvrp,10.0,0.0,cvrp20_15507.json,0
"[""accepted""]",not_selected,True,0.0,cvrp_s7799_n20-50-100_x66667_cvrp20_15641,0.0,True,True,0.0,0.0,0.0,20,4,False,6.2205297268079045,False,False,,False,6.2205297268079045,4,4,1.4278179812764892e-16,6.220529726807905,True,9101,6.2205297268079045,2120273996,3,7f7fa7e169e4f8771d20fc35d33e995f6d7e230489d9a566560968eab7f3a395,10.012775800001691,pyvrp,10.0,0.0,cvrp20_15641.json,0
"[""accepted""]",not_selected,True,0.0,cvrp_s7799_n20-50-100_x66667_cvrp20_15673,0.0,True,True,0.0,0.0,0.0,20,4,False,6.041559596123737,False,False,,False,6.041559596123737,4,4,5.880457888853602e-16,6.041559596123741,True,9102,6.041559596123737,2609619824,4,076e8eae00ba64d51d4231db3ae0aaaa7aaeb62b146de5301fb4adbc0ec4f4f0,10.018159700000979,pyvrp,10.0,0.0,cvrp20_15673.json,0
"[""accepted""]",not_selected,True,-8.881784197001252e-16,cvrp_s7799_n20-50-100_x66667_cvrp20_15690,0.0,True,True,0.0,0.0,0.0,20,4,False,7.422264252175558,False,False,,False,7.422264252175559,4,4,1.196640795212578e-16,7.42226425217556,True,9103,7.422264252175559,1515493860,5,388616a604428e3f9bcee6753f1a15a9346c9aa8485ae0791065f35978e5a250,10.009583399998519,pyvrp,10.0,-1.1966407952125783e-16,cvrp20_15690.json,0
"[""accepted""]",not_selected,True,0.0,cvrp_s7799_n20-50-100_x66667_cvrp20_1581,0.0,True,True,0.0,0.0,0.0,20,4,False,5.5527741096485554,False,False,,False,5.5527741096485554,4,4,0.0,5.5527741096485554,True,9101,5.5527741096485554,317925300,3,4ba25626bc5f076b249b5672ae6b3d31593f33eb92e501b8912365c70f2d658d,10.014009300000907,pyvrp,10.0,0.0,cvrp20_1581.json,0
"[""accepted""]",not_selected,True,8.881784197001252e-16,cvrp_s7799_n20-50-100_x66667_cvrp20_16049,0.0,True,True,0.0,0.0,0.0,20,4,False,5.9014892278482645,False,False,,False,5.901489227848264,4,4,1.5050072708917968e-16,5.9014892278482645,True,9102,5.901489227848264,2978608627,4,00ea4c2a85c9f979867946315035fcebf6102b87cdced88197fd0b80be2062bf,10.013810600001307,pyvrp,10.0,1.5050072708917965e-16,cvrp20_16049.json,0
"[""accepted""]",stable_control,True,8.881784197001252e-16,cvrp_s7799_n20-50-100_x66667_cvrp20_16061,0.0,True,True,0.0,0.0,0.0,20,4,False,4.886579675480273,False,True,4.886579675480273,True,4.886579675480272,4,4,1.8175871032182271e-16,4.886579675480273,True,9101,4.886579675480272,3487242019,3,73266e03b9b9dcd2eddb4a889403d912602d2847767c42609568846ee57e9acc,10.011548099999345,pyvrp,10.0,1.817587103218227e-16,cvrp20_16061.json,0
"[""accepted""]",not_selected,True,8.881784197001252e-16,cvrp_s7799_n20-50-100_x66667_cvrp20_16260,0.0,True,True,0.0,0.0,0.0,20,4,False,6.212895549097751,False,False,,False,6.21289554909775,4,4,1.4295724315357408e-16,6.212895549097751,True,9101,6.21289554909775,3671673820,4,cccc55eb7e8032d06573e2bf88635a9aabf5a4c3647d5d4de0db41ed236c03e4,10.011779799999204,pyvrp,10.0,1.4295724315357406e-16,cvrp20_16260.json,0
"[""accepted""]",stable_control,True,1.7763568394002505e-15,cvrp_s7799_n20-50-100_x66667_cvrp20_16369,0.0,True,True,0.0,0.0,0.0,20,4,False,6.7661532259041195,False,True,6.807909604019128,True,6.766153225904118,4,4,5.250714194882535e-16,6.766153225904121,True,9102,6.766153225904118,2843645786,4,57f5bd28b6959f5af1661eeeb21b00ecd6e817745e7ced16eeffcc081987d393,10.008975600001577,pyvrp,10.0,2.625357097441267e-16,cvrp20_16369.json,0
"[""accepted""]",not_selected,True,8.881784197001252e-16,cvrp_s7799_n20-50-100_x66667_cvrp20_16399,0.0,True,True,0.0,0.0,0.0,20,4,False,5.324216327994036,False,False,,False,5.324216327994035,4,4,3.336372397305492e-16,5.324216327994037,True,9102,5.324216327994035,1978252676,4,7ec8a1a665a0a74f983548910799565aeed19d7e424b8000cd6d7eadc2cdd637,10.02134070000102,pyvrp,10.0,1.6681861986527458e-16,cvrp20_16399.json,0
"[""accepted""]",not_selected,True,8.881784197001252e-16,cvrp_s7799_n20-50-100_x66667_cvrp20_16602,0.0,True,True,0.0,0.0,0.0,20,4,False,6.851180808983315,False,False,,False,6.851180808983314,4,4,1.296387359293656e-16,6.851180808983315,True,9101,6.851180808983314,1056566699,4,b0fc116a8f2948aff388e572a9fc8361fb98a4618a3efc91d7ab6cf9f653d988,10.04117650000262,pyvrp,10.0,1.2963873592936557e-16,cvrp20_16602.json,0
"[""accepted""]",not_selected,True,0.0,cvrp_s7799_n20-50-100_x66667_cvrp20_16672,0.0,True,True,0.0,0.0,0.0,20,4,False,4.919124558823228,False,False,,False,4.919124558823228,4,4,0.0,4.919124558823228,True,9101,4.919124558823228,3990139314,4,0abc8e76d693eb292f2e44eb1b6178f3a8149d7d32506626c8a679584e5749c0,10.018597900001623,pyvrp,10.0,0.0,cvrp20_16672.json,0
"[""accepted""]",not_selected,True,0.0,cvrp_s7799_n20-50-100_x66667_cvrp20_1677,0.0,True,True,0.0,0.0,0.0,20,4,False,6.559812210097945,False,False,,False,6.559812210097945,4,4,1.35396927724988e-16,6.559812210097946,True,9102,6.559812210097945,2341112864,4,8c252fc2c84cb9f2879e09ecd69d5239d8343e7b0e0202cf411937de9b257dc3,10.014717800000653,pyvrp,10.0,0.0,cvrp20_1677.json,0
"[""accepted""]",not_selected,True,0.0,cvrp_s7799_n20-50-100_x66667_cvrp20_16786,0.0,True,True,0.0,0.0,0.0,20,4,False,8.302564227393617,False,False,,False,8.302564227393617,4,4,0.0,8.302564227393617,True,9101,8.302564227393617,1188051792,4,8ec939976e9a89710574a2fcf18b26f0bc6b9292aed1dbb285f874293ed676d4,10.013163700001314,pyvrp,10.0,0.0,cvrp20_16786.json,0
"[""accepted""]",not_selected,True,0.0,cvrp_s7799_n20-50-100_x66667_cvrp20_17187,0.0,True,True,0.0,0.0,0.0,20,4,False,4.343462052725954,False,False,,False,4.343462052725954,4,4,4.0897257023010254e-16,4.343462052725956,True,9101,4.343462052725954,3319732771,3,1154af8afebcdbfb3548a6130b855c4fed5690a8c59245d440ad1c236df0c29d,10.00793909999993,pyvrp,10.0,0.0,cvrp20_17187.json,0
"[""accepted""]",not_selected,True,0.0,cvrp_s7799_n20-50-100_x66667_cvrp20_17504,0.0,True,True,0.0,0.0,0.0,20,4,False,5.764061345052778,False,False,,False,5.764061345052778,4,4,0.0,5.764061345052778,True,9101,5.764061345052778,3255312155,3,10dc4fba08e3364a40a1f78e8c1cd92f1014319b7f88bff8abf4a5a44ebbc26c,10.029441400001815,pyvrp,10.0,0.0,cvrp20_17504.json,0
"[""accepted""]",not_selected,True,1.7763568394002505e-15,cvrp_s7799_n20-50-100_x66667_cvrp20_17633,0.0,True,True,0.0,0.0,0.0,20,4,False,5.641400355812132,False,False,,False,5.64140035581213,4,4,4.723180577594004e-16,5.641400355812133,True,9103,5.64140035581213,1085057246,4,509abd2cfc7b2a31ff61d6786cd4af4bc2b3c81257406fb04f2e19927e55c3c8,10.016876999998203,pyvrp,10.0,3.1487870517293353e-16,cvrp20_17633.json,0
"[""accepted""]",not_selected,True,0.0,cvrp_s7799_n20-50-100_x66667_cvrp20_17826,0.0,True,True,0.0,0.0,0.0,20,4,False,5.7638534449570615,False,False,,False,5.7638534449570615,4,4,1.5409455292053176e-16,5.763853444957062,True,9103,5.7638534449570615,3477253365,4,e9a3e44b3fc9631656b3ead3ddf2d8d9b0082f2d4d9e6e440aca778b63276962,10.014657700001408,pyvrp,10.0,0.0,cvrp20_17826.json,0
"[""accepted""]",stable_control,True,0.0,cvrp_s7799_n20-50-100_x66667_cvrp20_17874,0.0,True,True,0.0,0.0,0.0,20,4,False,6.617538857770313,False,True,6.617538857770314,True,6.617538857770313,4,4,1.342158223456786e-16,6.617538857770314,True,9104,6.617538857770313,1612923911,4,3b15850f2d5748471a2d5beeb837dcbba6511d62af63aa29c845135df83b56cd,10.030807899998763,pyvrp,10.0,0.0,cvrp20_17874.json,0
"[""accepted""]",not_selected,True,8.881784197001252e-16,cvrp_s7799_n20-50-100_x66667_cvrp20_17985,0.0,True,True,0.0,0.0,0.0,20,4,False,6.457554333974505,False,False,,False,6.457554333974504,4,4,1.3754099056158742e-16,6.457554333974505,True,9101,6.457554333974504,3503223159,4,5f2cf70394f9d42bf0e12ebc100ac4ef62877c468ec61cee40bd463786f63e18,10.023859600001742,pyvrp,10.0,1.375409905615874e-16,cvrp20_17985.json,0
"[""accepted""]",not_selected,True,0.0,cvrp_s7799_n20-50-100_x66667_cvrp20_18073,0.0,True,True,0.0,0.0,0.0,20,4,False,7.808404950680383,False,False,,False,7.808404950680383,4,4,2.2749291956809544e-16,7.8084049506803845,True,9103,7.808404950680383,3019211092,5,acf60317c2073eee0021d345b29f4ca7ba5f0c056b1a0afa3ed1712b5cbed295,10.029140800001187,pyvrp,10.0,0.0,cvrp20_18073.json,0
"[""accepted""]",not_selected,True,8.881784197001252e-16,cvrp_s7799_n20-50-100_x66667_cvrp20_18261,0.0,True,True,0.0,0.0,0.0,20,4,False,6.149920892745407,False,False,,False,6.149920892745406,4,4,4.3326333875993837e-16,6.149920892745409,True,9102,6.149920892745406,3088034159,4,8d244efe92c0aa8c1dc5d8808905edc32a4c373d53e459a10f0b4e65ca9c4a4f,10.017829699998401,pyvrp,10.0,1.4442111291997945e-16,cvrp20_18261.json,0
"[""accepted""]",not_selected,True,0.0,cvrp_s7799_n20-50-100_x66667_cvrp20_18323,0.0,True,True,0.0,0.0,0.0,20,4,False,6.369861908913794,False,False,,False,6.369861908913794,4,4,2.788689715415133e-16,6.369861908913796,True,9103,6.369861908913794,762538731,4,e267cbeb7819cc510fb77d802ccca97126154afb4cd8c20ad36463935b1b12b6,10.013507200001186,pyvrp,10.0,0.0,cvrp20_18323.json,0
"[""accepted""]",not_selected,True,-8.881784197001252e-16,cvrp_s7799_n20-50-100_x66667_cvrp20_18404,0.0,True,True,0.0,0.0,0.0,20,4,False,5.646277985331545,False,False,,False,5.646277985331546,4,4,1.5730334602857355e-16,5.646277985331547,True,9101,5.646277985331546,2104524873,4,3690f4258e71d4a4651b9845e455e02ced33eae61b00c2b6790f59961375640c,10.02082419999715,pyvrp,10.0,-1.5730334602857357e-16,cvrp20_18404.json,0
"[""accepted""]",not_selected,True,0.0,cvrp_s7799_n20-50-100_x66667_cvrp20_18710,0.0,True,True,0.0,0.0,0.0,20,4,False,5.131204086066644,False,False,,False,5.131204086066644,4,4,0.0,5.131204086066644,True,9101,5.131204086066644,982594319,4,37ae36693ef132ec4351e8454453ffe21c73c9cb2b2d6a99ae337df4db1874c2,10.019314100001793,pyvrp,10.0,0.0,cvrp20_18710.json,0
"[""accepted""]",not_selected,True,0.0,cvrp_s7799_n20-50-100_x66667_cvrp20_18835,0.0,True,True,0.0,0.0,0.0,20,4,False,6.653502950595984,False,False,,False,6.653502950595984,4,4,1.3349034730954274e-16,6.653502950595985,True,9101,6.653502950595984,3527183073,3,6265a6e35aaeac73b16a6f89a178765ae9dca2c91e202a6337a312fcca8f72b1,10.034443600001396,pyvrp,10.0,0.0,cvrp20_18835.json,0
"[""accepted""]",not_selected,True,8.881784197001252e-16,cvrp_s7799_n20-50-100_x66667_cvrp20_19179,0.0,True,True,0.0,0.0,0.0,20,4,False,6.285185814051799,False,False,,False,6.285185814051798,4,4,1.4131299312017533e-16,6.285185814051799,True,9103,6.285185814051798,2703087018,4,ecd6abefec874e10dbca7bab567d117c268966c9bc16f9f9bb3d9b1468ff9d9f,10.029171500002121,pyvrp,10.0,1.413129931201753e-16,cvrp20_19179.json,0
"[""accepted""]",not_selected,True,0.0,cvrp_s7799_n20-50-100_x66667_cvrp20_19196,0.0,True,True,0.0,0.0,0.0,20,4,False,6.6293002244925505,False,False,,False,6.6293002244925505,4,4,1.3397770347142667e-16,6.629300224492551,True,9101,6.6293002244925505,4086034404,4,fd83a578b760577cf42da8c6c9139eafe3ddb7c8cf4fb897abcab444258a67b9,10.012654799997108,pyvrp,10.0,0.0,cvrp20_19196.json,0
"[""accepted""]",not_selected,True,-8.881784197001252e-16,cvrp_s7799_n20-50-100_x66667_cvrp20_19368,0.0,True,True,0.0,0.0,0.0,20,4,False,6.81016342450123,False,False,,False,6.810163424501231,4,4,1.3041954566092876e-16,6.810163424501232,True,9104,6.810163424501231,2620984183,4,de75e92260e5970802379aaa268ac5905e6d31548c37c17250f2422f3318a328,10.034494899999117,pyvrp,10.0,-1.3041954566092878e-16,cvrp20_19368.json,0
"[""accepted""]",not_selected,True,0.0,cvrp_s7799_n20-50-100_x66667_cvrp20_19512,0.0,True,True,0.0,0.0,0.0,20,4,False,6.692857728797627,False,False,,False,6.692857728797627,4,4,2.65410817229395e-16,6.6928577287976285,True,9102,6.692857728797627,4089799250,4,3f938e59fc9e62c47ba894d33b53e59a4aa135ac93470592e545bc6ff83567e6,10.021588999999949,pyvrp,10.0,0.0,cvrp20_19512.json,0
"[""accepted""]",not_selected,True,8.881784197001252e-16,cvrp_s7799_n20-50-100_x66667_cvrp20_19535,0.0,True,True,0.0,0.0,0.0,20,4,False,5.6461837732107,False,False,,False,5.646183773210699,4,4,1.57305970789375e-16,5.6461837732107,True,9104,5.646183773210699,1831166084,4,249a034a125600b0bbc05fb885d7878905ab8fbb8171f80f694ef19334775da7,10.021288199997798,pyvrp,10.0,1.5730597078937497e-16,cvrp20_19535.json,0
"[""accepted""]",not_selected,True,0.0,cvrp_s7799_n20-50-100_x66667_cvrp20_19656,0.0,True,True,0.0,0.0,0.0,20,4,False,5.455829614764447,False,False,,False,5.455829614764447,4,4,1.6279438369859576e-16,5.455829614764448,True,9101,5.455829614764447,3081918787,4,83d60095459414f58c8f6d37f61f23287bb6b967d2beaa62e56b415527b07d3b,10.030063700000028,pyvrp,10.0,0.0,cvrp20_19656.json,0
"[""accepted""]",not_selected,True,8.881784197001252e-16,cvrp_s7799_n20-50-100_x66667_cvrp20_19682,0.0,True,True,0.0,0.0,0.0,20,4,False,5.918725481792962,False,False,,False,5.918725481792961,4,4,1.5006244544240446e-16,5.918725481792962,True,9101,5.918725481792961,1695357362,3,9a1fa08806a7cc261ddaed2ba0f5eca167f39ac3d97b8bd95fbe45fa21f26b7d,10.015483699997276,pyvrp,10.0,1.5006244544240443e-16,cvrp20_19682.json,0
"[""accepted""]",stable_control,True,0.0,cvrp_s7799_n20-50-100_x66667_cvrp20_19685,0.0,True,True,0.0,0.0,0.0,20,4,False,4.360516648753309,False,True,4.360516648753309,True,4.360516648753309,4,4,0.0,4.360516648753309,True,9101,4.360516648753309,4227339156,3,769a52dd5bb6e1b7797737b80b9f89598c728d9aa0d565245cd74836576f43ea,10.016628599998512,pyvrp,10.0,0.0,cvrp20_19685.json,0
"[""accepted""]",not_selected,True,8.881784197001252e-16,cvrp_s7799_n20-50-100_x66667_cvrp20_1985,0.0,True,True,0.0,0.0,0.0,20,4,False,5.9707915914954635,False,False,,False,5.970791591495463,4,4,1.4875388063539316e-16,5.9707915914954635,True,9101,5.970791591495463,3854967508,4,84a3fe380cafecc0cc214ecf6bb36e515ab3bfc5f16df4032007763409dc4bb9,10.010386399997515,pyvrp,10.0,1.4875388063539314e-16,cvrp20_1985.json,0
"[""accepted""]",not_selected,True,0.0,cvrp_s7799_n20-50-100_x66667_cvrp20_19895,0.0,True,True,0.0,0.0,0.0,20,4,False,6.066737161715766,False,False,,False,6.066737161715766,4,4,2.92802670043129e-16,6.066737161715768,True,9101,6.066737161715766,4120641618,4,3115b5cf29ba1e4c4d429181151d19f87c7a6b95054e9abed52fd84a96140298,10.055464299999585,pyvrp,10.0,0.0,cvrp20_19895.json,0
"[""accepted""]",not_selected,True,0.0,cvrp_s7799_n20-50-100_x66667_cvrp20_19924,0.0,True,True,0.0,0.0,0.0,20,4,False,5.073049719395378,False,False,,False,5.073049719395378,4,4,3.5015561401041467e-16,5.07304971939538,True,9104,5.073049719395378,2860206740,4,416b6f8227cb686d9a33632faf91481e750c948f71e330054dca1d894ce87483,10.016184899999644,pyvrp,10.0,0.0,cvrp20_19924.json,0
"[""accepted""]",not_selected,True,0.0,cvrp_s7799_n20-50-100_x66667_cvrp20_20180,0.0,True,True,0.0,0.0,0.0,20,4,False,6.333974565919383,False,False,,False,6.333974565919383,4,4,0.0,6.333974565919383,True,9101,6.333974565919383,2618742749,4,6f2c7a62903d51fc4a045ea56c76fe14b91daf3c47a5655ce861dec9e854cadc,10.013599499998236,pyvrp,10.0,0.0,cvrp20_20180.json,0
"[""accepted""]",not_selected,True,0.0,cvrp_s7799_n20-50-100_x66667_cvrp20_20187,0.0,True,True,0.0,0.0,0.0,20,4,False,8.182881959379214,False,False,,False,8.182881959379214,4,4,2.1708205595758245e-16,8.182881959379216,True,9101,8.182881959379214,2317444743,5,1551193f94763ee5cca1856f4c669e9814d92fbb7c474d6f3a45c09270eced62,10.012849900002038,pyvrp,10.0,0.0,cvrp20_20187.json,0
"[""accepted""]",not_selected,True,0.0,cvrp_s7799_n20-50-100_x66667_cvrp20_20266,0.0,True,True,0.0,0.0,0.0,20,4,False,7.244524870357052,False,False,,False,7.244524870357052,4,4,1.2259995453039982e-16,7.244524870357053,True,9101,7.244524870357052,888041738,4,a53a8d73c40c6c0415fa4ec10d381cb8a85530a6fe8fcf18edea4ca4fef8a9bd,10.022482599997602,pyvrp,10.0,0.0,cvrp20_20266.json,0
"[""accepted""]",not_selected,True,1.7763568394002505e-15,cvrp_s7799_n20-50-100_x66667_cvrp20_20435,0.0,True,True,0.0,0.0,0.0,20,4,False,7.399417881124263,False,False,,False,7.399417881124261,4,4,2.4006710635058125e-16,7.399417881124263,True,9102,7.399417881124261,3389383483,5,36bdfa3e71129a0fc7af4cab0f7b72373019ccad24d1463394b61668e66c97da,10.017616099998122,pyvrp,10.0,2.400671063505812e-16,cvrp20_20435.json,0
"[""accepted""]",not_selected,True,8.881784197001252e-16,cvrp_s7799_n20-50-100_x66667_cvrp20_20642,0.0,True,True,0.0,0.0,0.0,20,4,False,6.175078104534321,False,False,,False,6.17507810453432,4,4,2.8766548525044295e-16,6.175078104534322,True,9103,6.17507810453432,1811355209,4,66a4fc2f869ee7a69e51a2e7029872c65cc7b175452a5078b9d3eaaed395268d,10.012353399997664,pyvrp,10.0,1.4383274262522145e-16,cvrp20_20642.json,0
"[""accepted""]",not_selected,True,8.881784197001252e-16,cvrp_s7799_n20-50-100_x66667_cvrp20_20992,0.0,True,True,0.0,0.0,0.0,20,4,False,5.294337151694297,False,False,,False,5.294337151694296,4,4,1.6776007916607465e-16,5.294337151694297,True,9102,5.294337151694296,1125191296,4,efffea6d3db4a9fa3c222504113ba9e3f37b5d135892f78d78dc0c38377e2481,10.012233000001288,pyvrp,10.0,1.6776007916607463e-16,cvrp20_20992.json,0
"[""accepted""]",not_selected,True,0.0,cvrp_s7799_n20-50-100_x66667_cvrp20_21069,0.0,True,True,0.0,0.0,0.0,20,4,False,7.131205636959967,False,False,,False,7.131205636959967,4,4,1.2454814303724885e-16,7.131205636959968,True,9101,7.131205636959967,2797864550,4,38e2e5e7454a2ce95933c7cdba781e13a29ae683756c2764d2bee1325acc6664,10.008262899998954,pyvrp,10.0,0.0,cvrp20_21069.json,0
"[""accepted""]",not_selected,True,8.881784197001252e-16,cvrp_s7799_n20-50-100_x66667_cvrp20_21139,0.0,True,True,0.0,0.0,0.0,20,4,False,5.394282609396769,False,False,,False,5.394282609396768,4,4,1.6465181452542556e-16,5.394282609396769,True,9101,5.394282609396768,2949251444,4,458fd04bd7836e7f696b52f801557c7743dceb2e467084f2b3aa1c8ffcf32fab,10.010123100000783,pyvrp,10.0,1.646518145254255e-16,cvrp20_21139.json,0
"[""accepted""]",not_selected,True,8.881784197001252e-16,cvrp_s7799_n20-50-100_x66667_cvrp20_21172,0.0,True,True,0.0,0.0,0.0,20,4,False,6.542630324495816,False,False,,False,6.542630324495815,4,4,2.7150499895271695e-16,6.542630324495817,True,9101,6.542630324495815,2000338523,4,c233d58e845d7ebea1f3c3426d44549396d4d0d4a442ba3b0edf675fdc34d463,10.012595600001077,pyvrp,10.0,1.3575249947635845e-16,cvrp20_21172.json,0
"[""route_membership_ambiguous""]",unstable_matrix,True,0.0004996480061238984,cvrp_s7799_n20-50-100_x66667_cvrp20_21198,0.05263157894736842,False,False,0.5,0.05263157894736842,0.02631578947368421,20,4,True,5.655116843393456,False,True,5.654617195387332,True,5.654617195387332,4,4,8.836106651595773e-05,5.655116843393456,True,9101,5.654617195387332,2895071235,4,8d7ba11cbf57c15f4ce4d166ce98a59ab8f096e0d1c28da62eca2e6358005e5a,10.009954900000594,pyvrp,10.0,8.83532595277157e-05,cvrp20_21198.json,0
"[""accepted""]",not_selected,True,1.7763568394002505e-15,cvrp_s7799_n20-50-100_x66667_cvrp20_21237,0.0,True,True,0.0,0.0,0.0,20,4,False,6.0181004628349495,False,False,,False,6.018100462834948,4,4,2.9516902390882684e-16,6.0181004628349495,True,9104,6.018100462834948,3628767320,4,2c696a2305d5efb9be6a1b7a72ff18fc0ece7f0804ea8b574a2c8a1530908641,10.020989900000131,pyvrp,10.0,2.9516902390882674e-16,cvrp20_21237.json,0
"[""accepted""]",not_selected,True,1.7763568394002505e-15,cvrp_s7799_n20-50-100_x66667_cvrp20_21576,0.0,True,True,0.0,0.0,0.0,20,4,False,5.115643479613445,False,False,,False,5.115643479613444,4,4,3.4724015590204467e-16,5.115643479613445,True,9101,5.115643479613444,1806375243,4,af43da0f4939996acd6f9457c7802746ec129f0e7371114780dc603b8061a08c,10.016452100000606,pyvrp,10.0,3.4724015590204457e-16,cvrp20_21576.json,0
"[""accepted""]",not_selected,True,0.0,cvrp_s7799_n20-50-100_x66667_cvrp20_21681,0.0,True,True,0.0,0.0,0.0,20,4,False,6.147399058867467,False,False,,False,6.147399058867467,4,4,0.0,6.147399058867467,True,9101,6.147399058867467,2687379566,5,2c9228ebf5353f0e7afc305d5c472772f3cf8ad3e9fb83f1d8d7a419277e4c40,10.014173800002027,pyvrp,10.0,0.0,cvrp20_21681.json,0
"[""accepted""]",not_selected,True,0.0,cvrp_s7799_n20-50-100_x66667_cvrp20_21899,0.0,True,True,0.0,0.0,0.0,20,4,False,5.99812209895213,False,False,,False,5.99812209895213,4,4,1.480760819882759e-16,5.998122098952131,True,9101,5.99812209895213,2772803463,3,806a35cbb17aedffd306a733d4fdc6cc9a637b985b9961a4293d58757af7f93f,10.020786400000361,pyvrp,10.0,0.0,cvrp20_21899.json,0
"[""accepted""]",not_selected,True,0.0,cvrp_s7799_n20-50-100_x66667_cvrp20_22045,0.0,True,True,0.0,0.0,0.0,20,4,False,5.930698456236408,False,False,,False,5.930698456236408,4,4,1.4975949734321156e-16,5.930698456236409,True,9101,5.930698456236408,1127286813,4,3c6837158cea235a01ff58dc9f22ea63ed24ef0fab055a378e5ac44b29ad8f1e,10.0184706,pyvrp,10.0,0.0,cvrp20_22045.json,0
"[""accepted""]",not_selected,True,1.7763568394002505e-15,cvrp_s7799_n20-50-100_x66667_cvrp20_22104,0.0,True,True,0.0,0.0,0.0,20,4,False,6.726342914425638,False,False,,False,6.726342914425636,4,4,1.3204477247142655e-16,6.726342914425637,True,9102,6.726342914425636,1063815453,4,2d6a53c395469c338653dbad6f7116a1d38365722a15c008db59ff3475a25a30,10.036257300002035,pyvrp,10.0,2.64089544942853e-16,cvrp20_22104.json,0
"[""accepted""]",not_selected,True,0.0,cvrp_s7799_n20-50-100_x66667_cvrp20_2214,0.0,True,True,0.0,0.0,0.0,20,4,False,5.848156546779545,False,False,,False,5.848156546779545,4,4,6.074929168503372e-16,5.848156546779548,True,9104,5.848156546779545,1051874633,5,e9d8ada3ab6753368be44ad0b7fa1d8d3588a634879842665c52e0b559dde30d,10.018573299999844,pyvrp,10.0,0.0,cvrp20_2214.json,0
"[""accepted""]",not_selected,True,1.7763568394002505e-15,cvrp_s7799_n20-50-100_x66667_cvrp20_2238,0.0,True,True,0.0,0.0,0.0,20,4,False,6.26136663519378,False,False,,False,6.261366635193778,4,4,4.255517068947222e-16,6.261366635193781,True,9101,6.261366635193778,3629451154,4,7ef8ce5b39f5c645bfa68214c93888823e4808427e2d12d5ec0ceb8f3b70b2bf,10.017306399997324,pyvrp,10.0,2.837011379298147e-16,cvrp20_2238.json,0
"[""accepted""]",not_selected,True,8.881784197001252e-16,cvrp_s7799_n20-50-100_x66667_cvrp20_22527,0.0,True,True,0.0,0.0,0.0,20,4,False,6.136208936539601,False,False,,False,6.1362089365396,4,4,1.4474383595565712e-16,6.136208936539601,True,9104,6.1362089365396,2310571430,4,4c6fc265e940ce4d53aeb84ce6cf5900fc29043afad4647f4fc071f731abb95b,10.023395899999741,pyvrp,10.0,1.4474383595565712e-16,cvrp20_22527.json,0
"[""accepted""]",stable_control,True,0.0,cvrp_s7799_n20-50-100_x66667_cvrp20_2253,0.0,True,True,0.0,0.0,0.0,20,4,False,5.251942916408604,False,True,5.2519429164086056,True,5.251942916408604,4,4,3.382285123188207e-16,5.2519429164086056,True,9101,5.251942916408604,111518556,4,cb451737035b8fb47e15481290b7a9e7f37e21687f1b8454c23bec671e450b9e,10.015243000001647,pyvrp,10.0,0.0,cvrp20_2253.json,0
"[""accepted""]",not_selected,True,8.881784197001252e-16,cvrp_s7799_n20-50-100_x66667_cvrp20_22726,0.0,True,True,0.0,0.0,0.0,20,4,False,5.45044199687164,False,False,,False,5.450441996871639,4,4,3.2591060329048847e-16,5.450441996871641,True,9102,5.450441996871639,862245399,4,5930055696f680467906d9ff0ba7d25d2f1a413c65d36a27ae2f13a1a098dc87,10.019547299998521,pyvrp,10.0,1.629553016452442e-16,cvrp20_22726.json,0
"[""accepted""]",not_selected,True,0.0,cvrp_s7799_n20-50-100_x66667_cvrp20_22985,0.0,True,True,0.0,0.0,0.0,20,4,False,6.744625876075963,False,False,,False,6.744625876075963,4,4,1.316868327494051e-16,6.744625876075964,True,9102,6.744625876075963,3991302855,4,e2509bfb2d931a355cf70f023f8521c521854e544a5e758e5cb16cdf51fa5a8d,10.013127800000802,pyvrp,10.0,0.0,cvrp20_22985.json,0
"[""accepted""]",not_selected,True,0.0,cvrp_s7799_n20-50-100_x66667_cvrp20_23212,0.0,True,True,0.0,0.0,0.0,20,4,False,5.239258591535083,False,False,,False,5.239258591535083,4,4,3.390473687002696e-16,5.239258591535084,True,9101,5.239258591535083,3737369817,3,f1b8d7c7974e87fd10657485aa6f18a492900639c82d739b2921ff56a9663723,10.038574500002142,pyvrp,10.0,0.0,cvrp20_23212.json,0
"[""accepted""]",not_selected,True,8.881784197001252e-16,cvrp_s7799_n20-50-100_x66667_cvrp20_23240,0.0,True,True,0.0,0.0,0.0,20,4,False,6.701633508857257,False,False,,False,6.701633508857256,4,4,1.3253163106073448e-16,6.701633508857257,True,9104,6.701633508857256,2929365184,4,8d7c8a0a0976902d56614f1f1bf2efe8e97e9969a5ce44c3fa6577cf412b7e1f,10.015114699999685,pyvrp,10.0,1.3253163106073445e-16,cvrp20_23240.json,0
"[""accepted""]",not_selected,True,0.0,cvrp_s7799_n20-50-100_x66667_cvrp20_23642,0.0,True,True,0.0,0.0,0.0,20,4,False,6.638373224086468,False,False,,False,6.638373224086468,4,4,0.0,6.638373224086468,True,9101,6.638373224086468,3633607955,4,bcde48dddb72e6f6c3e4085fff219c1b1d8470044a6ebb1d934d0b4a6868f092,10.029486699997506,pyvrp,10.0,0.0,cvrp20_23642.json,0
"[""accepted""]",not_selected,True,8.881784197001252e-16,cvrp_s7799_n20-50-100_x66667_cvrp20_23662,0.0,True,True,0.0,0.0,0.0,20,4,False,5.939363749322189,False,False,,False,5.9393637493221885,4,4,1.4954100425344144e-16,5.939363749322189,True,9101,5.9393637493221885,2143674441,5,3cc34abbb4bdd67a9827c5c7f53061a21781673dd5f3acb6edf734ae89d0354d,10.04698930000086,pyvrp,10.0,1.4954100425344142e-16,cvrp20_23662.json,0
"[""accepted""]",not_selected,True,1.7763568394002505e-15,cvrp_s7799_n20-50-100_x66667_cvrp20_23686,0.0,True,True,0.0,0.0,0.0,20,4,False,5.549266257401157,False,False,,False,5.549266257401155,4,4,3.2010661536218266e-16,5.549266257401157,True,9104,5.549266257401155,3166324536,4,892bb7edcba355455c4a996e0d7b414e0dee4daf54c621feea9fd0d4971d5edf,10.022949599999265,pyvrp,10.0,3.2010661536218257e-16,cvrp20_23686.json,0
"[""accepted""]",not_selected,True,0.0,cvrp_s7799_n20-50-100_x66667_cvrp20_23754,0.0,True,True,0.0,0.0,0.0,20,4,False,5.245447417716878,False,False,,False,5.245447417716878,4,4,3.386473446288827e-16,5.24544741771688,True,9101,5.245447417716878,2868688463,3,f1e44965d8ea9e8edafd423425bc5d0ab4d1e7b1ac947e2de6ac212d9e47f7d5,10.009639099997003,pyvrp,10.0,0.0,cvrp20_23754.json,0
"[""accepted""]",not_selected,True,8.881784197001252e-16,cvrp_s7799_n20-50-100_x66667_cvrp20_2378,0.0,True,True,0.0,0.0,0.0,20,4,False,5.934147082656541,False,False,,False,5.93414708265654,4,4,1.496724646910023e-16,5.934147082656541,True,9102,5.93414708265654,90337440,4,f73daab296925d406c2a8b8c191b447584df85d8e03afc2beb3428e9e0da4a47,10.012986699999601,pyvrp,10.0,1.4967246469100227e-16,cvrp20_2378.json,0
"[""accepted""]",not_selected,True,0.0,cvrp_s7799_n20-50-100_x66667_cvrp20_23869,0.0,True,True,0.0,0.0,0.0,20,4,False,6.193457910453014,False,False,,False,6.193457910453014,4,4,1.4340590225067991e-16,6.193457910453015,True,9101,6.193457910453014,2481629777,4,9f76c395c306ac06fe256ec5092de13f81c8bb82dfa80199e8704de4c29efdf6,10.019663399998535,pyvrp,10.0,0.0,cvrp20_23869.json,0
"[""accepted""]",not_selected,True,1.7763568394002505e-15,cvrp_s7799_n20-50-100_x66667_cvrp20_23874,0.0,True,True,0.0,0.0,0.0,20,4,False,6.164925990579303,False,False,,False,6.1649259905793015,4,4,2.8813919941856936e-16,6.164925990579303,True,9102,6.1649259905793015,2593174633,3,dea478d49e95dc6e04114680b438f3206b5a1add16a2b72ad2d99a49d919f8d7,10.015733100000944,pyvrp,10.0,2.8813919941856926e-16,cvrp20_23874.json,0
"[""accepted""]",not_selected,True,8.881784197001252e-16,cvrp_s7799_n20-50-100_x66667_cvrp20_23918,0.0,True,True,0.0,0.0,0.0,20,4,False,4.836734908704438,False,False,,False,4.836734908704437,4,4,3.672636340278702e-16,4.836734908704439,True,9101,4.836734908704437,3778477963,4,6cb34d7402f4e26cc6f4e6f9868ddfe9e0ace02d5715dab8f0ef74add43ea000,10.013669700001628,pyvrp,10.0,1.8363181701393505e-16,cvrp20_23918.json,0
"[""accepted""]",not_selected,True,3.552713678800501e-15,cvrp_s7799_n20-50-100_x66667_cvrp20_23967,0.0,True,True,0.0,0.0,0.0,20,4,False,7.350323555052055,False,False,,False,7.350323555052052,4,4,2.416705640365067e-16,7.350323555052054,True,9103,7.350323555052052,3081009999,4,a8c087bb5649d3cabd4d93af908cd7da8a7197f0e30d4d878602c1166e70de22,10.011891199999809,pyvrp,10.0,4.833411280730132e-16,cvrp20_23967.json,0
"[""accepted""]",not_selected,True,0.0,cvrp_s7799_n20-50-100_x66667_cvrp20_2411,0.0,True,True,0.0,0.0,0.0,20,4,False,6.198269035693081,False,False,,False,6.198269035693081,4,4,2.865891798453729e-16,6.198269035693083,True,9101,6.198269035693081,3809694028,4,e85f52196eef1707ccc6018b2bdf9198aff83980403d83e9539c33f4f0910ef0,10.015324899999541,pyvrp,10.0,0.0,cvrp20_2411.json,0
"[""accepted""]",not_selected,True,0.0,cvrp_s7799_n20-50-100_x66667_cvrp20_24149,0.0,True,True,0.0,0.0,0.0,20,4,False,6.02046628717486,False,False,,False,6.02046628717486,4,4,2.9505303321510944e-16,6.0204662871748615,True,9102,6.02046628717486,3750014503,5,85d031ae7216441419a467568264c9077c4ecfe45a61dff624e7acf2140b1eb2,10.013862699997844,pyvrp,10.0,0.0,cvrp20_24149.json,0
"[""accepted""]",not_selected,True,0.0,cvrp_s7799_n20-50-100_x66667_cvrp20_24188,0.0,True,True,0.0,0.0,0.0,20,4,False,7.056675779147488,False,False,,False,7.056675779147488,4,4,1.2586357195617473e-16,7.056675779147489,True,9101,7.056675779147488,3175379460,4,669969575620d68fdeb330e645e3ce5bffc1e26f27aea38303ede7ff72ef014c,10.011899100001756,pyvrp,10.0,0.0,cvrp20_24188.json,0
"[""accepted""]",stable_control,True,0.0,cvrp_s7799_n20-50-100_x66667_cvrp20_24195,0.0,True,True,0.0,0.0,0.0,20,4,False,5.7577674325075305,False,True,5.7577674325075305,True,5.7577674325075305,4,4,1.5425743226195573e-16,5.757767432507531,True,9102,5.7577674325075305,1725849174,4,3720133b7f0c47729acec8ad68183107dc5d253e6bd678e91b148bd3f02eb968,10.015231699999276,pyvrp,10.0,0.0,cvrp20_24195.json,0
"[""accepted""]",not_selected,True,0.0,cvrp_s7799_n20-50-100_x66667_cvrp20_24339,0.0,True,True,0.0,0.0,0.0,20,4,False,5.286996252526068,False,False,,False,5.286996252526068,4,4,0.0,5.286996252526068,True,9101,5.286996252526068,1905003709,4,c1874d79abb069eb1c553b07cb2e50cf44fea977ca7755115ea1a2e034300c56,10.0194405000002,pyvrp,10.0,0.0,cvrp20_24339.json,0
"[""accepted""]",not_selected,True,1.7763568394002505e-15,cvrp_s7799_n20-50-100_x66667_cvrp20_24417,0.0,True,True,0.0,0.0,0.0,20,4,False,7.340872436054259,False,False,,False,7.340872436054258,4,4,1.2099085325851595e-16,7.3408724360542585,True,9102,7.340872436054258,3036698871,4,6f15b8806ac4446ba7c731f49a85d7053c2d95534e2874b3ec244ed467569eb7,10.013008899997658,pyvrp,10.0,2.4198170651703186e-16,cvrp20_24417.json,0
"[""accepted""]",not_selected,True,8.881784197001252e-16,cvrp_s7799_n20-50-100_x66667_cvrp20_24940,0.0,True,True,0.0,0.0,0.0,20,4,False,5.736606488367702,False,False,,False,5.736606488367701,4,4,1.5482645035895574e-16,5.736606488367702,True,9102,5.736606488367701,2558024483,3,3b8ff4c8efbd38a01a744dd10cdfb9533fad27a7ce94ca88e2b763ea4ab805a8,10.0128466999995,pyvrp,10.0,1.5482645035895571e-16,cvrp20_24940.json,0
"[""accepted""]",not_selected,True,0.0,cvrp_s7799_n20-50-100_x66667_cvrp20_25209,0.0,True,True,0.0,0.0,0.0,20,4,False,7.117321035847485,False,False,,False,7.117321035847485,4,4,1.247911138512198e-16,7.117321035847486,True,9103,7.117321035847485,1063350013,4,5124a55a7036c46d7fcbab490ca9ed55d454fffde2a165355cc4cd704902f568,10.018455900000845,pyvrp,10.0,0.0,cvrp20_25209.json,0
"[""accepted""]",not_selected,True,8.881784197001252e-16,cvrp_s7799_n20-50-100_x66667_cvrp20_25223,0.0,True,True,0.0,0.0,0.0,20,4,False,6.140426269013112,False,False,,False,6.140426269013111,4,4,1.4464442382155226e-16,6.140426269013112,True,9101,6.140426269013111,645916072,4,79077977176ae7d6546046071302c816b5e80b0f141497f23d794789afdfe06a,10.01283709999916,pyvrp,10.0,1.4464442382155223e-16,cvrp20_25223.json,0
"[""accepted""]",not_selected,True,0.0,cvrp_s7799_n20-50-100_x66667_cvrp20_25465,0.0,True,True,0.0,0.0,0.0,20,4,False,6.113284329017832,False,False,,False,6.113284329017832,4,4,2.905732407976585e-16,6.113284329017834,True,9102,6.113284329017832,2259974750,4,a1518ee80567829766329ec89e21aabf388eb32efc3d04eb5c2cbab75118da06,10.00913600000058,pyvrp,10.0,0.0,cvrp20_25465.json,0
"[""accepted""]",stable_control,True,8.881784197001252e-16,cvrp_s7799_n20-50-100_x66667_cvrp20_25579,0.0,True,True,0.0,0.0,0.0,20,4,False,6.664007616653629,False,True,6.664007616653628,True,6.664007616653629,4,4,2.6655984530405723e-16,6.664007616653631,True,9101,6.664007616653628,3264329552,4,d0ed9fc2ee74b382ed241b45ee19fa5d59314989769a8ef0fc6ed996d424e1df,10.005060499999672,ortools,10.0,1.3327992265202862e-16,cvrp20_25579.json,0
"[""accepted""]",not_selected,True,8.881784197001252e-16,cvrp_s7799_n20-50-100_x66667_cvrp20_25662,0.0,True,True,0.0,0.0,0.0,20,4,False,5.668857798111015,False,False,,False,5.668857798111014,4,4,3.133535718592502e-16,5.6688577981110155,True,9101,5.668857798111014,3788558279,3,34a8e681e8cc2e05dbf48eb6162ccb833415d942913a23444b0c257f6a45e93b,10.016186500000913,pyvrp,10.0,1.5667678592962507e-16,cvrp20_25662.json,0
"[""accepted""]",not_selected,True,0.0,cvrp_s7799_n20-50-100_x66667_cvrp20_25736,0.0,True,True,0.0,0.0,0.0,20,4,False,6.162424211340621,False,False,,False,6.162424211340621,4,4,0.0,6.162424211340621,True,9101,6.162424211340621,4030810089,4,0c74c1c8b2f2d2fdd816542bf9182705ade061c089bfd3c0b9aae58f4346a7c7,10.0481620999999,pyvrp,10.0,0.0,cvrp20_25736.json,0
"[""accepted""]",not_selected,True,0.0,cvrp_s7799_n20-50-100_x66667_cvrp20_25788,0.0,True,True,0.0,0.0,0.0,20,4,False,6.024338282897075,False,False,,False,6.024338282897075,4,4,0.0,6.024338282897075,True,9101,6.024338282897075,2074549042,4,d460ccc4086d800d3fa3f20152b821d4b7be6735db808d82331314ab6257c7e5,10.043114399999467,pyvrp,10.0,0.0,cvrp20_25788.json,0
"[""accepted""]",not_selected,True,8.881784197001252e-16,cvrp_s7799_n20-50-100_x66667_cvrp20_26513,0.0,True,True,0.0,0.0,0.0,20,4,False,5.982889381714389,False,False,,False,5.982889381714388,4,4,2.9690618128915464e-16,5.98288938171439,True,9101,5.982889381714388,3979524363,4,78f2e1ae235a7e4fc42f3b0e2068707800b68a41292b82d4d6c955aab91146ca,10.029600900001242,pyvrp,10.0,1.484530906445773e-16,cvrp20_26513.json,0
"[""accepted""]",stable_control,True,1.7763568394002505e-15,cvrp_s7799_n20-50-100_x66667_cvrp20_26731,0.0,True,True,0.0,0.0,0.0,20,4,False,5.896448033972096,False,True,5.896448033972094,True,5.896448033972094,4,4,1.5062939833997165e-16,5.896448033972095,True,9103,5.896448033972094,3907310787,3,770636b0779834b9bb930bfb40c5903d5de47b9b40ac28a39f6e01c8a17d1609,10.012913900001877,pyvrp,10.0,3.012587966799432e-16,cvrp20_26731.json,0
"[""accepted""]",not_selected,True,2.6645352591003757e-15,cvrp_s7799_n20-50-100_x66667_cvrp20_2684,0.0,True,True,0.0,0.0,0.0,20,4,False,5.475725636210573,False,False,,False,5.47572563621057,4,4,1.6220287112755738e-16,5.475725636210571,True,9104,5.47572563621057,2206713933,4,9ea0174f828adeb1560f585a07e75b650d231f21b6fb8aa666b6a42d1eb89f80,10.016277399998216,pyvrp,10.0,4.866086133826719e-16,cvrp20_2684.json,0
"[""accepted""]",not_selected,True,0.0,cvrp_s7799_n20-50-100_x66667_cvrp20_26894,0.0,True,True,0.0,0.0,0.0,20,4,False,6.2669907568130965,False,False,,False,6.2669907568130965,4,4,0.0,6.2669907568130965,True,9101,6.2669907568130965,980543621,4,d9eb48d42f5582fab1d0e6c0c55c38b9e42e8157a9fe48f131a816d59e006527,10.01817469999878,pyvrp,10.0,0.0,cvrp20_26894.json,0
"[""accepted""]",not_selected,True,8.881784197001252e-16,cvrp_s7799_n20-50-100_x66667_cvrp20_2708,0.0,True,True,0.0,0.0,0.0,20,4,False,5.33823557031529,False,False,,False,5.338235570315289,4,4,1.6638052180369914e-16,5.33823557031529,True,9103,5.338235570315289,4251120500,3,f1bf3c54c13031b14c332355911db8f40e6d14fe3d2b5086fc3ffd818b544890,10.015247099996486,pyvrp,10.0,1.663805218036991e-16,cvrp20_2708.json,0
"[""accepted""]",not_selected,True,0.0,cvrp_s7799_n20-50-100_x66667_cvrp20_27583,0.0,True,True,0.0,0.0,0.0,20,4,False,5.753856112281234,False,False,,False,5.753856112281234,4,4,0.0,5.753856112281234,True,9101,5.753856112281234,4004945048,4,ba662fdd1e03104de092892af7b43f6930cef875df704802d4babbec5d4fac24,10.015717800000857,pyvrp,10.0,0.0,cvrp20_27583.json,0
"[""accepted""]",not_selected,True,1.7763568394002505e-15,cvrp_s7799_n20-50-100_x66667_cvrp20_27608,0.0,True,True,0.0,0.0,0.0,20,4,False,6.370542046857443,False,False,,False,6.370542046857441,4,4,1.3941959933193747e-16,6.370542046857442,True,9104,6.370542046857441,3600803737,4,4f141ebd48ac770c982263ce82a4eb571d9b2ddbaa8652a1e5345c64b29af792,10.01192109999829,pyvrp,10.0,2.7883919866387484e-16,cvrp20_27608.json,0
"[""accepted""]",stable_control,True,1.7763568394002505e-15,cvrp_s7799_n20-50-100_x66667_cvrp20_27701,0.0,True,True,0.0,0.0,0.0,20,4,False,5.993706864736723,False,True,5.993706864736723,True,5.993706864736721,4,4,2.963703229884731e-16,5.993706864736723,True,9101,5.993706864736721,2470904866,4,0821140443a669af25c21480ba31258ff27a4c7f50678009d32327cacd050901,10.013661299999512,pyvrp,10.0,2.9637032298847304e-16,cvrp20_27701.json,0
"[""accepted""]",not_selected,True,1.7763568394002505e-15,cvrp_s7799_n20-50-100_x66667_cvrp20_2774,0.0,True,True,0.0,0.0,0.0,20,4,False,6.225748389239191,False,False,,False,6.22574838923919,4,4,5.706484516690621e-16,6.225748389239193,True,9101,6.22574838923919,2095840934,4,bd3826c105c45bc5576aefa432cb81f7b509b4344022cc3e520090bb359ed522,10.02213479999773,pyvrp,10.0,2.8532422583453097e-16,cvrp20_2774.json,0
"[""accepted""]",not_selected,True,8.881784197001252e-16,cvrp_s7799_n20-50-100_x66667_cvrp20_27935,0.0,True,True,0.0,0.0,0.0,20,4,False,6.106352224896388,False,False,,False,6.106352224896387,4,4,1.454515538882456e-16,6.106352224896388,True,9101,6.106352224896387,1764126304,4,752f6eef3735ceb619e40e93d7875a269cbd0b4f2a8df65dae3868354629947e,10.021024200003012,pyvrp,10.0,1.4545155388824557e-16,cvrp20_27935.json,0
"[""accepted""]",not_selected,True,1.7763568394002505e-15,cvrp_s7799_n20-50-100_x66667_cvrp20_27965,0.0,True,True,0.0,0.0,0.0,20,4,False,6.506624624093643,False,False,,False,6.506624624093641,4,4,2.730074258199109e-16,6.506624624093643,True,9101,6.506624624093641,2859938697,4,889079777d05d9904fc4fb171a92be5a7d8c4830b1d0ce637883b0301b6fe470,10.021987000000081,pyvrp,10.0,2.7300742581991086e-16,cvrp20_27965.json,0
"[""accepted""]",not_selected,True,1.7763568394002505e-15,cvrp_s7799_n20-50-100_x66667_cvrp20_28000,0.0,True,True,0.0,0.0,0.0,20,4,False,5.648441290191075,False,False,,False,5.648441290191073,4,4,3.144862003762034e-16,5.648441290191075,True,9101,5.648441290191073,1220147345,4,c92772c7a3dd60a58f3724325169964406129ad447b07d1cfd49fcfc35721037,10.013636300001963,pyvrp,10.0,3.144862003762033e-16,cvrp20_28000.json,0
"[""accepted""]",not_selected,True,-1.7763568394002505e-15,cvrp_s7799_n20-50-100_x66667_cvrp20_28207,0.0,True,True,0.0,0.0,0.0,20,4,False,7.231703790256054,False,False,,False,7.231703790256056,4,4,0.0,7.231703790256056,True,9101,7.231703790256056,2347869866,4,4b07ad21fef268c332d7309b52e3d082429e1891ac377cf1161975af4c1e0e89,10.012196499999845,pyvrp,10.0,-2.456346237236239e-16,cvrp20_28207.json,0
"[""accepted""]",not_selected,True,0.0,cvrp_s7799_n20-50-100_x66667_cvrp20_28287,0.0,True,True,0.0,0.0,0.0,20,4,False,6.605743745737844,False,False,,False,6.605743745737844,4,4,2.689109520099672e-16,6.605743745737846,True,9102,6.605743745737844,177238198,4,0db2e8ab177b6c84161190ee1b1777076bae6dd82765dca6dd4898f86b89da9d,10.015155299999606,pyvrp,10.0,0.0,cvrp20_28287.json,0
"[""accepted""]",not_selected,True,0.0,cvrp_s7799_n20-50-100_x66667_cvrp20_2847,0.0,True,True,0.0,0.0,0.0,20,4,False,6.04578661403768,False,False,,False,6.04578661403768,4,4,1.4690866158555256e-16,6.045786614037681,True,9101,6.04578661403768,2815841094,4,fbfdf82855544366f97c2b106dfa0c84533a44437d31615f12a3494c0a0ecd5c,10.025992200000474,pyvrp,10.0,0.0,cvrp20_2847.json,0
"[""accepted""]",not_selected,True,0.0,cvrp_s7799_n20-50-100_x66667_cvrp20_28545,0.0,True,True,0.0,0.0,0.0,20,4,False,5.7101242795922165,False,False,,False,5.7101242795922165,4,4,1.5554449889548704e-16,5.710124279592217,True,9101,5.7101242795922165,2285484052,3,9d870a1edb712278baaa689f4b227ecf13b2918acc8ffe439fc2746edba43746,10.043991299997288,pyvrp,10.0,0.0,cvrp20_28545.json,0
"[""accepted""]",not_selected,True,0.0,cvrp_s7799_n20-50-100_x66667_cvrp20_28579,0.0,True,True,0.0,0.0,0.0,20,4,False,5.6556658471184775,False,False,,False,5.6556658471184775,4,4,1.5704223759129014e-16,5.655665847118478,True,9102,5.6556658471184775,1098858872,3,e5c323c3543ecac5914f74f6190c102eb945e5d8b606563d5f00d526e3df2198,10.063371600001119,pyvrp,10.0,0.0,cvrp20_28579.json,0
"[""accepted""]",not_selected,True,8.881784197001252e-16,cvrp_s7799_n20-50-100_x66667_cvrp20_2883,0.0,True,True,0.0,0.0,0.0,20,4,False,5.939727723997174,False,False,,False,5.939727723997173,4,4,1.49531840678788e-16,5.939727723997174,True,9104,5.939727723997173,1376339502,4,8433881ff4376381bda2059e5c7112b72eb1d2fa9c663693fa6057f198e75741,10.016793999999209,pyvrp,10.0,1.4953184067878796e-16,cvrp20_2883.json,0
"[""accepted""]",not_selected,True,1.7763568394002505e-15,cvrp_s7799_n20-50-100_x66667_cvrp20_28881,0.0,True,True,0.0,0.0,0.0,20,4,False,6.610573920287463,False,False,,False,6.610573920287461,4,4,4.0307169864980623e-16,6.610573920287464,True,9101,6.610573920287461,3312882069,4,196bd02b14e46dbce3073daba82b28c23c91a0793f9bf2946d7502db34de20d3,10.018559899999673,pyvrp,10.0,2.6871446576653744e-16,cvrp20_28881.json,0
"[""accepted""]",not_selected,True,8.881784197001252e-16,cvrp_s7799_n20-50-100_x66667_cvrp20_28937,0.0,True,True,0.0,0.0,0.0,20,4,False,5.32396060293885,False,False,,False,5.3239606029388495,4,4,3.3365326528143235e-16,5.323960602938851,True,9102,5.3239606029388495,2492449316,4,2554ba867278184947205ed213584674c12459d1476af9a93af5d3f4c8774c0c,10.025486000002275,pyvrp,10.0,1.6682663264071615e-16,cvrp20_28937.json,0
"[""accepted""]",not_selected,True,0.0,cvrp_s7799_n20-50-100_x66667_cvrp20_28995,0.0,True,True,0.0,0.0,0.0,20,4,False,5.917595876805503,False,False,,False,5.917595876805503,4,4,0.0,5.917595876805503,True,9101,5.917595876805503,3391676654,3,a8293c5d434bfce56337cff042d3b5e38b4fbafe7b72a1e9ade5ecbf149fdabb,10.06035410000186,pyvrp,10.0,0.0,cvrp20_28995.json,0
"[""accepted""]",not_selected,True,0.0,cvrp_s7799_n20-50-100_x66667_cvrp20_29158,0.0,True,True,0.0,0.0,0.0,20,4,False,6.46830059487035,False,False,,False,6.46830059487035,4,4,2.746249673073296e-16,6.468300594870351,True,9101,6.46830059487035,3202610647,4,63f46239a7c8b46f1282204d0ea6e20b50e819946beb8319811114ac2742c256,10.014178000001266,pyvrp,10.0,0.0,cvrp20_29158.json,0
"[""accepted""]",not_selected,True,1.7763568394002505e-15,cvrp_s7799_n20-50-100_x66667_cvrp20_29220,0.0,True,True,0.0,0.0,0.0,20,4,False,5.509188797450451,False,False,,False,5.50918879745045,4,4,4.836529218845201e-16,5.509188797450452,True,9101,5.50918879745045,3493395174,4,23fcfde661b3e8cb7c3112a5ec2b0652a8b4de329c6e56845682915aa4be9259,10.01173949999793,pyvrp,10.0,3.2243528125634666e-16,cvrp20_29220.json,0
"[""accepted""]",not_selected,True,8.881784197001252e-16,cvrp_s7799_n20-50-100_x66667_cvrp20_29225,0.0,True,True,0.0,0.0,0.0,20,4,False,5.613182504759239,False,False,,False,5.613182504759238,4,4,3.164616218863602e-16,5.61318250475924,True,9104,5.613182504759238,3621626241,4,814981cc9002dee0c71adc3e7097f5351fccf0f95bddf07ec1b76a63f291c948,10.022243899999012,pyvrp,10.0,1.5823081094318008e-16,cvrp20_29225.json,0
"[""accepted""]",not_selected,True,8.881784197001252e-16,cvrp_s7799_n20-50-100_x66667_cvrp20_29255,0.0,True,True,0.0,0.0,0.0,20,4,False,5.755688490434832,False,False,,False,5.7556884904348316,4,4,1.5431314970852863e-16,5.755688490434832,True,9103,5.7556884904348316,4150968004,4,ee5688da5ec0c83c79b32e7bd7fa7da7b3a00982aa16cfeca7b770cb4d56a1b7,10.015259299998434,pyvrp,10.0,1.543131497085286e-16,cvrp20_29255.json,0
"[""accepted""]",not_selected,True,8.881784197001252e-16,cvrp_s7799_n20-50-100_x66667_cvrp20_29337,0.0,True,True,0.0,0.0,0.0,20,4,False,5.236997583513681,False,False,,False,5.23699758351368,4,4,3.39193748149189e-16,5.2369975835136815,True,9102,5.23699758351368,1606414310,3,306f4c4e612777e2637ed02f53a27ec14c938edf405a02f934adf141d4edfc84,10.016558999999688,pyvrp,10.0,1.6959687407459448e-16,cvrp20_29337.json,0
"[""accepted""]",not_selected,True,8.881784197001252e-16,cvrp_s7799_n20-50-100_x66667_cvrp20_29478,0.0,True,True,0.0,0.0,0.0,20,4,False,5.807824174053867,False,False,,False,5.8078241740538665,4,4,4.587837336750034e-16,5.807824174053869,True,9101,5.8078241740538665,3315412660,4,e22b62b68fd977d734527dc1a11adf3916f6ac7d6ab10a6775f67f4242201b1d,10.044012300000759,pyvrp,10.0,1.529279112250011e-16,cvrp20_29478.json,0
"[""accepted""]",not_selected,True,-8.881784197001252e-16,cvrp_s7799_n20-50-100_x66667_cvrp20_29530,0.0,True,True,0.0,0.0,0.0,20,4,False,5.994374466830789,False,False,,False,5.99437446683079,4,4,1.4816865789996315e-16,5.994374466830791,True,9103,5.99437446683079,3545248094,4,6c89b590748fc44a0742072db536ec8f1ac8b036473303a4b8389ffd46068fe1,10.022129500001029,pyvrp,10.0,-1.4816865789996317e-16,cvrp20_29530.json,0
"[""accepted""]",not_selected,True,0.0,cvrp_s7799_n20-50-100_x66667_cvrp20_2967,0.0,True,True,0.0,0.0,0.0,20,4,False,5.450970772113942,False,False,,False,5.450970772113942,4,4,1.629394940519339e-16,5.450970772113943,True,9101,5.450970772113942,3151777682,4,8fe1f7f174d254cc4f08a129508c3bdc8cb5766ca2f8a7b56ada992a257c81c6,10.01274679999915,pyvrp,10.0,0.0,cvrp20_2967.json,0
"[""accepted""]",not_selected,True,8.881784197001252e-16,cvrp_s7799_n20-50-100_x66667_cvrp20_29693,0.0,True,True,0.0,0.0,0.0,20,4,False,5.618401204567276,False,False,,False,5.6184012045672755,4,4,1.5808383690686113e-16,5.618401204567276,True,9101,5.6184012045672755,2135571513,4,f2e81c7c208b371416d2342545b7a37794de998df78ac652d461b5b58839ab7a,10.014689399999043,pyvrp,10.0,1.580838369068611e-16,cvrp20_29693.json,0
"[""accepted""]",not_selected,True,1.7763568394002505e-15,cvrp_s7799_n20-50-100_x66667_cvrp20_29778,0.0,True,True,0.0,0.0,0.0,20,4,False,6.075217578944217,False,False,,False,6.0752175789442155,4,4,2.9239394578341267e-16,6.075217578944217,True,9104,6.0752175789442155,998080322,4,959c96f18f267f2f2d39bd8aacc1f9a1e89d4ff2b500476980afbca040d9da32,10.012650999997277,pyvrp,10.0,2.9239394578341257e-16,cvrp20_29778.json,0
"[""accepted""]",not_selected,True,3.552713678800501e-15,cvrp_s7799_n20-50-100_x66667_cvrp20_29802,0.0,True,True,0.0,0.0,0.0,20,4,False,6.727933313789405,False,False,,False,6.727933313789402,4,4,2.640271174744664e-16,6.7279333137894035,True,9102,6.727933313789402,630906088,4,a0a96ed152d0f58445acd36951e1db4b9c9e23ad7433d1ed883f6a6f307305a9,10.014880400001857,pyvrp,10.0,5.280542349489325e-16,cvrp20_29802.json,0
"[""accepted""]",not_selected,True,0.0,cvrp_s7799_n20-50-100_x66667_cvrp20_30079,0.0,True,True,0.0,0.0,0.0,20,4,False,6.24373318856443,False,False,,False,6.24373318856443,4,4,2.845023619288693e-16,6.243733188564431,True,9102,6.24373318856443,2702842409,4,cf085652d6a28a3ade3fde84332cd4b61ca64840f7c66ffd3d7593bc515e1938,10.012563899999805,pyvrp,10.0,0.0,cvrp20_30079.json,0
"[""accepted""]",not_selected,True,8.881784197001252e-16,cvrp_s7799_n20-50-100_x66667_cvrp20_30090,0.0,True,True,0.0,0.0,0.0,20,4,False,7.924858076647885,False,False,,False,7.924858076647884,4,4,0.0,7.924858076647884,True,9101,7.924858076647884,443819020,4,87ee0301b3de9035f1cdd89f069610bad48c28c9dfa97b11330b66e3cf484482,10.009496600003331,pyvrp,10.0,1.12074993786616e-16,cvrp20_30090.json,0
"[""accepted""]",not_selected,True,-8.881784197001252e-16,cvrp_s7799_n20-50-100_x66667_cvrp20_30190,0.0,True,True,0.0,0.0,0.0,20,4,False,6.420483065182374,False,False,,False,6.420483065182375,4,4,1.383351393786281e-16,6.420483065182376,True,9103,6.420483065182375,3427206336,4,d206af4af93117a21e3e9a8312932965c9eaa9b9a55ec0d3dfda5c7e3b0a5222,10.012110900002881,pyvrp,10.0,-1.3833513937862813e-16,cvrp20_30190.json,0
"[""accepted""]",not_selected,True,8.881784197001252e-16,cvrp_s7799_n20-50-100_x66667_cvrp20_30206,0.0,True,True,0.0,0.0,0.0,20,4,False,6.155787446035556,False,False,,False,6.155787446035555,4,4,1.442834775382196e-16,6.155787446035556,True,9103,6.155787446035555,2768376219,4,0c521a479a4ab1263de6ad957992cbc678beaa560da4ba4c58d63af820f46aa1,10.011594499999774,pyvrp,10.0,1.4428347753821959e-16,cvrp20_30206.json,0
"[""accepted""]",not_selected,True,0.0,cvrp_s7799_n20-50-100_x66667_cvrp20_30250,0.0,True,True,0.0,0.0,0.0,20,4,False,6.255997946026007,False,False,,False,6.255997946026007,4,4,2.839446008016426e-16,6.2559979460260084,True,9101,6.255997946026007,1200990891,4,cd0d163adb778b57e7d007e7498beb8dca6bae0b8eb60eeb9a1b1b3980f99024,10.009780899999896,pyvrp,10.0,0.0,cvrp20_30250.json,0
"[""accepted""]",not_selected,True,0.0,cvrp_s7799_n20-50-100_x66667_cvrp20_3026,0.0,True,True,0.0,0.0,0.0,20,4,False,6.791181200878425,False,False,,False,6.791181200878425,4,4,2.6156817008070443e-16,6.791181200878427,True,9101,6.791181200878425,3168865831,4,f71d00b0932002464ed6dac761b8bc368cf0733b04647efe9c87df38366f6233,10.008810100000119,pyvrp,10.0,0.0,cvrp20_3026.json,0
"[""accepted""]",not_selected,True,8.881784197001252e-16,cvrp_s7799_n20-50-100_x66667_cvrp20_30383,0.0,True,True,0.0,0.0,0.0,20,4,False,6.171726519915523,False,False,,False,6.171726519915522,4,4,2.8782170332209813e-16,6.171726519915524,True,9102,6.171726519915522,705301208,4,441ebd336e0060f20901971d6082dfc75b021b3d43f3f06f3be6b2753f0a765c,10.01497609999933,pyvrp,10.0,1.4391085166104904e-16,cvrp20_30383.json,0
"[""accepted""]",not_selected,True,8.881784197001252e-16,cvrp_s7799_n20-50-100_x66667_cvrp20_30452,0.0,True,True,0.0,0.0,0.0,20,4,False,5.182548521929685,False,False,,False,5.182548521929684,4,4,3.427573966521855e-16,5.182548521929686,True,9102,5.182548521929684,1431337166,3,da85c26ec302fcf3a6a379b9b65af7c37cbc694c9f737f614c2aeb56f77d75ce,10.032855800000107,pyvrp,10.0,1.7137869832609272e-16,cvrp20_30452.json,0
"[""accepted""]",not_selected,True,0.0,cvrp_s7799_n20-50-100_x66667_cvrp20_30547,0.0,True,True,0.0,0.0,0.0,20,4,False,5.399023137626519,False,False,,False,5.399023137626519,4,4,1.6450724456250064e-16,5.39902313762652,True,9101,5.399023137626519,1072344707,4,7c631811f4d553a99e3aab24558b73c7f9e70c00b5f951ee897eaa1b111f3387,10.017501400001493,pyvrp,10.0,0.0,cvrp20_30547.json,0
"[""accepted""]",stable_control,True,-8.881784197001252e-16,cvrp_s7799_n20-50-100_x66667_cvrp20_30552,0.0,True,True,0.0,0.0,0.0,20,4,False,6.051413609758047,False,True,6.051413609758049,True,6.051413609758048,4,4,1.4677205641140056e-16,6.051413609758049,True,9101,6.051413609758048,1321115110,3,c01bb7fef6a74ba9cb03a2e33648abb8ca963bf7ed6bb0debbe3ed016bc3edf6,10.01256409999769,pyvrp,10.0,-1.4677205641140056e-16,cvrp20_30552.json,0
"[""accepted""]",not_selected,True,8.881784197001252e-16,cvrp_s7799_n20-50-100_x66667_cvrp20_30736,0.0,True,True,0.0,0.0,0.0,20,4,False,6.529806391575777,False,False,,False,6.529806391575776,4,4,1.3601910476947382e-16,6.529806391575777,True,9102,6.529806391575776,3709368891,4,e16963f0ec102ad98778257e9fd6101f2b6b6a1b1d3c00ef2c2502f2ac91153c,10.021336199999496,pyvrp,10.0,1.360191047694738e-16,cvrp20_30736.json,0
"[""accepted""]",not_selected,True,0.0,cvrp_s7799_n20-50-100_x66667_cvrp20_30791,0.0,True,True,0.0,0.0,0.0,20,4,False,7.120010080223733,False,False,,False,7.120010080223733,4,4,2.494879669249614e-16,7.120010080223735,True,9101,7.120010080223733,3693246897,4,2e4e82a1e46c8ea59e86190f4eb6d75847dc92f343a0cebf84889a06ae6087c0,10.011185600000317,pyvrp,10.0,0.0,cvrp20_30791.json,0
"[""accepted""]",not_selected,True,0.00040634193208166636,cvrp_s7799_n20-50-100_x66667_cvrp20_31008,0.031578947368421054,True,True,0.3,0.031578947368421054,0.015789473684210527,20,4,False,7.1195716237868245,False,False,,False,7.119165281854743,4,4,5.7077187562488316e-05,7.119571623786824,True,9103,7.119165281854743,1712660039,4,92c13ebbf59e72a15533e2f6454b19b1e4f0d28affa7bc31f87815d6b81a13c3,10.023412700000335,pyvrp,10.0,5.7073929943208777e-05,cvrp20_31008.json,0
"[""accepted""]",not_selected,True,8.881784197001252e-16,cvrp_s7799_n20-50-100_x66667_cvrp20_31437,0.0,True,True,0.0,0.0,0.0,20,4,False,5.4782268110593195,False,False,,False,5.478226811059319,4,4,1.621288147301771e-16,5.4782268110593195,True,9101,5.478226811059319,949512780,4,11307a75fb98e621250b9c42b04b5ffc40036006b32d5c6a966f2d281f306c9b,10.010310399997252,pyvrp,10.0,1.6212881473017708e-16,cvrp20_31437.json,0
"[""accepted""]",not_selected,True,-8.881784197001252e-16,cvrp_s7799_n20-50-100_x66667_cvrp20_31606,0.0,True,True,0.0,0.0,0.0,20,4,False,5.538205084782641,False,False,,False,5.538205084782642,4,4,3.207459478669644e-16,5.538205084782644,True,9103,5.538205084782642,2364770136,4,977bf0129b3fb9984beae1d2091cc77d3574ff43debca89bbef320d5482b654f,10.0160203000014,pyvrp,10.0,-1.6037297393348223e-16,cvrp20_31606.json,0
"[""accepted""]",not_selected,True,0.0,cvrp_s7799_n20-50-100_x66667_cvrp20_31715,0.0,True,True,0.0,0.0,0.0,20,4,False,6.180918850396893,False,False,,False,6.180918850396893,4,4,1.4369682585997598e-16,6.1809188503968935,True,9101,6.180918850396893,4080699331,4,02a1f927f905ef5e3b203ca63be6f6a6119022dbb592294afb7b8755b0f3e3f5,10.010176600000705,pyvrp,10.0,0.0,cvrp20_31715.json,0
"[""accepted""]",not_selected,True,8.881784197001252e-16,cvrp_s7799_n20-50-100_x66667_cvrp20_31785,0.0,True,True,0.0,0.0,0.0,20,4,False,6.186376612163203,False,False,,False,6.186376612163202,4,4,1.435700532608787e-16,6.186376612163203,True,9101,6.186376612163202,1532333384,4,1ed3bbfa5a981e667891093eb05af01ded1ad171d3061c3a2dce725f11c775d4,10.023093799998605,pyvrp,10.0,1.4357005326087868e-16,cvrp20_31785.json,0
"[""accepted""]",stable_control,True,0.0,cvrp_s7799_n20-50-100_x66667_cvrp20_32008,0.0,True,True,0.0,0.0,0.0,20,4,False,6.007499945079647,False,True,6.007499945079649,True,6.007499945079647,4,4,2.9568986361042734e-16,6.0074999450796485,True,9103,6.007499945079647,2960614351,4,df7f5647f547095faab58d1a4f8fbc8f0363d478eb7632783f27d9ee09dc32f0,10.026606300001731,pyvrp,10.0,0.0,cvrp20_32008.json,0
"[""accepted""]",not_selected,True,1.7763568394002505e-15,cvrp_s7799_n20-50-100_x66667_cvrp20_32077,0.0,True,True,0.0,0.0,0.0,20,4,False,7.143343536978712,False,False,,False,7.14334353697871,4,4,2.4867302408244024e-16,7.143343536978712,True,9101,7.14334353697871,392279913,4,d105f2cc9859bc95e12ee48afbaca6d332ec52bd8514d773e8f658b30e7800ff,10.012669199997617,pyvrp,10.0,2.4867302408244014e-16,cvrp20_32077.json,0
"[""accepted""]",not_selected,True,0.0,cvrp_s7799_n20-50-100_x66667_cvrp20_32117,0.0,True,True,0.0,0.0,0.0,20,4,False,6.327924288363595,False,False,,False,6.327924288363595,4,4,2.8071714490433915e-16,6.327924288363596,True,9102,6.327924288363595,575637584,4,4dad5a87b5366369e95d31c7dc048af17a14ad2faa1b47c3ad2545b0b6fc1c98,10.02289970000129,pyvrp,10.0,0.0,cvrp20_32117.json,0
"[""accepted""]",not_selected,True,0.0,cvrp_s7799_n20-50-100_x66667_cvrp20_32262,0.0,True,True,0.0,0.0,0.0,20,4,False,5.494058895390361,False,False,,False,5.494058895390361,4,4,1.6166161240923845e-16,5.494058895390362,True,9104,5.494058895390361,3788043077,4,4d1b39b844e913e152ef81a4d48b7445f0666520b08f42966944e8a45d43815b,10.008822300002066,pyvrp,10.0,0.0,cvrp20_32262.json,0
"[""accepted""]",not_selected,True,8.881784197001252e-16,cvrp_s7799_n20-50-100_x66667_cvrp20_32281,0.0,True,True,0.0,0.0,0.0,20,4,False,6.103295732174852,False,False,,False,6.1032957321748516,4,4,2.910487902520926e-16,6.103295732174853,True,9102,6.1032957321748516,1927644161,4,0d32e0edf7a8c41277b8ea7b42b511b9ff2b29c92e5349eeb99e165287da8152,10.015502500002185,pyvrp,10.0,1.4552439512604628e-16,cvrp20_32281.json,0
"[""accepted""]",stable_control,True,8.881784197001252e-16,cvrp_s7799_n20-50-100_x66667_cvrp20_32357,0.0,True,True,0.0,0.0,0.0,20,4,False,5.127144953753559,False,True,5.127144953753558,True,5.127144953753558,4,4,5.196918135013293e-16,5.127144953753561,True,9102,5.127144953753558,1915373009,4,fff57981a13b04097fa9416cabc7e202d95796c2fa80d244ce12a2504352fb04,10.015792499998497,pyvrp,10.0,1.7323060450044306e-16,cvrp20_32357.json,0
"[""accepted""]",not_selected,True,8.881784197001252e-16,cvrp_s7799_n20-50-100_x66667_cvrp20_32363,0.0,True,True,0.0,0.0,0.0,20,4,False,6.434449444361898,False,False,,False,6.434449444361897,4,4,1.3803487421575438e-16,6.434449444361898,True,9101,6.434449444361897,4164300116,4,2399be783c253220d941e3463ab736e8151fa8ead167564c33d03329a9ed1e73,10.026964300002874,pyvrp,10.0,1.3803487421575438e-16,cvrp20_32363.json,0
"[""accepted""]",not_selected,True,1.7763568394002505e-15,cvrp_s7799_n20-50-100_x66667_cvrp20_32468,0.0,True,True,0.0,0.0,0.0,20,4,False,7.253213844872064,False,False,,False,7.253213844872063,4,4,0.0,7.253213844872063,True,9101,7.253213844872063,1400709062,4,2622ac834fc6fab94993e692535b87dd9e11063918a1a72894dbf1d14c72bc56,10.019931499999075,pyvrp,10.0,2.449061722695676e-16,cvrp20_32468.json,0
"[""accepted""]",not_selected,True,8.881784197001252e-16,cvrp_s7799_n20-50-100_x66667_cvrp20_32502,0.0,True,True,0.0,0.0,0.0,20,4,False,6.240804236432422,False,False,,False,6.240804236432421,4,4,4.2695382808924115e-16,6.240804236432424,True,9104,6.240804236432421,2605093859,4,5cdd8530ca90d5f3c1bc6dad0c4d8732ad0652217139664a9b633dc72633dc6b,10.021616199999698,pyvrp,10.0,1.4231794269641368e-16,cvrp20_32502.json,0
"[""accepted""]",not_selected,True,1.7763568394002505e-15,cvrp_s7799_n20-50-100_x66667_cvrp20_32590,0.0,True,True,0.0,0.0,0.0,20,4,False,7.129981850378552,False,False,,False,7.129981850378551,4,4,2.4913904083864376e-16,7.129981850378552,True,9104,7.129981850378551,2380906223,4,2abd55e9dad92d028e2d6558f997e0169ac7a95084be656a30a92cc3ad01d80b,10.0318299999999,pyvrp,10.0,2.491390408386437e-16,cvrp20_32590.json,0
"[""accepted""]",not_selected,True,2.6645352591003757e-15,cvrp_s7799_n20-50-100_x66667_cvrp20_32949,0.0,True,True,0.0,0.0,0.0,20,4,False,6.280388582604455,False,False,,False,6.280388582604452,4,4,2.828418681481652e-16,6.280388582604454,True,9101,6.280388582604452,347321501,4,70a994e602f39e368b9b6d1b6630a870b1ab73f039f997670b674b654d133ed8,10.021751100000984,pyvrp,10.0,4.242628022222476e-16,cvrp20_32949.json,0
"[""accepted""]",not_selected,True,0.0,cvrp_s7799_n20-50-100_x66667_cvrp20_32954,0.0,True,True,0.0,0.0,0.0,20,4,False,5.931451909731477,False,False,,False,5.931451909731477,4,4,2.994809477399384e-16,5.931451909731479,True,9104,5.931451909731477,3054438302,3,2171d36d0ce59d3d22acfa4a6880b6775c68f7c9dda557029e8c0153e1c44899,10.019205099997635,pyvrp,10.0,0.0,cvrp20_32954.json,0
"[""accepted""]",not_selected,True,0.0,cvrp_s7799_n20-50-100_x66667_cvrp20_33091,0.0,True,True,0.0,0.0,0.0,20,4,False,5.321613942276462,False,False,,False,5.321613942276462,4,4,1.6690019782235147e-16,5.321613942276463,True,9101,5.321613942276462,1056460775,4,8f8ca326fe3ea79d021c0ebc58331efa9bda0f253163f1d9f33813bfa5488098,10.010985299999447,pyvrp,10.0,0.0,cvrp20_33091.json,0
"[""accepted""]",not_selected,True,0.0,cvrp_s7799_n20-50-100_x66667_cvrp20_33114,0.0,True,True,0.0,0.0,0.0,20,4,False,6.633798786961815,False,False,,False,6.633798786961815,4,4,2.677736989689126e-16,6.633798786961817,True,9101,6.633798786961815,529226294,4,06f2584d1dc84880b2d57d89ff5b9979412b82277aa38f52adcbad0dea5072c6,10.01125790000151,pyvrp,10.0,0.0,cvrp20_33114.json,0
"[""accepted""]",not_selected,True,8.881784197001252e-16,cvrp_s7799_n20-50-100_x66667_cvrp20_33313,0.0,True,True,0.0,0.0,0.0,20,4,False,6.51775712330181,False,False,,False,6.517757123301809,4,4,2.7254112201412803e-16,6.517757123301811,True,9102,6.517757123301809,283235533,4,289a0cfb2d5c1f8f1d8399c41e97a4c77c779cdcd176f3c98a85d651a170dada,10.016756100001658,pyvrp,10.0,1.36270561007064e-16,cvrp20_33313.json,0
"[""accepted""]",not_selected,True,0.0,cvrp_s7799_n20-50-100_x66667_cvrp20_33566,0.0,True,True,0.0,0.0,0.0,20,4,False,5.520878501272994,False,False,,False,5.520878501272994,4,4,0.0,5.520878501272994,True,9101,5.520878501272994,880548221,4,e4b77c551fea474a7440f61d9a713c05ba8d444ab2c77f4e76165bc9e03797ae,10.012625999999727,pyvrp,10.0,0.0,cvrp20_33566.json,0
"[""accepted""]",not_selected,True,0.0,cvrp_s7799_n20-50-100_x66667_cvrp20_33735,0.0,True,True,0.0,0.0,0.0,20,4,False,5.987935637763691,False,False,,False,5.987935637763691,4,4,1.4832798370421905e-16,5.987935637763692,True,9101,5.987935637763691,1516388395,4,5d6ba05c92810b749df241abf84f0d3ab03b4b074d81654a72f25976f779d11e,10.012708300000668,pyvrp,10.0,0.0,cvrp20_33735.json,0
"[""accepted""]",stable_control,True,8.881784197001252e-16,cvrp_s7799_n20-50-100_x66667_cvrp20_33908,0.0,True,True,0.0,0.0,0.0,20,4,False,4.899645844320494,False,True,4.899645844320493,True,4.899645844320493,4,4,1.812740038608448e-16,4.899645844320494,True,9101,4.899645844320493,4013669081,3,fb95e44709421deb26398ad85393fa0edacd36401b2418c7f39c9e7ddb634eb2,10.02729829999953,pyvrp,10.0,1.8127400386084477e-16,cvrp20_33908.json,0
"[""accepted""]",not_selected,True,8.881784197001252e-16,cvrp_s7799_n20-50-100_x66667_cvrp20_33921,0.0,True,True,0.0,0.0,0.0,20,4,False,4.808614655564804,False,False,,False,4.808614655564803,4,4,5.541170274513105e-16,4.8086146555648055,True,9103,4.808614655564803,1028319620,4,2783c45dc4c96977336fca487f235765e0758dd3364f1c7c30e0980f82246818,10.015802199999598,pyvrp,10.0,1.8470567581710344e-16,cvrp20_33921.json,0
"[""accepted""]",not_selected,True,8.881784197001252e-16,cvrp_s7799_n20-50-100_x66667_cvrp20_34008,0.0,True,True,0.0,0.0,0.0,20,4,False,7.056050060979045,False,False,,False,7.056050060979044,4,4,2.517494666348465e-16,7.056050060979046,True,9102,7.056050060979044,4155570629,5,9ebd8aeef5f4414448851863bc321c6d6e199e837d597a0e4a40b9b4d9a6f861,10.067216799998278,pyvrp,10.0,1.2587473331742324e-16,cvrp20_34008.json,0
"[""accepted""]",not_selected,True,0.0,cvrp_s7799_n20-50-100_x66667_cvrp20_34113,0.0,True,True,0.0,0.0,0.0,20,4,False,7.078785208296827,False,False,,False,7.078785208296827,4,4,2.509409153025631e-16,7.078785208296829,True,9101,7.078785208296827,507714475,4,e0ed5615fe97899c70720e5358084cc3f5daba62f6ef349cc9a45c2bf7e9aed0,10.010804900000949,pyvrp,10.0,0.0,cvrp20_34113.json,0
"[""accepted""]",not_selected,True,0.0,cvrp_s7799_n20-50-100_x66667_cvrp20_34299,0.0,True,True,0.0,0.0,0.0,20,4,False,5.154142710729937,False,False,,False,5.154142710729937,4,4,5.169696317397894e-16,5.15414271072994,True,9103,5.154142710729937,3115541719,3,602ce453dc5943be28008382779f401ee5445f0f4823ad9114bd84580f36cd9e,10.015562399999908,pyvrp,10.0,0.0,cvrp20_34299.json,0
"[""accepted""]",not_selected,True,0.0,cvrp_s7799_n20-50-100_x66667_cvrp20_34787,0.0,True,True,0.0,0.0,0.0,20,4,False,6.733478761445232,False,False,,False,6.733478761445232,4,4,2.6380967436496145e-16,6.733478761445234,True,9102,6.733478761445232,1388664645,4,bafae02e5ac9a7d05d9b307b3db729acac201155fe91dfc1a9f2fb874473647d,10.01128400000016,pyvrp,10.0,0.0,cvrp20_34787.json,0
"[""accepted""]",stable_control,True,8.881784197001252e-16,cvrp_s7799_n20-50-100_x66667_cvrp20_35654,0.0,True,True,0.0,0.0,0.0,20,4,False,5.289895163914064,False,True,5.289895163914063,True,5.289895163914064,4,4,1.67900949296498e-16,5.289895163914065,True,9101,5.289895163914063,3095644661,4,73a38722f5232c07ca05c917de700819e66a2ab76823b8da660d9c3daa2a848c,10.004100999998627,ortools,10.0,1.67900949296498e-16,cvrp20_35654.json,0
"[""accepted""]",not_selected,True,8.881784197001252e-16,cvrp_s7799_n20-50-100_x66667_cvrp20_35718,0.0,True,True,0.0,0.0,0.0,20,4,False,5.924681665325158,False,False,,False,5.924681665325157,4,4,2.998231702129368e-16,5.924681665325159,True,9102,5.924681665325157,1909407697,4,d15532a6a79b2047a51316560fdeb1f1cf134bf725fdd67359ebbb0f67757cd2,10.017257999999856,pyvrp,10.0,1.4991158510646838e-16,cvrp20_35718.json,0
"[""accepted""]",not_selected,True,0.0,cvrp_s7799_n20-50-100_x66667_cvrp20_3599,0.0,True,True,0.0,0.0,0.0,20,4,False,5.8592903495435085,False,False,,False,5.8592903495435085,4,4,1.515846402404896e-16,5.859290349543509,True,9101,5.8592903495435085,1188804406,3,952a052123b71cc25c655eb8f9f4e862f540409ac86e5167b90a3e38aec72eeb,10.010558600002696,pyvrp,10.0,0.0,cvrp20_3599.json,0
"[""accepted""]",not_selected,True,-8.881784197001252e-16,cvrp_s7799_n20-50-100_x66667_cvrp20_36008,0.0,True,True,0.0,0.0,0.0,20,4,False,5.34872963578607,False,False,,False,5.3487296357860705,4,4,1.6605408763937176e-16,5.348729635786071,True,9104,5.3487296357860705,3722503919,3,20514bfc0653a5920864f226429795dc60e5e1a0cfd92d13cde4951602576212,10.018105399998603,pyvrp,10.0,-1.6605408763937181e-16,cvrp20_36008.json,0
"[""accepted""]",not_selected,True,0.0,cvrp_s7799_n20-50-100_x66667_cvrp20_36484,0.0,True,True,0.0,0.0,0.0,20,4,False,5.641888785770353,False,False,,False,5.641888785770353,4,4,1.5742572273672565e-16,5.6418887857703535,True,9103,5.641888785770353,2233487844,3,ebe6ec2b42874952e4421847803476cbac16251fe8a67a6ce6edf07a93993e14,10.048539300001721,pyvrp,10.0,0.0,cvrp20_36484.json,0
"[""accepted""]",not_selected,True,8.881784197001252e-16,cvrp_s7799_n20-50-100_x66667_cvrp20_36493,0.0,True,True,0.0,0.0,0.0,20,4,False,6.860586869969569,False,False,,False,6.860586869969568,4,4,1.2946099751143666e-16,6.860586869969569,True,9104,6.860586869969568,3316479230,4,9480bc654c17bfd662745c6d5eb001ceb82b313757785f7b3bf80984b693a47f,10.015543999998044,pyvrp,10.0,1.2946099751143664e-16,cvrp20_36493.json,0
"[""accepted""]",not_selected,True,0.0,cvrp_s7799_n20-50-100_x66667_cvrp20_36697,0.0,True,True,0.0,0.0,0.0,20,4,False,6.394890314208443,False,False,,False,6.394890314208443,4,4,1.3888876525790163e-16,6.3948903142084434,True,9101,6.394890314208443,756288455,4,3d35bbbf05023e0e9a571a14f2b6060e717ab30172e8973c3ffa3edc1a5cbf9b,10.018624699998327,pyvrp,10.0,0.0,cvrp20_36697.json,0
"[""accepted""]",not_selected,True,0.0,cvrp_s7799_n20-50-100_x66667_cvrp20_36767,0.0,True,True,0.0,0.0,0.0,20,4,False,6.128545854035148,False,False,,False,6.128545854035148,4,4,2.8984964487630684e-16,6.12854585403515,True,9102,6.128545854035148,3352838261,3,3b41b36254954177541d32f2eadf1db9909b8b6d149bc859c0a0d38f992daa22,10.024873400001525,pyvrp,10.0,0.0,cvrp20_36767.json,0
"[""accepted""]",not_selected,True,0.0,cvrp_s7799_n20-50-100_x66667_cvrp20_36800,0.0,True,True,0.0,0.0,0.0,20,4,False,6.010932250201505,False,False,,False,6.010932250201505,4,4,1.4776051080435163e-16,6.010932250201506,True,9102,6.010932250201505,2934879763,4,7036ce66110ad3f8c43e65584c9f33628874c12e9aaf569287b836a1f98c5641,10.013422700001684,pyvrp,10.0,0.0,cvrp20_36800.json,0
"[""accepted""]",not_selected,True,-1.7763568394002505e-15,cvrp_s7799_n20-50-100_x66667_cvrp20_37039,0.0,True,True,0.0,0.0,0.0,20,4,False,7.180129742283101,False,False,,False,7.1801297422831025,4,4,1.2369949451884231e-16,7.180129742283103,True,9101,7.1801297422831025,3264009172,4,25f83056844f04016a3bafd609392b26ce2f291795d01f7ab4abef2ea753652e,10.016157199999725,pyvrp,10.0,-2.473989890376847e-16,cvrp20_37039.json,0
"[""accepted""]",not_selected,True,1.7763568394002505e-15,cvrp_s7799_n20-50-100_x66667_cvrp20_37078,0.0,True,True,0.0,0.0,0.0,20,4,False,5.282182122160475,False,False,,False,5.2821821221604734,4,4,3.362922364883739e-16,5.282182122160475,True,9102,5.2821821221604734,1581828142,3,dab81af42362238b143492b2a47f9e6806f2211ea6e329c8b4efae3dea877e59,10.021002800000133,pyvrp,10.0,3.3629223648837373e-16,cvrp20_37078.json,0
"[""accepted""]",not_selected,True,0.0005315688850453526,cvrp_s7799_n20-50-100_x66667_cvrp20_37168,0.04736842105263158,True,True,0.45,0.04736842105263158,0.02368421052631579,20,4,False,5.406955590570198,False,False,,False,5.406424021685153,4,4,9.832171559486107e-05,5.406955590570198,True,9103,5.406424021685153,2735596440,4,50da549e09e94fd40c51d61ba4df13be53507e0c7a04331b56debf258a4fa11e,10.015621200000169,pyvrp,10.0,9.831204938550185e-05,cvrp20_37168.json,0
"[""accepted""]",not_selected,True,0.0,cvrp_s7799_n20-50-100_x66667_cvrp20_37735,0.0,True,True,0.0,0.0,0.0,20,4,False,6.768376998624277,False,False,,False,6.768376998624277,4,4,1.3122472638280257e-16,6.768376998624278,True,9103,6.768376998624277,1768138316,4,00d9a20d905ec0c1f57c0e22d4b6efd20e053cc759dadb6f1d95d6438de0f4f5,10.019573099998524,pyvrp,10.0,0.0,cvrp20_37735.json,0
"[""accepted""]",stable_control,True,-8.881784197001252e-16,cvrp_s7799_n20-50-100_x66667_cvrp20_37899,0.0,True,True,0.0,0.0,0.0,20,4,False,5.3506572273966,False,True,5.350657227396602,True,5.350657227396601,4,4,3.31988532232058e-16,5.350657227396603,True,9101,5.350657227396601,3803187758,3,8d2d97db8bb8581bbdcfbafe06d0ba34d5fc415f62b3b4005213d141bb7a8bd9,10.016041399998358,pyvrp,10.0,-1.6599426611602902e-16,cvrp20_37899.json,0
"[""accepted""]",not_selected,True,7.093315834794112e-05,cvrp_s7799_n20-50-100_x66667_cvrp20_38272,0.04736842105263158,True,True,0.45,0.04736842105263158,0.02368421052631579,20,4,False,7.487760564490107,False,False,,False,7.487689631331759,4,4,9.473303761418478e-06,7.487760564490108,True,9101,7.487689631331759,2725947489,4,d57e94acda7bb2d402c22a591887b650e424c8ed05acee24d2b3af13561c8476,10.025699700003315,pyvrp,10.0,9.473214018665866e-06,cvrp20_38272.json,0
"[""accepted""]",not_selected,True,-8.881784197001252e-16,cvrp_s7799_n20-50-100_x66667_cvrp20_38323,0.0,True,True,0.0,0.0,0.0,20,4,False,7.169455903741408,False,False,,False,7.169455903741409,4,4,1.2388365750832304e-16,7.16945590374141,True,9102,7.169455903741409,540703394,4,933049f06af6ef8f47a753e29b8aeb34424afe0528fedd97f4299609ea1187a5,10.039073100000678,pyvrp,10.0,-1.2388365750832304e-16,cvrp20_38323.json,0
"[""accepted""]",not_selected,True,8.881784197001252e-16,cvrp_s7799_n20-50-100_x66667_cvrp20_38423,0.0,True,True,0.0,0.0,0.0,20,4,False,5.177520969485087,False,False,,False,5.177520969485086,4,4,3.430902259729355e-16,5.177520969485088,True,9104,5.177520969485086,812812215,4,32d88eec05bc58014b7a6eb1a6eec0e3f07184839853730e8a2d139b2b31f53d,10.021660200000042,pyvrp,10.0,1.7154511298646773e-16,cvrp20_38423.json,0
"[""accepted""]",not_selected,True,8.881784197001252e-16,cvrp_s7799_n20-50-100_x66667_cvrp20_38515,0.0,True,True,0.0,0.0,0.0,20,4,False,5.744757820413888,False,False,,False,5.744757820413887,4,4,1.5460676454349394e-16,5.744757820413888,True,9101,5.744757820413887,3617703324,4,45ce070c9746430b1687a41dbf33a02e459c6bec99667488ccc51b67eafd5d79,10.012677800001256,pyvrp,10.0,1.5460676454349391e-16,cvrp20_38515.json,0
"[""accepted""]",not_selected,True,0.0005392423504222421,cvrp_s7799_n20-50-100_x66667_cvrp20_38566,0.0,True,True,0.0,0.0,0.0,20,4,False,8.170149670962271,False,False,,False,8.169610428611849,4,4,6.600588303842683e-05,8.17014967096227,True,9101,8.169610428611849,1573901716,4,b2854210b2e7951f898f69238a4c37f292e346e5ee2fe88c439ac602caa146ea,10.01631659999839,pyvrp,10.0,6.600152654960246e-05,cvrp20_38566.json,0
"[""accepted""]",not_selected,True,0.0,cvrp_s7799_n20-50-100_x66667_cvrp20_3871,0.0,True,True,0.0,0.0,0.0,20,4,False,4.565275586300749,False,False,,False,4.565275586300749,4,4,3.8910177618425784e-16,4.565275586300751,True,9101,4.565275586300749,2101798322,4,70416a364651959ff31ce73bf065d08a67107da299c86424a8daff0f3b785f9a,10.017290100000537,pyvrp,10.0,0.0,cvrp20_3871.json,0
"[""accepted""]",not_selected,True,8.881784197001252e-16,cvrp_s7799_n20-50-100_x66667_cvrp20_38770,0.0,True,True,0.0,0.0,0.0,20,4,False,5.384077871405829,False,False,,False,5.384077871405828,4,4,1.6496388813711835e-16,5.384077871405829,True,9101,5.384077871405828,3150904649,4,f0a97844dc6c6b9214ee87e7be77140a7e793fdcdfdbb8a858fd3538e9ed5fc8,10.015006300000096,pyvrp,10.0,1.6496388813711832e-16,cvrp20_38770.json,0
"[""accepted""]",not_selected,True,8.881784197001252e-16,cvrp_s7799_n20-50-100_x66667_cvrp20_38863,0.0,True,True,0.0,0.0,0.0,20,4,False,5.952106412510338,False,False,,False,5.952106412510337,4,4,2.984417139563641e-16,5.9521064125103385,True,9101,5.952106412510337,650285704,4,833929994ba706d44c759800455122e1694c4c77806af6d0451802a9d7a3ef85,10.017718899998727,pyvrp,10.0,1.4922085697818203e-16,cvrp20_38863.json,0
"[""accepted""]",not_selected,True,8.881784197001252e-16,cvrp_s7799_n20-50-100_x66667_cvrp20_38907,0.0,True,True,0.0,0.0,0.0,20,4,False,5.76801038849372,False,False,,False,5.768010388493719,4,4,4.61950495861746e-16,5.768010388493722,True,9102,5.768010388493719,428876886,4,602d35e4cbc2fcc7f9886a6f79e2292b3565b0f2f30623dd365e40422fe59dee,10.013371399996686,pyvrp,10.0,1.5398349862058197e-16,cvrp20_38907.json,0
"[""accepted""]",stable_control,True,8.881784197001252e-16,cvrp_s7799_n20-50-100_x66667_cvrp20_38996,0.0,True,True,0.0,0.0,0.0,20,4,False,6.073698470202488,False,True,6.073698470202488,True,6.073698470202487,4,4,1.4623353860214184e-16,6.073698470202488,True,9102,6.073698470202487,3385724808,4,24788453fb91e30cd2f4e73b6e3fcbf6ecbcc1e5ea1303b69c5f1dd6a9a1f4d5,10.015651199999411,pyvrp,10.0,1.4623353860214182e-16,cvrp20_38996.json,0
"[""accepted""]",not_selected,True,0.0,cvrp_s7799_n20-50-100_x66667_cvrp20_39026,0.0,True,True,0.0,0.0,0.0,20,4,False,4.806078268209445,False,False,,False,4.806078268209445,4,4,1.8480315345156153e-16,4.806078268209446,True,9102,4.806078268209445,3493262098,4,e53596c07b83c201d7a92c86b8bcb4f81c604803b973e5b2916282bef1582397,10.021235199998046,pyvrp,10.0,0.0,cvrp20_39026.json,0
"[""accepted""]",not_selected,True,0.0,cvrp_s7799_n20-50-100_x66667_cvrp20_39235,0.0,True,True,0.0,0.0,0.0,20,4,False,6.012185545376982,False,False,,False,6.012185545376982,4,4,2.95459417543453e-16,6.012185545376984,True,9102,6.012185545376982,1973699965,4,398cb9c155a543007e04db8fc2d3543219a05cc92445e7114ef483120c54c1cf,10.0193016000012,pyvrp,10.0,0.0,cvrp20_39235.json,0
"[""accepted""]",not_selected,True,0.0,cvrp_s7799_n20-50-100_x66667_cvrp20_39237,0.0,True,True,0.0,0.0,0.0,20,4,False,6.884147446741324,False,False,,False,6.884147446741324,4,4,1.2901792510567926e-16,6.884147446741325,True,9102,6.884147446741324,1847344656,4,471f362b462103fef39f97deeaec9489adc67c403f1d33a696ca9a158dd3a0b2,10.011483599999337,pyvrp,10.0,0.0,cvrp20_39237.json,0
"[""accepted""]",not_selected,True,8.881784197001252e-16,cvrp_s7799_n20-50-100_x66667_cvrp20_39585,0.0,True,True,0.0,0.0,0.0,20,4,False,5.727347919699313,False,False,,False,5.727347919699312,4,4,1.5507673571658186e-16,5.727347919699313,True,9101,5.727347919699312,780917536,4,2b4fc82bae506f0914d5f78e7ae70bac6687a4dcbcd069617178b4e841d83652,10.013438599999063,pyvrp,10.0,1.5507673571658184e-16,cvrp20_39585.json,0
"[""accepted""]",stable_control,True,0.0,cvrp_s7799_n20-50-100_x66667_cvrp20_39897,0.0,True,True,0.0,0.0,0.0,20,4,False,6.0470156599420175,False,True,6.148463587252731,True,6.0470156599420175,4,4,2.9375760528744573e-16,6.047015659942019,True,9101,6.0470156599420175,589587237,4,c0cb7a16f0c19325f04dd8064efced061c717ced4eb4f3d4484e5efc02c06487,10.008621199998743,pyvrp,10.0,0.0,cvrp20_39897.json,0
"[""accepted""]",not_selected,True,0.0,cvrp_s7799_n20-50-100_x66667_cvrp20_39902,0.0,True,True,0.0,0.0,0.0,20,4,False,6.103125486184743,False,False,,False,6.103125486184743,4,4,1.4552845451246878e-16,6.1031254861847435,True,9101,6.103125486184743,3356554359,3,931e6d6631e8ff708110c47450298255dc83b0bbb3e6e715ef8ded7f4ce4a039,10.016580699997576,pyvrp,10.0,0.0,cvrp20_39902.json,0
"[""accepted""]",not_selected,True,0.0,cvrp_s7799_n20-50-100_x66667_cvrp20_40245,0.0,True,True,0.0,0.0,0.0,20,4,False,4.370690272295058,False,False,,False,4.370690272295058,4,4,2.0321239080474604e-16,4.370690272295059,True,9102,4.370690272295058,4126034007,3,99ae73d07993078c67537982591c46ce31652bdb1cc2d8b8d12e4020ee663066,10.016141599997354,pyvrp,10.0,0.0,cvrp20_40245.json,0
"[""accepted""]",not_selected,True,0.0,cvrp_s7799_n20-50-100_x66667_cvrp20_40269,0.0,True,True,0.0,0.0,0.0,20,4,False,6.509502191530391,False,False,,False,6.509502191530391,4,4,0.0,6.509502191530391,True,9101,6.509502191530391,3634746716,5,cb7992a03110feaf3eb5cde1be2217f6383f812ff9f7df1ef8c51833dd99f377,10.010603099999571,pyvrp,10.0,0.0,cvrp20_40269.json,0
"[""accepted""]",not_selected,True,0.0,cvrp_s7799_n20-50-100_x66667_cvrp20_40360,0.0,True,True,0.0,0.0,0.0,20,4,False,6.743078214183432,False,False,,False,6.743078214183432,4,4,1.3171705732730867e-16,6.7430782141834325,True,9102,6.743078214183432,627352729,5,f0c91bf26d50b890252c2cc45e228a42bff3d17051fb398f265cb816c2b6a827,10.015502500002185,pyvrp,10.0,0.0,cvrp20_40360.json,0
"[""accepted""]",stable_control,True,0.0,cvrp_s7799_n20-50-100_x66667_cvrp20_4048,0.0,True,True,0.0,0.0,0.0,20,4,False,6.423064924210748,False,True,6.423064924210749,True,6.423064924210748,4,4,2.7655906648312844e-16,6.42306492421075,True,9104,6.423064924210748,3608427993,4,0197af88bd16272f147ff0343ddabcf7f69f2d02d1e86a920eb2f481d844980a,10.00960860000123,pyvrp,10.0,0.0,cvrp20_4048.json,0
"[""accepted""]",not_selected,True,8.881784197001252e-16,cvrp_s7799_n20-50-100_x66667_cvrp20_40539,0.0,True,True,0.0,0.0,0.0,20,4,False,5.890528148459213,False,False,,False,5.890528148459212,4,4,3.015615568978977e-16,5.890528148459214,True,9101,5.890528148459212,2504539449,4,2df0ab13a28b5a0f969f2e5978ef0ddd139d81e0489e619d7601ffd7d2761625,10.012667599999986,pyvrp,10.0,1.5078077844894883e-16,cvrp20_40539.json,0
"[""accepted""]",not_selected,True,8.881784197001252e-16,cvrp_s7799_n20-50-100_x66667_cvrp20_40828,0.0,True,True,0.0,0.0,0.0,20,4,False,5.327960121909409,False,False,,False,5.327960121909408,4,4,3.3340280309073493e-16,5.32796012190941,True,9103,5.327960121909408,3365713844,4,9efc775eea09cf78ebba67affbd6e491373ef2466ad0c588b528b54261d911bb,10.025113899999269,pyvrp,10.0,1.6670140154536744e-16,cvrp20_40828.json,0
"[""accepted""]",not_selected,True,8.881784197001252e-16,cvrp_s7799_n20-50-100_x66667_cvrp20_40927,0.0,True,True,0.0,0.0,0.0,20,4,False,6.485892727300952,False,False,,False,6.485892727300951,4,4,1.3694004157076665e-16,6.485892727300952,True,9102,6.485892727300951,2830620585,3,b2b8aee43b672c33f23ae6daf0600bd0689e5c93ae5f8afd64e44b9212e5b564,10.017534200000227,pyvrp,10.0,1.3694004157076663e-16,cvrp20_40927.json,0
"[""accepted""]",stable_control,True,-8.881784197001252e-16,cvrp_s7799_n20-50-100_x66667_cvrp20_41083,0.0,True,True,0.0,0.0,0.0,20,4,False,5.722722732161889,False,True,5.722722732161892,True,5.72272273216189,4,4,0.0,5.72272273216189,True,9101,5.72272273216189,3128986382,3,b50d10fc82051337a9ed159c6a40bfe7c2263cc0df31b8fcef5ce1363b03b860,10.01062660000025,pyvrp,10.0,-1.5520207098424206e-16,cvrp20_41083.json,0
"[""accepted""]",not_selected,True,8.881784197001252e-16,cvrp_s7799_n20-50-100_x66667_cvrp20_41106,0.0,True,True,0.0,0.0,0.0,20,4,False,5.648726852767108,False,False,,False,5.6487268527671075,4,4,3.144703020168301e-16,5.648726852767109,True,9101,5.6487268527671075,1057769756,4,4ec568a7902f88c7cb0e04e6c143499078a1bababe1f39d3a5fdbe4b1300572a,10.029056899998977,pyvrp,10.0,1.5723515100841502e-16,cvrp20_41106.json,0
"[""accepted""]",not_selected,True,8.881784197001252e-16,cvrp_s7799_n20-50-100_x66667_cvrp20_41146,0.0,True,True,0.0,0.0,0.0,20,4,False,5.924397606349998,False,False,,False,5.924397606349997,4,4,4.497563188946712e-16,5.9243976063499995,True,9102,5.924397606349997,188023154,3,780b68d28ed73ac4420294e5ce3587beeae1c524e0813d5467c430af3ce3360a,10.015781300000526,pyvrp,10.0,1.4991877296489038e-16,cvrp20_41146.json,0
"[""accepted""]",not_selected,True,8.881784197001252e-16,cvrp_s7799_n20-50-100_x66667_cvrp20_41227,0.0,True,True,0.0,0.0,0.0,20,4,False,5.6373383744044645,False,False,,False,5.637338374404464,4,4,1.5755279543494737e-16,5.6373383744044645,True,9103,5.637338374404464,2988487100,3,a3aa0c91b5317776fd3333fd0715665fbbb67309b341e1a2779e6c1e5de964be,10.00946710000062,pyvrp,10.0,1.5755279543494734e-16,cvrp20_41227.json,0
"[""accepted""]",stable_control,True,-8.881784197001252e-16,cvrp_s7799_n20-50-100_x66667_cvrp20_41244,0.0,True,True,0.0,0.0,0.0,20,4,False,5.9380903753246015,False,True,5.938090375324603,True,5.938090375324602,4,4,1.4957307207564578e-16,5.938090375324603,True,9101,5.938090375324602,4163695254,4,6e5f890d11313b37ad0b4cccc1e3b7466032773901de9f4fe80631d7f37d2afa,10.021392599999672,pyvrp,10.0,-1.495730720756458e-16,cvrp20_41244.json,0
"[""accepted""]",not_selected,True,8.881784197001252e-16,cvrp_s7799_n20-50-100_x66667_cvrp20_41291,0.0,True,True,0.0,0.0,0.0,20,4,False,5.891521200239316,False,False,,False,5.891521200239315,4,4,3.0151072686084785e-16,5.891521200239317,True,9103,5.891521200239315,1983262801,3,450fb41115d7f236435d2e6e1e6ce684ca730bebf395334acbc56aff76c265cb,10.01588979999724,pyvrp,10.0,1.507553634304239e-16,cvrp20_41291.json,0
"[""accepted""]",not_selected,True,0.0,cvrp_s7799_n20-50-100_x66667_cvrp20_41846,0.0,True,True,0.0,0.0,0.0,20,4,False,5.690673849906242,False,False,,False,5.690673849906242,4,4,1.560761419695066e-16,5.690673849906243,True,9102,5.690673849906242,329053015,4,5cd92d7e111e1f63479ebbde86e94f8647c8fba9440d8c0ee009e9ac8c65a7d7,10.01752249999845,pyvrp,10.0,0.0,cvrp20_41846.json,0
"[""accepted""]",not_selected,True,8.881784197001252e-16,cvrp_s7799_n20-50-100_x66667_cvrp20_42051,0.0,True,True,0.0,0.0,0.0,20,4,False,4.962917242033144,False,False,,False,4.962917242033143,4,4,3.5792594411115667e-16,4.962917242033145,True,9101,4.962917242033143,1861751480,4,cead680a91f1d8af64caf933e64f369b4e2a7b712594c13b669abef679517e20,10.01415629999974,pyvrp,10.0,1.789629720555783e-16,cvrp20_42051.json,0
"[""accepted""]",not_selected,True,0.0005579758642459964,cvrp_s7799_n20-50-100_x66667_cvrp20_42098,0.0,True,True,0.0,0.0,0.0,20,4,False,5.635067775308563,False,False,,False,5.634509799444317,4,4,9.902828890312923e-05,5.635067775308564,True,9104,5.634509799444317,1565400140,4,4741c11f5f1ebb99297f2ea154005f4623841cf0fa4ea4572517a91dd347fd5a,10.015308699999878,pyvrp,10.0,9.901848327200341e-05,cvrp20_42098.json,0
"[""accepted""]",not_selected,True,-8.881784197001252e-16,cvrp_s7799_n20-50-100_x66667_cvrp20_42147,0.0,True,True,0.0,0.0,0.0,20,4,False,6.03334166431271,False,False,,False,6.033341664312711,4,4,2.944233789886992e-16,6.0333416643127125,True,9102,6.033341664312711,2534030480,4,7b2cbc9a21ab9142a8f33a1ccb856d30db14a2523aeb57bb1634b69d2c6572b9,10.014239399999497,pyvrp,10.0,-1.4721168949434962e-16,cvrp20_42147.json,0
"[""accepted""]",not_selected,True,0.0,cvrp_s7799_n20-50-100_x66667_cvrp20_42324,0.0,True,True,0.0,0.0,0.0,20,4,False,5.415532181479932,False,False,,False,5.415532181479932,4,4,1.6400575048515506e-16,5.415532181479933,True,9103,5.415532181479932,606524662,3,1724ea1e5511021ad669e4c56a5a97bdb0904390cda1dc21dc7cb6fc222deea6,10.01686619999964,pyvrp,10.0,0.0,cvrp20_42324.json,0
"[""accepted""]",not_selected,True,1.7763568394002505e-15,cvrp_s7799_n20-50-100_x66667_cvrp20_42326,0.0,True,True,0.0,0.0,0.0,20,4,False,5.51829136163539,False,False,,False,5.518291361635388,4,4,3.2190341592869675e-16,5.51829136163539,True,9101,5.518291361635388,204250059,3,64f717c53195e98f439a708144b7d79cbc242d42b38ea70bb0e0610975f53d8e,10.012338399999862,pyvrp,10.0,3.219034159286966e-16,cvrp20_42326.json,0
"[""accepted""]",stable_control,True,8.881784197001252e-16,cvrp_s7799_n20-50-100_x66667_cvrp20_42435,0.0,True,True,0.0,0.0,0.0,20,4,False,6.186333883980518,False,True,6.186333883980518,True,6.1863338839805175,4,4,1.435710448800798e-16,6.186333883980518,True,9101,6.1863338839805175,3513631905,4,35f8f844011db047ff4be82acdd80cb2ae0fa57f4fb2cfe873fc1bf1ae91c758,10.027801300002466,pyvrp,10.0,1.4357104488007977e-16,cvrp20_42435.json,0
"[""accepted""]",not_selected,True,-8.881784197001252e-16,cvrp_s7799_n20-50-100_x66667_cvrp20_42441,0.0,True,True,0.0,0.0,0.0,20,4,False,5.644612335151367,False,False,,False,5.6446123351513675,4,4,6.0687456711204754e-05,5.6449548923181085,True,9101,5.6446123351513675,3317503240,4,c6472a2da79195ec415da510256747d89f796f1338c16a358ea7850ea2a8f10d,10.027544099997613,pyvrp,10.0,-1.5734976415812757e-16,cvrp20_42441.json,0
"[""accepted""]",not_selected,True,8.881784197001252e-16,cvrp_s7799_n20-50-100_x66667_cvrp20_42462,0.0,True,True,0.0,0.0,0.0,20,4,False,6.891792067027151,False,False,,False,6.89179206702715,4,4,1.2887481384551563e-16,6.891792067027151,True,9103,6.89179206702715,3033828794,3,fdfeb1f39a96733e4d0a06cc99187cf4e7f7376569b40239aaebd1c7ff9fad74,10.016185899999982,pyvrp,10.0,1.288748138455156e-16,cvrp20_42462.json,0
"[""accepted""]",not_selected,True,8.881784197001252e-16,cvrp_s7799_n20-50-100_x66667_cvrp20_4251,0.0,True,True,0.0,0.0,0.0,20,4,False,4.5998835630701125,False,False,,False,4.599883563070112,4,4,1.930871526468218e-16,4.5998835630701125,True,9103,4.599883563070112,670204914,4,a7f46c3f61eb4357fb523f1c7992766a9eced598b6413ed6beaadb35aa40a6bb,10.017586499998288,pyvrp,10.0,1.9308715264682177e-16,cvrp20_4251.json,0
"[""accepted""]",not_selected,True,0.0,cvrp_s7799_n20-50-100_x66667_cvrp20_42596,0.0,True,True,0.0,0.0,0.0,20,4,False,7.004485658922206,False,False,,False,7.004485658922206,4,4,2.536027519932965e-16,7.004485658922208,True,9103,7.004485658922206,3861772246,4,b4bb3c10f6a10d4f4a9a8b8c373b270e2e78e8c9b730c23ab6b9c9606a1898ad,10.014645900002506,pyvrp,10.0,0.0,cvrp20_42596.json,0
"[""accepted""]",not_selected,True,8.881784197001252e-16,cvrp_s7799_n20-50-100_x66667_cvrp20_42638,0.0,True,True,0.0,0.0,0.0,20,4,False,6.184014966509358,False,False,,False,6.184014966509357,4,4,2.872497639511595e-16,6.184014966509359,True,9102,6.184014966509357,230578482,4,18634dd78978244d2d87e8936cce453019c3f1cb8c645666d3d9d66cea5df0dd,10.012450400001399,pyvrp,10.0,1.4362488197557973e-16,cvrp20_42638.json,0
"[""accepted""]",not_selected,True,8.881784197001252e-16,cvrp_s7799_n20-50-100_x66667_cvrp20_42729,0.0,True,True,0.0,0.0,0.0,20,4,False,6.11885948717085,False,False,,False,6.118859487170849,4,4,4.3546273038088106e-16,6.118859487170852,True,9101,6.118859487170849,1653368438,4,780f3e78c26f32f27600eda64f7ff51647185fbcb22ef0ae7b3b0ea38e699464,10.00888599999962,pyvrp,10.0,1.4515424346029367e-16,cvrp20_42729.json,0
"[""accepted""]",not_selected,True,1.7763568394002505e-15,cvrp_s7799_n20-50-100_x66667_cvrp20_42787,0.0,True,True,0.0,0.0,0.0,20,4,False,7.036233803087838,False,False,,False,7.036233803087836,4,4,2.5245847268757613e-16,7.036233803087838,True,9101,7.036233803087836,3608212639,4,588cd52d5012dd946b43652d2fbfd64a4ff24c83d7ad3dd5ee4d38b24e7cf00a,10.01124820000041,pyvrp,10.0,2.524584726875761e-16,cvrp20_42787.json,0
"[""accepted""]",not_selected,True,8.881784197001252e-16,cvrp_s7799_n20-50-100_x66667_cvrp20_43057,0.0,True,True,0.0,0.0,0.0,20,4,False,6.8246470001891275,False,False,,False,6.824647000189127,4,4,2.602855267607282e-16,6.824647000189128,True,9103,6.824647000189127,3040080100,4,c8ce7bc724987fa465b019cf7eb723cb66e70ff6ded777ef5949b21f5e4602f4,10.018497500001104,pyvrp,10.0,1.3014276338036409e-16,cvrp20_43057.json,0
"[""accepted""]",not_selected,True,0.0,cvrp_s7799_n20-50-100_x66667_cvrp20_43213,0.0,True,True,0.0,0.0,0.0,20,4,False,6.20775739017101,False,False,,False,6.20775739017101,4,4,2.8615113764156234e-16,6.207757390171012,True,9103,6.20775739017101,79428857,4,46aaf72be5c34302c43e7b30ada215d56f7da4305835510f4e2541e2aa89174a,10.010170800000196,pyvrp,10.0,0.0,cvrp20_43213.json,0
"[""accepted""]",not_selected,True,0.0,cvrp_s7799_n20-50-100_x66667_cvrp20_43467,0.0,True,True,0.0,0.0,0.0,20,4,False,5.463710423561484,False,False,,False,5.463710423561484,4,4,3.2511914096690795e-16,5.463710423561486,True,9104,5.463710423561484,2075704293,4,ba19f4235beccf453e7b6cd4169cdca4b54c3aa816c4bfca80cf9248dce853d0,10.015594899999996,pyvrp,10.0,0.0,cvrp20_43467.json,0
"[""accepted""]",not_selected,True,8.881784197001252e-16,cvrp_s7799_n20-50-100_x66667_cvrp20_43543,0.0,True,True,0.0,0.0,0.0,20,4,False,6.605874738417773,False,False,,False,6.605874738417772,4,4,1.3445280978985989e-16,6.605874738417773,True,9101,6.605874738417772,3452082265,4,d1bad2bd8d8a7e1a851f923b96201d87c4e8da364ca7bc1b95b4b7ce54c436da,10.013490900000761,pyvrp,10.0,1.3445280978985989e-16,cvrp20_43543.json,0
"[""accepted""]",not_selected,True,0.0,cvrp_s7799_n20-50-100_x66667_cvrp20_43553,0.0,True,True,0.0,0.0,0.0,20,4,False,6.647133757085738,False,False,,False,6.647133757085738,4,4,0.0,6.647133757085738,True,9101,6.647133757085738,695112718,4,579d0f8b2daa4654f23777e185fb96dc7f5bd0d0e6278318f4432c1991da2dd6,10.011091799999122,pyvrp,10.0,0.0,cvrp20_43553.json,0
"[""accepted""]",not_selected,True,0.0,cvrp_s7799_n20-50-100_x66667_cvrp20_43675,0.0,True,True,0.0,0.0,0.0,20,4,False,5.46653574620414,False,False,,False,5.46653574620414,4,4,1.6247555324537294e-16,5.466535746204141,True,9101,5.46653574620414,3322431952,3,f45d1e1e98ea38dfc9c224cf58f197cfd3d2f66b34bc5c531a7bafa359114247,10.014377999999851,pyvrp,10.0,0.0,cvrp20_43675.json,0
"[""accepted""]",not_selected,True,0.0,cvrp_s7799_n20-50-100_x66667_cvrp20_4376,0.0,True,True,0.0,0.0,0.0,20,4,False,8.403972094286745,False,False,,False,8.403972094286745,4,4,0.0,8.403972094286745,True,9101,8.403972094286745,2699826402,4,bf0952aea003b433a47d0c834b200ef41c8d07ac68dd256fe4803ebc69bf9aeb,10.009576500000549,pyvrp,10.0,0.0,cvrp20_4376.json,0
"[""accepted""]",not_selected,True,0.0,cvrp_s7799_n20-50-100_x66667_cvrp20_43831,0.0,True,True,0.0,0.0,0.0,20,4,False,6.503800272871011,False,False,,False,6.503800272871011,4,4,1.3656299124143482e-16,6.503800272871012,True,9103,6.503800272871011,4053743254,3,c34bd520609989616427add0743892d60e06478ebf8d56134ed18dea2d447e3b,10.017272999997658,pyvrp,10.0,0.0,cvrp20_43831.json,0
"[""accepted""]",not_selected,True,8.881784197001252e-16,cvrp_s7799_n20-50-100_x66667_cvrp20_43965,0.0,True,True,0.0,0.0,0.0,20,4,False,4.742262954158943,False,False,,False,4.742262954158942,4,4,3.745799962109638e-16,4.742262954158944,True,9104,4.742262954158942,1821586231,3,c40fc640786e5d17278eae9b67a8537509d4ac132ac270238e9aed42ddee70b5,10.017865599998913,pyvrp,10.0,1.8728999810548186e-16,cvrp20_43965.json,0
"[""accepted""]",not_selected,True,0.0012859238497107128,cvrp_s7799_n20-50-100_x66667_cvrp20_44097,0.0,True,True,0.0,0.0,0.0,20,4,False,6.45248162891627,False,False,,False,6.451195705066559,4,4,2.753531160130761e-16,6.451195705066561,True,9101,6.451195705066559,3057611129,4,e626f0da42b6dfed8d06ae104b30fb223b5d77c790efbf52c30288f3690996f4,10.015905100000964,pyvrp,10.0,0.00019929136162867168,cvrp20_44097.json,0
"[""accepted""]",not_selected,True,1.7763568394002505e-15,cvrp_s7799_n20-50-100_x66667_cvrp20_44282,0.0,True,True,0.0,0.0,0.0,20,4,False,6.610387063367208,False,False,,False,6.610387063367206,4,4,5.374441231268561e-16,6.6103870633672095,True,9104,6.610387063367206,907689270,4,82387c86b6b7b1e26ce121d880f8f9447dc9733dc25c35a7383f175e88526b3b,10.021106399999553,pyvrp,10.0,2.6872206156342793e-16,cvrp20_44282.json,0
"[""accepted""]",not_selected,True,8.881784197001252e-16,cvrp_s7799_n20-50-100_x66667_cvrp20_44327,0.0,True,True,0.0,0.0,0.0,20,4,False,6.026273346548208,False,False,,False,6.026273346548207,4,4,2.947687131413863e-16,6.026273346548209,True,9104,6.026273346548207,3883372499,4,e8a3f16725c418fd4e18102adf87988dfeaf2eaa40fcd905c7a6ed655ddef8d0,10.014160700000502,pyvrp,10.0,1.4738435657069313e-16,cvrp20_44327.json,0
"[""accepted""]",not_selected,True,1.7763568394002505e-15,cvrp_s7799_n20-50-100_x66667_cvrp20_44594,0.0,True,True,0.0,0.0,0.0,20,4,False,5.936398993559486,False,False,,False,5.936398993559484,4,4,2.9923137601220117e-16,5.936398993559486,True,9103,5.936398993559484,2211629789,4,dec35fe36de7494ba5a26c8526896b112937af906652a0773367631a62cb628a,10.030806500002655,pyvrp,10.0,2.9923137601220107e-16,cvrp20_44594.json,0
"[""accepted""]",not_selected,True,0.0,cvrp_s7799_n20-50-100_x66667_cvrp20_44603,0.0,True,True,0.0,0.0,0.0,20,4,False,6.104461511942134,False,False,,False,6.104461511942134,4,4,0.0,6.104461511942134,True,9101,6.104461511942134,965709975,4,22deb7d0d4370039001df43fbed79f18179a1b91b9fd7e7606855ec99a06fc45,10.013431100000162,pyvrp,10.0,0.0,cvrp20_44603.json,0
"[""accepted""]",not_selected,True,8.881784197001252e-16,cvrp_s7799_n20-50-100_x66667_cvrp20_44662,0.0,True,True,0.0,0.0,0.0,20,4,False,5.5324990590387815,False,False,,False,5.532499059038781,4,4,3.210767540028964e-16,5.532499059038782,True,9101,5.532499059038781,2998128696,4,548f987cb7e7d17b9191e631bf7c788287bb02d3d29c676959dc9094c26ef6cd,10.01285260000077,pyvrp,10.0,1.6053837700144818e-16,cvrp20_44662.json,0
"[""accepted""]",not_selected,True,8.881784197001252e-16,cvrp_s7799_n20-50-100_x66667_cvrp20_44664,0.0,True,True,0.0,0.0,0.0,20,4,False,6.109974852238838,False,False,,False,6.109974852238837,4,4,2.9073063021680883e-16,6.109974852238839,True,9101,6.109974852238837,3659085814,4,33e674754447f273bea3cadbf1f1a74dd8e9163ae97165148695db0d0986a777,10.016086600000563,pyvrp,10.0,1.453653151084044e-16,cvrp20_44664.json,0
"[""accepted""]",not_selected,True,1.7763568394002505e-15,cvrp_s7799_n20-50-100_x66667_cvrp20_44944,0.0,True,True,0.0,0.0,0.0,20,4,False,7.163167114198956,False,False,,False,7.163167114198954,4,4,2.479848384214191e-16,7.163167114198956,True,9103,7.163167114198954,1901340889,4,54b9118e73dab3f0ef38ea5b5c21ce0840bc7fb02aea8e63a5b6071ee866a985,10.024206900001445,pyvrp,10.0,2.4798483842141903e-16,cvrp20_44944.json,0
"[""accepted""]",not_selected,True,1.7763568394002505e-15,cvrp_s7799_n20-50-100_x66667_cvrp20_45008,0.0,True,True,0.0,0.0,0.0,20,4,False,5.890956634825244,False,False,,False,5.890956634825242,4,4,3.0153962242720646e-16,5.890956634825244,True,9103,5.890956634825242,3745186828,4,6d2114e73afa2e576a6cc8e4c6e1bbc98e54888a2efd87d513de3da620a99a79,10.011102600001323,pyvrp,10.0,3.015396224272064e-16,cvrp20_45008.json,0
"[""accepted""]",not_selected,True,8.881784197001252e-16,cvrp_s7799_n20-50-100_x66667_cvrp20_45023,0.0,True,True,0.0,0.0,0.0,20,4,False,5.603090438394843,False,False,,False,5.603090438394842,4,4,1.5851581006330643e-16,5.603090438394843,True,9101,5.603090438394842,2998766435,4,108f513606988d580e627b89f3c19b1e71de18baaa684877ae872f070783c64a,10.013038900000538,pyvrp,10.0,1.585158100633064e-16,cvrp20_45023.json,0
"[""accepted""]",not_selected,True,-1.7763568394002505e-15,cvrp_s7799_n20-50-100_x66667_cvrp20_45071,0.0,True,True,0.0,0.0,0.0,20,4,False,5.865452373036237,False,False,,False,5.865452373036239,4,4,3.0285078224592643e-16,5.8654523730362405,True,9101,5.865452373036239,3666352199,4,9bb896cbc7ff8bbf52921e2fb3c201b49c71f5deec60d3299ef5a33413b09a4c,10.013045699997747,pyvrp,10.0,-3.0285078224592653e-16,cvrp20_45071.json,0
"[""accepted""]",not_selected,True,0.0015506439602201993,cvrp_s7799_n20-50-100_x66667_cvrp20_45149,0.042105263157894736,True,True,0.4,0.042105263157894736,0.021052631578947368,20,4,False,7.823444494560334,False,False,,False,7.821893850600114,4,4,0.00019824405570297,7.823444494560335,True,9102,7.821893850600114,2141280157,4,604625bb6d5dfdfaa246fba2157207acb74e31bef55e85be73fe9139cae292ad,10.014197000000422,pyvrp,10.0,0.00019820476278682196,cvrp20_45149.json,0
"[""accepted""]",stable_control,True,1.7763568394002505e-15,cvrp_s7799_n20-50-100_x66667_cvrp20_45155,0.0,True,True,0.0,0.0,0.0,20,4,False,7.187765229033366,False,True,7.187765229033365,True,7.1877652290333645,4,4,2.4713617971620103e-16,7.187765229033366,True,9102,7.1877652290333645,235496566,4,ed1b66735df0f3631642bf4a6df72c3b739b71ae4c5cd18116c9dc097b8f4a0d,10.02278859999933,pyvrp,10.0,2.47136179716201e-16,cvrp20_45155.json,0
"[""accepted""]",not_selected,True,1.7763568394002505e-15,cvrp_s7799_n20-50-100_x66667_cvrp20_45347,0.0,True,True,0.0,0.0,0.0,20,4,False,6.597746309495395,False,False,,False,6.597746309495394,4,4,2.692369115259464e-16,6.597746309495395,True,9102,6.597746309495394,4230248944,4,246ef8446fb6166a3bcbbaf5f83dff0e366fbe4ee81ea9d447a72225bcdb53f1,10.014343500002724,pyvrp,10.0,2.692369115259463e-16,cvrp20_45347.json,0
"[""accepted""]",not_selected,True,0.0,cvrp_s7799_n20-50-100_x66667_cvrp20_45499,0.0,True,True,0.0,0.0,0.0,20,4,False,6.467133762043415,False,False,,False,6.467133762043415,4,4,2.746745165263099e-16,6.467133762043416,True,9104,6.467133762043415,427796756,4,c32df30073f62de7804ec5503ea5c8d69dcf254c543bc9b4c9a0e01eba66bbea,10.016896699999052,pyvrp,10.0,0.0,cvrp20_45499.json,0
"[""accepted""]",not_selected,True,8.881784197001252e-16,cvrp_s7799_n20-50-100_x66667_cvrp20_45581,0.0,True,True,0.0,0.0,0.0,20,4,False,5.395792013569954,False,False,,False,5.395792013569953,4,4,4.938172658247943e-16,5.395792013569956,True,9102,5.395792013569953,941363416,4,169ccd51d58d66b23dba938191972f1ee482955161a9fe3cfa8bc322a90d3da4,10.018052499999612,pyvrp,10.0,1.6460575527493141e-16,cvrp20_45581.json,0
"[""accepted""]",stable_control,True,8.881784197001252e-16,cvrp_s7799_n20-50-100_x66667_cvrp20_45757,0.0,True,True,0.0,0.0,0.0,20,4,False,5.552337360083537,False,True,5.552337360083536,True,5.552337360083536,4,4,3.1992955834613135e-16,5.552337360083538,True,9101,5.552337360083536,4145444153,4,f01e268ac5402c7418572547448b62a29db0d3b72205cb906ec1d9732cd6a99a,10.011812900000223,pyvrp,10.0,1.5996477917306565e-16,cvrp20_45757.json,0
"[""accepted""]",not_selected,True,8.881784197001252e-16,cvrp_s7799_n20-50-100_x66667_cvrp20_45795,0.0,True,True,0.0,0.0,0.0,20,4,False,5.084344043267256,False,False,,False,5.084344043267255,4,4,1.7468889047275644e-16,5.084344043267256,True,9102,5.084344043267255,2154395954,4,dc73da5c1bd36a96ec7406fe9d0cfa27dd0c3c0cd323da972e5531ba1d716905,10.0189833000004,pyvrp,10.0,1.7468889047275641e-16,cvrp20_45795.json,0
"[""accepted""]",not_selected,True,8.881784197001252e-16,cvrp_s7799_n20-50-100_x66667_cvrp20_45851,0.0,True,True,0.0,0.0,0.0,20,4,False,5.412326784256402,False,False,,False,5.412326784256401,4,4,0.0,5.412326784256401,True,9101,5.412326784256401,3808599773,3,36ac8e52639d51e053c957580ba1ea0a14459483893925d1e52c17cc98a104ac,10.012744399999065,pyvrp,10.0,1.6410288127533152e-16,cvrp20_45851.json,0
"[""accepted""]",not_selected,True,8.881784197001252e-16,cvrp_s7799_n20-50-100_x66667_cvrp20_45913,0.0,True,True,0.0,0.0,0.0,20,4,False,5.206256248181249,False,False,,False,5.206256248181248,4,4,3.4119658248108753e-16,5.2062562481812495,True,9101,5.206256248181248,2046124155,3,353cbd04b509bc9e59ab921a073218404391bfdcd75600a24c5442085357c05d,10.00920099999712,pyvrp,10.0,1.7059829124054374e-16,cvrp20_45913.json,0
"[""accepted""]",not_selected,True,8.881784197001252e-16,cvrp_s7799_n20-50-100_x66667_cvrp20_45999,0.0,True,True,0.0,0.0,0.0,20,4,False,5.99886342515787,False,False,,False,5.998863425157869,4,4,2.961155661505168e-16,5.998863425157871,True,9104,5.998863425157869,3248135537,4,ac309ad6cfa56c201011b4b4d50436b825682f0ff3b482890d94ed2fdbbf461f,10.0128543000028,pyvrp,10.0,1.4805778307525836e-16,cvrp20_45999.json,0
"[""accepted""]",not_selected,True,0.0,cvrp_s7799_n20-50-100_x66667_cvrp20_46186,0.0,True,True,0.0,0.0,0.0,20,4,False,6.1254370306558075,False,False,,False,6.1254370306558075,4,4,2.899967513354828e-16,6.125437030655809,True,9104,6.1254370306558075,3272611963,4,1684efb11e9e0601f42951607d2b5c6694546f72bdaf3295d3ae1077287659c4,10.019205600001442,pyvrp,10.0,0.0,cvrp20_46186.json,0
"[""accepted""]",not_selected,True,0.0,cvrp_s7799_n20-50-100_x66667_cvrp20_46200,0.0,True,True,0.0,0.0,0.0,20,4,False,6.564674558888976,False,False,,False,6.564674558888976,4,4,2.7059328279951873e-16,6.564674558888978,True,9101,6.564674558888976,1140892420,5,f3d82e9bb0bd4ff664344d1afc94b198abb521b71026e90d838ded267ba9e394,10.011830799998279,pyvrp,10.0,0.0,cvrp20_46200.json,0
"[""accepted""]",not_selected,True,8.881784197001252e-16,cvrp_s7799_n20-50-100_x66667_cvrp20_46303,0.0,True,True,0.0,0.0,0.0,20,4,False,7.056118857347817,False,False,,False,7.056118857347816,4,4,3.776205181586035e-16,7.056118857347819,True,9104,7.056118857347816,3137565533,5,788720efaac22136d64ddb0a941db5a594164201c7fb99fe7e7e01d67613d482,10.015238900003169,pyvrp,10.0,1.2587350605286782e-16,cvrp20_46303.json,0
"[""accepted""]",not_selected,True,1.7763568394002505e-15,cvrp_s7799_n20-50-100_x66667_cvrp20_4631,0.0,True,True,0.0,0.0,0.0,20,4,False,5.882469221038258,False,False,,False,5.8824692210382565,4,4,3.0197469339018885e-16,5.882469221038258,True,9102,5.8824692210382565,1799122393,4,c51e29190d3d3f585b50054ad194b380f0e828493c899a3e04e8fdd000480076,10.020393299997522,pyvrp,10.0,3.0197469339018875e-16,cvrp20_4631.json,0
"[""accepted""]",not_selected,True,1.7763568394002505e-15,cvrp_s7799_n20-50-100_x66667_cvrp20_46368,0.0,True,True,0.0,0.0,0.0,20,4,False,6.10872372804611,False,False,,False,6.108723728046108,4,4,1.453950872949711e-16,6.108723728046109,True,9101,6.108723728046108,293322143,4,d61da769f6b0f66537f29bba5e6f0e25b6ac768ec9de062ab97f14a8c5d1ee4f,10.057244499999797,pyvrp,10.0,2.907901745899421e-16,cvrp20_46368.json,0
"[""accepted""]",not_selected,True,0.0,cvrp_s7799_n20-50-100_x66667_cvrp20_46736,0.0,True,True,0.0,0.0,0.0,20,4,False,5.855540017380541,False,False,,False,5.855540017380541,4,4,0.0,5.855540017380541,True,9101,5.855540017380541,3327486704,4,ebe62d283d7913e70933f315557bb09cc5e1958424db5d258f9191469e8b7a73,10.013369399999647,pyvrp,10.0,0.0,cvrp20_46736.json,0
"[""accepted""]",stable_control,True,1.7763568394002505e-15,cvrp_s7799_n20-50-100_x66667_cvrp20_46833,0.0,True,True,0.0,0.0,0.0,20,4,False,6.0115900375164335,False,True,6.011590037516432,True,6.011590037516432,4,4,1.4774434287056913e-16,6.011590037516433,True,9102,6.011590037516432,590224223,4,ff245454dc11b8e1ce65a7012b8c3c1fcc3906f6fbf42c5b09bc7bfd34d4cd55,10.015845699999772,pyvrp,10.0,2.9548868574113816e-16,cvrp20_46833.json,0
"[""accepted""]",not_selected,True,8.881784197001252e-16,cvrp_s7799_n20-50-100_x66667_cvrp20_47294,0.0,True,True,0.0,0.0,0.0,20,4,False,5.81104751871389,False,False,,False,5.811047518713889,4,4,1.5284308325475514e-16,5.81104751871389,True,9104,5.811047518713889,3291393457,3,c5106d7e99b3f2da99549f347d846e34839d03b1c37b64e9082ebf29f96cc41f,10.01535050000166,pyvrp,10.0,1.5284308325475512e-16,cvrp20_47294.json,0
"[""accepted""]",not_selected,True,8.881784197001252e-16,cvrp_s7799_n20-50-100_x66667_cvrp20_47349,0.0,True,True,0.0,0.0,0.0,20,4,False,7.210723103145461,False,False,,False,7.21072310314546,4,4,2.4634933473251366e-16,7.210723103145462,True,9103,7.21072310314546,982836804,4,284b4896dc7857a4b387101de3de809ca07fa8c0796ab530623d4c578f6eff84,10.02037179999752,pyvrp,10.0,1.231746673662568e-16,cvrp20_47349.json,0
"[""accepted""]",not_selected,True,0.0,cvrp_s7799_n20-50-100_x66667_cvrp20_47564,0.0,True,True,0.0,0.0,0.0,20,4,False,6.412129073126748,False,False,,False,6.412129073126748,4,4,2.7703073645927795e-16,6.41212907312675,True,9104,6.412129073126748,2596695552,4,ab3cb7b752bb55f3c0ea1a38f39f412f0fa5a6c0a1cada7c4f64533b5e887964,10.014136400001007,pyvrp,10.0,0.0,cvrp20_47564.json,0
"[""accepted""]",not_selected,True,0.0,cvrp_s7799_n20-50-100_x66667_cvrp20_47580,0.0,True,True,0.0,0.0,0.0,20,4,False,6.736258774516932,False,False,,False,6.736258774516932,4,4,1.3185040085753208e-16,6.736258774516933,True,9101,6.736258774516932,181658594,4,164533a9684c77d46e083dc695cc5cac6b00c45ab5b19a0d4b85b99d603a73e7,10.012944300000527,pyvrp,10.0,0.0,cvrp20_47580.json,0
"[""accepted""]",not_selected,True,0.0,cvrp_s7799_n20-50-100_x66667_cvrp20_47745,0.0,True,True,0.0,0.0,0.0,20,4,False,7.86956786032185,False,False,,False,7.86956786032185,4,4,1.1286241321817644e-16,7.869567860321851,True,9102,7.86956786032185,2787634289,4,0b5e232a76617b43f14d212ead5d36db63f2aa9492a63463299656e4b40f91de,10.020477899997786,pyvrp,10.0,0.0,cvrp20_47745.json,0
"[""accepted""]",not_selected,True,0.0,cvrp_s7799_n20-50-100_x66667_cvrp20_47817,0.0,True,True,0.0,0.0,0.0,20,4,False,6.398074790385683,False,False,,False,6.398074790385683,4,4,2.776392739374604e-16,6.398074790385685,True,9101,6.398074790385683,2880574683,3,74437b5f65eb6323f3b55afdc104ac5282422b8b944e7ce8304e1902458e991e,10.014791400000831,pyvrp,10.0,0.0,cvrp20_47817.json,0
"[""accepted""]",not_selected,True,0.0,cvrp_s7799_n20-50-100_x66667_cvrp20_47863,0.0,True,True,0.0,0.0,0.0,20,4,False,5.4981105370776175,False,False,,False,5.4981105370776175,4,4,1.6154248149623672e-16,5.498110537077618,True,9103,5.4981105370776175,1374823749,4,43993424530e4e767c1f4e561b1b4683477eed253eb9706d57a4941f529d1a7f,10.014247400002205,pyvrp,10.0,0.0,cvrp20_47863.json,0
"[""accepted""]",not_selected,True,0.0,cvrp_s7799_n20-50-100_x66667_cvrp20_48010,0.0,True,True,0.0,0.0,0.0,20,4,False,5.440678776128404,False,False,,False,5.440678776128404,4,4,1.6324772261819772e-16,5.440678776128405,True,9102,5.440678776128404,3620701202,4,094a1a291c6ee398744f418458b88bad481ed1079ea4f4af89e6a80a0b4b59a2,10.023807800000213,pyvrp,10.0,0.0,cvrp20_48010.json,0
"[""accepted""]",stable_control,True,0.0,cvrp_s7799_n20-50-100_x66667_cvrp20_48064,0.0,True,True,0.0,0.0,0.0,20,4,False,5.429921195084168,False,True,5.429921195084168,True,5.429921195084168,4,4,1.6357114362989532e-16,5.429921195084169,True,9101,5.429921195084168,220691172,4,8330ff9d145923df0209bb88591749b660e5ddf4c7f0ce59d03ef5adf6629b64,10.013477599997714,pyvrp,10.0,0.0,cvrp20_48064.json,0
"[""accepted""]",stable_control,True,1.7763568394002505e-15,cvrp_s7799_n20-50-100_x66667_cvrp20_48068,0.0,True,True,0.0,0.0,0.0,20,4,False,6.417867172641506,False,True,6.45375348116501,True,6.417867172641504,4,4,2.7678304826447926e-16,6.417867172641506,True,9102,6.417867172641504,3422698079,4,51b5c444eecc97167a026d60565d8cea343146846a6ff43a28212b2502a1051c,10.036090699999477,pyvrp,10.0,2.7678304826447916e-16,cvrp20_48068.json,0
"[""accepted""]",not_selected,True,0.0,cvrp_s7799_n20-50-100_x66667_cvrp20_48075,0.0,True,True,0.0,0.0,0.0,20,4,False,6.5844129796148305,False,False,,False,6.5844129796148305,4,4,2.6978211192095705e-16,6.584412979614832,True,9101,6.5844129796148305,589912257,4,0cc0511f511ad07e397a4b0b3401cb9ded0eeb6859a7fa8410e49ad146a775fb,10.013158800000383,pyvrp,10.0,0.0,cvrp20_48075.json,0
"[""route_membership_ambiguous""]",unstable_matrix,True,0.0004772163864297241,cvrp_s7799_n20-50-100_x66667_cvrp20_48089,0.18947368421052632,False,False,0.6,0.18947368421052632,0.12631578947368421,20,4,True,5.123449669674372,False,True,5.123449669674371,True,5.122972453287942,4,4,9.315224525981367e-05,5.12344966967437,True,9102,5.122972453287942,2443817499,3,fc0aacb9b9b4ab72ea717d2f42fbaa2ac177ffd7b4b8977e025f8e56ae541967,10.014090199998464,pyvrp,10.0,9.314356872760189e-05,cvrp20_48089.json,0
"[""accepted""]",not_selected,True,0.0,cvrp_s7799_n20-50-100_x66667_cvrp20_48161,0.0,True,True,0.0,0.0,0.0,20,4,False,5.554446046664037,False,False,,False,5.554446046664037,4,4,4.797121507194543e-16,5.554446046664039,True,9101,5.554446046664037,2665888154,3,6a44eb14d671ece751a63697593cc742149bc14de6841b959d9bb99f0d8d4b40,10.010141200000362,pyvrp,10.0,0.0,cvrp20_48161.json,0
"[""accepted""]",not_selected,True,3.552713678800501e-15,cvrp_s7799_n20-50-100_x66667_cvrp20_48195,0.0,True,True,0.0,0.0,0.0,20,4,False,6.026604137008562,False,False,,False,6.026604137008558,4,4,0.00010625127825239187,6.027244471401636,True,9102,6.026604137008558,3778250812,5,8d7d1090d3d45b46d547ec6f00a0bc2eff5b90c1f0da1adcddeeffe1cb0386e3,10.015397300001496,pyvrp,10.0,5.895050675360882e-16,cvrp20_48195.json,0
"[""accepted""]",not_selected,True,2.6645352591003757e-15,cvrp_s7799_n20-50-100_x66667_cvrp20_48359,0.0,True,True,0.0,0.0,0.0,20,4,False,4.970247045520154,False,False,,False,4.970247045520152,4,4,5.360971466201081e-16,4.970247045520154,True,9101,4.970247045520152,182450832,4,faa92827e945e04b537666bb7af602a17e35c5ebd3407c3abc891a390e02e433,10.16171249999752,pyvrp,10.0,5.360971466201078e-16,cvrp20_48359.json,0
"[""accepted""]",not_selected,True,8.881784197001252e-16,cvrp_s7799_n20-50-100_x66667_cvrp20_48693,0.0,True,True,0.0,0.0,0.0,20,4,False,5.289378664349176,False,False,,False,5.289378664349175,4,4,5.037520336858375e-16,5.289378664349178,True,9102,5.289378664349175,242489415,4,d7ea788d5e24e74fe45e8aeb976e932ebb8cec6928fc002b56b52f11d2bd9159,10.012665800000832,pyvrp,10.0,1.679173445619458e-16,cvrp20_48693.json,0
"[""accepted""]",not_selected,True,0.0,cvrp_s7799_n20-50-100_x66667_cvrp20_48812,0.0,True,True,0.0,0.0,0.0,20,4,False,6.301864972883703,False,False,,False,6.301864972883703,4,4,1.4093897973407372e-16,6.3018649728837035,True,9101,6.301864972883703,926154439,4,f99058499cf2403fa2eab1c5d353eef31938338f6e1aae37945566dcec98b8fe,10.013328199998796,pyvrp,10.0,0.0,cvrp20_48812.json,0
"[""accepted""]",not_selected,True,1.7763568394002505e-15,cvrp_s7799_n20-50-100_x66667_cvrp20_48940,0.0,True,True,0.0,0.0,0.0,20,4,False,6.95830960268691,False,False,,False,6.958309602686908,4,4,2.552856858674873e-16,6.95830960268691,True,9101,6.958309602686908,2327212645,4,e1de7db281b9868a23d4399cfaee01ebff8e2d901504fe243a6c2dcc44ce9a6a,10.015165299999353,pyvrp,10.0,2.5528568586748725e-16,cvrp20_48940.json,0
"[""accepted""]",not_selected,True,0.0,cvrp_s7799_n20-50-100_x66667_cvrp20_4902,0.0,True,True,0.0,0.0,0.0,20,4,False,7.209626143933228,False,False,,False,7.209626143933228,4,4,0.0,7.209626143933228,True,9101,7.209626143933228,2608966586,4,b0202a7dc403c051662ed9f703cae1ddeb56894fc2b7937f7212ca75f4e8a7f4,10.026247600002534,pyvrp,10.0,0.0,cvrp20_4902.json,0
"[""accepted""]",not_selected,True,8.881784197001252e-16,cvrp_s7799_n20-50-100_x66667_cvrp20_49061,0.0,True,True,0.0,0.0,0.0,20,4,False,7.034793296893466,False,False,,False,7.034793296893465,4,4,3.787652524598019e-16,7.034793296893468,True,9102,7.034793296893465,1770336064,4,eec448987194a995763428d0386df297e37307e060ded53ca88c84dc3ea14011,10.04048359999797,pyvrp,10.0,1.262550841532673e-16,cvrp20_49061.json,0
"[""accepted""]",not_selected,True,8.881784197001252e-16,cvrp_s7799_n20-50-100_x66667_cvrp20_49156,0.0,True,True,0.0,0.0,0.0,20,4,False,5.9085625508809,False,False,,False,5.908562550880899,4,4,4.509616740374737e-16,5.908562550880902,True,9103,5.908562550880899,3275246412,4,d278f3cfe919f769cfeb743658666239df7105df92fe248973cf2f6a9a1b5669,10.010261899999023,pyvrp,10.0,1.503205580124912e-16,cvrp20_49156.json,0
"[""accepted""]",not_selected,True,1.7763568394002505e-15,cvrp_s7799_n20-50-100_x66667_cvrp20_49415,0.0,True,True,0.0,0.0,0.0,20,4,False,5.884295894647279,False,False,,False,5.884295894647277,4,4,3.018809507890546e-16,5.884295894647279,True,9104,5.884295894647277,2644705693,4,d66c59a22c04be2d80ee885dc61c9a05de8d6860f61dd3cd894378bfc0b3351a,10.010194700000284,pyvrp,10.0,3.018809507890545e-16,cvrp20_49415.json,0
"[""accepted""]",not_selected,True,0.0,cvrp_s7799_n20-50-100_x66667_cvrp20_49429,0.0,True,True,0.0,0.0,0.0,20,4,False,6.830933169183955,False,False,,False,6.830933169183955,4,4,2.6004599890009754e-16,6.8309331691839565,True,9102,6.830933169183955,1992477896,4,c1eb8ee1c81ec75cff0c86c8ba8f321c24cff03f8752c201eea1dfd8074bbd3e,10.021170600000914,pyvrp,10.0,0.0,cvrp20_49429.json,0
"[""accepted""]",stable_control,True,0.0,cvrp_s7799_n20-50-100_x66667_cvrp20_49492,0.0,True,True,0.0,0.0,0.0,20,4,False,6.678107260876432,False,True,6.678107260876432,True,6.678107260876432,4,4,2.6599705126136623e-16,6.678107260876434,True,9101,6.678107260876432,3119884195,4,378ea025f086fba67c430330b046a75141363a3fc2cee857a7cc4480281aa8c6,10.012438999998267,pyvrp,10.0,0.0,cvrp20_49492.json,0
"[""accepted""]",not_selected,True,0.0,cvrp_s7799_n20-50-100_x66667_cvrp20_49628,0.0,True,True,0.0,0.0,0.0,20,4,False,4.9455812077539,False,False,,False,4.9455812077539,4,4,1.795903014002884e-16,4.945581207753901,True,9101,4.9455812077539,671774429,4,f729a283899bc1fcfc3deb584cbc4997c1b278e930d2301119c20bf5447d804b,10.008795400000963,pyvrp,10.0,0.0,cvrp20_49628.json,0
"[""accepted""]",not_selected,True,8.881784197001252e-16,cvrp_s7799_n20-50-100_x66667_cvrp20_49668,0.0,True,True,0.0,0.0,0.0,20,4,False,4.9893425691521855,False,False,,False,4.989342569152185,4,4,1.7801512070778678e-16,4.9893425691521855,True,9101,4.989342569152185,1806403955,4,a1f906b8b197bb48f92c832a9d94ed71b2af8631fc367adae3388194b2a49e66,10.011453200000688,pyvrp,10.0,1.7801512070778676e-16,cvrp20_49668.json,0
"[""accepted""]",stable_control,True,0.0,cvrp_s7799_n20-50-100_x66667_cvrp20_49682,0.0,True,True,0.0,0.0,0.0,20,4,False,4.384961181365866,False,True,4.384961181365866,True,4.384961181365866,4,4,2.0255103362704518e-16,4.384961181365867,True,9101,4.384961181365866,4094744968,3,b042cbece757dfbbcba6bf2f544c1792aaeedc8183319cdb1eeb2c97eda058c7,10.009762400000909,pyvrp,10.0,0.0,cvrp20_49682.json,0
"[""accepted""]",not_selected,True,2.6645352591003757e-15,cvrp_s7799_n20-50-100_x66667_cvrp20_49687,0.0,True,True,0.0,0.0,0.0,20,4,False,5.867013436330351,False,False,,False,5.867013436330349,4,4,4.541553020146085e-16,5.867013436330351,True,9104,5.867013436330349,4105416599,5,8fc3a508cab702b7ea48d4320593e4db0993e003e028dca705aee4394c8bbbac,10.014894799998729,pyvrp,10.0,4.541553020146083e-16,cvrp20_49687.json,0
"[""accepted""]",not_selected,True,1.7763568394002505e-15,cvrp_s7799_n20-50-100_x66667_cvrp20_50427,0.0,True,True,0.0,0.0,0.0,20,4,False,4.90268978068103,False,False,,False,4.902689780681028,4,4,5.434843684379002e-16,4.902689780681031,True,9103,4.902689780681028,26592718,3,0ac3e651bd78e8c0b0635d1681137074162b0482f75938f777a63435a3dd8e48,10.012877500001196,pyvrp,10.0,3.623229122919333e-16,cvrp20_50427.json,0
"[""accepted""]",not_selected,True,0.0,cvrp_s7799_n20-50-100_x66667_cvrp20_50473,0.0,True,True,0.0,0.0,0.0,20,4,False,7.717165978881299,False,False,,False,7.717165978881299,4,4,2.3018253647276817e-16,7.717165978881301,True,9101,7.717165978881299,2400770514,4,e5aa3da7e44e9a00d0f54ecca4781a95d910eb6f8207ac50776dfbf3b8fc766d,10.01068899999882,pyvrp,10.0,0.0,cvrp20_50473.json,0
"[""accepted""]",not_selected,True,0.0,cvrp_s7799_n20-50-100_x66667_cvrp20_50509,0.0,True,True,0.0,0.0,0.0,20,4,False,6.059689932580118,False,False,,False,6.059689932580118,4,4,1.4657159517763532e-16,6.059689932580119,True,9101,6.059689932580118,2292470728,4,d1b7842f6931efbbfecf0d27196d4d9ff827f96f13b42f716cb4704098546ea6,10.013528399998904,pyvrp,10.0,0.0,cvrp20_50509.json,0
"[""accepted""]",not_selected,True,8.881784197001252e-16,cvrp_s7799_n20-50-100_x66667_cvrp20_50554,0.0,True,True,0.0,0.0,0.0,20,4,False,7.508549011276462,False,False,,False,7.508549011276461,4,4,1.1828895547811495e-16,7.508549011276462,True,9103,7.508549011276461,158538064,5,56f1bb64fd13a9691004b0a69796d88949f2fab7ddd55e96c9fce9a738b9ecb1,10.016082999998616,pyvrp,10.0,1.1828895547811492e-16,cvrp20_50554.json,0
"[""accepted""]",not_selected,True,8.881784197001252e-16,cvrp_s7799_n20-50-100_x66667_cvrp20_50637,0.0,True,True,0.0,0.0,0.0,20,4,False,5.715431715151572,False,False,,False,5.7154317151515714,4,4,3.1080011588470915e-16,5.715431715151573,True,9101,5.7154317151515714,3813927022,4,0ee1efc4511210e7d2cbae018dc3eb5e938db76b951bf70edb1d98ae94ee5aad,10.024288900000101,pyvrp,10.0,1.5540005794235455e-16,cvrp20_50637.json,0
"[""accepted""]",not_selected,True,0.0,cvrp_s7799_n20-50-100_x66667_cvrp20_50663,0.0,True,True,0.0,0.0,0.0,20,4,False,6.115520893895807,False,False,,False,6.115520893895807,4,4,1.452334862573454e-16,6.115520893895808,True,9101,6.115520893895807,621858278,4,bd48439713a6cf5a778ae15e0df5a185c389c9ff47f87ca3a1c7dcdbc5da0f17,10.012045300001773,pyvrp,10.0,0.0,cvrp20_50663.json,0
"[""accepted""]",not_selected,True,1.7763568394002505e-15,cvrp_s7799_n20-50-100_x66667_cvrp20_50820,0.0,True,True,0.0,0.0,0.0,20,4,False,6.825421932590915,False,False,,False,6.825421932590913,4,4,2.602559749336917e-16,6.825421932590915,True,9102,6.825421932590913,181432427,5,fdba88c698d8f398a8c4301c73b93a9feee809755ec4a656a43805967607fb0f,10.013149700000213,pyvrp,10.0,2.6025597493369165e-16,cvrp20_50820.json,0
"[""accepted""]",not_selected,True,0.0,cvrp_s7799_n20-50-100_x66667_cvrp20_51106,0.0,True,True,0.3,0.031578947368421054,0.015789473684210527,20,4,False,6.580289848001638,False,False,,False,6.580289848001638,4,4,0.00011230316189904204,6.581028835357781,True,9103,6.580289848001638,2070271044,5,ecdbe16738cfd3c1017eb44afed9f3049c807ff41897bb280136a9a950d30e81,10.0201487000013,pyvrp,10.0,0.0,cvrp20_51106.json,0
"[""accepted""]",stable_control,True,8.881784197001252e-16,cvrp_s7799_n20-50-100_x66667_cvrp20_51109,0.0,True,True,0.0,0.0,0.0,20,4,False,5.893368943960309,False,True,5.893368943960309,True,5.893368943960308,4,4,3.0141619441978286e-16,5.89336894396031,True,9103,5.893368943960308,1797699706,4,318d9f1d36030b9791a15f8462db3ddf5274042a74780c3de64b2a8443cbfb85,10.02252910000243,pyvrp,10.0,1.507080972098914e-16,cvrp20_51109.json,0
"[""accepted""]",not_selected,True,8.881784197001252e-16,cvrp_s7799_n20-50-100_x66667_cvrp20_51200,0.0,True,True,0.0,0.0,0.0,20,4,False,5.410792457728035,False,False,,False,5.410792457728034,4,4,3.2829883113759905e-16,5.410792457728036,True,9104,5.410792457728034,1219926963,4,aa364909177981b11d8247c36ec5d1149b16497e7f39e7a0dc8d87136f08ea54,10.01037659999929,pyvrp,10.0,1.641494155687995e-16,cvrp20_51200.json,0
"[""accepted""]",not_selected,True,0.0,cvrp_s7799_n20-50-100_x66667_cvrp20_51207,0.0,True,True,0.0,0.0,0.0,20,4,False,6.718184925033901,False,False,,False,6.718184925033901,4,4,2.644102327075027e-16,6.718184925033903,True,9101,6.718184925033901,3459007778,4,b4305cd938df33d18256f2c69fc0e26f855f823a95d5d20616bd2fa02a8aa491,10.01033290000123,pyvrp,10.0,0.0,cvrp20_51207.json,0
"[""accepted""]",not_selected,True,8.881784197001252e-16,cvrp_s7799_n20-50-100_x66667_cvrp20_51327,0.0,True,True,0.0,0.0,0.0,20,4,False,6.872347087228359,False,False,,False,6.872347087228358,4,4,1.2923945901258762e-16,6.872347087228359,True,9101,6.872347087228358,224289000,4,b648b66349c09c9d13888dd7f7193ff135493afc6980f32228fd9cf1f11749a8,10.0147266999993,pyvrp,10.0,1.292394590125876e-16,cvrp20_51327.json,0
"[""accepted""]",not_selected,True,8.881784197001252e-16,cvrp_s7799_n20-50-100_x66667_cvrp20_51610,0.0,True,True,0.0,0.0,0.0,20,4,False,6.196716506148344,False,False,,False,6.196716506148343,4,4,1.4333049104616617e-16,6.196716506148344,True,9101,6.196716506148343,3275212265,4,4aa84e7a1ba3b32afb7c379bc275b75d9d305195e5e740868a5ecb210f939658,10.010718100002123,pyvrp,10.0,1.4333049104616615e-16,cvrp20_51610.json,0
"[""accepted""]",not_selected,True,8.881784197001252e-16,cvrp_s7799_n20-50-100_x66667_cvrp20_51917,0.0,True,True,0.0,0.0,0.0,20,4,False,5.2675579312753165,False,False,,False,5.267557931275316,4,4,3.372258763123239e-16,5.267557931275317,True,9102,5.267557931275316,1199293182,4,9d10fd82e7d3327d568a65af5ee07cc5cf382abcf1492d099bb93d6089ce2c68,10.018014699999185,pyvrp,10.0,1.6861293815616193e-16,cvrp20_51917.json,0
"[""accepted""]",not_selected,True,0.0,cvrp_s7799_n20-50-100_x66667_cvrp20_51973,0.0,True,True,0.0,0.0,0.0,20,4,False,7.0656479500074925,False,False,,False,7.0656479500074925,4,4,2.51407493264417e-16,7.065647950007494,True,9101,7.0656479500074925,1080218603,4,6d410df27f2415e6c7b3ab8bace9c509d3f0ad9048bcff832f5e514ccff016f1,10.014759699999559,pyvrp,10.0,0.0,cvrp20_51973.json,0
"[""accepted""]",not_selected,True,8.881784197001252e-16,cvrp_s7799_n20-50-100_x66667_cvrp20_52259,0.0,True,True,0.0,0.0,0.0,20,4,False,6.442100735202829,False,False,,False,6.442100735202828,4,4,1.378709300285664e-16,6.442100735202829,True,9102,6.442100735202828,1770302230,3,05531413c577af71430b687331dbd6eb61b40eb7ee18af7ad4b541299b4378e7,10.021202200001426,pyvrp,10.0,1.3787093002856637e-16,cvrp20_52259.json,0
"[""accepted""]",stable_control,True,1.7763568394002505e-15,cvrp_s7799_n20-50-100_x66667_cvrp20_52270,0.0,True,True,0.0,0.0,0.0,20,4,False,6.713720376975188,False,True,6.7137203769751865,True,6.7137203769751865,4,4,2.645860625194185e-16,6.713720376975188,True,9101,6.7137203769751865,2102486690,4,82cfa767c3fb8da1f201393a4caad020c28bda5ddd7402babbc6af65ee3e1117,10.010982499999955,pyvrp,10.0,2.645860625194184e-16,cvrp20_52270.json,0
"[""accepted""]",stable_control,True,1.7763568394002505e-15,cvrp_s7799_n20-50-100_x66667_cvrp20_52315,0.0,True,True,0.0,0.0,0.0,20,4,False,7.242752259798828,False,True,7.242752259798827,True,7.242752259798826,4,4,2.452599199423108e-16,7.242752259798828,True,9101,7.242752259798826,321334776,4,6900de7c76a34f456bb1db205451957e516dba51a5fa40dc712c0648e8313970,10.012191800000437,pyvrp,10.0,2.452599199423107e-16,cvrp20_52315.json,0
"[""accepted""]",not_selected,True,8.881784197001252e-16,cvrp_s7799_n20-50-100_x66667_cvrp20_52383,0.0,True,True,0.0,0.0,0.0,20,4,False,5.975678600136873,False,False,,False,5.975678600136872,4,4,2.972644545105828e-16,5.975678600136874,True,9102,5.975678600136872,3463319157,4,74de68311a3220ce032546b0424388d4f87d8c7b20e52d638df086c8b275d24f,10.019923700001527,pyvrp,10.0,1.4863222725529138e-16,cvrp20_52383.json,0
"[""accepted""]",not_selected,True,8.881784197001252e-16,cvrp_s7799_n20-50-100_x66667_cvrp20_52408,0.0,True,True,0.0,0.0,0.0,20,4,False,6.977226282741729,False,False,,False,6.977226282741728,4,4,1.2729677721604755e-16,6.977226282741729,True,9103,6.977226282741728,1544563739,4,cf46f181906676af6e55fde0f867cc1f856a9c013f78ee0504205c78941ce760,10.012905699997646,pyvrp,10.0,1.2729677721604753e-16,cvrp20_52408.json,0
"[""accepted""]",not_selected,True,0.0,cvrp_s7799_n20-50-100_x66667_cvrp20_52433,0.0,True,True,0.0,0.0,0.0,20,4,False,5.856829487315439,False,False,,False,5.856829487315439,4,4,1.5164833151173647e-16,5.85682948731544,True,9101,5.856829487315439,3405420467,3,2a24a7e325d17c4a7011144c4c1f8fe99866fcffdf98fffcdcfee8481effebc3,10.011546699999599,pyvrp,10.0,0.0,cvrp20_52433.json,0
"[""accepted""]",stable_control,True,1.7763568394002505e-15,cvrp_s7799_n20-50-100_x66667_cvrp20_5247,0.0,True,True,0.0,0.0,0.0,20,4,False,7.159427627829071,False,True,7.389105308690961,True,7.15942762782907,4,4,2.4811436496619623e-16,7.159427627829071,True,9102,7.15942762782907,1721441705,4,d8dae183b8382a2b8be58a7fde162c2de30bfbc09834a327b820d469e42455ff,10.022451299999375,pyvrp,10.0,2.481143649661962e-16,cvrp20_5247.json,0
"[""accepted""]",not_selected,True,0.0,cvrp_s7799_n20-50-100_x66667_cvrp20_52472,0.0,True,True,0.0,0.0,0.0,20,4,False,5.43165256907259,False,False,,False,5.43165256907259,4,4,3.270380085638557e-16,5.431652569072591,True,9101,5.43165256907259,3634095615,4,d5f0845e0e705f443fd1d26fbb56afe698e6292289d165be5273290adfae7eba,10.009980099999666,pyvrp,10.0,0.0,cvrp20_52472.json,0
"[""accepted""]",not_selected,True,8.881784197001252e-16,cvrp_s7799_n20-50-100_x66667_cvrp20_52679,0.0,True,True,0.0,0.0,0.0,20,4,False,4.819675673684601,False,False,,False,4.8196756736846,4,4,1.8428178156251759e-16,4.819675673684601,True,9101,4.8196756736846,5806608,4,ff969f250e4b02f759f8a002687d9fbb015ec3946000dbdce7a4b939f4bfbfdd,10.00871659999757,pyvrp,10.0,1.8428178156251756e-16,cvrp20_52679.json,0
"[""accepted""]",not_selected,True,0.0,cvrp_s7799_n20-50-100_x66667_cvrp20_52964,0.0,True,True,0.0,0.0,0.0,20,4,False,5.929152582394155,False,False,,False,5.929152582394155,4,4,2.9959708655076787e-16,5.929152582394157,True,9101,5.929152582394155,3408402653,4,6bedd9248f2cdd003843f9faff5f72596b621c1013b2d9f636b4da1fae7ba0ec,10.0140132000015,pyvrp,10.0,0.0,cvrp20_52964.json,0
"[""accepted""]",not_selected,True,-8.881784197001252e-16,cvrp_s7799_n20-50-100_x66667_cvrp20_52990,0.0,True,True,0.0,0.0,0.0,20,4,False,4.787942901742553,False,False,,False,4.787942901742554,4,4,1.8550313525603576e-16,4.7879429017425545,True,9102,4.787942901742554,2762654225,3,b041d311d871a32e7e911a9ae9df897f704774f7a4ecd9bb2ec098d7a0120721,10.010816700003488,pyvrp,10.0,-1.8550313525603579e-16,cvrp20_52990.json,0
"[""accepted""]",not_selected,True,0.0,cvrp_s7799_n20-50-100_x66667_cvrp20_53069,0.0,True,True,0.0,0.0,0.0,20,4,False,6.250308257238488,False,False,,False,6.250308257238488,4,4,0.0,6.250308257238488,True,9101,6.250308257238488,1336039096,4,d79201546558b88ae3673ee3f43169b882b7881fe0b89cdfca48fe6e69abc067,10.011957900002017,pyvrp,10.0,0.0,cvrp20_53069.json,0
"[""accepted""]",not_selected,True,3.552713678800501e-15,cvrp_s7799_n20-50-100_x66667_cvrp20_5308,0.0,True,True,0.0,0.0,0.0,20,4,False,7.502575936393483,False,False,,False,7.502575936393479,4,4,2.3676625927683083e-16,7.502575936393481,True,9103,7.502575936393479,907555917,4,d5fb6695f0c20d9e7fabbb0922a15be91703a4972001b6d194760e4c95de82e4,10.019995999999082,pyvrp,10.0,4.735325185536615e-16,cvrp20_5308.json,0
"[""accepted""]",not_selected,True,8.881784197001252e-16,cvrp_s7799_n20-50-100_x66667_cvrp20_53251,0.0,True,True,0.0,0.0,0.0,20,4,False,6.016875085528741,False,False,,False,6.01687508552874,4,4,1.4761456853845843e-16,6.016875085528741,True,9102,6.01687508552874,3288218714,4,398f0cde6316c21c03e44b8c8ecbe2564ad805a09ab8b86b7225db688cf0e5a8,10.010628899999574,pyvrp,10.0,1.4761456853845843e-16,cvrp20_53251.json,0
"[""accepted""]",not_selected,True,1.7763568394002505e-15,cvrp_s7799_n20-50-100_x66667_cvrp20_53273,0.0,True,True,0.0,0.0,0.0,20,4,False,5.296445425889205,False,False,,False,5.296445425889203,4,4,1.676933015034346e-16,5.296445425889204,True,9103,5.296445425889203,381139379,3,41c96110889522aed8b631f15b4205e38d5df229e9637de217122ab03af88f6a,10.011255500001425,pyvrp,10.0,3.353866030068691e-16,cvrp20_53273.json,0
"[""accepted""]",stable_control,True,8.881784197001252e-16,cvrp_s7799_n20-50-100_x66667_cvrp20_53487,0.0,True,True,0.0,0.0,0.0,20,4,False,5.929857200132023,False,True,5.965303556536535,True,5.929857200132022,4,4,1.4978074340143484e-16,5.929857200132023,True,9102,5.929857200132022,4028804839,3,5007c22b2d7f36c03f6dc6405842b0eb6f5b70d6d48438c8c4a025f54f9fd51f,10.017564999998285,pyvrp,10.0,1.497807434014348e-16,cvrp20_53487.json,0
"[""accepted""]",not_selected,True,-8.881784197001252e-16,cvrp_s7799_n20-50-100_x66667_cvrp20_53730,0.0,True,True,0.0,0.0,0.0,20,4,False,6.257862950224981,False,False,,False,6.257862950224982,4,4,2.83859978003575e-16,6.257862950224983,True,9101,6.257862950224982,3411641216,4,71d21d7a6e30614faef2bfb5157e36a13b866f7d3638d39ba383523fb53d08d0,10.010520200001338,pyvrp,10.0,-1.4192998900178754e-16,cvrp20_53730.json,0
"[""accepted""]",not_selected,True,8.881784197001252e-16,cvrp_s7799_n20-50-100_x66667_cvrp20_53875,0.0,True,True,0.0,0.0,0.0,20,4,False,7.05505181623675,False,False,,False,7.055051816236749,4,4,1.2589254378770678e-16,7.05505181623675,True,9104,7.055051816236749,3447680834,4,83b34793f792708bda8b881d75c8e7710e4a7e0da4a31446178a8d305d8eddae,10.016760300000897,pyvrp,10.0,1.2589254378770678e-16,cvrp20_53875.json,0
"[""accepted""]",not_selected,True,1.7763568394002505e-15,cvrp_s7799_n20-50-100_x66667_cvrp20_53959,0.0,True,True,0.0,0.0,0.0,20,4,False,7.382207390680722,False,False,,False,7.38220739068072,4,4,1.2031339309450442e-16,7.382207390680721,True,9104,7.38220739068072,2888620293,4,67cf590a3de7f696b4ea0c44f5d27eb4d31d1f5cffc8f007ef1b68891a24e0ac,10.012112200001866,pyvrp,10.0,2.406267861890088e-16,cvrp20_53959.json,0
"[""accepted""]",stable_control,True,1.7763568394002505e-15,cvrp_s7799_n20-50-100_x66667_cvrp20_53961,0.0,True,True,0.0,0.0,0.0,20,4,False,5.000792346171472,False,True,5.000792346171471,True,5.00079234617147,4,4,3.5521507721875357e-16,5.000792346171472,True,9102,5.00079234617147,45831153,4,eda3a731ad9753daf60352918fc2cbc8f8811d06a986a766bb5bc670e3257366,10.01126959999965,pyvrp,10.0,3.552150772187534e-16,cvrp20_53961.json,0
"[""accepted""]",not_selected,True,0.0,cvrp_s7799_n20-50-100_x66667_cvrp20_53997,0.0,True,True,0.0,0.0,0.0,20,4,False,4.916110771722454,False,False,,False,4.916110771722454,4,4,4.165941388882669e-05,4.916315574015816,True,9101,4.916110771722454,2570931129,4,e65c80cfc3acbf7ac24d82a9b28b548ebf8f9f08a947183230181b57853fe253,10.011137199999212,pyvrp,10.0,0.0,cvrp20_53997.json,0
"[""accepted""]",not_selected,True,8.881784197001252e-16,cvrp_s7799_n20-50-100_x66667_cvrp20_54046,0.0,True,True,0.0,0.0,0.0,20,4,False,4.361786140566869,False,False,,False,4.361786140566868,4,4,4.0725445543494506e-16,4.36178614056687,True,9101,4.361786140566868,764663459,3,755230c8487487839c05aa86ec545053a20f8be942ef8725bb302215494ac16a,10.032041800001025,pyvrp,10.0,2.0362722771747248e-16,cvrp20_54046.json,0
"[""accepted""]",not_selected,True,-8.881784197001252e-16,cvrp_s7799_n20-50-100_x66667_cvrp20_5410,0.0,True,True,0.0,0.0,0.0,20,4,False,5.323839201312465,False,False,,False,5.323839201312466,4,4,3.336608737097717e-16,5.323839201312468,True,9104,5.323839201312466,77803054,4,7c185bbd19c340bdcb51862ae977990a114bd8c92a04e471f561f504be2ead3a,10.01902279999922,pyvrp,10.0,-1.6683043685488588e-16,cvrp20_5410.json,0
"[""accepted""]",not_selected,True,0.0,cvrp_s7799_n20-50-100_x66667_cvrp20_54247,0.0,True,True,0.0,0.0,0.0,20,4,False,4.462687533941791,False,False,,False,4.462687533941791,4,4,3.980464296211289e-16,4.462687533941793,True,9104,4.462687533941791,1192802372,3,5f5f7e6776bde21e9ae13bb33ad434b80f75a4877bc40786906e6050a27547d6,10.017747499998222,pyvrp,10.0,0.0,cvrp20_54247.json,0
"[""accepted""]",stable_control,True,-1.7763568394002505e-15,cvrp_s7799_n20-50-100_x66667_cvrp20_54318,0.0,True,True,0.0,0.0,0.0,20,4,False,5.496888691392812,False,True,5.496888691392813,True,5.496888691392813,4,4,0.0,5.496888691392813,True,9101,5.496888691392813,1491593254,4,292d971184f2b16bda0c49b34999b98df5b3d577ea3100435c77436d13e1b959,10.00919409999915,pyvrp,10.0,-3.2315677815738234e-16,cvrp20_54318.json,0
"[""route_membership_ambiguous""]",unstable_matrix,True,-8.881784197001252e-16,cvrp_s7799_n20-50-100_x66667_cvrp20_54474,0.0,False,False,0.65,0.13157894736842105,0.08771929824561403,20,4,True,5.112739025016888,False,True,5.1127390250168885,True,5.1127390250168885,4,4,0.0002057584114733574,5.113791014076954,True,9102,5.1127390250168885,1115642357,3,e1da3c712d473bf944869d49071a09dcd2aa817edb4c0dfed6aabbfc4de825ff,10.020209599999362,pyvrp,10.0,-1.7371870837807755e-16,cvrp20_54474.json,0
"[""accepted""]",not_selected,True,1.7763568394002505e-15,cvrp_s7799_n20-50-100_x66667_cvrp20_54778,0.0,True,True,0.0,0.0,0.0,20,4,False,7.487505664783269,False,False,,False,7.487505664783267,4,4,2.3724280406960717e-16,7.487505664783269,True,9101,7.487505664783267,307753743,4,4394f6190ba8af6d0c992243de62ca3d038f6fc4665094028dc36241c58cddcb,10.01297329999943,pyvrp,10.0,2.372428040696071e-16,cvrp20_54778.json,0
"[""accepted""]",stable_control,True,8.881784197001252e-16,cvrp_s7799_n20-50-100_x66667_cvrp20_54825,0.0,True,True,0.0,0.0,0.0,20,4,False,6.684801453842339,False,True,6.68480145384234,True,6.684801453842338,4,4,2.6573068050947473e-16,6.68480145384234,True,9102,6.684801453842338,1398493179,4,365f72f0984e60c279cbbd87ae9486a95634f90b0096459499cb95f16dec5ed3,10.015331700000388,pyvrp,10.0,1.3286534025473734e-16,cvrp20_54825.json,0
"[""accepted""]",not_selected,True,8.881784197001252e-16,cvrp_s7799_n20-50-100_x66667_cvrp20_5490,0.0,True,True,0.0,0.0,0.0,20,4,False,5.447833957278059,False,False,,False,5.447833957278058,4,4,3.260666263565391e-16,5.44783395727806,True,9101,5.447833957278058,1196740586,4,b982e4a45053da62427b1a6b71f49c68dec10b971eaeac228e1e5f5734944e52,10.009744099999807,pyvrp,10.0,1.6303331317826954e-16,cvrp20_5490.json,0
"[""accepted""]",not_selected,True,8.881784197001252e-16,cvrp_s7799_n20-50-100_x66667_cvrp20_54976,0.0,True,True,0.0,0.0,0.0,20,4,False,5.297644579467605,False,False,,False,5.297644579467604,4,4,5.029660293609491e-16,5.297644579467606,True,9102,5.297644579467604,702444384,3,bd46537a80e038c1c2b5bc20a4cab35f177d7c1592a76f14227b4d0a96afbdc9,10.01015009999901,pyvrp,10.0,1.6765534312031633e-16,cvrp20_54976.json,0
"[""accepted""]",not_selected,True,8.881784197001252e-16,cvrp_s7799_n20-50-100_x66667_cvrp20_55127,0.0,True,True,0.0,0.0,0.0,20,4,False,5.989891514885263,False,False,,False,5.9898915148852625,4,4,2.9655910044211827e-16,5.989891514885264,True,9102,5.9898915148852625,2442700377,4,d7b7aa2a4539d4ada90a6bbe33c363de5ec46b183e284c857b9efbc60cfd8401,10.016012100000808,pyvrp,10.0,1.482795502210591e-16,cvrp20_55127.json,0
"[""accepted""]",not_selected,True,8.881784197001252e-16,cvrp_s7799_n20-50-100_x66667_cvrp20_55269,0.0,True,True,0.0,0.0,0.0,20,4,False,5.180303350398059,False,False,,False,5.1803033503980584,4,4,1.7145297478223489e-16,5.180303350398059,True,9103,5.1803033503980584,256416117,2,42e523f96f49be3e211bc70e4fae5165930c3cab54f21b5de5a6aa69641e62fe,10.011894199997187,pyvrp,10.0,1.7145297478223486e-16,cvrp20_55269.json,0
"[""accepted""]",not_selected,True,-8.881784197001252e-16,cvrp_s7799_n20-50-100_x66667_cvrp20_55273,0.0,True,True,0.0,0.0,0.0,20,4,False,5.013577469997869,False,False,,False,5.01357746999787,4,4,1.7715462162799743e-16,5.013577469997871,True,9101,5.01357746999787,1888321132,3,e150eafad81fd34c73464e5b910ebb36059d2dbf1d14908ce942242f60f8483e,10.018711799999437,pyvrp,10.0,-1.7715462162799745e-16,cvrp20_55273.json,0
"[""accepted""]",not_selected,True,0.0,cvrp_s7799_n20-50-100_x66667_cvrp20_55304,0.0,True,True,0.0,0.0,0.0,20,4,False,6.33740312804505,False,False,,False,6.33740312804505,4,4,1.4014863844934366e-16,6.337403128045051,True,9101,6.33740312804505,2042373857,4,fabb790df024f1df70fc8538c4b347331cfcfa94410aa9a191648ec84151df76,10.009612699999707,pyvrp,10.0,0.0,cvrp20_55304.json,0
"[""accepted""]",not_selected,True,-8.881784197001252e-16,cvrp_s7799_n20-50-100_x66667_cvrp20_55357,0.0,True,True,0.0,0.0,0.0,20,4,False,5.1131503864998376,False,False,,False,5.113150386499838,4,4,1.7370473241803472e-16,5.113150386499839,True,9102,5.113150386499838,3525248835,3,b8b3bdf1ca876e629301939dfe31fc3b2cb1188a304629cc67783feefcc5b2ec,10.0149745000017,pyvrp,10.0,-1.7370473241803474e-16,cvrp20_55357.json,0
"[""accepted""]",not_selected,True,0.0,cvrp_s7799_n20-50-100_x66667_cvrp20_55376,0.0,True,True,0.0,0.0,0.0,20,4,False,5.166368463433642,False,False,,False,5.166368463433642,4,4,1.719154229874323e-16,5.166368463433643,True,9102,5.166368463433642,1777513271,3,5ca04d69efaeaab0e3ae21de22bb0674a3b27a701cb5b9e57383169adde67b2c,10.019904099997802,pyvrp,10.0,0.0,cvrp20_55376.json,0
"[""accepted""]",not_selected,True,1.7763568394002505e-15,cvrp_s7799_n20-50-100_x66667_cvrp20_55439,0.0,True,True,0.0,0.0,0.0,20,4,False,5.810624404399059,False,False,,False,5.810624404399057,4,4,3.057084257683945e-16,5.810624404399059,True,9101,5.810624404399057,99557704,4,4545e170f2edfd0a6a130dce19bf4ab8d2449e1196ed0f1c96c7955d0df85469,10.012672400000156,pyvrp,10.0,3.057084257683944e-16,cvrp20_55439.json,0
"[""accepted""]",not_selected,True,1.7763568394002505e-15,cvrp_s7799_n20-50-100_x66667_cvrp20_5564,0.0,True,True,0.0,0.0,0.0,20,4,False,5.413220912603859,False,False,,False,5.413220912603857,4,4,3.281515511891035e-16,5.413220912603859,True,9104,5.413220912603857,4051380781,4,5f83f2232cfa4998ecaf8ad49a7c1caf7b1d7ece7357bfcaab484305adae2e5a,10.018332899999223,pyvrp,10.0,3.281515511891034e-16,cvrp20_5564.json,0
"[""accepted""]",not_selected,True,-8.881784197001252e-16,cvrp_s7799_n20-50-100_x66667_cvrp20_55711,0.0,True,True,0.0,0.0,0.0,20,4,False,6.855234775082175,False,False,,False,6.855234775082176,4,4,0.0,6.855234775082176,True,9101,6.855234775082176,4135448166,5,a6ea17a5f959873df60c619ee87836ba3c4d27a591b2582fdd286b78721ecb08,10.011298199999146,pyvrp,10.0,-1.295620717365553e-16,cvrp20_55711.json,0
"[""accepted""]",not_selected,True,1.7763568394002505e-15,cvrp_s7799_n20-50-100_x66667_cvrp20_55928,0.0,True,True,0.0,0.0,0.0,20,4,False,7.991711625999688,False,False,,False,7.991711625999686,4,4,2.222748921046116e-16,7.991711625999688,True,9101,7.991711625999686,1245446201,4,08c57bf1dca10eb077e9af759f25b565152fee177f098d6c87b56cfacbbe473e,10.016326900000422,pyvrp,10.0,2.2227489210461154e-16,cvrp20_55928.json,0
"[""accepted""]",not_selected,True,-8.881784197001252e-16,cvrp_s7799_n20-50-100_x66667_cvrp20_56106,0.0,True,True,0.0,0.0,0.0,20,4,False,5.256435251056835,False,False,,False,5.2564352510568355,4,4,3.3793945032293587e-16,5.256435251056837,True,9101,5.2564352510568355,1030024481,4,ab814ca63a3fb11dde4b8db2dab19de6ddb6a01fd6f0c521f7a0870790e7287e,10.01011280000239,pyvrp,10.0,-1.6896972516146796e-16,cvrp20_56106.json,0
"[""accepted""]",not_selected,True,8.881784197001252e-16,cvrp_s7799_n20-50-100_x66667_cvrp20_56113,0.0,True,True,0.0,0.0,0.0,20,4,False,6.164897546869806,False,False,,False,6.164897546869805,4,4,1.4407026442006214e-16,6.164897546869806,True,9102,6.164897546869805,2115507989,4,fae1a8eb76f708ec6475d33eb556b1f3d2bdc4a9757c18ac603ecf9a506e171d,10.011809899999207,pyvrp,10.0,1.4407026442006212e-16,cvrp20_56113.json,0
"[""accepted""]",not_selected,True,0.0,cvrp_s7799_n20-50-100_x66667_cvrp20_56185,0.0,True,True,0.0,0.0,0.0,20,4,False,4.8848381080808485,False,False,,False,4.8848381080808485,4,4,1.818235118643619e-16,4.884838108080849,True,9101,4.8848381080808485,946675788,4,c8a81543223f2b5b26273c0d01ad1cb8e1abc55f330015df94586ec98b4d1e0e,10.011572200000955,pyvrp,10.0,0.0,cvrp20_56185.json,0
"[""accepted""]",not_selected,True,0.0,cvrp_s7799_n20-50-100_x66667_cvrp20_56297,0.0,True,True,0.0,0.0,0.0,20,4,False,5.817911157334696,False,False,,False,5.817911157334696,4,4,1.5266276773243438e-16,5.817911157334697,True,9101,5.817911157334696,1002904584,4,00111c46bea322649cc4eb345c41282078b960fb7480b87f30b8d77d8a245392,10.01211400000102,pyvrp,10.0,0.0,cvrp20_56297.json,0
"[""accepted""]",not_selected,True,3.552713678800501e-15,cvrp_s7799_n20-50-100_x66667_cvrp20_56680,0.0,True,True,0.0,0.0,0.0,20,4,False,7.119931456804692,False,False,,False,7.1199314568046885,4,4,3.7423608292658714e-16,7.119931456804691,True,9102,7.1199314568046885,2026782945,4,b43af959ef14514c796c59133c064d0ebc88674f17958a8de7710d37f32276ed,10.013939099997515,pyvrp,10.0,4.98981443902116e-16,cvrp20_56680.json,0
"[""accepted""]",not_selected,True,0.0,cvrp_s7799_n20-50-100_x66667_cvrp20_56735,0.0,True,True,0.0,0.0,0.0,20,4,False,7.575341261637151,False,False,,False,7.575341261637151,4,4,2.3449198894788164e-16,7.575341261637153,True,9102,7.575341261637151,2716640243,4,2d9d841fec5a0257bb0ad0e7ed24ab532c44b0f68e43c23e785ace5aad7e9838,10.01137910000034,pyvrp,10.0,0.0,cvrp20_56735.json,0
"[""accepted""]",not_selected,True,8.881784197001252e-16,cvrp_s7799_n20-50-100_x66667_cvrp20_56850,0.0,True,True,0.0,0.0,0.0,20,4,False,6.046184941711515,False,False,,False,6.046184941711514,4,4,1.4689898312119867e-16,6.046184941711515,True,9101,6.046184941711514,708461405,4,4b1e7320bc12676d3f9948bbc72b4d097c30c59dffdc4971a3179f4e77b82522,10.01328039999862,pyvrp,10.0,1.4689898312119864e-16,cvrp20_56850.json,0
"[""accepted""]",not_selected,True,1.7763568394002505e-15,cvrp_s7799_n20-50-100_x66667_cvrp20_56864,0.0,True,True,0.0,0.0,0.0,20,4,False,6.591684049832957,False,False,,False,6.591684049832955,4,4,2.694845241323826e-16,6.591684049832957,True,9102,6.591684049832955,3138448445,4,450957b2cfa8130cf28ad46c96b6bb154fae7c48375cb01e230d869f0bfb4427,10.013405300000159,pyvrp,10.0,2.694845241323825e-16,cvrp20_56864.json,0
"[""accepted""]",not_selected,True,-8.881784197001252e-16,cvrp_s7799_n20-50-100_x66667_cvrp20_56994,0.0,True,True,0.0,0.0,0.0,20,4,False,5.067594812698716,False,False,,False,5.067594812698717,4,4,0.0,5.067594812698717,True,9101,5.067594812698717,3585139402,3,0825acf396b27db074f0a3dba54bccbdd9c8af926567ae89da8458fa83fbf23e,10.00939070000095,pyvrp,10.0,-1.7526626585741794e-16,cvrp20_56994.json,0
"[""accepted""]",not_selected,True,8.881784197001252e-16,cvrp_s7799_n20-50-100_x66667_cvrp20_57055,0.0,True,True,0.0,0.0,0.0,20,4,False,5.07665290048763,False,False,,False,5.0766529004876295,4,4,1.7495354461101973e-16,5.07665290048763,True,9101,5.0766529004876295,977093316,3,e14f7e73b866d2ae9dd45858c3f9f32d072bf10de884a52e03f24f913b6e8774,10.0096197999992,pyvrp,10.0,1.749535446110197e-16,cvrp20_57055.json,0
"[""accepted""]",not_selected,True,0.0,cvrp_s7799_n20-50-100_x66667_cvrp20_57083,0.0,True,True,0.0,0.0,0.0,20,4,False,5.6133609281503105,False,False,,False,5.6133609281503105,4,4,3.1645156300070437e-16,5.613360928150312,True,9104,5.6133609281503105,1971399398,4,bdd4315c73b2bd97b602cdde7aec5fb14e9a1b219c9f9332231199b632b464fd,10.016875899997103,pyvrp,10.0,0.0,cvrp20_57083.json,0
"[""accepted""]",stable_control,True,1.7763568394002505e-15,cvrp_s7799_n20-50-100_x66667_cvrp20_57146,0.0,True,True,0.0,0.0,0.0,20,4,False,6.212976261715912,False,True,6.3249034628954135,True,6.2129762617159106,4,4,4.288661579988847e-16,6.212976261715913,True,9103,6.2129762617159106,1774639703,4,0d0e92aa086f5f751db79e87629a5df978598408c9bd0d4291141e1a866c128c,10.03652719999809,pyvrp,10.0,2.859107719992564e-16,cvrp20_57146.json,0
"[""accepted""]",not_selected,True,-8.881784197001252e-16,cvrp_s7799_n20-50-100_x66667_cvrp20_5715,0.0,True,True,0.0,0.0,0.0,20,4,False,5.396949450259288,False,False,,False,5.396949450259289,4,4,1.645704537138946e-16,5.39694945025929,True,9103,5.396949450259289,2661516836,4,3fc9d80e6b38b51f67ac0347c186237759d588fad5e3f6872c4d59323f429ed4,10.012957599999936,pyvrp,10.0,-1.6457045371389465e-16,cvrp20_5715.json,0
"[""accepted""]",not_selected,True,8.881784197001252e-16,cvrp_s7799_n20-50-100_x66667_cvrp20_57288,0.0,True,True,0.0,0.0,0.0,20,4,False,5.330778145688242,False,False,,False,5.3307781456882415,4,4,1.6661327772916632e-16,5.330778145688242,True,9104,5.3307781456882415,276598273,4,18498c7adc737d7f1e1401a5b607a861083d1f643863aa484dc265dfa5f36a3f,10.025380700000824,pyvrp,10.0,1.666132777291663e-16,cvrp20_57288.json,0
"[""accepted""]",not_selected,True,8.881784197001252e-16,cvrp_s7799_n20-50-100_x66667_cvrp20_5732,0.0,True,True,0.0,0.0,0.0,20,4,False,6.038124784417004,False,False,,False,6.038124784417003,4,4,4.4128522583317954e-16,6.038124784417006,True,9104,6.038124784417003,2993435225,4,fa957a0b381d287db111359508db1c6152841b2d48c9a1a44add6afd7aa2d7ec,10.017607900001167,pyvrp,10.0,1.4709507527772648e-16,cvrp20_5732.json,0
"[""accepted""]",not_selected,True,1.7763568394002505e-15,cvrp_s7799_n20-50-100_x66667_cvrp20_57343,0.0,True,True,0.0,0.0,0.0,20,4,False,6.66855530928769,False,False,,False,6.668555309287688,4,4,1.3318903098293373e-16,6.668555309287689,True,9103,6.668555309287688,1494804201,4,6c1685248e1b66a9485d4242d017b4378315be7f1dcd25d7124db75169236f69,10.011010300000635,pyvrp,10.0,2.663780619658674e-16,cvrp20_57343.json,0
"[""accepted""]",not_selected,True,0.0,cvrp_s7799_n20-50-100_x66667_cvrp20_57446,0.0,True,True,0.2,0.042105263157894736,0.028070175438596492,20,4,False,6.100079479094574,False,False,,False,6.100079479094574,4,4,8.538074367238173e-05,6.1006003084169595,True,9101,6.100079479094574,2981849439,4,e60532fd74458e479d22560598882811bce851c403fd7b28bbd1a671719f1f04,10.010879599998589,pyvrp,10.0,0.0,cvrp20_57446.json,0
"[""accepted""]",not_selected,True,0.0,cvrp_s7799_n20-50-100_x66667_cvrp20_57564,0.0,True,True,0.0,0.0,0.0,20,4,False,7.340423684870163,False,False,,False,7.340423684870163,4,4,1.2099824994173144e-16,7.340423684870164,True,9101,7.340423684870163,303934302,4,d7b03a150ab43b555f71d0675fee7a64cec87b5a17a3344f9d521f6a74dec1c7,10.009761000001163,pyvrp,10.0,0.0,cvrp20_57564.json,0
"[""accepted""]",not_selected,True,1.7763568394002505e-15,cvrp_s7799_n20-50-100_x66667_cvrp20_57682,0.0,True,True,0.0,0.0,0.0,20,4,False,5.473102949673622,False,False,,False,5.4731029496736205,4,4,3.2456119604075427e-16,5.473102949673622,True,9101,5.4731029496736205,4173314332,4,10b0c6bbc1b5ee40316751e7ecdc376118f93076b8887f30adb3458447c57469,10.016101000001072,pyvrp,10.0,3.245611960407542e-16,cvrp20_57682.json,0
"[""accepted""]",not_selected,True,8.881784197001252e-16,cvrp_s7799_n20-50-100_x66667_cvrp20_57687,0.0,True,True,0.0,0.0,0.0,20,4,False,6.218401992711214,False,False,,False,6.218401992711213,4,4,1.4283065339635287e-16,6.218401992711214,True,9102,6.218401992711213,1178234876,3,36360bc2c69d114f7c30b5b6b3202cafde9d2035b2a8e174d9f1d6a9fb0cf5e8,10.0092908000006,pyvrp,10.0,1.4283065339635284e-16,cvrp20_57687.json,0
"[""accepted""]",not_selected,True,8.881784197001252e-16,cvrp_s7799_n20-50-100_x66667_cvrp20_5769,0.0,True,True,0.0,0.0,0.0,20,4,False,4.795795708198001,False,False,,False,4.795795708198,4,4,3.7039877164986855e-16,4.795795708198002,True,9102,4.795795708198,1756001342,3,76e82aa90e0e17bca9eecefbc1a987858153438ec1cfdbf9c417f62ad9d0a905,10.010495599999558,pyvrp,10.0,1.8519938582493423e-16,cvrp20_5769.json,0
"[""accepted""]",not_selected,True,1.7763568394002505e-15,cvrp_s7799_n20-50-100_x66667_cvrp20_5781,0.0,True,True,0.0,0.0,0.0,20,4,False,6.740089545395034,False,False,,False,6.7400895453950325,4,4,5.271018515218077e-16,6.740089545395036,True,9103,6.7400895453950325,265443139,4,c4f66e3b467a2ad8636f439a9ee63e76bd0076f6973ed255e845d39de2a5c0f5,10.0182687000015,pyvrp,10.0,2.635509257609038e-16,cvrp20_5781.json,0
"[""accepted""]",not_selected,True,0.0,cvrp_s7799_n20-50-100_x66667_cvrp20_57946,0.0,True,True,0.0,0.0,0.0,20,4,False,6.477656384633567,False,False,,False,6.477656384633567,4,4,1.3711416088804598e-16,6.477656384633568,True,9101,6.477656384633567,3089297699,4,a4283b2240c36ba8f8f3f553fade0ebde24c0b612992e1689f7a27dbbd885bcb,10.010635200000252,pyvrp,10.0,0.0,cvrp20_57946.json,0
"[""accepted""]",not_selected,True,0.0,cvrp_s7799_n20-50-100_x66667_cvrp20_5822,0.0,True,True,0.0,0.0,0.0,20,4,False,7.445451408567029,False,False,,False,7.445451408567029,4,4,1.1929141310064185e-16,7.44545140856703,True,9101,7.445451408567029,2075969017,4,380119efa3c2525f42fc7869d8fbec31063982cf5f934a4e148ff30c68da5548,10.025083299999096,pyvrp,10.0,0.0,cvrp20_5822.json,0
"[""accepted""]",not_selected,True,0.0,cvrp_s7799_n20-50-100_x66667_cvrp20_58234,0.0,True,True,0.0,0.0,0.0,20,4,False,6.144967366210856,False,False,,False,6.144967366210856,4,4,1.445375323852694e-16,6.144967366210857,True,9102,6.144967366210856,1604746290,4,6ad275645422de9a28e636761da30f889eca02268d0d6ecbcbed621e5888bb1f,10.015640699999494,pyvrp,10.0,0.0,cvrp20_58234.json,0
"[""accepted""]",not_selected,True,8.881784197001252e-16,cvrp_s7799_n20-50-100_x66667_cvrp20_58343,0.0,True,True,0.0,0.0,0.0,20,4,False,6.498807628237181,False,False,,False,6.49880762823718,4,4,1.366679044077269e-16,6.498807628237181,True,9102,6.49880762823718,1848012890,4,47af8d68ea36314226414bf67c31637ed98e1de3c849a850d71223322f6dbdd9,10.017885500001285,pyvrp,10.0,1.3666790440772687e-16,cvrp20_58343.json,0
"[""accepted""]",not_selected,True,0.0,cvrp_s7799_n20-50-100_x66667_cvrp20_58394,0.0,True,True,0.0,0.0,0.0,20,4,False,5.998237343055533,False,False,,False,5.998237343055533,4,4,1.4807323700326979e-16,5.998237343055534,True,9104,5.998237343055533,2657116319,3,98c2cb72dcccb0c22e78c8d9cebeb491594b42caf31434577e1bead453f563f2,10.023664800002734,pyvrp,10.0,0.0,cvrp20_58394.json,0
"[""accepted""]",not_selected,True,8.881784197001252e-16,cvrp_s7799_n20-50-100_x66667_cvrp20_58594,0.0,True,True,0.0,0.0,0.0,20,4,False,5.38429179248106,False,False,,False,5.384291792481059,4,4,1.6495733402495565e-16,5.38429179248106,True,9103,5.384291792481059,1466125522,4,8510df15e44f233965e5b270c9f455a5b2b928f69e8e4cc7fd6cc95a6bdcbeb0,10.014658200001577,pyvrp,10.0,1.6495733402495563e-16,cvrp20_58594.json,0
"[""accepted""]",not_selected,True,1.7763568394002505e-15,cvrp_s7799_n20-50-100_x66667_cvrp20_59294,0.0,True,True,0.0,0.0,0.0,20,4,False,6.897552791634205,False,False,,False,6.897552791634204,4,4,2.575343593679675e-16,6.897552791634205,True,9104,6.897552791634204,984602058,5,2a31d393fffc87597b882b308bb137df001601df6a028fdd63652d64234e9092,10.01321199999802,pyvrp,10.0,2.575343593679674e-16,cvrp20_59294.json,0
"[""accepted""]",stable_control,True,8.881784197001252e-16,cvrp_s7799_n20-50-100_x66667_cvrp20_59326,0.0,True,True,0.0,0.0,0.0,20,4,False,6.135450844768759,False,True,6.135450844768758,True,6.135450844768758,4,4,2.8952344079405633e-16,6.1354508447687595,True,9103,6.135450844768758,1538108068,4,289ca57f1eca78021a5f9429d827476d556923e6bbf18bb3afe19f6ddeda5af9,10.012881300001027,pyvrp,10.0,1.4476172039702817e-16,cvrp20_59326.json,0
"[""route_membership_ambiguous""]",unstable_matrix,True,0.0007961567236041134,cvrp_s7799_n20-50-100_x66667_cvrp20_5945,0.07368421052631578,False,False,0.7,0.07368421052631578,0.03684210526315789,20,4,True,5.32510830333613,False,True,5.325108303336131,True,5.324312146612526,4,4,0.00014953231547694634,5.325108303336131,True,9101,5.324312146612526,1540719916,3,b4034ea3ecc56d994a3ca631219df25c4b05bb1c9cb9893b7cdef8c67f92bcf4,10.011339500000759,pyvrp,10.0,0.00014950995890643742,cvrp20_5945.json,0
"[""accepted""]",not_selected,True,8.881784197001252e-16,cvrp_s7799_n20-50-100_x66667_cvrp20_59706,0.0,True,True,0.0,0.0,0.0,20,4,False,7.318496879095717,False,False,,False,7.318496879095716,4,4,2.4272154087735838e-16,7.318496879095718,True,9102,7.318496879095716,1447733644,4,c329805875f1333054a345ab04b28d517983a65823d2123d1ae261aad41ade96,10.010836800000106,pyvrp,10.0,1.2136077043867916e-16,cvrp20_59706.json,0
"[""accepted""]",not_selected,True,8.881784197001252e-16,cvrp_s7799_n20-50-100_x66667_cvrp20_59720,0.0,True,True,0.0,0.0,0.0,20,4,False,6.59204855866271,False,False,,False,6.592048558662709,4,4,1.3473481146205404e-16,6.59204855866271,True,9102,6.592048558662709,169572068,4,d354a28907a39be33bc7a06bbe473a48d3e0516436633d31ef490388e7a784ec,10.01132299999881,pyvrp,10.0,1.3473481146205404e-16,cvrp20_59720.json,0
"[""accepted""]",not_selected,True,8.881784197001252e-16,cvrp_s7799_n20-50-100_x66667_cvrp20_59781,0.0,True,True,0.0,0.0,0.0,20,4,False,5.877117599971764,False,False,,False,5.877117599971763,4,4,3.0224966732140686e-16,5.877117599971765,True,9101,5.877117599971763,4292422117,4,5930a3ef9fb72cd29c3afc926ea508622c202faac96dd69e88b85f1e44db501a,10.019776799999818,pyvrp,10.0,1.511248336607034e-16,cvrp20_59781.json,0
"[""accepted""]",not_selected,True,-1.7763568394002505e-15,cvrp_s7799_n20-50-100_x66667_cvrp20_59825,0.0,True,True,0.0,0.0,0.0,20,4,False,5.921064505766936,False,False,,False,5.921064505766938,4,4,1.5000316561913255e-16,5.921064505766939,True,9101,5.921064505766938,3662272385,3,829b32e547888b8df2679291128f3b7c6e50df5f015aaff9cdcc316c8d07f98d,10.010307000000466,pyvrp,10.0,-3.000063312382652e-16,cvrp20_59825.json,0
"[""accepted""]",not_selected,True,8.881784197001252e-16,cvrp_s7799_n20-50-100_x66667_cvrp20_59886,0.0,True,True,0.0,0.0,0.0,20,4,False,6.752302528317756,False,False,,False,6.752302528317755,4,4,1.315371187791556e-16,6.752302528317756,True,9102,6.752302528317755,3162691827,4,f523785139e78c21a32953df9aed3d2110ec0de3e783db8679e758976255d205,10.010451699999976,pyvrp,10.0,1.3153711877915557e-16,cvrp20_59886.json,0
"[""accepted""]",not_selected,True,0.0,cvrp_s7799_n20-50-100_x66667_cvrp20_59959,0.0,True,True,0.0,0.0,0.0,20,4,False,5.386660730594397,False,False,,False,5.386660730594397,4,4,1.6488478931958243e-16,5.386660730594398,True,9102,5.386660730594397,4164262161,4,8d10d1ad2651a5c38617a79c1e4e2294b589117b4fdfc3dec2bf03cf39c2c54d,10.015371500001493,pyvrp,10.0,0.0,cvrp20_59959.json,0
"[""accepted""]",not_selected,True,1.7763568394002505e-15,cvrp_s7799_n20-50-100_x66667_cvrp20_60098,0.0,True,True,0.0,0.0,0.0,20,4,False,6.633482387144256,False,False,,False,6.633482387144254,4,4,1.3389323553815756e-16,6.633482387144255,True,9101,6.633482387144254,2098659597,3,a202ac177f322f7a686657d501f0f1fa60e9cc0415ec1708b4f3b090cbad1b78,10.015392500001326,pyvrp,10.0,2.67786471076315e-16,cvrp20_60098.json,0
"[""accepted""]",not_selected,True,0.0,cvrp_s7799_n20-50-100_x66667_cvrp20_60292,0.0,True,True,0.0,0.0,0.0,20,4,False,5.030063052005377,False,False,,False,5.030063052005377,4,4,0.0,5.030063052005377,True,9101,5.030063052005377,1853629603,3,7171360476cd3a573f30c657f3af16f77426a1b36776e39916fdf14798c91244,10.012596900000062,pyvrp,10.0,0.0,cvrp20_60292.json,0
"[""accepted""]",not_selected,True,8.881784197001252e-16,cvrp_s7799_n20-50-100_x66667_cvrp20_60293,0.0,True,True,0.0,0.0,0.0,20,4,False,5.980098017496971,False,False,,False,5.98009801749697,4,4,1.4852238493439967e-16,5.980098017496971,True,9101,5.98009801749697,1477862985,4,954c87baabaa41216a464b2d2ebad1946b6f71d0bb1d44857c94a9cc54ef24af,10.011249600000156,pyvrp,10.0,1.4852238493439964e-16,cvrp20_60293.json,0
"[""accepted""]",stable_control,True,0.0,cvrp_s7799_n20-50-100_x66667_cvrp20_60331,0.0,True,True,0.0,0.0,0.0,20,4,False,5.816829429801592,False,True,5.816829429801592,True,5.816829429801592,4,4,3.053823153725931e-16,5.816829429801594,True,9103,5.816829429801592,2434353598,4,32781653275cd5ddb2c6d95383d19155fdbf032610cd085d7c9f2a702e30cf65,10.028135399999883,pyvrp,10.0,0.0,cvrp20_60331.json,0
"[""accepted""]",not_selected,True,0.0,cvrp_s7799_n20-50-100_x66667_cvrp20_60460,0.0,True,True,0.0,0.0,0.0,20,4,False,5.915645411830166,False,False,,False,5.915645411830166,4,4,1.5014057771683497e-16,5.915645411830167,True,9102,5.915645411830166,3555634234,4,581a0f233e522496b3260ef66b7ba38d60c45ebc2a4aa731799bc41e900315fc,10.012934700000187,pyvrp,10.0,0.0,cvrp20_60460.json,0
"[""accepted""]",not_selected,True,1.7763568394002505e-15,cvrp_s7799_n20-50-100_x66667_cvrp20_60572,0.0,True,True,0.0,0.0,0.0,20,4,False,5.7443918177354005,False,False,,False,5.744391817735399,4,4,1.5461661527995668e-16,5.7443918177354,True,9104,5.744391817735399,2840126602,4,dc6317cfb24770dddf7a40801913461f1c19a0f1a5060fdcc46d3c0993db91d4,10.015909800000372,pyvrp,10.0,3.0923323055991326e-16,cvrp20_60572.json,0
"[""accepted""]",not_selected,True,-8.881784197001252e-16,cvrp_s7799_n20-50-100_x66667_cvrp20_61035,0.0,True,True,0.0,0.0,0.0,20,4,False,6.100965070455709,False,False,,False,6.10096507045571,4,4,1.455799876647684e-16,6.100965070455711,True,9102,6.10096507045571,113838401,4,ff3b8f37e93d5ac63d471c6beeca50281c4690b919c431ff294155f96bc69dda,10.0227292999989,pyvrp,10.0,-1.4557998766476843e-16,cvrp20_61035.json,0
"[""accepted""]",not_selected,True,0.0,cvrp_s7799_n20-50-100_x66667_cvrp20_61144,0.0,True,True,0.0,0.0,0.0,20,4,False,5.2940942450703465,False,False,,False,5.2940942450703465,4,4,5.033033292864944e-16,5.294094245070349,True,9103,5.2940942450703465,1983109267,4,b4844eb5da7f15f2c1518127841accfc7e6e0f396023c6fc245c30d904f94fb8,10.010470400000486,pyvrp,10.0,0.0,cvrp20_61144.json,0
"[""accepted""]",not_selected,True,8.881784197001252e-16,cvrp_s7799_n20-50-100_x66667_cvrp20_61405,0.0,True,True,0.0,0.0,0.0,20,4,False,6.044002292314575,False,False,,False,6.044002292314574,4,4,1.4695203223690272e-16,6.044002292314575,True,9102,6.044002292314574,3760899141,4,c1290e20ca0aac4bb5d3d2985d2b8c5331883e40a5d1be577c267328d8d848cb,10.017073900002288,pyvrp,10.0,1.469520322369027e-16,cvrp20_61405.json,0
"[""accepted""]",not_selected,True,-8.881784197001252e-16,cvrp_s7799_n20-50-100_x66667_cvrp20_61478,0.0,True,True,0.0,0.0,0.0,20,4,False,5.487437506776753,False,False,,False,5.487437506776754,4,4,1.618566805732662e-16,5.487437506776755,True,9102,5.487437506776754,1208895295,4,12af4018ffc43a64c9209ab33a605d21ab4ed38b2e47f0054e344863c53b6fa9,10.016513300000952,pyvrp,10.0,-1.6185668057326622e-16,cvrp20_61478.json,0
"[""accepted""]",not_selected,True,0.0,cvrp_s7799_n20-50-100_x66667_cvrp20_6155,0.0,True,True,0.0,0.0,0.0,20,4,False,4.872053267151754,False,False,,False,4.872053267151754,4,4,0.0,4.872053267151754,True,9101,4.872053267151754,3868083268,4,b47a18b530513fc6a8c6f9efd5e0746d8f6e67880e20bb2e574530da90702a6c,10.010734800001956,pyvrp,10.0,0.0,cvrp20_6155.json,0
"[""accepted""]",not_selected,True,8.881784197001252e-16,cvrp_s7799_n20-50-100_x66667_cvrp20_61603,0.0,True,True,0.0,0.0,0.0,20,4,False,7.758134990126452,False,False,,False,7.758134990126451,4,4,1.1448349646280758e-16,7.758134990126452,True,9101,7.758134990126451,3026983950,5,9a80a45ba1c9793ba9ccfb49ed25ef6e7660adc466b141f2a3565b966b4c2aea,10.029571099999885,pyvrp,10.0,1.1448349646280756e-16,cvrp20_61603.json,0
"[""accepted""]",not_selected,True,0.0,cvrp_s7799_n20-50-100_x66667_cvrp20_61681,0.0,True,True,0.0,0.0,0.0,20,4,False,7.2454926314212,False,False,,False,7.2454926314212,4,4,2.4516715836502327e-16,7.245492631421202,True,9102,7.2454926314212,2779338185,5,7a9c7af6c9e22da7cac7400a6e3889ce3afe9a070e1bc2441472060ef4d67dba,10.0113044000027,pyvrp,10.0,0.0,cvrp20_61681.json,0
"[""accepted""]",not_selected,True,8.881784197001252e-16,cvrp_s7799_n20-50-100_x66667_cvrp20_6197,0.0,True,True,0.0,0.0,0.0,20,4,False,7.624168948648521,False,False,,False,7.62416894864852,4,4,1.164951125404384e-16,7.624168948648521,True,9101,7.62416894864852,3812822358,5,288159daaedb2d5d5d81e61afac476c5d161913a7d4055083d635c946b835df6,10.016062099999544,pyvrp,10.0,1.1649511254043838e-16,cvrp20_6197.json,0
"[""accepted""]",not_selected,True,-8.881784197001252e-16,cvrp_s7799_n20-50-100_x66667_cvrp20_62181,0.0,True,True,0.0,0.0,0.0,20,4,False,5.553273719496358,False,False,,False,5.553273719496359,4,4,1.5993780687991667e-16,5.55327371949636,True,9102,5.553273719496359,1281123784,4,5c87ef1761be0a95bbaa317b410912db0d295dc6ad1a742f76c0ba681127b429,10.011725699998351,pyvrp,10.0,-1.599378068799167e-16,cvrp20_62181.json,0
"[""accepted""]",not_selected,True,8.881784197001252e-16,cvrp_s7799_n20-50-100_x66667_cvrp20_6227,0.0,True,True,0.0,0.0,0.0,20,4,False,6.373784327822596,False,False,,False,6.373784327822595,4,4,2.786973559249827e-16,6.373784327822597,True,9102,6.373784327822595,2921878335,4,3428ec8610fce775ee5b3c98a844c7beeaed0474e7c00921f4851f2bdee0a74a,10.016781599999376,pyvrp,10.0,1.3934867796249133e-16,cvrp20_6227.json,0
"[""accepted""]",not_selected,True,8.881784197001252e-16,cvrp_s7799_n20-50-100_x66667_cvrp20_62300,0.0,True,True,0.0,0.0,0.0,20,4,False,6.337396120785272,False,False,,False,6.337396120785271,4,4,1.4014879341171284e-16,6.337396120785272,True,9103,6.337396120785271,1736216280,4,668f9e333848813985ee26269f64e65522e2e9d7eb5a03c81763486c7763ef6b,10.024383700001636,pyvrp,10.0,1.4014879341171282e-16,cvrp20_62300.json,0
"[""accepted""]",not_selected,True,8.881784197001252e-16,cvrp_s7799_n20-50-100_x66667_cvrp20_62386,0.0,True,True,0.0,0.0,0.0,20,4,False,5.47806493011508,False,False,,False,5.478064930115079,4,4,3.242672115175046e-16,5.478064930115081,True,9104,5.478064930115079,158558539,4,65d1de7bb6d9d3993b408decbe8a5151cb9c462c2e456f556617c65422f2bce2,10.048403799999505,pyvrp,10.0,1.6213360575875228e-16,cvrp20_62386.json,0
"[""accepted""]",stable_control,True,8.881784197001252e-16,cvrp_s7799_n20-50-100_x66667_cvrp20_62728,0.0,True,True,0.0,0.0,0.0,20,4,False,6.007449534415387,False,True,6.007449534415387,True,6.007449534415386,4,4,1.4784617242507693e-16,6.007449534415387,True,9102,6.007449534415386,1909868700,3,cdd1209dff0850f8e11410d25873747581f17c45252c8674247068634e3bc875,10.012048299999151,pyvrp,10.0,1.478461724250769e-16,cvrp20_62728.json,0
"[""accepted""]",not_selected,True,1.7763568394002505e-15,cvrp_s7799_n20-50-100_x66667_cvrp20_62738,0.0,True,True,0.0,0.0,0.0,20,4,False,5.464616067545897,False,False,,False,5.4646160675458955,4,4,3.2506525937841315e-16,5.464616067545897,True,9103,5.4646160675458955,3717610275,4,9b91cfdc9c96df3f820f3c1a0246e3573760f62af0fe4aaf600dbf108141e9ed,10.011209399999643,pyvrp,10.0,3.2506525937841305e-16,cvrp20_62738.json,0
"[""accepted""]",not_selected,True,8.881784197001252e-16,cvrp_s7799_n20-50-100_x66667_cvrp20_63182,0.0,True,True,0.0,0.0,0.0,20,4,False,5.280276091185626,False,False,,False,5.280276091185625,4,4,3.364136285156616e-16,5.280276091185627,True,9102,5.280276091185625,2514080217,4,d75eb95bfab59fdb032673d284c965e8b453c0f2b11c75c8ba23b3b523a44126,10.009756699997524,pyvrp,10.0,1.6820681425783077e-16,cvrp20_63182.json,0
"[""accepted""]",not_selected,True,8.881784197001252e-16,cvrp_s7799_n20-50-100_x66667_cvrp20_63324,0.0,True,True,0.0,0.0,0.0,20,4,False,7.746770613403347,False,False,,False,7.7467706134033465,4,4,1.146514417457272e-16,7.746770613403347,True,9102,7.7467706134033465,21399790,4,cd7cb9abf7b23ad6d8191dbf3e0f7205b804134c6ea6b7da10122d0822cc5296,10.013628900000185,pyvrp,10.0,1.146514417457272e-16,cvrp20_63324.json,0
"[""accepted""]",not_selected,True,0.0,cvrp_s7799_n20-50-100_x66667_cvrp20_63374,0.0,True,True,0.0,0.0,0.0,20,4,False,6.14407433937784,False,False,,False,6.14407433937784,4,4,0.0,6.14407433937784,True,9101,6.14407433937784,3533325504,4,1476689720f3db768c3c01b9a8351a9f95f6f13caab5f1d2354acde91f993b68,10.010393100001238,pyvrp,10.0,0.0,cvrp20_63374.json,0
"[""accepted""]",not_selected,True,1.7763568394002505e-15,cvrp_s7799_n20-50-100_x66667_cvrp20_63471,0.0,True,True,0.0,0.0,0.0,20,4,False,5.3902306056880676,False,False,,False,5.390230605688066,4,4,4.943267652201397e-16,5.390230605688068,True,9103,5.390230605688066,2416328874,3,9beeea2bad21f7cd0b14267f30f73959d4437d26daf11c3d9007a3a0fcbd203c,10.015064799998072,pyvrp,10.0,3.2955117681342634e-16,cvrp20_63471.json,0
"[""accepted""]",not_selected,True,8.881784197001252e-16,cvrp_s7799_n20-50-100_x66667_cvrp20_63509,0.0,True,True,0.0,0.0,0.0,20,4,False,6.607328766165508,False,False,,False,6.607328766165507,4,4,1.3442322171832388e-16,6.607328766165508,True,9102,6.607328766165507,3095587124,4,0083a7fcf5bacaaecafad77c333537878ce4565e0290e193a1bd073e5a469f12,10.017604600001505,pyvrp,10.0,1.3442322171832385e-16,cvrp20_63509.json,0
"[""accepted""]",not_selected,True,2.6645352591003757e-15,cvrp_s7799_n20-50-100_x66667_cvrp20_63515,0.0,True,True,0.0,0.0,0.0,20,4,False,5.708539768456475,False,False,,False,5.708539768456473,4,4,3.1117534631462473e-16,5.7085397684564745,True,9101,5.708539768456473,3077227763,3,ac6d3e85d5871dc9098b56b83b704f4a6ebd35ad416dc0267af721ee8d053dce,10.009047200001078,pyvrp,10.0,4.667630194719369e-16,cvrp20_63515.json,0
"[""accepted""]",stable_control,True,0.0,cvrp_s7799_n20-50-100_x66667_cvrp20_63573,0.0,True,True,0.0,0.0,0.0,20,4,False,6.012317488072098,False,True,6.0123174880720995,True,6.012317488072098,4,4,1.4772646678459546e-16,6.012317488072099,True,9101,6.012317488072098,934699602,4,a3171ffc832119814cfebac3b4a4a148a6e31cc3c02601cb98b3a10d473fe2e5,10.015355700001237,pyvrp,10.0,0.0,cvrp20_63573.json,0
"[""accepted""]",not_selected,True,-8.881784197001252e-16,cvrp_s7799_n20-50-100_x66667_cvrp20_63622,0.0,True,True,0.0,0.0,0.0,20,4,False,5.6406172981307,False,False,,False,5.640617298130701,4,4,1.5746120907625966e-16,5.640617298130702,True,9101,5.640617298130701,4017856749,4,9a6cbc59214c4e66084bfcbc5b601190d9cb31ced18bfe75398791d2fc6c3133,10.013061600002402,pyvrp,10.0,-1.5746120907625968e-16,cvrp20_63622.json,0
"[""accepted""]",not_selected,True,0.0,cvrp_s7799_n20-50-100_x66667_cvrp20_63725,0.0,True,True,0.0,0.0,0.0,20,4,False,6.140635423725653,False,False,,False,6.140635423725653,4,4,1.4463949712247347e-16,6.140635423725654,True,9103,6.140635423725653,788772483,4,6d9c89fa05f579c505d84c5edda18fd778eedc44da74ef24bd8ce71ee854c579,10.009161699999822,pyvrp,10.0,0.0,cvrp20_63725.json,0
"[""accepted""]",not_selected,True,0.0,cvrp_s7799_n20-50-100_x66667_cvrp20_6393,0.0,True,True,0.0,0.0,0.0,20,4,False,6.952487909158053,False,False,,False,6.952487909158053,4,4,0.0,6.952487909158053,True,9101,6.952487909158053,47866370,4,2b2a3c9f7458b85c3549cae0c1506e5e6ff0c2c18c128aa0c4aa8bb6991522b4,10.009873099999822,pyvrp,10.0,0.0,cvrp20_6393.json,0
"[""accepted""]",stable_control,True,2.6645352591003757e-15,cvrp_s7799_n20-50-100_x66667_cvrp20_63931,0.0,True,True,0.0,0.0,0.0,20,4,False,6.2561947855419415,False,True,6.25619478554194,True,6.256194785541939,4,4,4.259035005204944e-16,6.2561947855419415,True,9103,6.256194785541939,2969470843,4,8276aded2108e8598f756335e83623b7e64194690f521f90da7a9a72471e4376,10.016514899998583,pyvrp,10.0,4.2590350052049426e-16,cvrp20_63931.json,0
"[""accepted""]",not_selected,True,1.7763568394002505e-15,cvrp_s7799_n20-50-100_x66667_cvrp20_6407,0.0,True,True,0.0,0.0,0.0,20,4,False,6.860533792580224,False,False,,False,6.860533792580222,4,4,2.5892399820570944e-16,6.860533792580224,True,9102,6.860533792580222,1122692379,4,d2cbb140c582038d816fc9668bb23fdb33f5c53f11741fad81f8dec631942316,10.022638099999313,pyvrp,10.0,2.589239982057094e-16,cvrp20_6407.json,0
"[""accepted""]",not_selected,True,0.0,cvrp_s7799_n20-50-100_x66667_cvrp20_64710,0.0,True,True,0.0,0.0,0.0,20,4,False,6.353376148751101,False,False,,False,6.353376148751101,4,4,2.7959258161496285e-16,6.353376148751103,True,9103,6.353376148751101,2926110021,4,642ea9a62c7686ee917e345afa950fc50674af146d3e6fc5b7930af2c333136b,10.02383429999827,pyvrp,10.0,0.0,cvrp20_64710.json,0
"[""accepted""]",not_selected,True,1.7763568394002505e-15,cvrp_s7799_n20-50-100_x66667_cvrp20_64882,0.0,True,True,0.0,0.0,0.0,20,4,False,5.917060997776369,False,False,,False,5.9170609977763675,4,4,3.002093167651653e-16,5.917060997776369,True,9102,5.9170609977763675,317515216,4,f3ccdd5a4490a15e5e3c996557698cbc3e1f4e0de2e4776a377acb5680de8ab9,10.016033500000049,pyvrp,10.0,3.002093167651652e-16,cvrp20_64882.json,0
"[""accepted""]",stable_control,True,0.0004685027095883143,cvrp_s7799_n20-50-100_x66667_cvrp20_6495,0.03684210526315789,True,True,0.35,0.03684210526315789,0.024561403508771926,20,4,False,5.335438547118712,False,True,5.335438547118711,True,5.334970044409124,4,4,8.781730838007048e-05,5.335438547118712,True,9102,5.334970044409124,3613566219,4,af6c9eaccd05d76b9285d55aed418b6b3f6a28d2a999e6a332bd2dc0ba17da5f,10.011012900002243,pyvrp,10.0,8.780959717759641e-05,cvrp20_6495.json,0
"[""accepted""]",not_selected,True,8.881784197001252e-16,cvrp_s7799_n20-50-100_x66667_cvrp20_64996,0.0,True,True,0.0,0.0,0.0,20,4,False,4.631030959250136,False,False,,False,4.631030959250135,4,4,1.917884867355628e-16,4.631030959250136,True,9101,4.631030959250135,2792732490,4,d991b1582137e68e6aa92690c6d6fe53f25026dabfb8b0b1e1ed3575d96b7a7e,10.008965599998191,pyvrp,10.0,1.9178848673556275e-16,cvrp20_64996.json,0
"[""accepted""]",not_selected,True,0.0,cvrp_s7799_n20-50-100_x66667_cvrp20_65478,0.0,True,True,0.0,0.0,0.0,20,4,False,8.62679139582088,False,False,,False,8.62679139582088,4,4,0.0,8.62679139582088,True,9101,8.62679139582088,270181805,4,1fef5a6f73f91bae762fbe8fd7081c1510fd48500861b24a77d7c5c3c68ae9fb,10.010377200000221,pyvrp,10.0,0.0,cvrp20_65478.json,0
"[""accepted""]",not_selected,True,8.881784197001252e-16,cvrp_s7799_n20-50-100_x66667_cvrp20_65877,0.0,True,True,0.0,0.0,0.0,20,4,False,6.662334063173672,False,False,,False,6.662334063173671,4,4,1.3331340207174065e-16,6.662334063173672,True,9101,6.662334063173671,477908400,3,33225ed6125ae800ec50f9354df8febed3f691de4f6cfb7e0bbfc450795b1fd7,10.009976600002119,pyvrp,10.0,1.3331340207174065e-16,cvrp20_65877.json,0
"[""accepted""]",not_selected,True,0.0,cvrp_s7799_n20-50-100_x66667_cvrp20_65943,0.0,True,True,0.0,0.0,0.0,20,4,False,6.937012555560432,False,False,,False,6.937012555560432,4,4,1.2803471416354825e-16,6.9370125555604325,True,9101,6.937012555560432,2649109209,4,e7985745b7d3027a3a541a8b5a8b6b9ab253f16b9eb9c9a425e80249387fe7e1,10.018180999999458,pyvrp,10.0,0.0,cvrp20_65943.json,0
"[""accepted""]",not_selected,True,2.6645352591003757e-15,cvrp_s7799_n20-50-100_x66667_cvrp20_66066,0.0,True,True,0.0,0.0,0.0,20,4,False,5.719869278019285,False,False,,False,5.719869278019282,4,4,4.658384885367643e-16,5.719869278019285,True,9101,5.719869278019282,1039420353,4,fd1a9f37578f773dc34c372ab45f8da394c4e56551b531b99d54bfdcb6bb9182,10.0241423999978,pyvrp,10.0,4.658384885367641e-16,cvrp20_66066.json,0
"[""accepted""]",not_selected,True,2.6645352591003757e-15,cvrp_s7799_n20-50-100_x66667_cvrp20_66148,0.0,True,True,0.0,0.0,0.0,20,4,False,7.7590681658996115,False,False,,False,7.759068165899609,4,4,2.2893945528242367e-16,7.759068165899611,True,9101,7.759068165899609,2317938898,4,fdabdeab5f55c7c1fc239c7790b601310f6a74f41e5dfacba3c21bef3e19144b,10.009650500000134,pyvrp,10.0,3.4340918292363536e-16,cvrp20_66148.json,0
"[""accepted""]",not_selected,True,0.0,cvrp_s7799_n20-50-100_x66667_cvrp20_66306,0.0,True,True,0.0,0.0,0.0,20,4,False,5.841288477742305,False,False,,False,5.841288477742305,4,4,3.041035973773416e-16,5.841288477742307,True,9101,5.841288477742305,357846164,4,343996f8f2184878177af8599413a1435f6214100f552b30eadda5cdf2e4821e,10.01165039999978,pyvrp,10.0,0.0,cvrp20_66306.json,0
"[""accepted""]",not_selected,True,0.0,cvrp_s7799_n20-50-100_x66667_cvrp20_66334,0.0,True,True,0.0,0.0,0.0,20,4,False,4.839125341483021,False,False,,False,4.839125341483021,4,4,5.506233195199258e-16,4.839125341483023,True,9103,4.839125341483021,628644738,3,3c6427aa47cff5246a6a216d751e4a674271ea77081d144a3fcb7138bd993078,10.01542899999913,pyvrp,10.0,0.0,cvrp20_66334.json,0
"[""accepted""]",not_selected,True,0.0,cvrp_s7799_n20-50-100_x66667_cvrp20_66429,0.0,True,True,0.0,0.0,0.0,20,4,False,6.456488726198047,False,False,,False,6.456488726198047,4,4,0.0,6.456488726198047,True,9101,6.456488726198047,2034106140,4,aaf18dc0bcfdaa77b9e57daef7558654d106d0311e8a976ef4908b8c1787b979,10.027938400002313,pyvrp,10.0,0.0,cvrp20_66429.json,0
"[""accepted""]",not_selected,True,8.881784197001252e-16,cvrp_s7799_n20-50-100_x66667_cvrp20_66441,0.0,True,True,0.0,0.0,0.0,20,4,False,7.464568980700337,False,False,,False,7.464568980700336,4,4,2.379717896630102e-16,7.464568980700338,True,9101,7.464568980700336,2963754187,4,418fd5d547dfde9490c3c8988219e6e7d07bab9735aa9f2423d1d4ad110a7603,10.015395600003103,pyvrp,10.0,1.1898589483150507e-16,cvrp20_66441.json,0
"[""accepted""]",not_selected,True,0.0,cvrp_s7799_n20-50-100_x66667_cvrp20_66462,0.0,True,True,0.0,0.0,0.0,20,4,False,6.909311991162863,False,False,,False,6.909311991162863,4,4,2.5709605264203495e-16,6.909311991162864,True,9102,6.909311991162863,1653392269,4,8d4ce179213975b792711733e3a9d7b6bd5e86aaa47439fda03ef3f9e5abd12f,10.04286200000206,pyvrp,10.0,0.0,cvrp20_66462.json,0
"[""accepted""]",not_selected,True,0.0,cvrp_s7799_n20-50-100_x66667_cvrp20_66538,0.0,True,True,0.0,0.0,0.0,20,4,False,6.228453235668928,False,False,,False,6.228453235668928,4,4,1.4260015867402366e-16,6.228453235668929,True,9102,6.228453235668928,3593586388,4,66b8d04f96b080a31695ca7c94e3c514d22ebabcbf9c0e95417c0c025665640a,10.025826799999777,pyvrp,10.0,0.0,cvrp20_66538.json,0
"[""accepted""]",not_selected,True,8.881784197001252e-16,cvrp_s7799_n20-50-100_x66667_cvrp20_6848,0.0,True,True,0.0,0.0,0.0,20,4,False,4.944498618437667,False,False,,False,4.944498618437666,4,4,3.592592447647469e-16,4.944498618437668,True,9102,4.944498618437666,67952547,3,95da275583940a5a7411dac7efe52ce3d9d226706a4a1a33bb9d9486e3207056,10.027110999999422,pyvrp,10.0,1.7962962238237343e-16,cvrp20_6848.json,0
"[""route_membership_ambiguous""]",unstable_matrix,True,0.0,cvrp_s7799_n20-50-100_x66667_cvrp20_6883,0.0,False,False,0.35,0.07368421052631578,0.04912280701754385,20,4,True,6.32105614301256,False,True,6.3210561430125605,True,6.32105614301256,4,4,1.4479250787515852e-05,6.321147667169696,True,9101,6.32105614301256,3223421872,4,b7cb55bfe137e9cdb1e7a53c71b901447996b9597f115115ace2ffa8129e8b51,10.011484500002553,pyvrp,10.0,0.0,cvrp20_6883.json,0
"[""accepted""]",not_selected,True,8.881784197001252e-16,cvrp_s7799_n20-50-100_x66667_cvrp20_7011,0.0,True,True,0.0,0.0,0.0,20,4,False,7.804484374241843,False,False,,False,7.804484374241842,4,4,3.4141080067947717e-16,7.804484374241845,True,9103,7.804484374241842,1054900315,4,6d37392caefb33e4658aaa10fecdd3fbcc7f34d279c8bae70d769c0211e5200c,10.014180199999828,pyvrp,10.0,1.1380360022649238e-16,cvrp20_7011.json,0
"[""accepted""]",not_selected,True,8.881784197001252e-16,cvrp_s7799_n20-50-100_x66667_cvrp20_7159,0.0,True,True,0.0,0.0,0.0,20,4,False,6.159862198850905,False,False,,False,6.159862198850904,4,4,4.3256410177445743e-16,6.159862198850907,True,9102,6.159862198850904,13814575,4,8940dba8bca4c33e6299dae32706a4918abe0f4cd1d1ffdb109cd72792124bf8,10.013516300001356,pyvrp,10.0,1.4418803392481914e-16,cvrp20_7159.json,0
"[""accepted""]",stable_control,True,8.881784197001252e-16,cvrp_s7799_n20-50-100_x66667_cvrp20_7310,0.0,True,True,0.0,0.0,0.0,20,4,False,6.380445620505952,False,True,6.380445620505953,True,6.380445620505951,4,4,1.3920319559587362e-16,6.380445620505952,True,9104,6.380445620505951,1836759198,4,007e3e29170106b88cfb76cca3679d377bad52ed0ff55aaa66e46e944af9e43c,10.020633400003135,pyvrp,10.0,1.3920319559587362e-16,cvrp20_7310.json,0
"[""accepted""]",not_selected,True,0.0,cvrp_s7799_n20-50-100_x66667_cvrp20_7319,0.0,True,True,0.0,0.0,0.0,20,4,False,6.336333965972912,False,False,,False,6.336333965972912,4,4,0.0,6.336333965972912,True,9101,6.336333965972912,4223932027,4,90bab76d7ce4e100e1058d098451820eb18a883bbb5e5b3b45140a4231501de1,10.016675599999871,pyvrp,10.0,0.0,cvrp20_7319.json,0
"[""accepted""]",not_selected,True,1.7763568394002505e-15,cvrp_s7799_n20-50-100_x66667_cvrp20_7399,0.0,True,True,0.0,0.0,0.0,20,4,False,5.930418847250206,False,False,,False,5.930418847250205,4,4,2.995331164887123e-16,5.930418847250206,True,9102,5.930418847250205,3184913944,4,f8a587701eacd5b1ffa2c465f5ecba03a5fc9747678ba5e63ccc60a747e187fb,10.029182999998739,pyvrp,10.0,2.995331164887122e-16,cvrp20_7399.json,0
"[""accepted""]",stable_control,True,8.881784197001252e-16,cvrp_s7799_n20-50-100_x66667_cvrp20_7939,0.0,True,True,0.0,0.0,0.0,20,4,False,5.292288490076738,False,True,5.292288490076738,True,5.2922884900767375,4,4,1.678250196234572e-16,5.292288490076738,True,9102,5.2922884900767375,980865696,4,768293bb90ae261abd1160ed060082ad802814161d5a05d4d7f7251cbc3ade24,10.021689400000469,pyvrp,10.0,1.6782501962345718e-16,cvrp20_7939.json,0
"[""accepted""]",not_selected,True,8.881784197001252e-16,cvrp_s7799_n20-50-100_x66667_cvrp20_8062,0.0,True,True,0.0,0.0,0.0,20,4,False,6.4595232574535615,False,False,,False,6.459523257453561,4,4,1.3749906677327428e-16,6.4595232574535615,True,9101,6.459523257453561,1656356074,3,e020005165b4b88cd1b33819277f8916aab93417614d52c2cc5fe774dc839947,10.011684000000969,pyvrp,10.0,1.3749906677327425e-16,cvrp20_8062.json,0
"[""accepted""]",not_selected,True,0.0,cvrp_s7799_n20-50-100_x66667_cvrp20_8204,0.0,True,True,0.0,0.0,0.0,20,4,False,5.3357043760535845,False,False,,False,5.3357043760535845,4,4,0.0,5.3357043760535845,True,9101,5.3357043760535845,4080031286,4,eee67e08c86328211420e7d7582fb80a50968538b744b3a8e995e6f5d76e8bba,10.010538200000155,pyvrp,10.0,0.0,cvrp20_8204.json,0
"[""accepted""]",not_selected,True,0.0,cvrp_s7799_n20-50-100_x66667_cvrp20_8258,0.0,True,True,0.0,0.0,0.0,20,4,False,6.597323049148023,False,False,,False,6.597323049148023,4,4,1.3462709239542612e-16,6.597323049148024,True,9101,6.597323049148023,1613224362,4,6e0b17a5bb7e150e700c77078fb07f2c7fdad4db0a6ccb4ad4ef0fe2ba6a3ff2,10.013587299999926,pyvrp,10.0,0.0,cvrp20_8258.json,0
"[""accepted""]",not_selected,True,8.881784197001252e-16,cvrp_s7799_n20-50-100_x66667_cvrp20_8298,0.0,True,True,0.0,0.0,0.0,20,4,False,7.115597646015084,False,False,,False,7.115597646015083,4,4,2.496426762402812e-16,7.115597646015085,True,9103,7.115597646015083,3790958762,4,d701f656445ff7330c3b6f286f863d8af7e10f230b6bbb71bf6294c7a3051fef,10.017032399999152,pyvrp,10.0,1.2482133812014057e-16,cvrp20_8298.json,0
"[""accepted""]",not_selected,True,8.881784197001252e-16,cvrp_s7799_n20-50-100_x66667_cvrp20_8313,0.0,True,True,0.0,0.0,0.0,20,4,False,6.024991449058794,False,False,,False,6.024991449058793,4,4,1.4741571456319228e-16,6.024991449058794,True,9103,6.024991449058793,3904950553,4,2fd544d0e828050b038893fb5feb4b9aca1bbdf6edacff22cc3f5aa506f610ab,10.014702500000567,pyvrp,10.0,1.4741571456319225e-16,cvrp20_8313.json,0
"[""accepted""]",not_selected,True,8.881784197001252e-16,cvrp_s7799_n20-50-100_x66667_cvrp20_8397,0.0,True,True,0.0,0.0,0.0,20,4,False,5.399854798923214,False,False,,False,5.399854798923213,4,4,3.2896381579639406e-16,5.399854798923215,True,9102,5.399854798923213,2242628309,4,dbb594837919e089c94f60c1c1182c9ba7d39a9b25825eaa12451d449deb357a,10.013008900001296,pyvrp,10.0,1.64481907898197e-16,cvrp20_8397.json,0
"[""accepted""]",not_selected,True,1.7763568394002505e-15,cvrp_s7799_n20-50-100_x66667_cvrp20_8402,0.0,True,True,0.0,0.0,0.0,20,4,False,6.438772212021392,False,False,,False,6.43877221202139,4,4,2.758844048068258e-16,6.438772212021392,True,9102,6.43877221202139,968277498,4,261dd0bcb35aefec1095c194e78695132371f80b04421db0ebb02ebcad899d3d,10.018528399999923,pyvrp,10.0,2.7588440480682577e-16,cvrp20_8402.json,0
"[""accepted""]",not_selected,True,2.6645352591003757e-15,cvrp_s7799_n20-50-100_x66667_cvrp20_8741,0.0,True,True,0.0,0.0,0.0,20,4,False,7.02397770895897,False,False,,False,7.0239777089589674,4,4,5.057979717488388e-16,7.023977708958971,True,9104,7.0239777089589674,1849138543,4,69d733c7c8c3bd454fad8afa8222e5d29daf894827846435297f7038ca19e77b,10.050898499997857,pyvrp,10.0,3.7934847881162894e-16,cvrp20_8741.json,0
"[""accepted""]",not_selected,True,0.0,cvrp_s7799_n20-50-100_x66667_cvrp20_8756,0.0,True,True,0.0,0.0,0.0,20,4,False,5.222607319399386,False,False,,False,5.222607319399386,4,4,1.700641777912317e-16,5.222607319399387,True,9101,5.222607319399386,1050354813,4,c8f4e315b0d51d09544bf0a0574fcf5c8353d11603d67ca5480f34a463b968cf,10.025373399999808,pyvrp,10.0,0.0,cvrp20_8756.json,0
"[""accepted""]",not_selected,True,-8.881784197001252e-16,cvrp_s7799_n20-50-100_x66667_cvrp20_9076,0.0,True,True,0.0,0.0,0.0,20,4,False,6.67574652259783,False,False,,False,6.675746522597831,4,4,1.3304555778047957e-16,6.675746522597832,True,9103,6.675746522597831,928866027,4,4f4e7fd8c76712839c98f98ac15729b61135574724a75a504b2de076cca11c35,10.030900800000381,pyvrp,10.0,-1.330455577804796e-16,cvrp20_9076.json,0
"[""accepted""]",not_selected,True,1.7763568394002505e-15,cvrp_s7799_n20-50-100_x66667_cvrp20_9559,0.0,True,True,0.0,0.0,0.0,20,4,False,6.495945141317159,False,False,,False,6.495945141317157,4,4,4.101843844327938e-16,6.49594514131716,True,9103,6.495945141317157,3743628145,5,6254301bcc0958e4c6912d340522a08b3904f1ddea4b0cc5626366dccbbf95b6,10.014922999998817,pyvrp,10.0,2.7345625628852914e-16,cvrp20_9559.json,0
"[""accepted""]",not_selected,True,0.0,cvrp_s7799_n20-50-100_x66667_cvrp20_9626,0.0,True,True,0.0,0.0,0.0,20,4,False,5.588688598006312,False,False,,False,5.588688598006312,4,4,0.0,5.588688598006312,True,9101,5.588688598006312,2939742978,4,2082ec194b3064a7076dda5af4ba4bd7e18a32cccba9fdcdfa564d007dd13edb,10.014209500001016,pyvrp,10.0,0.0,cvrp20_9626.json,0
"[""accepted""]",not_selected,True,1.7763568394002505e-15,cvrp_s7799_n20-50-100_x66667_cvrp20_9827,0.0,True,True,0.0,0.0,0.0,20,4,False,6.729066429250182,False,False,,False,6.72906642925018,4,4,2.639826576356432e-16,6.729066429250182,True,9102,6.72906642925018,2995650348,4,c9d1a6e2daadf797ecd7ba636a3a52b728d522d2c69ed8ebd3dc95fbffadf004,10.025601000001188,pyvrp,10.0,2.6398265763564317e-16,cvrp20_9827.json,0
"[""accepted""]",not_selected,True,-8.881784197001252e-16,cvrp_s7799_n20-50-100_x66667_cvrp20_9857,0.0,True,True,0.0,0.0,0.0,20,4,False,5.472716181280218,False,False,,False,5.4727161812802185,4,4,1.6229206673245677e-16,5.472716181280219,True,9101,5.4727161812802185,328106846,4,052e9898b67fe2b4ee4e96260c1e36b4a1caf24e35e47ba388844dfa7b06f467,10.03733579999971,pyvrp,10.0,-1.622920667324568e-16,cvrp20_9857.json,0
"[""accepted""]",not_selected,True,1.7763568394002505e-15,cvrp_s7799_n20-50-100_x66667_cvrp20_9890,0.0,True,True,0.0,0.0,0.0,20,4,False,6.551342252374673,False,False,,False,6.551342252374671,4,4,1.3557197677745904e-16,6.551342252374672,True,9102,6.551342252374671,2984610403,4,491cb89393cd965219fb6397eebb13e7d2949f094cfd25ea6685688f32f83cfd,10.013461900001857,pyvrp,10.0,2.7114395355491803e-16,cvrp20_9890.json,0
"[""accepted""]",not_selected,True,8.881784197001252e-16,cvrp_s7799_n20-50-100_x66667_cvrp20_9986,0.0,True,True,0.0,0.0,0.0,20,4,False,4.88198496597737,False,False,,False,4.881984965977369,4,4,3.63859547249676e-16,4.881984965977371,True,9101,4.881984965977369,1106098663,4,50755ddb576d94c399430b9c602eced887f192837a8a456a336db439d7813329,10.030490299999656,pyvrp,10.0,1.8192977362483797e-16,cvrp20_9986.json,0
"[""route_membership_ambiguous""]",unstable_matrix,True,0.05056719842398927,cvrp_s7799_n20-50-100_x66667_cvrp50_0030,0.08816326530612245,False,False,0.26,0.1306122448979592,0.0870748299319728,50,4,True,12.997164832228906,False,True,13.152655054053596,True,12.946597633804917,4,4,0.0007916284712840713,12.956846529098096,True,9102,12.946597633804917,1525762585,7,af1489c2864cacfe52bb71412489b1ff9d989fb0f733a837db02a55068cd13bb,20.059156900002563,pyvrp,20.0,0.003890633001637282,cvrp50_0030.json,0
"[""accepted""]",stable_control,True,0.0,cvrp_s7799_n20-50-100_x66667_cvrp50_0290,0.0,True,True,0.0,0.0,0.0,50,4,False,9.439969503995542,False,True,9.617808158292172,True,9.439969503995542,4,4,3.7634800380412104e-16,9.439969503995545,True,9103,9.439969503995542,1710797407,7,3c6d57e4b92e614128c63fce25900c1192d16479c577870eccd34a518a32bf20,20.0670833999975,pyvrp,20.0,0.0,cvrp50_0290.json,0
"[""route_membership_ambiguous""]",unstable_matrix,True,0.11069044923657323,cvrp_s7799_n20-50-100_x66667_cvrp50_0313,0.16326530612244897,False,False,0.3,0.07346938775510205,0.0489795918367347,50,3,True,13.243742906499142,False,True,13.47698412158175,True,13.133052457262568,4,4,0.0028649338207899187,13.170677783417588,True,9104,13.133052457262568,31701535,7,6a938e9c2f4266f89c723e83fdca4358cf39fe1614dfed438b918a23f5fb9c1c,20.099760700002662,pyvrp,20.0,0.008357943069270377,cvrp50_0313.json,0
"[""accepted""]",not_selected,True,0.1053760664582466,cvrp_s7799_n20-50-100_x66667_cvrp50_0364,0.06285714285714286,True,True,0.0,0.0,0.0,50,4,False,11.07843067185895,False,False,,False,10.973054605400703,4,4,4.856505968336197e-16,10.973054605400709,True,9103,10.973054605400703,4184492286,7,e5829f958efa4147dd49f3b473e2d2d0509fe404b2cbba414e2804c355905af3,20.102261399999406,pyvrp,20.0,0.009511822529694505,cvrp50_0364.json,0
"[""accepted""]",not_selected,True,-1.7763568394002505e-15,cvrp_s7799_n20-50-100_x66667_cvrp50_0384,0.0,True,True,0.0,0.0,0.0,50,4,False,10.98027941562819,False,False,,False,10.980279415628193,4,4,9.706620963790601e-16,10.980279415628203,True,9102,10.980279415628193,988132875,7,a71b3e4c9fef76ae6eb3d302cbebfd9318b2424276ae9bd4119afed57e222760,20.109640900001978,pyvrp,20.0,-1.6177701606317672e-16,cvrp50_0384.json,0
"[""accepted""]",not_selected,True,0.0,cvrp_s7799_n20-50-100_x66667_cvrp50_0418,0.0,True,True,0.0,0.0,0.0,50,4,False,10.292644163062628,False,False,,False,10.292644163062628,4,4,1.72585082244958e-16,10.29264416306263,True,9101,10.292644163062628,1804104971,7,85d4530117229cc5a575805f72d0f21f6dd97c6f91fc46c4af59db0db831012e,20.106199700003344,pyvrp,20.0,0.0,cvrp50_0418.json,0
"[""accepted""]",not_selected,True,0.015698227670647213,cvrp_s7799_n20-50-100_x66667_cvrp50_0426,0.018775510204081632,True,True,0.0,0.0,0.0,50,4,False,10.244591473648343,False,False,,False,10.228893245977696,4,4,2.4771329805166525e-05,10.229146629265834,True,9104,10.228893245977696,2768330226,8,d84ff9c9568c034e91ea1697e602ee50583a59be8197471778a63dab5a945498,20.03466379999736,pyvrp,20.0,0.0015323429646781903,cvrp50_0426.json,0
"[""accepted""]",not_selected,True,0.03775461329832375,cvrp_s7799_n20-50-100_x66667_cvrp50_0464,0.06285714285714286,True,True,0.0,0.0,0.0,50,4,False,10.874404245498692,False,False,,False,10.836649632200368,4,4,8.196061050649487e-16,10.836649632200377,True,9104,10.836649632200368,3319558680,6,a0af207dd4ca28db765949f09b951fa928ee86ce8fd7acefd7a53e909a88d029,20.038327000002027,pyvrp,20.0,0.003471878775699528,cvrp50_0464.json,0
"[""accepted""]",not_selected,True,-1.7763568394002505e-15,cvrp_s7799_n20-50-100_x66667_cvrp50_0592,0.0,True,True,0.0,0.0,0.0,50,4,False,10.008804903907683,False,False,,False,10.008804903907684,4,4,1.7747941502054027e-16,10.008804903907686,True,9101,10.008804903907684,3949678483,7,6b248d5e5edc13d63f41b5cf8378d6b7fd9daf27a5f4c7ebe35066d9febbc06c,20.040873800000554,pyvrp,20.0,-1.774794150205403e-16,cvrp50_0592.json,0
"[""accepted""]",not_selected,True,3.552713678800501e-15,cvrp_s7799_n20-50-100_x66667_cvrp50_0605,0.0,True,True,0.0,0.0,0.0,50,4,False,9.620347400979453,False,False,,False,9.62034740097945,4,4,3.692916202214068e-16,9.620347400979453,True,9104,9.62034740097945,961193858,7,f34900e56ff44cc99aca1485f29550bd2d19492313170019b3cab1789b2fec67,20.0472465999992,pyvrp,20.0,3.6929162022140667e-16,cvrp50_0605.json,0
"[""accepted""]",not_selected,True,1.7763568394002505e-15,cvrp_s7799_n20-50-100_x66667_cvrp50_10172,0.0,True,True,0.0,0.0,0.0,50,4,False,8.239113802403088,False,False,,False,8.239113802403086,4,4,4.312009475781592e-16,8.23911380240309,True,9101,8.239113802403086,3949580669,6,9d093453e343f2584bb582d1064648eac226d90795d42718a8135b5605ab6938,20.040652599996974,pyvrp,20.0,2.1560047378907956e-16,cvrp50_10172.json,0
"[""accepted""]",not_selected,True,0.014176753536245812,cvrp_s7799_n20-50-100_x66667_cvrp50_10180,0.009795918367346938,True,True,0.0,0.0,0.0,50,4,False,13.612236620614425,False,False,,False,13.59805986707818,4,4,1.306331091908876e-16,13.598059867078181,True,9101,13.59805986707818,2436545294,8,46df9f9971635624a2a0e98b9ca1b3fc595c94229382c7e74a43cadc9c05aad2,20.060960499999055,pyvrp,20.0,0.0010414712828879628,cvrp50_10180.json,0
"[""accepted""]",not_selected,True,0.0006962646928467819,cvrp_s7799_n20-50-100_x66667_cvrp50_10182,0.0163265306122449,True,True,0.2,0.0163265306122449,0.00816326530612245,50,4,False,9.40399418068888,False,False,,False,9.403297915996033,4,4,7.404473399299197e-05,9.40399418068888,True,9102,9.403297915996033,1240786551,6,4bdd6efed69aab1336b8a6ee76623043a5f4783e5cf7580f10dddefc812718b2,20.1206858000005,pyvrp,20.0,7.403925177628915e-05,cvrp50_10182.json,0
"[""accepted""]",not_selected,True,3.552713678800501e-15,cvrp_s7799_n20-50-100_x66667_cvrp50_10312,0.0,True,True,0.0,0.0,0.0,50,4,False,8.415094438363397,False,False,,False,8.415094438363393,4,4,4.2218345911890317e-16,8.415094438363397,True,9101,8.415094438363393,3861110812,6,a9b8928d4cdcea45de0ab11578ef70632aed0793a262fb27ddab53ff20768432,20.06299669999862,pyvrp,20.0,4.2218345911890297e-16,cvrp50_10312.json,0
"[""accepted""]",not_selected,True,0.0,cvrp_s7799_n20-50-100_x66667_cvrp50_10448,0.0,True,True,0.0,0.0,0.0,50,4,False,9.778550008320975,False,False,,False,9.778550008320975,4,4,9.082925576331228e-16,9.778550008320984,True,9103,9.778550008320975,3796553480,7,646396274249859830295f142d05a07b82509de56d8d209f91df73a92f317d84,20.04180719999931,pyvrp,20.0,0.0,cvrp50_10448.json,0
"[""accepted""]",not_selected,True,-1.7763568394002505e-15,cvrp_s7799_n20-50-100_x66667_cvrp50_10542,0.0,True,True,0.0,0.0,0.0,50,4,False,9.440915517405259,False,False,,False,9.44091551740526,4,4,1.8815514619587063e-16,9.440915517405262,True,9102,9.44091551740526,573940338,7,7c23219f32127a2f37bbd519b9f6e79b2da37e6f8b20a54e1e48a962ecced9c6,20.096346300000732,pyvrp,20.0,-1.8815514619587068e-16,cvrp50_10542.json,0
"[""accepted""]",not_selected,True,0.0,cvrp_s7799_n20-50-100_x66667_cvrp50_10590,0.0,True,True,0.0,0.0,0.0,50,4,False,8.675822248451837,False,False,,False,8.675822248451837,4,4,2.0474795224363127e-16,8.675822248451839,True,9102,8.675822248451837,2072455470,6,55bfe9360ce4d63a98a9c75f702d711d60a40c85c03871ae4b6435e9de295c14,20.04206250000061,pyvrp,20.0,0.0,cvrp50_10590.json,0
"[""accepted""]",not_selected,True,0.006967852761407656,cvrp_s7799_n20-50-100_x66667_cvrp50_10689,0.09142857142857143,True,True,0.28,0.011428571428571429,0.005714285714285714,50,4,False,10.56134064994036,False,False,,False,10.554372797178953,4,4,1.2545320936253856e-05,10.554505205172974,True,9101,10.554372797178953,958035339,6,1427391663a4446ea67fc4ad7b9d3bf582b7f7d813d53ea1d98366cafcbabef1,20.04723720000038,pyvrp,20.0,0.0006597507828181835,cvrp50_10689.json,0
"[""accepted""]",not_selected,True,-1.7763568394002505e-15,cvrp_s7799_n20-50-100_x66667_cvrp50_10721,0.0,True,True,0.0,0.0,0.0,50,4,False,9.269449178224223,False,False,,False,9.269449178224225,4,4,3.8327128295244667e-16,9.269449178224228,True,9101,9.269449178224225,4044300127,6,73fda69e624ccbd29545a61aeab886b91d29bcdcff5522abfaa725b06df34907,20.193769400000747,pyvrp,20.0,-1.9163564147622336e-16,cvrp50_10721.json,0
"[""accepted""]",not_selected,True,0.021297202879205557,cvrp_s7799_n20-50-100_x66667_cvrp50_1079,0.04653061224489796,True,True,0.0,0.0,0.0,50,4,False,9.662338252972122,False,False,,False,9.641041050092916,4,4,1.8424948407237938e-16,9.641041050092918,True,9101,9.641041050092916,3451198387,6,9d80b1f95ebea37c4c459d06ed80d56b9c0a71644b555281d5c50c60e75d2191,20.05691630000001,pyvrp,20.0,0.00220414586217312,cvrp50_1079.json,0
"[""accepted""]",not_selected,True,0.01148614465024167,cvrp_s7799_n20-50-100_x66667_cvrp50_1094,0.06857142857142857,True,True,0.0,0.0,0.0,50,4,False,12.417780770344194,False,False,,False,12.406294625693953,4,4,7.818136312797147e-06,12.406391619796473,True,9104,12.406294625693953,468890416,7,01f7e731ff296d958ce0fe9004fe2fca57dab0d0025fb001a9605d99b248eaee,20.10482090000005,pyvrp,20.0,0.0009249756347504996,cvrp50_1094.json,0
"[""accepted""]",not_selected,True,0.11210785111277133,cvrp_s7799_n20-50-100_x66667_cvrp50_10968,0.12571428571428572,True,True,0.0,0.0,0.0,50,4,False,10.079239887738453,False,False,,False,9.967132036625681,4,4,0.0,9.967132036625681,True,9101,9.967132036625681,1861732870,7,d38d5efe18c435a51d3234dc241aaf81dfac17e5ff3baf2ee747ae812858dd36,20.081878199998755,pyvrp,20.0,0.011122649362592532,cvrp50_10968.json,0
"[""accepted""]",not_selected,True,0.004603689170233238,cvrp_s7799_n20-50-100_x66667_cvrp50_11107,0.08979591836734693,True,True,0.0,0.0,0.0,50,4,False,8.310140279527882,False,False,,False,8.305536590357649,4,4,4.2775245646681517e-16,8.305536590357653,True,9103,8.305536590357649,2574799275,6,16da4fac020ba19ebcca89d1874a4e38ae9bc4fecb20896730671c032dda6106,20.06852699999945,pyvrp,20.0,0.0005539845315938258,cvrp50_11107.json,0
"[""accepted""]",not_selected,True,0.018449106809084626,cvrp_s7799_n20-50-100_x66667_cvrp50_11244,0.10857142857142857,True,True,0.0,0.0,0.0,50,4,False,11.230179162487309,False,False,,False,11.211730055678224,4,4,4.753120608270285e-16,11.21173005567823,True,9101,11.211730055678224,2453136275,7,e3b591bf9daee66a8a65548b32b66edf118ed2ab37685aa44a016c13dec81803,20.078507099999115,pyvrp,20.0,0.001642815002516704,cvrp50_11244.json,0
"[""accepted""]",not_selected,True,0.0010668286422408357,cvrp_s7799_n20-50-100_x66667_cvrp50_11321,0.012244897959183673,True,True,0.0,0.0,0.0,50,4,False,11.182215353542318,False,False,,False,11.181148524900077,4,4,6.354827808411123e-16,11.181148524900085,True,9102,11.181148524900077,588887822,7,06fc925345399ffba037c912a106f766cdf1ab06ddb2cc23b9683b37898fc6aa,20.033794399998442,pyvrp,20.0,9.540405085320452e-05,cvrp50_11321.json,0
"[""accepted""]",not_selected,True,0.02519913216844749,cvrp_s7799_n20-50-100_x66667_cvrp50_11337,0.11673469387755102,True,True,0.28,0.011428571428571429,0.005714285714285714,50,4,False,10.765126789549221,False,False,,False,10.739927657380774,4,4,2.994093993038044e-05,10.74024922090962,True,9103,10.739927657380774,2312085546,7,af744ff6018aa35c803fca5f897044f48b23544c02c812cf6ca6905adda9a06b,20.0539194999983,pyvrp,20.0,0.0023408114610327484,cvrp50_11337.json,0
"[""accepted""]",not_selected,True,1.7763568394002505e-15,cvrp_s7799_n20-50-100_x66667_cvrp50_11613,0.0,True,True,0.0,0.0,0.0,50,4,False,8.531094946207066,False,False,,False,8.531094946207064,4,4,4.1644287177697417e-16,8.531094946207068,True,9101,8.531094946207064,3495310936,6,a7f46ca4ec57dc7162c50e5066fc9e9df78fa20950f2c42d43c1a971b24b8a76,20.0990340999997,pyvrp,20.0,2.0822143588848706e-16,cvrp50_11613.json,0
"[""accepted""]",not_selected,True,0.009374264223520612,cvrp_s7799_n20-50-100_x66667_cvrp50_11747,0.09306122448979592,True,True,0.3,0.012244897959183673,0.008163265306122448,50,4,False,10.847018333101609,False,False,,False,10.837644068878088,4,4,7.439079220669481e-05,10.838450289806026,True,9101,10.837644068878088,4083684074,7,9bf28baeea620e12f4f9843545da1405bb77398d189fb64bdef9493fdb6bc6d1,20.147501000003103,pyvrp,20.0,0.0008642249819854526,cvrp50_11747.json,0
"[""accepted""]",not_selected,True,0.03702194611025078,cvrp_s7799_n20-50-100_x66667_cvrp50_1175,0.10857142857142857,True,True,0.0,0.0,0.0,50,4,False,11.55101281215326,False,False,,False,11.51399086604301,4,4,4.628343534575152e-16,11.513990866043015,True,9103,11.51399086604301,525902412,7,5f1f9d9d1c84f2be89c402f38f90c9cbd75c4a0e4cc606e70f3d3bf5d0ccdc80,20.140943899998092,pyvrp,20.0,0.003205082247965181,cvrp50_1175.json,0
"[""accepted""]",not_selected,True,5.329070518200751e-15,cvrp_s7799_n20-50-100_x66667_cvrp50_11761,0.0,True,True,0.0,0.0,0.0,50,4,False,9.95647603980597,False,False,,False,9.956476039805965,4,4,3.568244090174838e-16,9.956476039805969,True,9101,9.956476039805965,4153629992,6,37cbae39717578fc7b46ab66cb5eb532cd0f97af1db63163b408e2ae0006d91c,20.127013599998463,pyvrp,20.0,5.352366135262254e-16,cvrp50_11761.json,0
"[""accepted""]",not_selected,True,1.7763568394002505e-15,cvrp_s7799_n20-50-100_x66667_cvrp50_11850,0.0,True,True,0.0,0.0,0.0,50,4,False,11.049436200086008,False,False,,False,11.049436200086006,4,4,6.430579107326485e-16,11.049436200086014,True,9101,11.049436200086006,512254181,7,98f6cdb063b5510c0db0484b0364e1342a8f42106a3d4989b853ef629c7493ec,20.141205200001423,pyvrp,20.0,1.607644776831621e-16,cvrp50_11850.json,0
"[""accepted""]",not_selected,True,5.329070518200751e-15,cvrp_s7799_n20-50-100_x66667_cvrp50_12000,0.0,True,True,0.0,0.0,0.0,50,4,False,12.43570262886789,False,False,,False,12.435702628867885,4,4,2.856866061233511e-16,12.435702628867888,True,9103,12.435702628867885,1328432585,7,a6ba9376ee7d3f9b4d2cebbfe01512d83c90850487178119a5c7ffcd4819614b,20.264676699996926,pyvrp,20.0,4.285299091850264e-16,cvrp50_12000.json,0
"[""accepted""]",not_selected,True,0.2652657756055383,cvrp_s7799_n20-50-100_x66667_cvrp50_1241,0.09877551020408164,True,True,0.0,0.0,0.0,50,4,False,13.547903774330175,False,False,,False,13.282637998724637,4,4,4.012057332822316e-16,13.282637998724642,True,9103,13.282637998724637,2612894555,7,109cdb32879915addd40d23343536be972bece734635d17a170ff22c1c75a3f9,20.18299229999684,pyvrp,20.0,0.019579839067660736,cvrp50_1241.json,0
"[""accepted""]",not_selected,True,0.0,cvrp_s7799_n20-50-100_x66667_cvrp50_12774,0.0,True,True,0.0,0.0,0.0,50,4,False,9.29615816946639,False,False,,False,9.29615816946639,4,4,9.554252450408852e-16,9.296158169466398,True,9102,9.29615816946639,3822537100,7,bfcf5c83c7b95d3a49e4ee922d34612e55c6a7cfa350469fa87a852ba8755ca3,20.04198170000018,pyvrp,20.0,0.0,cvrp50_12774.json,0
"[""pyvrp_cost_not_converged"", ""route_membership_ambiguous""]",unstable_cost,False,0.021244473624831173,cvrp_s7799_n20-50-100_x66667_cvrp50_13087,0.14448979591836736,False,False,0.0,0.0,0.0,50,1,True,10.370607759113305,False,True,10.501880925418625,True,10.349363285488474,4,4,0.0020527324279571335,10.370607759113305,False,9103,10.349363285488474,1717081494,7,9b65bab59c116c3f5db3c7a5fd9baf908b8157b25039f46da7ee8326bef4fff9,20.20158669999728,pyvrp,20.0,0.0020485273494373862,cvrp50_13087.json,0
"[""accepted""]",not_selected,True,-0.0005434703281590458,cvrp_s7799_n20-50-100_x66667_cvrp50_13097,0.011428571428571429,True,True,0.0,0.0,0.0,50,4,False,10.920725165833726,False,False,,False,10.921268636161885,4,4,4.879534324936789e-16,10.92126863616189,True,9102,10.921268636161885,3712008173,8,2be21d5af4c85eecc3b0deb6c103f3bdc3d007e1f9a6a899b95f9191e7409b14,20.08270679999987,pyvrp,20.0,-4.9765040316125874e-05,cvrp50_13097.json,0
"[""accepted""]",not_selected,True,0.11134270402636837,cvrp_s7799_n20-50-100_x66667_cvrp50_13122,0.13142857142857142,True,True,0.0,0.0,0.0,50,4,False,11.0429444575484,False,False,,False,10.931601753522031,4,4,6.499895914440643e-16,10.931601753522038,True,9102,10.931601753522031,1992534688,7,370821d9bd3c6ec0dffda6a9d54cd91543621fee5b37f584b3430611a33f7eba,20.068355299998075,pyvrp,20.0,0.010082700719395552,cvrp50_13122.json,0
"[""accepted""]",not_selected,True,3.552713678800501e-15,cvrp_s7799_n20-50-100_x66667_cvrp50_13176,0.0,True,True,0.0,0.0,0.0,50,4,False,10.253498929795617,False,False,,False,10.253498929795613,4,4,3.464879357890876e-16,10.253498929795617,True,9103,10.253498929795613,1805104407,7,0b96dd05d842084a1308d866d85af81d1f92b1e65cabeb05b7df9f7832aefc22,20.10912559999997,pyvrp,20.0,3.4648793578908747e-16,cvrp50_13176.json,0
"[""accepted""]",not_selected,True,1.7763568394002505e-15,cvrp_s7799_n20-50-100_x66667_cvrp50_13318,0.0,True,True,0.0,0.0,0.0,50,4,False,9.119012068801082,False,False,,False,9.11901206880108,4,4,5.843912123368195e-16,9.119012068801085,True,9104,9.11901206880108,751893793,6,bd523d9535b6b9f5a2cfb418da8989f295c1f6d1ec4c34b7d2331568d5663bb6,20.047610300000088,pyvrp,20.0,1.9479707077893979e-16,cvrp50_13318.json,0
"[""accepted""]",not_selected,True,3.552713678800501e-15,cvrp_s7799_n20-50-100_x66667_cvrp50_13338,0.0,True,True,0.0,0.0,0.0,50,4,False,10.613201009240578,False,False,,False,10.613201009240575,4,4,3.3474478394475587e-16,10.613201009240578,True,9102,10.613201009240575,885889654,7,8a47928918057f73cdf1d491283ef7ae5362f6b77c9cd0e353844a86392597e2,20.077017200001137,pyvrp,20.0,3.347447839447557e-16,cvrp50_13338.json,0
"[""accepted""]",not_selected,True,0.0,cvrp_s7799_n20-50-100_x66667_cvrp50_1370,0.0,True,True,0.0,0.0,0.0,50,4,False,11.267271740713717,False,False,,False,11.267271740713717,4,4,3.5550646874910954e-05,11.267672299512615,True,9103,11.267271740713717,1372147803,7,8d4b65ee99175ea2aec67118ee93bc7fb959c659c543df67bc2a9c544947a585,20.30379780000294,pyvrp,20.0,0.0,cvrp50_1370.json,0
"[""accepted""]",stable_control,True,0.06267718177501358,cvrp_s7799_n20-50-100_x66667_cvrp50_13705,0.12897959183673469,True,True,0.0,0.0,0.0,50,4,False,11.677417396667733,False,True,12.022812025939292,True,11.61474021489272,4,4,1.529398683513007e-16,11.614740214892722,True,9102,11.61474021489272,1308671002,7,5e0a7338283a22e872b36533ced97768162d670132bcb2692895775bd8fe6355,20.076026900002034,pyvrp,20.0,0.005367383869732971,cvrp50_13705.json,0
"[""accepted""]",not_selected,True,0.019288860667010965,cvrp_s7799_n20-50-100_x66667_cvrp50_13867,0.04653061224489796,True,True,0.0,0.0,0.0,50,4,False,10.416598223642781,False,False,,False,10.39730936297577,4,4,5.125432294221493e-16,10.397309362975776,True,9102,10.39730936297577,1062833275,7,0bfe619da759d0a3756304e6766ab3e7ebaca7a2cdf3a42322040f7bd7d26207,20.10725839999941,pyvrp,20.0,0.0018517427909651555,cvrp50_13867.json,0
"[""accepted""]",not_selected,True,0.008430714298903297,cvrp_s7799_n20-50-100_x66667_cvrp50_13913,0.03428571428571429,True,True,0.0,0.0,0.0,50,4,False,11.153792621326835,False,False,,False,11.145361907027931,4,4,3.187616255475981e-16,11.145361907027935,True,9102,11.145361907027931,3137589164,6,3af32a83c2c687583f043050c75be2d81241bbbe763f0bc2a92c3d38bec5f844,20.051228100001026,pyvrp,20.0,0.000755860771768625,cvrp50_13913.json,0
"[""accepted""]",not_selected,True,0.018744716328994215,cvrp_s7799_n20-50-100_x66667_cvrp50_14003,0.035918367346938776,True,True,0.0,0.0,0.0,50,4,False,9.941247971667178,False,False,,False,9.922503255338183,4,4,3.5804610866609545e-16,9.922503255338187,True,9102,9.922503255338183,2117318182,7,f9813246a289cf2044c12d644d77c9ab738c0ed004775a357d9513f7fa0d4d37,20.044055999998818,pyvrp,20.0,0.0018855496193654114,cvrp50_14003.json,0
"[""accepted""]",not_selected,True,0.014107152742720785,cvrp_s7799_n20-50-100_x66667_cvrp50_14065,0.0946938775510204,True,True,0.0,0.0,0.0,50,4,False,9.953943590728654,False,False,,False,9.939836437985933,4,4,3.5742174440854e-16,9.939836437985937,True,9102,9.939836437985933,3662545763,6,6ab9d611ba5bd8f1367abc6b21d180b6b424c410599aa6b8ec1b9f98840547f1,20.07161719999931,pyvrp,20.0,0.0014172425847239613,cvrp50_14065.json,0
"[""accepted""]",not_selected,True,0.0011533239091470193,cvrp_s7799_n20-50-100_x66667_cvrp50_14074,0.0,True,True,0.0,0.0,0.0,50,4,False,8.580370802530137,False,False,,False,8.57921747862099,4,4,0.00013443229665400982,8.580370802530135,True,9102,8.57921747862099,4251214211,7,067bc65b4819be900160f78423a1ea81e2a0f11e2e35a30c09e85f88c0379924,20.078677000001335,pyvrp,20.0,0.00013441422704097274,cvrp50_14074.json,0
"[""accepted""]",not_selected,True,0.09069529050428038,cvrp_s7799_n20-50-100_x66667_cvrp50_14109,0.12244897959183673,True,True,0.0,0.0,0.0,50,4,False,10.672961676484125,False,False,,False,10.582266385979844,4,4,3.3572332704716204e-16,10.582266385979848,True,9103,10.582266385979844,984943863,7,5e6481ae1a5782c226445c09bf0370d8a3ad71db1fa3b2a62c6fe340c136a628,20.117930800002796,pyvrp,20.0,0.008497668524764827,cvrp50_14109.json,0
"[""accepted""]",not_selected,True,0.03679606116543965,cvrp_s7799_n20-50-100_x66667_cvrp50_14133,0.053877551020408164,True,True,0.0,0.0,0.0,50,4,False,9.62823085066889,False,False,,False,9.59143478950345,4,4,5.556072303210266e-16,9.591434789503456,True,9103,9.59143478950345,3595757239,7,1dfafa170530b34f6e3cd64a4373d59b47c40e5c8a4acc8a9ec7ce5331866305,20.08803160000025,pyvrp,20.0,0.003821684558267874,cvrp50_14133.json,0
"[""accepted""]",not_selected,True,0.039184156825157856,cvrp_s7799_n20-50-100_x66667_cvrp50_14172,0.08408163265306122,True,True,0.16,0.045714285714285714,0.022857142857142857,50,4,False,9.99836792153533,False,False,,False,9.959183764710172,4,4,0.0004713208040781154,9.963877735210117,True,9103,9.959183764710172,1294624179,7,6ec5271670048c0e088de8803e56eb4a18d55b22964457500cc0e6a4374d48f9,20.163378600002034,pyvrp,20.0,0.003919055303091988,cvrp50_14172.json,0
"[""accepted""]",not_selected,True,3.552713678800501e-15,cvrp_s7799_n20-50-100_x66667_cvrp50_14400,0.0,True,True,0.0,0.0,0.0,50,4,False,11.149233359004912,False,False,,False,11.149233359004908,4,4,1.59325469492083e-16,11.14923335900491,True,9101,11.149233359004908,3822663719,7,e5ee8eb85128074c8b4c2abb9956dc36367a14ee1b838d3182763084b4a10d34,20.062644000001455,pyvrp,20.0,3.1865093898416586e-16,cvrp50_14400.json,0
"[""accepted""]",not_selected,True,0.0,cvrp_s7799_n20-50-100_x66667_cvrp50_1446,0.0,True,True,0.0,0.0,0.0,50,4,False,10.234783644481167,False,False,,False,10.234783644481167,4,4,5.20682283408532e-16,10.234783644481173,True,9101,10.234783644481167,1431827511,7,2c62c467323e80c4d67cd0867e1dc2ed949ec6db4d1437b780ad33cd069f7fa8,20.125654899999063,pyvrp,20.0,0.0,cvrp50_1446.json,0
"[""accepted""]",not_selected,True,-0.0011156529087301692,cvrp_s7799_n20-50-100_x66667_cvrp50_14566,0.12408163265306123,True,True,0.0,0.0,0.0,50,4,False,9.175246674920462,False,False,,False,9.176362327829192,4,4,1.935796316600409e-16,9.176362327829194,True,9101,9.176362327829192,3216041673,7,df62b1fc047d18fbad8bb83da8c5793f6c9501e47ce1c1fc56b494e744b3b932,20.070987200000673,pyvrp,20.0,-0.00012159377815745106,cvrp50_14566.json,0
"[""accepted""]",not_selected,True,0.0,cvrp_s7799_n20-50-100_x66667_cvrp50_14667,0.0,True,True,0.0,0.0,0.0,50,4,False,11.160742523508462,False,False,,False,11.160742523508462,4,4,1.5916117011557396e-16,11.160742523508464,True,9103,11.160742523508462,1242333371,7,21c01e99e6b1721c67e446bd0451e297929eef10814f71448e72811818e34b07,20.06573700000081,pyvrp,20.0,0.0,cvrp50_14667.json,0
"[""accepted""]",not_selected,True,5.329070518200751e-15,cvrp_s7799_n20-50-100_x66667_cvrp50_14951,0.0,True,True,0.0,0.0,0.0,50,4,False,9.998387305583567,False,False,,False,9.998387305583561,4,4,5.329930073047633e-16,9.998387305583567,True,9104,9.998387305583561,540350865,6,3cd250fcb3ea6227fbd0b8e9b84ce35bc8d1135286e315a7a2d231c89db87581,20.10689100000309,pyvrp,20.0,5.32993007304763e-16,cvrp50_14951.json,0
"[""accepted""]",not_selected,True,0.12179652592036305,cvrp_s7799_n20-50-100_x66667_cvrp50_15101,0.07183673469387755,True,True,0.0,0.0,0.0,50,4,False,11.398259885389322,False,False,,False,11.27646335946896,4,4,7.876391660992832e-16,11.276463359468968,True,9104,11.27646335946896,266858772,7,d55139aea7b253b948356c7fcb0655231f960b0ee9b9407ae74bdf7f6d0ea4bd,20.101486399998976,pyvrp,20.0,0.010685536840275593,cvrp50_15101.json,0
"[""accepted""]",not_selected,True,0.07691446299756777,cvrp_s7799_n20-50-100_x66667_cvrp50_15150,0.0163265306122449,True,True,0.0,0.0,0.0,50,4,False,12.81490252927274,False,False,,False,12.737988066275172,4,4,2.789069718322779e-16,12.737988066275175,True,9102,12.737988066275172,1254370504,7,d2dc979bac327161ed141d358e63e05acf2e732bc712e9e2822c791c63e96006,20.05798760000107,pyvrp,20.0,0.006001954585442544,cvrp50_15150.json,0
"[""accepted""]",not_selected,True,0.0,cvrp_s7799_n20-50-100_x66667_cvrp50_15154,0.0,True,True,0.0,0.0,0.0,50,4,False,10.178360534331464,False,False,,False,10.178360534331464,4,4,3.4904576889541773e-16,10.178360534331468,True,9104,10.178360534331464,204987083,7,850f6e159bd179056b43602ad24f430a5471d4e7b1a1cec6972062c3cb54a78c,20.09763649999877,pyvrp,20.0,0.0,cvrp50_15154.json,0
"[""accepted""]",not_selected,True,1.7763568394002505e-15,cvrp_s7799_n20-50-100_x66667_cvrp50_15263,0.0,True,True,0.0,0.0,0.0,50,4,False,9.938815973323502,False,False,,False,9.9388159733235,4,4,7.149168851372721e-16,9.938815973323507,True,9103,9.9388159733235,2128789324,6,50e0df1c58518990ee6421296c8c9dd3fa922cc29f65ada8be4427e8bd5ece91,20.11430979999932,pyvrp,20.0,1.78729221284318e-16,cvrp50_15263.json,0
"[""accepted""]",not_selected,True,0.0,cvrp_s7799_n20-50-100_x66667_cvrp50_15306,0.0,True,True,0.0,0.0,0.0,50,4,False,9.754259429730102,False,False,,False,9.754259429730102,4,4,1.821108872690094e-16,9.754259429730103,True,9103,9.754259429730102,976537957,7,0276f2e0e437acb91a80107a0e3faacf91ca1d9493a830d22fd815e6fc3cb9cb,20.147736099999747,pyvrp,20.0,0.0,cvrp50_15306.json,0
"[""accepted""]",not_selected,True,5.329070518200751e-15,cvrp_s7799_n20-50-100_x66667_cvrp50_15563,0.0,True,True,0.0,0.0,0.0,50,4,False,9.770818423229349,False,False,,False,9.770818423229343,4,4,1.8180225672571126e-16,9.770818423229345,True,9104,9.770818423229343,2053732391,7,cd711c4873ebc2ff4748b339f438d71dde5a6906beadd04abdb505455d53e7cf,20.093750199997885,pyvrp,20.0,5.454067701771335e-16,cvrp50_15563.json,0
"[""accepted""]",not_selected,True,5.329070518200751e-15,cvrp_s7799_n20-50-100_x66667_cvrp50_15940,0.0,True,True,0.0,0.0,0.0,50,4,False,9.75015604433381,False,False,,False,9.750156044333805,4,4,1.8218752923780748e-16,9.750156044333806,True,9104,9.750156044333805,1209263361,7,783352c211baaaaf117dc4f0d22e71126d65501f7f726c48fdd651f49d96eaae,20.06406739999875,pyvrp,20.0,5.465625877134222e-16,cvrp50_15940.json,0
"[""accepted""]",not_selected,True,0.05252462474771313,cvrp_s7799_n20-50-100_x66667_cvrp50_16055,0.04897959183673469,True,True,0.0,0.0,0.0,50,3,False,11.903603034321705,False,False,,False,11.851078409573992,4,4,0.004769211987280906,11.907598714787138,True,9101,11.851078409573992,3653594978,7,3b1fb7c16a0b4d85814a6d87a7759c77c004f2de2148561b8a729db476070430,20.088919499998156,pyvrp,20.0,0.00441249801394323,cvrp50_16055.json,0
"[""accepted""]",stable_control,True,0.07954948058509714,cvrp_s7799_n20-50-100_x66667_cvrp50_16096,0.054693877551020405,True,True,0.0,0.0,0.0,50,4,False,10.247639100381718,False,True,10.445787719743958,True,10.168089619796621,4,4,3.493983443933848e-16,10.168089619796625,True,9103,10.168089619796621,3762156287,7,a1cc04bb5546491b3255e4a5e67458bb7ababa0d1bbb1e9da2bdf27af71ff0bf,20.05251280000084,pyvrp,20.0,0.007762712933765786,cvrp50_16096.json,0
"[""accepted""]",stable_control,True,0.04853425544068557,cvrp_s7799_n20-50-100_x66667_cvrp50_16161,0.18612244897959185,True,True,0.24,0.03918367346938775,0.026122448979591834,50,4,False,11.154327689430543,False,True,11.298582328871069,True,11.105793433989858,4,4,1.2291420850802754e-05,11.105929939970837,True,9104,11.105793433989858,2536345192,7,3c8390860b328efa8debe6aa874bad547d8163ade261745b030a6c574d2b3519,20.08715100000336,pyvrp,20.0,0.0043511591905870724,cvrp50_16161.json,0
"[""accepted""]",not_selected,True,1.7763568394002505e-15,cvrp_s7799_n20-50-100_x66667_cvrp50_16163,0.0,True,True,0.0,0.0,0.0,50,4,False,9.604150242864796,False,False,,False,9.604150242864794,4,4,1.8495721063088933e-16,9.604150242864796,True,9102,9.604150242864794,2451133737,7,48e3e9a51a8041a599f22356f82150644a5c69b62acf11febd13c1f72d640fb2,20.049846300000354,pyvrp,20.0,1.8495721063088928e-16,cvrp50_16163.json,0
"[""route_membership_ambiguous""]",unstable_matrix,True,0.04503996176411995,cvrp_s7799_n20-50-100_x66667_cvrp50_16185,0.156734693877551,False,False,0.42,0.11346938775510204,0.056734693877551014,50,4,True,11.085268197216378,False,True,11.112833917619028,True,11.040228235452258,4,4,1.6661767359139066e-05,11.040412185166709,True,9101,11.040228235452258,1789041991,7,fc23eecce8e2c48557e49af5be9584dad988edbd6dfe7c7c05eae84cab3037dd,20.097334200003388,pyvrp,20.0,0.00406304664558589,cvrp50_16185.json,0
"[""accepted""]",not_selected,True,1.7763568394002505e-15,cvrp_s7799_n20-50-100_x66667_cvrp50_1630,0.0,True,True,0.0,0.0,0.0,50,4,False,9.499984629217538,False,False,,False,9.499984629217536,4,4,3.739704660020191e-16,9.49998462921754,True,9101,9.499984629217536,3354553604,7,4a544d7415acbb32894ef669faf9f2e1508352ee07ab361142313b9063661e42,20.12710309999966,pyvrp,20.0,1.8698523300100953e-16,cvrp50_1630.json,0
"[""accepted""]",not_selected,True,0.07514188831260071,cvrp_s7799_n20-50-100_x66667_cvrp50_16383,0.10122448979591837,True,True,0.0,0.0,0.0,50,4,False,12.262070415799544,False,False,,False,12.186928527486943,4,4,1.4575919070943723e-16,12.186928527486945,True,9103,12.186928527486943,952198232,7,4af020fe9267d67d9dbb197c13b8b2e17b2a0664f3a7329a342ffa42548dc9bb,20.060817199999292,pyvrp,20.0,0.006127993541431732,cvrp50_16383.json,0
"[""accepted""]",not_selected,True,0.07027590692651486,cvrp_s7799_n20-50-100_x66667_cvrp50_16555,0.053877551020408164,True,True,0.0,0.0,0.0,50,3,False,12.39919419609137,False,False,,False,12.328918289164855,4,4,0.003485148627589195,12.371886401819998,True,9102,12.328918289164855,85539277,7,741417d03b363fcd08f96123104f855827b93a909df1deca680cce983a33d909,20.057083499999862,pyvrp,20.0,0.005667780164993958,cvrp50_16555.json,0
"[""accepted""]",not_selected,True,0.012267686636858954,cvrp_s7799_n20-50-100_x66667_cvrp50_16702,0.035918367346938776,True,True,0.0,0.0,0.0,50,4,False,10.860304991895335,False,False,,False,10.848037305258476,4,4,4.912474365862973e-16,10.848037305258481,True,9102,10.848037305258476,547631641,7,0f4658fdd2e151112868f4329ec7466ef9419c564e502abcf28a82c1db7f4f80,20.147726300001523,pyvrp,20.0,0.001129589513923771,cvrp50_16702.json,0
"[""accepted""]",not_selected,True,0.10326277925588556,cvrp_s7799_n20-50-100_x66667_cvrp50_16710,0.05142857142857143,True,True,0.0,0.0,0.0,50,4,False,8.724448107576821,False,False,,False,8.621185328320935,4,4,4.120910922921116e-16,8.621185328320939,True,9104,8.621185328320935,269627218,6,f99b8b8773df221e75a4008d2c09cd94e848c3cd7aec51d7628531e9955f1425,20.04015000000072,pyvrp,20.0,0.011836024237018055,cvrp50_16710.json,0
"[""accepted""]",not_selected,True,0.004768339389082499,cvrp_s7799_n20-50-100_x66667_cvrp50_16740,0.014693877551020407,True,True,0.0,0.0,0.0,50,4,False,9.347086447608348,False,False,,False,9.342318108219265,4,4,3.8028181417574124e-16,9.342318108219269,True,9102,9.342318108219265,3338339208,7,713f9b0e0058aa56e256e594e8aa1e4e921910cfbcda11c7ce664a3cd1326d06,20.03484369999933,pyvrp,20.0,0.0005101417875837214,cvrp50_16740.json,0
"[""accepted""]",not_selected,True,0.023305894991866083,cvrp_s7799_n20-50-100_x66667_cvrp50_16756,0.09714285714285714,True,True,0.0,0.0,0.0,50,4,False,11.341525215959997,False,False,,False,11.318219320968131,4,4,3.1389334117414954e-16,11.318219320968135,True,9102,11.318219320968131,2851680516,6,24ea8d8d53ce37261352a7184b47ea0a4fcf2e8809bc712f76c7543979676451,20.03923279999799,pyvrp,20.0,0.002054917178076685,cvrp50_16756.json,0
"[""accepted""]",not_selected,True,0.08820030199056639,cvrp_s7799_n20-50-100_x66667_cvrp50_16835,0.11346938775510204,True,True,0.0,0.0,0.0,50,4,False,11.573954874865892,False,False,,False,11.485754572875326,4,4,3.093147826082375e-16,11.48575457287533,True,9101,11.485754572875326,3893367195,7,6e814c6e423b44252bb2f06792481f70217ee6f3ed8264829d283117da070129,20.036349800000608,pyvrp,20.0,0.007620584574949655,cvrp50_16835.json,0
"[""accepted""]",not_selected,True,0.0004726007594033632,cvrp_s7799_n20-50-100_x66667_cvrp50_16850,0.0,True,True,0.0,0.0,0.0,50,4,False,11.591322442323627,False,False,,False,11.590849841564223,4,4,4.0773607272961745e-05,11.591322442323623,True,9104,11.590849841564223,3353469156,7,4f978f583fe2f2e5434bc18df62fff6080a5046afcb594502426fe6c5d7806ff,20.039186499998323,pyvrp,20.0,4.077194485400101e-05,cvrp50_16850.json,0
"[""accepted""]",not_selected,True,1.7763568394002505e-15,cvrp_s7799_n20-50-100_x66667_cvrp50_1690,0.0,True,True,0.0,0.0,0.0,50,4,False,10.232927920174134,False,False,,False,10.232927920174133,4,4,1.0415534165338023e-15,10.232927920174143,True,9104,10.232927920174133,2555348197,6,3787ed2dc7a01f22a1d8c306331c7852dd80b8a6e5ae27756467bd6aa4e39dec,20.03718840000147,pyvrp,20.0,1.73592236088967e-16,cvrp50_1690.json,0
"[""accepted""]",stable_control,True,0.0076362823089972665,cvrp_s7799_n20-50-100_x66667_cvrp50_16950,0.022857142857142857,True,True,0.0,0.0,0.0,50,4,False,9.790355275873589,False,True,9.876021606823196,True,9.782718993564592,4,4,7.263243850993978e-16,9.782718993564599,True,9103,9.782718993564592,2537420325,7,3e47399edad3df5d991b97074a3b8d572db55cbe313a44e31b6b11f3621936b4,20.052662499998405,pyvrp,20.0,0.0007799801022354508,cvrp50_16950.json,0
"[""accepted""]",not_selected,True,3.552713678800501e-15,cvrp_s7799_n20-50-100_x66667_cvrp50_17166,0.0,True,True,0.0,0.0,0.0,50,4,False,10.802383632405691,False,False,,False,10.802383632405688,4,4,3.288823837123171e-16,10.802383632405691,True,9104,10.802383632405688,1453680743,7,fe09c84c9c674461503a8b72afa2617df6a8a36ca1eb73cd92f1b7b00a46eae1,20.040742999997747,pyvrp,20.0,3.2888238371231695e-16,cvrp50_17166.json,0
"[""accepted""]",not_selected,True,0.0,cvrp_s7799_n20-50-100_x66667_cvrp50_17211,0.0,True,True,0.0,0.0,0.0,50,4,False,8.790526558160137,False,False,,False,8.790526558160137,4,4,2.0207627241069883e-16,8.790526558160138,True,9101,8.790526558160137,1966217792,6,eccb9ddb2c1a161cb5113dde00185768e7e1496f7095d553b6f0e78ad7b34a32,20.036236899999494,pyvrp,20.0,0.0,cvrp50_17211.json,0
"[""accepted""]",stable_control,True,0.13155692705299415,cvrp_s7799_n20-50-100_x66667_cvrp50_17445,0.10857142857142857,True,True,0.0,0.0,0.0,50,2,False,12.485813763997125,False,True,12.409832324471035,True,12.354256836944131,4,4,0.0035393774456122956,12.397983214950113,True,9102,12.354256836944131,2668457479,7,fc9c5162f7836533d4a13f3161e7aa0d09f1fa02be0d3521f6cb8995efbefde4,20.06678860000102,pyvrp,20.0,0.010536512039955207,cvrp50_17445.json,0
"[""pyvrp_cost_not_converged"", ""route_membership_ambiguous""]",unstable_cost,False,0.0877570266013219,cvrp_s7799_n20-50-100_x66667_cvrp50_17560,0.17714285714285713,False,False,0.3,0.0946938775510204,0.06312925170068028,50,3,True,11.6461651897269,False,True,11.622801545900202,True,11.558408163125579,4,4,0.005471409722418025,11.62164894992498,False,9101,11.558408163125579,417696987,8,80063e47a3a8c5dc76bbb2ec70dc91858fc08f6dea3de98d28f3c03ebb760a3d,20.042028500000015,pyvrp,20.0,0.007535272355464483,cvrp50_17560.json,1
"[""accepted""]",not_selected,True,1.7763568394002505e-15,cvrp_s7799_n20-50-100_x66667_cvrp50_17604,0.0,True,True,0.0,0.0,0.0,50,4,False,10.470300382342593,False,False,,False,10.470300382342591,4,4,3.3931344365171193e-16,10.470300382342595,True,9102,10.470300382342591,199254035,7,8e75477cb3158cbd95f8cffa9b725c47ecf89e202c68677985457ef48d4fd49d,20.03456720000031,pyvrp,20.0,1.6965672182585594e-16,cvrp50_17604.json,0
"[""accepted""]",not_selected,True,5.329070518200751e-15,cvrp_s7799_n20-50-100_x66667_cvrp50_17629,0.0,True,True,0.0,0.0,0.0,50,4,False,8.661505103550775,False,False,,False,8.66150510355077,4,4,4.101727859450284e-16,8.661505103550773,True,9101,8.66150510355077,978246060,7,47f3da97523d414720fe464b131fb8046d952bd14cdb3ed6a9e91efcfea53b86,20.043417500000942,pyvrp,20.0,6.152591789175422e-16,cvrp50_17629.json,0
"[""accepted""]",not_selected,True,0.020925775874424346,cvrp_s7799_n20-50-100_x66667_cvrp50_1764,0.04,True,True,0.0,0.0,0.0,50,4,False,10.89602632896078,False,False,,False,10.875100553086355,4,4,1.0192694046453521e-05,10.875211399659017,True,9102,10.875100553086355,1732018247,7,0ed7e7835492022c461ec553d4c5a102a2ec651dc1379c2d2aea9ff48dd4dc47,20.04295749999801,pyvrp,20.0,0.001920496082026278,cvrp50_1764.json,0
"[""accepted""]",not_selected,True,2.5261267312615132e-05,cvrp_s7799_n20-50-100_x66667_cvrp50_1767,0.0,True,True,0.0,0.0,0.0,50,4,False,8.993825217151082,False,False,,False,8.99379995588377,4,4,2.8087424037889647e-06,8.993825217151077,True,9101,8.99379995588377,3881613578,7,fbeeddfdce583fa2085be99453856912c7e59a2edfafd862f1af20b70b2e0ec5,20.13670920000004,pyvrp,20.0,2.8087345153697556e-06,cvrp50_1767.json,0
"[""accepted""]",stable_control,True,0.003979037420661413,cvrp_s7799_n20-50-100_x66667_cvrp50_17902,0.04816326530612245,True,True,0.0,0.0,0.0,50,4,False,10.321413004784027,False,True,10.775336558492452,True,10.317433967363366,4,4,5.165112308988785e-16,10.317433967363371,True,9104,10.317433967363366,3629591074,6,df86fbddeb680fe9f486aa938fe7231460ddc32d497b24777d005c175b2f172b,20.03160890000072,pyvrp,20.0,0.00038551285747572635,cvrp50_17902.json,0
"[""accepted""]",not_selected,True,1.7763568394002505e-15,cvrp_s7799_n20-50-100_x66667_cvrp50_17946,0.0,True,True,0.0,0.0,0.0,50,4,False,8.401122677176726,False,False,,False,8.401122677176724,4,4,2.114427925479612e-16,8.401122677176726,True,9102,8.401122677176724,3417678956,6,e4dee1b60b2f0494c9a68c36565e6a538a7e9feb8a8b97d09bae890750991b62,20.035795900002995,pyvrp,20.0,2.1144279254796115e-16,cvrp50_17946.json,0
"[""accepted""]",not_selected,True,3.552713678800501e-15,cvrp_s7799_n20-50-100_x66667_cvrp50_18136,0.0,True,True,0.0,0.0,0.0,50,4,False,10.965304644881806,False,False,,False,10.965304644881803,4,4,4.859938406442874e-16,10.965304644881808,True,9101,10.965304644881803,1790138861,7,5a750af6ccc62121d3bbdb3e6021c6b3846c8af9e274c1f42de39057d572ae10,20.04707249999774,pyvrp,20.0,3.2399589376285818e-16,cvrp50_18136.json,0
"[""accepted""]",stable_control,True,0.08160455925644605,cvrp_s7799_n20-50-100_x66667_cvrp50_18297,0.08408163265306122,True,True,0.0,0.0,0.0,50,4,False,13.025600963312487,False,True,13.492447616007702,True,12.94399640405604,4,4,6.861701687600993e-16,12.94399640405605,True,9103,12.94399640405604,1343167324,7,ba76efc18fad80d2b4b085b47453b1cc4df6ddc9bf39f0e5a07244bcd4f010e3,20.04080740000063,pyvrp,20.0,0.006264936219548794,cvrp50_18297.json,0
"[""accepted""]",not_selected,True,3.552713678800501e-15,cvrp_s7799_n20-50-100_x66667_cvrp50_18355,0.0,True,True,0.0,0.0,0.0,50,4,False,8.051480283823794,False,False,,False,8.05148028382379,4,4,2.206248760205157e-16,8.051480283823793,True,9103,8.05148028382379,2880453931,6,c7ade9e87bdf06dbb5352fa881d309e6345a671b933274a482c743e546ae7652,20.051462600000377,pyvrp,20.0,4.4124975204103123e-16,cvrp50_18355.json,0
"[""accepted""]",stable_control,True,5.329070518200751e-15,cvrp_s7799_n20-50-100_x66667_cvrp50_18535,0.0,True,True,0.0,0.0,0.0,50,4,False,12.679802472787802,False,True,13.254786199385254,True,12.679802472787797,4,4,4.2028024723866976e-16,12.679802472787802,True,9102,12.679802472787797,786698874,7,a48ee88267ae1920f6628ca626b1762fe9a247a8579a9c3fa1ef8a7576d66f81,20.032949200001894,pyvrp,20.0,4.2028024723866956e-16,cvrp50_18535.json,0
"[""route_membership_ambiguous""]",unstable_matrix,True,0.1561698780098606,cvrp_s7799_n20-50-100_x66667_cvrp50_18592,0.11836734693877551,False,False,0.38,0.16244897959183674,0.08122448979591837,50,4,True,11.995171941197448,False,True,12.266001775696267,True,11.839002063187587,4,4,0.0001847466712165161,11.841189279409287,True,9104,11.839002063187587,3983250439,6,87fe6bd32698511d34780117490145dd70d358e57772c8596281c3b4b49450e3,20.044110800001363,pyvrp,20.0,0.01301939470108759,cvrp50_18592.json,0
"[""accepted""]",not_selected,True,0.03219135898117642,cvrp_s7799_n20-50-100_x66667_cvrp50_18844,0.13714285714285715,True,True,0.0,0.0,0.0,50,4,False,11.035309695337354,False,False,,False,11.003118336356177,4,4,4.843236576482682e-16,11.003118336356183,True,9102,11.003118336356177,828819023,7,fd978de6bf5bf6298afc9cd4e0f60c25db27fcf29c103839b734e0aa3f63cb74,20.041109800000413,pyvrp,20.0,0.0029171232951240088,cvrp50_18844.json,0
"[""accepted""]",not_selected,True,5.125225500002273e-05,cvrp_s7799_n20-50-100_x66667_cvrp50_1902,0.0,True,True,0.0,0.0,0.0,50,4,False,10.34768280927362,False,False,,False,10.34763155701862,4,4,4.953042125570809e-06,10.347682809273621,True,9103,10.34763155701862,2818615399,7,07b70245eff9d1d73eb24eab0e73735d7ae95e185c78bad5e4861b0b74b9ddef,20.05443159999777,pyvrp,20.0,4.953017592894356e-06,cvrp50_1902.json,0
"[""accepted""]",not_selected,True,-3.552713678800501e-15,cvrp_s7799_n20-50-100_x66667_cvrp50_1908,0.0,True,True,0.0,0.0,0.0,50,4,False,9.075776342717047,False,False,,False,9.07577634271705,4,4,4.917731819937905e-06,9.075820974951162,True,9101,9.07577634271705,1505163838,7,ee46596b499aeba992f340d6766cc15c77cceaaad5308e598ccb1da413f7368f,20.04639959999986,pyvrp,20.0,-3.9145011342764235e-16,cvrp50_1908.json,0
"[""accepted""]",not_selected,True,-1.7763568394002505e-15,cvrp_s7799_n20-50-100_x66667_cvrp50_19088,0.0,True,True,0.0,0.0,0.0,50,4,False,8.99905366045232,False,False,,False,8.999053660452322,4,4,1.9739373787787424e-16,8.999053660452324,True,9101,8.999053660452322,1182445638,6,16547ddf3fcd087349b91f4c7e5c8aaa2e683061d34a7b15b4bdc51df1862a42,20.03907059999983,pyvrp,20.0,-1.973937378778743e-16,cvrp50_19088.json,0
"[""accepted""]",not_selected,True,0.0,cvrp_s7799_n20-50-100_x66667_cvrp50_19095,0.0,True,True,0.26,0.026938775510204082,0.017959183673469388,50,4,False,11.06419006006111,False,False,,False,11.06419006006111,4,4,1.804389027613006e-05,11.064389701092548,True,9102,11.06419006006111,3433644030,7,df33a0cd5bbf05039af306e299d29a3df1d36b02059325b14a5f7fe2f00c22e0,20.066231500000868,pyvrp,20.0,0.0,cvrp50_19095.json,0
"[""accepted""]",stable_control,True,-1.7763568394002505e-15,cvrp_s7799_n20-50-100_x66667_cvrp50_19578,0.0,True,True,0.0,0.0,0.0,50,4,False,9.293650112362876,False,True,9.31121057690616,True,9.293650112362878,4,4,3.822732334278976e-16,9.293650112362881,True,9101,9.293650112362878,479863004,7,19c93ed240769ed7bd27d0a44530be40b4fcf75e1638579dc8125f0d2036311c,20.048928399999568,pyvrp,20.0,-1.9113661671394882e-16,cvrp50_19578.json,0
"[""route_membership_ambiguous""]",unstable_matrix,True,-1.7763568394002505e-15,cvrp_s7799_n20-50-100_x66667_cvrp50_19594,0.0,False,False,0.28,0.14612244897959184,0.09741496598639456,50,4,True,10.159933431494336,False,True,10.169093948307765,True,10.159933431494338,4,4,0.0009016315781194917,10.169093948307765,True,9101,10.159933431494338,3824863628,7,bb1b636234e6fc1779f550f13ec4980d94ff3cf51ed1370c017f5db96d384173,20.055431300002965,pyvrp,20.0,-1.74839417145569e-16,cvrp50_19594.json,0
"[""accepted""]",not_selected,True,0.021336544111427713,cvrp_s7799_n20-50-100_x66667_cvrp50_19651,0.1273469387755102,True,True,0.0,0.0,0.0,50,4,False,12.306243583174279,False,False,,False,12.284907039062851,4,4,1.4459668548991798e-16,12.284907039062853,True,9103,12.284907039062851,1109814312,8,c3ee059910649d72a31fc56929160c189b8d581c94b0f364bda8630c4a6ae39c,20.03846329999942,pyvrp,20.0,0.0017337982924862726,cvrp50_19651.json,0
"[""accepted""]",not_selected,True,3.552713678800501e-15,cvrp_s7799_n20-50-100_x66667_cvrp50_19983,0.0,True,True,0.0,0.0,0.0,50,4,False,11.170201579457867,False,False,,False,11.170201579457864,4,4,3.180527811900892e-16,11.170201579457867,True,9102,11.170201579457864,753172709,7,d8f47ee2b71dd1eab61058d73edd977ef48454975536d4a37f1004c2c691269a,20.03529030000209,pyvrp,20.0,3.180527811900891e-16,cvrp50_19983.json,0
"[""accepted""]",not_selected,True,0.16847669235034246,cvrp_s7799_n20-50-100_x66667_cvrp50_20003,0.12897959183673469,True,True,0.0,0.0,0.0,50,4,False,13.48497590324501,False,False,,False,13.316499210894667,4,4,2.832094566251303e-06,13.316536924479724,True,9102,13.316499210894667,1752348996,7,63619b72ad9fe91a188f650a99b276b4214c1b2d7f0971c9e5708a92824b9ad7,20.036662700000306,pyvrp,20.0,0.01249365913288732,cvrp50_20003.json,0
"[""route_membership_ambiguous""]",unstable_matrix,True,0.05284652725885408,cvrp_s7799_n20-50-100_x66667_cvrp50_20086,0.17142857142857143,False,False,0.32,0.1306122448979592,0.0653061224489796,50,4,True,10.996514827599167,False,True,11.745444862097841,True,10.943668300340313,4,4,0.0005803265140425488,10.950019201215888,True,9104,10.943668300340313,4095863673,6,d333c7a4f9d3f2f7a9914ab4a9e4e4a0c40485453be54aed3dd3622acbf0bff0,20.042939099999785,pyvrp,20.0,0.004805752375854513,cvrp50_20086.json,0
"[""accepted""]",not_selected,True,-1.7763568394002505e-15,cvrp_s7799_n20-50-100_x66667_cvrp50_20192,0.0,True,True,0.0,0.0,0.0,50,4,False,9.085617955811268,False,False,,False,9.08561795581127,4,4,3.9102609157455747e-16,9.085617955811273,True,9101,9.08561795581127,162658770,7,3f24cf2d765e33622d152de9a07904446ef0b0054c7684dd3670e163d1f58ff3,20.05450430000201,pyvrp,20.0,-1.9551304578727876e-16,cvrp50_20192.json,0
"[""route_membership_ambiguous""]",unstable_matrix,True,0.2400941897934814,cvrp_s7799_n20-50-100_x66667_cvrp50_20268,0.10857142857142857,False,False,0.28,0.10204081632653061,0.06802721088435375,50,3,True,12.82692947430286,False,True,12.824954796882535,True,12.586835284509378,4,4,0.001925206354876654,12.611067539786902,True,9103,12.586835284509378,2633880292,8,869a2dfea40ee9af34c4fed6c1168dc46e8a5dc2d58e3ba3bbb047342967b60c,20.04396970000016,pyvrp,20.0,0.018717978474464984,cvrp50_20268.json,0
"[""accepted""]",not_selected,True,0.0,cvrp_s7799_n20-50-100_x66667_cvrp50_20633,0.0,True,True,0.0,0.0,0.0,50,4,False,8.662457583131399,False,False,,False,8.662457583131399,4,4,6.151915281614968e-16,8.662457583131404,True,9103,8.662457583131399,1131014247,6,38947410097975f82b0fb835704a23392a23f21c029614c737fe54eafc6398f6,20.043030299999373,pyvrp,20.0,0.0,cvrp50_20633.json,0
"[""accepted""]",not_selected,True,1.7763568394002505e-15,cvrp_s7799_n20-50-100_x66667_cvrp50_20854,0.0,True,True,0.0,0.0,0.0,50,4,False,10.562349817544645,False,False,,False,10.562349817544643,4,4,1.009069120083274e-15,10.562349817544654,True,9101,10.562349817544643,1297237954,7,df8826f382db3dffe5c0684eb025f08d3bcd2d498744aee682df2f676285ae74,20.04231119999895,pyvrp,20.0,1.6817818668054565e-16,cvrp50_20854.json,0
"[""route_membership_ambiguous""]",unstable_matrix,True,-1.7763568394002505e-15,cvrp_s7799_n20-50-100_x66667_cvrp50_21043,0.0,False,False,0.32,0.09795918367346938,0.04897959183673469,50,4,True,12.397473244331596,False,True,12.811910884845569,True,12.397473244331598,4,4,0.0004577561205680923,12.40314826358877,True,9101,12.397473244331598,1971923053,7,e7998ad367b3188b25cbc6d8b542ebb13ec34ce9c510162a96bca49bea3c7f69,20.03680109999914,pyvrp,20.0,-1.432837808472336e-16,cvrp50_21043.json,0
"[""accepted""]",not_selected,True,0.03348497156560981,cvrp_s7799_n20-50-100_x66667_cvrp50_21166,0.045714285714285714,True,True,0.0,0.0,0.0,50,4,False,9.68145804961769,False,False,,False,9.64797307805208,4,4,9.770601432824146e-05,9.648915743047883,True,9103,9.64797307805208,176433024,7,730d5d07a1230450c1cbe7ada242613cc7ceae0147437ecdbd159184c5d8192a,20.038445400001365,pyvrp,20.0,0.0034586703153593784,cvrp50_21166.json,0
"[""route_membership_ambiguous""]",unstable_matrix,True,0.06312960080337504,cvrp_s7799_n20-50-100_x66667_cvrp50_21562,0.11673469387755102,False,False,0.3,0.09551020408163265,0.04775510204081632,50,4,True,11.335465164427085,False,True,11.765723776895138,True,11.27233556362371,4,4,0.0005361547115238957,11.278379279446025,True,9104,11.27233556362371,2577933032,7,21ebeec7ef6713454ea9e4432ca741417ff0b4ee3e20fde71be152cdbc629f8f,20.06078770000022,pyvrp,20.0,0.0055692113104884415,cvrp50_21562.json,0
"[""accepted""]",stable_control,True,0.0,cvrp_s7799_n20-50-100_x66667_cvrp50_21698,0.0,True,True,0.0,0.0,0.0,50,4,False,9.00961328661176,False,True,9.27004160397583,True,9.00961328661176,4,4,3.9432476908635086e-16,9.009613286611764,True,9104,9.00961328661176,2658583165,6,c4e7b300d50926ffde076e5f7079b02c8925e6fc38b2586432355e693d954edc,20.04070519999732,pyvrp,20.0,0.0,cvrp50_21698.json,0
"[""accepted""]",not_selected,True,1.7763568394002505e-15,cvrp_s7799_n20-50-100_x66667_cvrp50_21723,0.0,True,True,0.0,0.0,0.0,50,4,False,9.694693635392152,False,False,,False,9.69469363539215,4,4,3.664596131053288e-16,9.694693635392154,True,9102,9.69469363539215,1176176159,7,c807b08b5edd07a8d167a6baba045e68234c14c2208cb920eba93bb6609daa3e,20.033111400000053,pyvrp,20.0,1.8322980655266437e-16,cvrp50_21723.json,0
"[""accepted""]",not_selected,True,0.00489240838559013,cvrp_s7799_n20-50-100_x66667_cvrp50_21859,0.04897959183673469,True,True,0.0,0.0,0.0,50,4,False,11.089636259653178,False,False,,False,11.084743851267588,4,4,1.6025240305369045e-16,11.08474385126759,True,9101,11.084743851267588,630296735,7,409ce1fd063acc063a0646381486c587c58201ed98c2000046c83c96b7b009b1,20.040604499998153,pyvrp,20.0,0.000441169418999784,cvrp50_21859.json,0
"[""accepted""]",not_selected,True,0.0006588014056578828,cvrp_s7799_n20-50-100_x66667_cvrp50_21909,0.04244897959183674,True,True,0.0,0.0,0.0,50,4,False,9.351334520541172,False,False,,False,9.350675719135515,4,4,5.699128788409565e-16,9.35067571913552,True,9104,9.350675719135515,2450874761,6,59e4b4f07a8d42389d45e3252220d5cff45d36092c4cffece502e7b0a240a829,20.04368809999869,pyvrp,20.0,7.044998809643238e-05,cvrp50_21909.json,0
"[""accepted""]",not_selected,True,0.2323192642304157,cvrp_s7799_n20-50-100_x66667_cvrp50_21942,0.08653061224489796,True,True,0.0,0.0,0.0,50,4,False,12.581432209504813,False,False,,False,12.349112945274397,4,4,1.438448937403236e-16,12.349112945274399,True,9102,12.349112945274397,759913795,8,07c7b58520000c4c20660ab92ce721b7daf986d67225f3778bd8a14b2826d265,20.03998689999935,pyvrp,20.0,0.018465247863824835,cvrp50_21942.json,0
"[""accepted""]",not_selected,True,1.7763568394002505e-15,cvrp_s7799_n20-50-100_x66667_cvrp50_22194,0.0,True,True,0.0,0.0,0.0,50,4,False,10.4099181782596,False,False,,False,10.409918178259598,4,4,5.119224211896449e-16,10.409918178259604,True,9104,10.409918178259598,2364036343,6,f774778155d628d363b94961ab25d73a69b67d1b0a31bf8bb771d5fa8cf309b7,20.04501960000198,pyvrp,20.0,1.7064080706321494e-16,cvrp50_22194.json,0
"[""accepted""]",not_selected,True,0.008934980537171455,cvrp_s7799_n20-50-100_x66667_cvrp50_22207,0.024489795918367346,True,True,0.0,0.0,0.0,50,4,False,9.943060036424916,False,False,,False,9.934125055887744,4,4,2.3436128023058386e-05,9.934357873314351,True,9103,9.934125055887744,3326973749,6,a605443d3ca96c7a35db621435f5ab11df8a52884ee150a58f8e15a31d663625,20.04836660000001,pyvrp,20.0,0.0008986147629039238,cvrp50_22207.json,0
"[""accepted""]",stable_control,True,0.032674471934370786,cvrp_s7799_n20-50-100_x66667_cvrp50_22381,0.0,True,True,0.0,0.0,0.0,50,4,False,11.413096625686165,False,True,11.869115462380885,True,11.380422153751795,4,4,6.243553412698798e-16,11.380422153751802,True,9101,11.380422153751795,2759702090,7,496aef8bf6e491e9b659cb23bbd671bf739045b07a0f7c2eed2d3845180e247c,20.037384200000815,pyvrp,20.0,0.0028628927806353664,cvrp50_22381.json,0
"[""accepted""]",not_selected,True,0.08406985742305118,cvrp_s7799_n20-50-100_x66667_cvrp50_22400,0.11918367346938775,True,True,0.0,0.0,0.0,50,4,False,8.556788165415558,False,False,,False,8.472718307992507,4,4,4.1931214394902587e-16,8.47271830799251,True,9102,8.472718307992507,222909811,7,cbdb3af989eac691cbd631728d1759e2d1a8b932a7aba1bc0034b34056373628,20.039241099999344,pyvrp,20.0,0.009824931481048104,cvrp50_22400.json,0
"[""accepted""]",not_selected,True,0.01698075244609676,cvrp_s7799_n20-50-100_x66667_cvrp50_2244,0.008979591836734694,True,True,0.0,0.0,0.0,50,4,False,9.696199372460052,False,False,,False,9.679218620013955,4,4,1.8352275210803012e-16,9.679218620013957,True,9101,9.679218620013955,720545757,7,6fb3e1d29bbd8c24b50acb793ef3ab94ae4fa6985ceec2b16bc7b7ec5bad330c,20.043036400002165,pyvrp,20.0,0.0017512792171257222,cvrp50_2244.json,0
"[""accepted""]",not_selected,True,0.0055194489997507645,cvrp_s7799_n20-50-100_x66667_cvrp50_22523,0.053877551020408164,True,True,0.0,0.0,0.0,50,4,False,10.193845235791498,False,False,,False,10.188325786791747,4,4,1.7435218274067544e-16,10.188325786791749,True,9102,10.188325786791747,661065998,6,ee6921c420c51a75f79b65a355a2c3ccd0294889b4c57270011b9fd6322f4857,20.03884399999879,pyvrp,20.0,0.0005414491658526939,cvrp50_22523.json,0
"[""accepted""]",not_selected,True,0.0,cvrp_s7799_n20-50-100_x66667_cvrp50_22545,0.0,True,True,0.0,0.0,0.0,50,4,False,9.904997906974662,False,False,,False,9.904997906974662,4,4,5.380183386458118e-16,9.904997906974668,True,9101,9.904997906974662,446836347,8,c2fd20f7022b247022a05d6047c37eff9518090b02e7e364fffd4114d7008209,20.04985940000188,pyvrp,20.0,0.0,cvrp50_22545.json,0
"[""accepted""]",not_selected,True,0.03013634284164901,cvrp_s7799_n20-50-100_x66667_cvrp50_22686,0.1363265306122449,True,True,0.0,0.0,0.0,50,4,False,10.868097929631961,False,False,,False,10.837961586790312,4,4,4.917041341700278e-16,10.837961586790318,True,9102,10.837961586790312,1475234867,7,c723f7759617c67ffa43c897517286db4e1161321e1d8b0ef0dcc8c7429c76e9,20.03971929999898,pyvrp,20.0,0.0027729178589274593,cvrp50_22686.json,0
"[""accepted""]",not_selected,True,5.329070518200751e-15,cvrp_s7799_n20-50-100_x66667_cvrp50_22737,0.0,True,True,0.0,0.0,0.0,50,4,False,11.101384060781902,False,False,,False,11.101384060781896,4,4,6.400487829893663e-16,11.101384060781903,True,9101,11.101384060781896,1704946183,8,7508d85186651919215860abe5b7e5a5d963550914acf7676ca06264ee8cf8f2,20.036541400000715,pyvrp,20.0,4.800365872420245e-16,cvrp50_22737.json,0
"[""accepted""]",not_selected,True,0.000269368516823576,cvrp_s7799_n20-50-100_x66667_cvrp50_22779,0.0,True,True,0.0,0.0,0.0,50,4,False,11.083012494366438,False,False,,False,11.082743125849614,4,4,2.430522062660814e-05,11.083012494366436,True,9103,11.082743125849614,3003784963,7,bd62da6a31732d936f800031a39f21bb3f39162c03f8203a597a4dd9238bab24,20.05527460000303,pyvrp,20.0,2.4304629897376517e-05,cvrp50_22779.json,0
"[""accepted""]",not_selected,True,0.15366961712447136,cvrp_s7799_n20-50-100_x66667_cvrp50_22812,0.17959183673469387,True,True,0.0,0.0,0.0,50,4,False,11.086670381473958,False,False,,False,10.933000764349487,4,4,9.748596260192123e-16,10.933000764349497,True,9103,10.933000764349487,3334716115,7,ecae97710c120e3a8059b9a4da968d34dae7cba5f336936ab8e98fc692a16efa,20.05142749999868,pyvrp,20.0,0.013860754567147254,cvrp50_22812.json,0
"[""accepted""]",not_selected,True,0.06842873147518169,cvrp_s7799_n20-50-100_x66667_cvrp50_22940,0.17795918367346938,True,True,0.0,0.0,0.0,50,4,False,8.912228706106147,False,False,,False,8.843799974630965,4,4,2.0085900229492408e-16,8.843799974630967,True,9102,8.843799974630965,3169746916,6,35fc74655f1138847ecee0d4bf9c89d2024320264bb213e6fd51ab820e802468,20.137002499999653,pyvrp,20.0,0.0076780717519399225,cvrp50_22940.json,0
"[""accepted""]",not_selected,True,-1.7763568394002505e-15,cvrp_s7799_n20-50-100_x66667_cvrp50_23120,0.0,True,True,0.0,0.0,0.0,50,4,False,9.223273872454103,False,False,,False,9.223273872454104,4,4,1.9259504422886686e-16,9.223273872454106,True,9102,9.223273872454104,1934918152,7,83cbde96dcb2f473106a4addeb2a0d8c3b04f8142fbfa90b112bc59b744f8528,20.048260200001096,pyvrp,20.0,-1.9259504422886691e-16,cvrp50_23120.json,0
"[""accepted""]",not_selected,True,0.06398311159266079,cvrp_s7799_n20-50-100_x66667_cvrp50_23195,0.08816326530612245,True,True,0.0,0.0,0.0,50,4,False,9.217134009944578,False,False,,False,9.153150898351917,4,4,1.9407052927752943e-16,9.15315089835192,True,9103,9.153150898351917,2472180703,7,af51b21349ba37a11bb99da1d16f58c6ae24a8b70ecec8e59819d1da6783ae42,20.06424920000063,pyvrp,20.0,0.006941757765876891,cvrp50_23195.json,0
"[""accepted""]",not_selected,True,0.0011265346413278365,cvrp_s7799_n20-50-100_x66667_cvrp50_23209,0.0,True,True,0.0,0.0,0.0,50,4,False,9.155467089161872,False,False,,False,9.154340554520545,4,4,0.00012306016305800832,9.155467089161872,True,9104,9.154340554520545,1201087755,7,6844165c01325037bbbe3f794dab1d70fd34ec2eda7496e8961d09f118cc5cb3,20.041126399999484,pyvrp,20.0,0.0001230450211176461,cvrp50_23209.json,0
"[""accepted""]",not_selected,True,-5.329070518200751e-15,cvrp_s7799_n20-50-100_x66667_cvrp50_23246,0.0,True,True,0.0,0.0,0.0,50,4,False,9.944817123313667,False,False,,False,9.944817123313673,4,4,1.7862136803259363e-16,9.944817123313674,True,9102,9.944817123313673,3719432884,7,6d6f4fff79bc5d6b12072b6357cde3f2923ec701c1778ef730eb6dd57a177bfe,20.04537270000219,pyvrp,20.0,-5.358641040977811e-16,cvrp50_23246.json,0
"[""accepted""]",stable_control,True,1.7763568394002505e-15,cvrp_s7799_n20-50-100_x66667_cvrp50_23507,0.0,True,True,0.0,0.0,0.0,50,4,False,9.659875777906363,False,True,9.805802866154671,True,9.659875777906361,4,4,3.2693060262959425e-05,9.660191588807301,True,9101,9.659875777906361,2608738597,7,459b280589ce0f63ea0f912f3e296d9003728d93440728462bae95553f9ec1bc,20.05094090000057,pyvrp,20.0,1.8389023629714314e-16,cvrp50_23507.json,0
"[""accepted""]",not_selected,True,3.552713678800501e-15,cvrp_s7799_n20-50-100_x66667_cvrp50_23516,0.0,True,True,0.0,0.0,0.0,50,4,False,8.698538599948984,False,False,,False,8.69853859994898,4,4,6.126397505705163e-16,8.698538599948986,True,9104,8.69853859994898,1235084192,6,abe53e6bda8bf2b22713b79e52b7700dde3b6577cd091fbaa74df7e3294d5504,20.034261500000866,pyvrp,20.0,4.08426500380344e-16,cvrp50_23516.json,0
"[""accepted""]",not_selected,True,0.0008491697287906774,cvrp_s7799_n20-50-100_x66667_cvrp50_23553,0.013061224489795919,True,True,0.32,0.013061224489795919,0.0065306122448979586,50,4,False,7.761166291371227,False,False,,False,7.760317121642436,4,4,0.00010942461699426869,7.761166291371226,True,9102,7.760317121642436,1781393970,7,916b1d6d29dc8ba8db14c2870070f6e8331a86fbc9dfc66608b7314eed0a32b0,20.06062960000054,pyvrp,20.0,0.00010941264455765808,cvrp50_23553.json,0
"[""accepted""]",not_selected,True,0.0,cvrp_s7799_n20-50-100_x66667_cvrp50_23721,0.0,True,True,0.0,0.0,0.0,50,4,False,12.627261275370367,False,False,,False,12.627261275370367,4,4,1.4067633516580963e-16,12.627261275370369,True,9101,12.627261275370367,3907006870,7,e36da78605e8cfc6421fbbed3d609027069a0a4388d95b12445b12bc2583d43e,20.09593980000136,pyvrp,20.0,0.0,cvrp50_23721.json,0
"[""accepted""]",not_selected,True,0.0,cvrp_s7799_n20-50-100_x66667_cvrp50_23737,0.0,True,True,0.0,0.0,0.0,50,4,False,10.357002709665704,False,False,,False,10.357002709665704,4,4,1.7151263634820334e-16,10.357002709665705,True,9102,10.357002709665704,3274154583,7,8f8e7d20378b74ce39f1d729261c8fa6daddbb3129313d67e5bfd2e295e709b1,20.046215600003052,pyvrp,20.0,0.0,cvrp50_23737.json,0
"[""accepted""]",not_selected,True,0.0,cvrp_s7799_n20-50-100_x66667_cvrp50_23949,0.0,True,True,0.0,0.0,0.0,50,4,False,9.490486727822752,False,False,,False,9.490486727822752,4,4,5.615170929619237e-16,9.490486727822757,True,9102,9.490486727822752,3854710895,7,01525b20a1183001d5432394064e4450bb1e0dd4168decc0dcd448ec6ae7d9b6,20.028964400000405,pyvrp,20.0,0.0,cvrp50_23949.json,0
"[""accepted""]",stable_control,True,1.7763568394002505e-15,cvrp_s7799_n20-50-100_x66667_cvrp50_2415,0.0,True,True,0.0,0.0,0.0,50,4,False,10.792257892618828,False,True,10.883531283440682,True,10.792257892618826,4,4,3.2919095467782665e-16,10.79225789261883,True,9102,10.792257892618826,945165576,7,987f417c06539119653ada7a9122157e817bf8588837bca9d502e061a4491b5e,20.03065609999976,pyvrp,20.0,1.645954773389133e-16,cvrp50_2415.json,0
"[""accepted""]",stable_control,True,0.0038509640122850186,cvrp_s7799_n20-50-100_x66667_cvrp50_24320,0.09959183673469388,True,True,0.0,0.0,0.0,50,4,False,9.680637862400548,False,True,10.11726211885009,True,9.676786898388263,4,4,9.17844351670137e-16,9.676786898388272,True,9103,9.676786898388263,1901002015,7,38ca85ff9d878ee20b44ac498e48df6a9bf0fb2bbe909f50e40d29defc0fdf4a,20.031583599997248,pyvrp,20.0,0.0003978006477488539,cvrp50_24320.json,0
"[""accepted""]",not_selected,True,0.15975357765123022,cvrp_s7799_n20-50-100_x66667_cvrp50_24597,0.07020408163265306,True,True,0.0,0.0,0.0,50,4,False,11.49357544004831,False,False,,False,11.33382186239708,4,4,7.632985774217378e-05,11.334686971407512,True,9101,11.33382186239708,835550012,7,11e7a23dd10a850131aacb323974a8f3e8f18e468196c28faaac369acc20a8e7,20.02876280000055,pyvrp,20.0,0.013899380439491744,cvrp50_24597.json,0
"[""accepted""]",not_selected,True,7.105427357601002e-15,cvrp_s7799_n20-50-100_x66667_cvrp50_24671,0.0,True,True,0.0,0.0,0.0,50,4,False,11.060942043856759,False,False,,False,11.060942043856752,4,4,4.817917404386472e-16,11.060942043856757,True,9103,11.060942043856752,1753137117,7,478bcf9ddab42c3089213d93d9a09be530ff375e32dbaafd58a8c58ae03539c6,20.041392899998755,pyvrp,20.0,6.423889872515291e-16,cvrp50_24671.json,0
"[""accepted""]",not_selected,True,0.0,cvrp_s7799_n20-50-100_x66667_cvrp50_24696,0.0,True,True,0.0,0.0,0.0,50,4,False,11.641442566586765,False,False,,False,11.641442566586765,4,4,6.103562610011047e-16,11.641442566586772,True,9101,11.641442566586765,1361826297,7,e772f9f1a164ae5e1c4c9ff08c42124579ebc7ce40986339a00661d0ad767cef,20.036255600000004,pyvrp,20.0,0.0,cvrp50_24696.json,0
"[""accepted""]",not_selected,True,-1.7763568394002505e-15,cvrp_s7799_n20-50-100_x66667_cvrp50_24740,0.0,True,True,0.0,0.0,0.0,50,4,False,10.317904058974978,False,False,,False,10.31790405897498,4,4,3.4432513216772834e-16,10.317904058974984,True,9102,10.31790405897498,2173442455,6,b9021e059794568f53586b0aff03d4cfd6fee35f18aa1c4692d1aa023fd58cfd,20.03198920000068,pyvrp,20.0,-1.7216256608386422e-16,cvrp50_24740.json,0
"[""accepted""]",not_selected,True,-1.7763568394002505e-15,cvrp_s7799_n20-50-100_x66667_cvrp50_25227,0.0,True,True,0.0,0.0,0.0,50,4,False,9.592541892598412,False,False,,False,9.592541892598414,4,4,3.7036207071889544e-16,9.592541892598417,True,9101,9.592541892598414,3726122256,6,e7f7e52a801ad79daae1950d7ca9c794ac6a6a612a828ff29259a8ddbbfd08d0,20.03249440000218,pyvrp,20.0,-1.8518103535944777e-16,cvrp50_25227.json,0
"[""accepted""]",not_selected,True,0.0,cvrp_s7799_n20-50-100_x66667_cvrp50_25556,0.0,True,True,0.0,0.0,0.0,50,4,False,10.03883358127824,False,False,,False,10.03883358127824,4,4,1.7694852943005634e-16,10.038833581278242,True,9102,10.03883358127824,1526059685,6,9ba3a9197bbb1d278278a47e06a989e25a016b51f05acab28e773ba76512439e,20.031505599999946,pyvrp,20.0,0.0,cvrp50_25556.json,0
"[""accepted""]",not_selected,True,0.018230197444257357,cvrp_s7799_n20-50-100_x66667_cvrp50_25563,0.11836734693877551,True,True,0.34,0.013877551020408163,0.00925170068027211,50,4,False,11.887576619313794,False,False,,False,11.869346421869537,4,4,0.00010869568439230928,11.870636568602151,True,9103,11.869346421869537,3481230979,7,9ae830a64037d7db5cca53602797ea87e4607e23867a7a7d585001e7ad776949,20.03906460000144,pyvrp,20.0,0.0015335503633800921,cvrp50_25563.json,0
"[""accepted""]",not_selected,True,0.01227767217335618,cvrp_s7799_n20-50-100_x66667_cvrp50_2577,0.060408163265306125,True,True,0.0,0.0,0.0,50,4,False,11.49643069394507,False,False,,False,11.484153021771714,4,4,6.187158377401012e-16,11.484153021771721,True,9102,11.484153021771714,2604423849,7,a15eca9b712bf9d9c8250ce4e40d978616d43dc1927945d60badd0fee8342943,20.090708699997776,pyvrp,20.0,0.0010679551332243122,cvrp50_2577.json,0
"[""accepted""]",stable_control,True,0.01625678508825068,cvrp_s7799_n20-50-100_x66667_cvrp50_25811,0.08244897959183674,True,True,0.0,0.0,0.0,50,4,False,14.072760485873985,False,True,15.120769308530894,True,14.056503700785735,4,4,5.706401792453837e-05,14.057305821364873,True,9104,14.056503700785735,3745943669,7,c4545af1bc79650481317a72fb41f5963d2f9067a10d482928e42dabe8531011,20.035820199998852,pyvrp,20.0,0.0011551951804032324,cvrp50_25811.json,0
"[""accepted""]",stable_control,True,1.7763568394002505e-15,cvrp_s7799_n20-50-100_x66667_cvrp50_25936,0.0,True,True,0.0,0.0,0.0,50,4,False,9.003228024245216,False,True,9.299687732789192,True,9.003228024245214,4,4,3.946044317919342e-16,9.003228024245217,True,9101,9.003228024245214,722564036,7,e32cfcd0d8c41a115b0c16f4ebc11a8c5d09623914b809fdeaa09bf14db4a18a,20.031961799999408,pyvrp,20.0,1.9730221589596706e-16,cvrp50_25936.json,0
"[""accepted""]",stable_control,True,1.7763568394002505e-15,cvrp_s7799_n20-50-100_x66667_cvrp50_26136,0.0,True,True,0.0,0.0,0.0,50,4,False,9.429607367733025,False,True,9.601864519579212,True,9.429607367733023,4,4,3.7676157025980295e-16,9.429607367733027,True,9103,9.429607367733023,3054018785,6,e6a6ec2d59975ec016afac0910805c3f896b49264ded258ac786fb89baf4f058,20.031638000000385,pyvrp,20.0,1.8838078512990143e-16,cvrp50_26136.json,0
"[""accepted""]",not_selected,True,0.16516468095246495,cvrp_s7799_n20-50-100_x66667_cvrp50_26216,0.09387755102040816,True,True,0.0,0.0,0.0,50,4,False,11.791443303607776,False,False,,False,11.626278622655311,4,4,3.0557616879037955e-16,11.626278622655315,True,9101,11.626278622655311,655260348,7,4de65716069710fcd687d96f333b4432505f58bfba3ec8e164e18031dffa84c3,20.02661999999691,pyvrp,20.0,0.014007164068026365,cvrp50_26216.json,0
"[""accepted""]",not_selected,True,5.329070518200751e-15,cvrp_s7799_n20-50-100_x66667_cvrp50_26229,0.0,True,True,0.0,0.0,0.0,50,4,False,10.339410488926232,False,False,,False,10.339410488926227,4,4,5.154133810538156e-16,10.339410488926232,True,9101,10.339410488926227,2795144250,7,8d8e3b144d3445745b2ca63f38e8aa9673082eecd91732ab3218df9c58d8fa28,20.028987800000323,pyvrp,20.0,5.154133810538153e-16,cvrp50_26229.json,0
"[""accepted""]",not_selected,True,0.013161199082240671,cvrp_s7799_n20-50-100_x66667_cvrp50_26506,0.029387755102040815,True,True,0.28,0.011428571428571429,0.005714285714285714,50,4,False,11.05454563415641,False,False,,False,11.04138443507417,4,4,5.13448025018578e-05,11.041951352777335,True,9101,11.04138443507417,3440635699,7,da80e7e4e412642be807ec08aec8b4bfc99e22bce8bb13690a2c8226c3714867,20.027495100002852,pyvrp,20.0,0.001190568976582367,cvrp50_26506.json,0
"[""accepted""]",not_selected,True,5.329070518200751e-15,cvrp_s7799_n20-50-100_x66667_cvrp50_26522,0.0,True,True,0.0,0.0,0.0,50,4,False,10.757969236819553,False,False,,False,10.757969236819548,4,4,4.953602674342859e-16,10.757969236819553,True,9103,10.757969236819548,3826882735,7,f087969ab9af65b2f17fa08e0daca172bce3e12b52b66a1380886dd0b0a6731b,20.031173499999568,pyvrp,20.0,4.953602674342856e-16,cvrp50_26522.json,0
"[""accepted""]",not_selected,True,0.0,cvrp_s7799_n20-50-100_x66667_cvrp50_2661,0.0,True,True,0.0,0.0,0.0,50,4,False,10.642822843618777,False,False,,False,10.642822843618777,4,4,4.674524330436386e-05,10.643320344962047,True,9101,10.642822843618777,4095417112,7,c279f8b49ca0a9f48b49e56765b767abf92e3645061c8aa791caf02862a0a854,20.028437299999496,pyvrp,20.0,0.0,cvrp50_2661.json,0
"[""route_membership_ambiguous""]",unstable_matrix,True,1.7763568394002505e-15,cvrp_s7799_n20-50-100_x66667_cvrp50_26685,0.0,False,False,0.32,0.09061224489795919,0.0453061224489796,50,4,True,11.997619706823224,False,True,12.833819404764322,True,11.997619706823222,4,4,0.0007895122579987844,12.007091974648567,True,9102,11.997619706823222,879115275,7,b08a457dc4babc900d8149bbb06744541a0e128f7233cd7cc98b8179ca5beebe,20.03027959999963,pyvrp,20.0,1.4805910528986095e-16,cvrp50_26685.json,0
"[""accepted""]",not_selected,True,0.005037269908386932,cvrp_s7799_n20-50-100_x66667_cvrp50_27142,0.0,True,True,0.0,0.0,0.0,50,4,False,11.394944489526528,False,False,,False,11.389907219618141,4,4,3.119177013734805e-16,11.389907219618145,True,9101,11.389907219618141,2037407233,7,1a3c1869db2796d9770331aba253da873ee4399ae0a0518a259798bafc6f8f47,20.034618100002263,pyvrp,20.0,0.0004420618207501453,cvrp50_27142.json,0
"[""accepted""]",not_selected,True,0.22819282302937083,cvrp_s7799_n20-50-100_x66667_cvrp50_27225,0.12,True,True,0.0,0.0,0.0,50,4,False,13.390979500690978,False,False,,False,13.162786677661607,4,4,5.398117839028364e-16,13.162786677661614,True,9102,13.162786677661607,4080678786,8,118c431daa21739470f46adb4332082b0794c960f71153e6f9eb737d3959f251,20.04862100000173,pyvrp,20.0,0.017040786524809184,cvrp50_27225.json,0
"[""route_membership_ambiguous""]",unstable_matrix,True,8.317669600543809e-05,cvrp_s7799_n20-50-100_x66667_cvrp50_27278,0.014693877551020407,False,False,0.34,0.1436734693877551,0.07183673469387755,50,4,True,10.862289438404446,False,True,11.051450303000857,True,10.86220626170844,4,4,0.0002446444329345667,10.864863639999754,True,9103,10.86220626170844,17236090,7,7d0285bfafd00566a8c71b5c07cfdbb14bea8c7a7a1cfefc4006ad66815c6a50,20.027577900000324,pyvrp,20.0,7.657381666829885e-06,cvrp50_27278.json,0
"[""accepted""]",not_selected,True,-1.7763568394002505e-15,cvrp_s7799_n20-50-100_x66667_cvrp50_27949,0.0,True,True,0.0,0.0,0.0,50,4,False,9.705475067832156,False,False,,False,9.705475067832158,4,4,3.6605252746211475e-16,9.705475067832161,True,9101,9.705475067832158,2244281496,7,4cfeb33a3bd6d0cbef9eb45d6ea2f43dc00a8087f176b465f3a60980edc9fa46,20.025955799999792,pyvrp,20.0,-1.8302626373105742e-16,cvrp50_27949.json,0
"[""accepted""]",not_selected,True,-1.7763568394002505e-15,cvrp_s7799_n20-50-100_x66667_cvrp50_28074,0.0,True,True,0.0,0.0,0.0,50,4,False,10.70876247490548,False,False,,False,10.708762474905482,4,4,1.6587881592881524e-16,10.708762474905484,True,9102,10.708762474905482,3981492803,7,fa05f1afd8b0b2deaa73e398beb5e26f402acd48143f06c85f38db1dff6c6318,20.030339300003106,pyvrp,20.0,-1.6587881592881527e-16,cvrp50_28074.json,0
"[""accepted""]",not_selected,True,0.03707868837569528,cvrp_s7799_n20-50-100_x66667_cvrp50_28239,0.12979591836734694,True,True,0.0,0.0,0.0,50,2,False,12.496251394495507,False,False,,False,12.459172706119812,4,4,0.0027386291749151746,12.493293759988099,True,9102,12.459172706119812,3637027594,6,de66072252ae1ec30202bdf5020c0c2edc25a9b94bfe9359a53cd04f9ae3ba89,20.021276999999827,pyvrp,20.0,0.0029671848945058937,cvrp50_28239.json,0
"[""accepted""]",not_selected,True,3.552713678800501e-15,cvrp_s7799_n20-50-100_x66667_cvrp50_28431,0.0,True,True,0.0,0.0,0.0,50,4,False,8.88618926575651,False,False,,False,8.886189265756506,4,4,3.9980171168434464e-16,8.88618926575651,True,9101,8.886189265756506,1991154941,6,ac1f929a2d64e858c96eb5b110d16414dab32615dfbbd3b5e92ba5c704f57216,20.02918520000094,pyvrp,20.0,3.998017116843445e-16,cvrp50_28431.json,0
"[""accepted""]",not_selected,True,0.0083804183184224,cvrp_s7799_n20-50-100_x66667_cvrp50_28432,0.019591836734693877,True,True,0.0,0.0,0.0,50,4,False,9.880742697720153,False,False,,False,9.872362279401731,4,4,1.7993229878795518e-16,9.872362279401733,True,9102,9.872362279401731,3726333550,7,b5d8be8348e687f412fc3c1f03ad4d285cedbd68c0a053aabe27e66721ed9b71,20.030903499999113,pyvrp,20.0,0.0008481567200769298,cvrp50_28432.json,0
"[""accepted""]",not_selected,True,0.00015708403843284202,cvrp_s7799_n20-50-100_x66667_cvrp50_28532,0.03183673469387755,True,True,0.26,0.03183673469387755,0.015918367346938776,50,4,False,10.63696082890156,False,False,,False,10.636803744863126,4,4,1.4767973744643628e-05,10.636960828901557,True,9102,10.636803744863126,1193448898,7,586914ac7549be3631e201a01b70348a7286241930480180da7c3817da376245,20.03150259999893,pyvrp,20.0,1.4767755654982846e-05,cvrp50_28532.json,0
"[""accepted""]",not_selected,True,0.0045559428389072565,cvrp_s7799_n20-50-100_x66667_cvrp50_28683,0.044897959183673466,True,True,0.0,0.0,0.0,50,4,False,11.573640983490622,False,False,,False,11.569085040651714,4,4,4.606302485871046e-16,11.56908504065172,True,9101,11.569085040651714,2037045587,7,adbba398f07fdc419692c676f72380a9a2bbb16d1d08dab791119df116697596,20.039762600001268,pyvrp,20.0,0.00039364819121365035,cvrp50_28683.json,0
"[""accepted""]",not_selected,True,0.0193861654375862,cvrp_s7799_n20-50-100_x66667_cvrp50_28853,0.1510204081632653,True,True,0.0,0.0,0.0,50,4,False,9.114850450138524,False,False,,False,9.095464284700938,4,4,8.624820500701674e-05,9.096248752169199,True,9104,9.095464284700938,76363968,7,11eddce43495962a6552e8dca7470c8cffef711fca0acb5e1c5be83095586457,20.03152709999995,pyvrp,20.0,0.002126876962341338,cvrp50_28853.json,0
"[""route_membership_ambiguous""]",unstable_matrix,True,0.07701688427782649,cvrp_s7799_n20-50-100_x66667_cvrp50_28868,0.1469387755102041,False,False,0.32,0.05061224489795919,0.025306122448979593,50,4,True,9.330830351340325,False,True,9.427179540640605,True,9.253813467062498,4,4,0.0005105327331456264,9.258537841743857,True,9101,9.253813467062498,2848537397,7,5fed0c164a1482e6b6bfb8b044535e2feaff487574b73a89ebd3116d460957d2,20.091539799999737,pyvrp,20.0,0.008254022565822711,cvrp50_28868.json,0
"[""accepted""]",not_selected,True,0.0,cvrp_s7799_n20-50-100_x66667_cvrp50_28988,0.0,True,True,0.24,0.019591836734693877,0.009795918367346938,50,4,False,10.370633022449914,False,False,,False,10.370633022449914,4,4,4.049248999003519e-05,10.371052955203766,True,9103,10.370633022449914,1074078869,7,f08fdda1bc570ee97194e401fa9c803391f5bd5f9f036f5d7f882326b6af77b5,20.027490299999045,pyvrp,20.0,0.0,cvrp50_28988.json,0
"[""accepted""]",not_selected,True,0.08381265179984787,cvrp_s7799_n20-50-100_x66667_cvrp50_29096,0.1110204081632653,True,True,0.0,0.0,0.0,50,4,False,12.432477276924434,False,False,,False,12.348664625124586,4,4,2.877002321021944e-16,12.34866462512459,True,9102,12.348664625124586,1471422667,7,547cac030a5bcb6f4ac22e0c32485ce3e653a5bf617bdf07516d15d8d5919dff,20.028534299999592,pyvrp,20.0,0.006741428110663845,cvrp50_29096.json,0
"[""accepted""]",not_selected,True,0.03551489669893648,cvrp_s7799_n20-50-100_x66667_cvrp50_29176,0.04816326530612245,True,True,0.0,0.0,0.0,50,4,False,11.47672447370113,False,False,,False,11.441209577002194,4,4,1.5525953155957209e-16,11.441209577002196,True,9103,11.441209577002194,3707087455,7,2a5769cc3017532e30242ed57108b309f630489c1600c3717c6b2622a44d20f4,20.029238300001452,pyvrp,20.0,0.0030945150578737626,cvrp50_29176.json,0
"[""accepted""]",not_selected,True,1.7763568394002505e-15,cvrp_s7799_n20-50-100_x66667_cvrp50_29358,0.0,True,True,0.0,0.0,0.0,50,4,False,8.581203128825404,False,False,,False,8.581203128825402,4,4,2.0700556935113582e-16,8.581203128825404,True,9101,8.581203128825402,3977388692,6,9ec41379bd0efcb82804433ca769640c62a68b16ebdb38927770b919533b32c5,20.029351000001043,pyvrp,20.0,2.0700556935113577e-16,cvrp50_29358.json,0
"[""accepted""]",not_selected,True,0.0,cvrp_s7799_n20-50-100_x66667_cvrp50_29478,0.0,True,True,0.0,0.0,0.0,50,4,False,8.387118831905203,False,False,,False,8.387118831905203,4,4,4.2359167075178695e-16,8.387118831905207,True,9102,8.387118831905203,1674170537,7,605cb1349c3bee873d523bb0bd27a2b098f3a4038f7b75780c3ae29f4d45276b,20.028634999998758,pyvrp,20.0,0.0,cvrp50_29478.json,0
"[""accepted""]",not_selected,True,0.012404853641511338,cvrp_s7799_n20-50-100_x66667_cvrp50_29517,0.08489795918367347,True,True,0.0,0.0,0.0,50,4,False,11.24135739009627,False,False,,False,11.22895253645476,4,4,3.1638869852433937e-16,11.228952536454763,True,9102,11.22895253645476,598577103,7,ea59568c7f768243c2680c3ce8fc0d0f729beea024f1570917b589df61e14e83,20.027343000001565,pyvrp,20.0,0.0011035014021029273,cvrp50_29517.json,0
"[""accepted""]",not_selected,True,0.15071912046074765,cvrp_s7799_n20-50-100_x66667_cvrp50_29636,0.09551020408163265,True,True,0.0,0.0,0.0,50,4,False,12.156324438805482,False,False,,False,12.005605318344735,4,4,1.47960622750604e-16,12.005605318344736,True,9102,12.005605318344735,2909383995,7,4d7efe973d373f0cf806c509da746cb076df10efae66a41a0a9fd5f42d3ef8b5,20.02591780000148,pyvrp,20.0,0.012398412136782175,cvrp50_29636.json,0
"[""accepted""]",not_selected,True,0.006609765001282852,cvrp_s7799_n20-50-100_x66667_cvrp50_30287,0.04979591836734694,True,True,0.0,0.0,0.0,50,4,False,9.966112220141556,False,False,,False,9.959502455140273,4,4,1.7835799001017785e-16,9.959502455140274,True,9102,9.959502455140273,3871648262,7,03cc2c235e9a798c8b9c58310175937b7bf99a569681a8c7fc52f8c0d51a2165,20.028738400000293,pyvrp,20.0,0.0006632240190838399,cvrp50_30287.json,0
"[""accepted""]",not_selected,True,3.552713678800501e-15,cvrp_s7799_n20-50-100_x66667_cvrp50_30493,0.0,True,True,0.0,0.0,0.0,50,4,False,8.996785330909821,False,False,,False,8.996785330909818,4,4,7.897740244161691e-16,8.996785330909825,True,9101,8.996785330909818,1969858357,7,4a97cf3985574ad9e7cb875bcaa020383d59aaafff30ba4d06ec9b70e79077ec,20.027876500000275,pyvrp,20.0,3.948870122080844e-16,cvrp50_30493.json,0
"[""accepted""]",not_selected,True,0.01303037423006792,cvrp_s7799_n20-50-100_x66667_cvrp50_30567,0.0,True,True,0.0,0.0,0.0,50,4,False,11.681239676795448,False,False,,False,11.66820930256538,4,4,3.0447805543044203e-16,11.668209302565383,True,9104,11.66820930256538,194684836,8,e667cba76d6f54628139fca12b792748911291a75b5263c36816585ec0c31bd4,20.029530399999203,pyvrp,20.0,0.0011154958369660457,cvrp50_30567.json,0
"[""route_membership_ambiguous""]",unstable_matrix,True,-1.7763568394002505e-15,cvrp_s7799_n20-50-100_x66667_cvrp50_30590,0.0,False,False,0.34,0.156734693877551,0.10448979591836734,50,4,True,9.737188545495975,False,True,9.901047677444929,True,9.737188545495977,4,4,9.307882078346435e-06,9.737279178098733,True,9102,9.737188545495977,2637242440,6,154d378faec532629b7bb12c01fca03982219a6b27e42aadb036b49e443dbc9b,20.030129300001136,pyvrp,20.0,-1.8243015744230612e-16,cvrp50_30590.json,0
"[""accepted""]",not_selected,True,-3.552713678800501e-15,cvrp_s7799_n20-50-100_x66667_cvrp50_30999,0.0,True,True,0.0,0.0,0.0,50,4,False,11.029006245696431,False,False,,False,11.029006245696435,4,4,3.2212455044957337e-16,11.029006245696438,True,9101,11.029006245696435,1145264754,7,b73ba6d70403154905b63c95761e0d3d1e784732857683fb20ab1e82fce82301,20.02632520000043,pyvrp,20.0,-3.2212455044957347e-16,cvrp50_30999.json,0
"[""accepted""]",stable_control,True,5.329070518200751e-15,cvrp_s7799_n20-50-100_x66667_cvrp50_31132,0.0,True,True,0.0,0.0,0.0,50,4,False,10.529191992066671,False,True,10.637432845263877,True,10.529191992066666,4,4,3.374156043006274e-16,10.52919199206667,True,9103,10.529191992066666,554548888,8,bd147673923caea28679c431ebbbc736495b346c7451cd3cefd08063ce541d7f,20.027023099999496,pyvrp,20.0,5.061234064509408e-16,cvrp50_31132.json,0
"[""accepted""]",not_selected,True,0.013057250818960142,cvrp_s7799_n20-50-100_x66667_cvrp50_31189,0.017959183673469388,True,True,0.0,0.0,0.0,50,4,False,10.90829137853387,False,False,,False,10.89523412771491,4,4,6.521592169852017e-16,10.895234127714916,True,9103,10.89523412771491,1759398997,6,75b8866160f5880b5b5c3ca4ecff89f7ffa5de92bddecf5488cd77fa1f9b9e73,20.02806409999903,pyvrp,20.0,0.00119700238707,cvrp50_31189.json,0
"[""accepted""]",not_selected,True,0.046531143168675015,cvrp_s7799_n20-50-100_x66667_cvrp50_31219,0.04653061224489796,True,True,0.0,0.0,0.0,50,2,False,10.470959431656684,False,False,,False,10.42442828848801,4,4,0.0026771935646678234,10.45233650081729,True,9102,10.42442828848801,760380716,6,cd485965115da7e5546ae5b18d1c48de5ef9478ea9464341c2645ec9af7bbdd3,20.02738479999971,pyvrp,20.0,0.004443828043875154,cvrp50_31219.json,0
"[""accepted""]",not_selected,True,1.7763568394002505e-15,cvrp_s7799_n20-50-100_x66667_cvrp50_3124,0.0,True,True,0.0,0.0,0.0,50,4,False,9.755199472485069,False,False,,False,9.755199472485067,4,4,3.6418667694300594e-16,9.75519947248507,True,9101,9.755199472485067,668243114,6,c8f3539e71e5b783a8007b4ab40cf3a87ed6df5834f20617f34a7f3287cb824c,20.028954299999896,pyvrp,20.0,1.8209333847150292e-16,cvrp50_3124.json,0
"[""route_membership_ambiguous""]",unstable_matrix,True,0.32053042321907377,cvrp_s7799_n20-50-100_x66667_cvrp50_3130,0.13387755102040816,False,False,0.32,0.07673469387755102,0.03836734693877551,50,4,True,13.770094742110729,False,True,13.81544444247594,True,13.449564318891655,4,4,0.0002473695587023183,13.452891331681958,True,9102,13.449564318891655,3058636290,8,cdd082c56fb133433829815e62ae5e3ab6e14a614b6f953d631c5377da9ddb53,20.02610519999871,pyvrp,20.0,0.023277285249087672,cvrp50_3130.json,0
"[""accepted""]",not_selected,True,0.001579054186994,cvrp_s7799_n20-50-100_x66667_cvrp50_31517,0.04897959183673469,True,True,0.0,0.0,0.0,50,4,False,11.410952464986833,False,False,,False,11.409373410799839,4,4,1.5569276028066482e-16,11.40937341079984,True,9103,11.409373410799839,3106295412,6,e80841b93f30f16ace83e0db00ca3f2d823bfcc6716557634dc1ce4fb8e4711b,20.02771489999941,pyvrp,20.0,0.00013838057706743958,cvrp50_31517.json,0
"[""accepted""]",not_selected,True,0.015914364895996513,cvrp_s7799_n20-50-100_x66667_cvrp50_31839,0.16816326530612244,True,True,0.0,0.0,0.0,50,3,False,12.300460323802627,False,False,,False,12.28454595890663,4,4,0.0012954784775305384,12.300460323802628,True,9101,12.28454595890663,1289816121,7,0b4a396268003096f5a0392ede4f262cadd29247ccb21410c90a606cd818f28c,20.028079600000638,pyvrp,20.0,0.0012938023843872427,cvrp50_31839.json,0
"[""accepted""]",not_selected,True,0.0,cvrp_s7799_n20-50-100_x66667_cvrp50_31996,0.0,True,True,0.0,0.0,0.0,50,4,False,9.013905619786264,False,False,,False,9.013905619786264,4,4,1.970684977554015e-16,9.013905619786266,True,9101,9.013905619786264,2398501253,7,95af7880898046a9755b7e3438f69185d4cc27c6909b165d0eae488902e906d7,20.026670700000977,pyvrp,20.0,0.0,cvrp50_31996.json,0
"[""accepted""]",not_selected,True,3.552713678800501e-15,cvrp_s7799_n20-50-100_x66667_cvrp50_32045,0.0,True,True,0.0,0.0,0.0,50,4,False,8.461362419045233,False,False,,False,8.46136241904523,4,4,4.1987489754650943e-16,8.461362419045233,True,9102,8.46136241904523,1689712084,6,51eb88f93bb530cee4c27c7350093be163b53b29a1dbe23422a7b611d0ab2b9c,20.02968150000015,pyvrp,20.0,4.1987489754650923e-16,cvrp50_32045.json,0
"[""accepted""]",not_selected,True,0.039861395762571306,cvrp_s7799_n20-50-100_x66667_cvrp50_32105,0.1469387755102041,True,True,0.0,0.0,0.0,50,4,False,12.04930696362463,False,False,,False,12.009445567862059,4,4,4.4373992854937773e-16,12.009445567862064,True,9102,12.009445567862059,3521620758,7,4466200293ac99b406c70fb5980f8727777c38b165819be60c4740306736442d,20.028212400000484,pyvrp,20.0,0.003308189913569962,cvrp50_32105.json,0
"[""accepted""]",not_selected,True,0.03492725706783162,cvrp_s7799_n20-50-100_x66667_cvrp50_32768,0.12816326530612246,True,True,0.0,0.0,0.0,50,3,False,10.023824764358949,False,False,,False,9.988897507291117,4,4,0.002078916066566059,10.009663586806306,True,9103,9.988897507291117,2167788836,7,c06770f9c9b0d768e4752f13491b504ffe2300aa1b8c4420218baa03da2c2617,20.027407600002334,pyvrp,20.0,0.0034844241483570383,cvrp50_32768.json,0
"[""accepted""]",not_selected,True,3.552713678800501e-15,cvrp_s7799_n20-50-100_x66667_cvrp50_32791,0.0,True,True,0.0,0.0,0.0,50,4,False,9.62402582391991,False,False,,False,9.624025823919906,4,4,3.691504723491552e-16,9.62402582391991,True,9101,9.624025823919906,652038408,7,4c9c3bd665427bedb8a839b32b5e3565885abfee367f93eafe2d5ca274ebb8a3,20.028872499999125,pyvrp,20.0,3.6915047234915506e-16,cvrp50_32791.json,0
"[""route_membership_ambiguous""]",unstable_matrix,True,0.02455076584249838,cvrp_s7799_n20-50-100_x66667_cvrp50_32823,0.2073469387755102,False,False,0.42,0.13224489795918368,0.06612244897959184,50,4,True,9.703045620339651,False,True,9.776523382061445,True,9.678494854497153,4,4,0.0001781569291637977,9.680219145419358,True,9102,9.678494854497153,1266453387,6,195dd6676e04c17013c3a5fcfbf1920a7e224e68848bc7fe1c49bf02e06ead46,20.02765410000211,pyvrp,20.0,0.0025302123480729333,cvrp50_32823.json,0
"[""accepted""]",not_selected,True,0.04613576001330877,cvrp_s7799_n20-50-100_x66667_cvrp50_33043,0.13387755102040816,True,True,0.0,0.0,0.0,50,3,False,12.723344076239904,False,False,,False,12.677208316226595,4,4,0.0032474319711291405,12.718376687817374,True,9104,12.677208316226595,1423916150,7,9c35ad8c7703b832022aade9474ffb8c25172039465e178adde50b4a4a7c8f74,20.03145349999977,pyvrp,20.0,0.0036260718673375015,cvrp50_33043.json,0
"[""accepted""]",not_selected,True,0.08979082971451291,cvrp_s7799_n20-50-100_x66667_cvrp50_33108,0.0636734693877551,True,True,0.0,0.0,0.0,50,4,False,11.803047591818322,False,False,,False,11.713256762103809,4,4,1.5165353884731205e-16,11.71325676210381,True,9102,11.713256762103809,4074097628,6,7ec46bfb82793bd29f018df846191ce8ff1dccbd5a1ad4f9f55f7e202ccde112,20.028166000000056,pyvrp,20.0,0.007607427574616782,cvrp50_33108.json,0
"[""accepted""]",not_selected,True,0.0,cvrp_s7799_n20-50-100_x66667_cvrp50_3329,0.0,True,True,0.0,0.0,0.0,50,4,False,10.615504047675447,False,False,,False,10.615504047675447,4,4,5.02008241367276e-16,10.615504047675453,True,9101,10.615504047675447,1455295573,7,b11affaed38f4a87d9c4f63374dc0b0f214cee9cb8d3616bf9606a6fbee91ef1,20.031632700000046,pyvrp,20.0,0.0,cvrp50_3329.json,0
"[""accepted""]",not_selected,True,0.07195738687367026,cvrp_s7799_n20-50-100_x66667_cvrp50_33405,0.1404081632653061,True,True,0.26,0.010612244897959184,0.007074829931972789,50,4,False,11.805963449774433,False,False,,False,11.734006062900763,4,4,1.473913275817764e-05,11.73417901197391,True,9102,11.734006062900763,3588386641,8,fe10507aa7f28b4f68de701e8f1cb525d2ee48748e62a158689034663309ec3a,20.027946400001383,pyvrp,20.0,0.006095003358243083,cvrp50_33405.json,0
"[""route_membership_ambiguous""]",unstable_matrix,True,0.0461604871501482,cvrp_s7799_n20-50-100_x66667_cvrp50_33453,0.12244897959183673,False,False,0.28,0.10530612244897959,0.052653061224489796,50,4,True,11.085948270058882,False,True,11.188017345439,True,11.039787782908734,4,4,0.0006165160152311247,11.04659398888165,True,9104,11.039787782908734,1710184671,7,3c55309d6e86dd104c483e361d055638e8d07e55caa45513a79224203b7cc45a,20.03068070000154,pyvrp,20.0,0.004163873583536307,cvrp50_33453.json,0
"[""accepted""]",not_selected,True,-1.7763568394002505e-15,cvrp_s7799_n20-50-100_x66667_cvrp50_3353,0.0,True,True,0.16,0.0326530612244898,0.0163265306122449,50,4,False,10.777769211710723,False,False,,False,10.777769211710725,4,4,6.212705904933284e-05,10.77843880281496,True,9103,10.777769211710725,2822760089,8,68ecae980bd9b81b735683678d732dfa4551ac8d599974eab392146cda0bed3a,20.027111199997307,pyvrp,20.0,-1.6481674495962738e-16,cvrp50_3353.json,0
"[""accepted""]",stable_control,True,1.7763568394002505e-15,cvrp_s7799_n20-50-100_x66667_cvrp50_33561,0.0,True,True,0.0,0.0,0.0,50,4,False,8.982963991413403,False,True,8.998536875565467,True,8.982963991413401,4,4,1.977472960036606e-16,8.982963991413403,True,9102,8.982963991413401,3858026015,7,f2a2fe530e362c8a19cf88b0f2e36e27a21776ed29598e859f819afaea00f6ef,20.02700580000237,pyvrp,20.0,1.9774729600366058e-16,cvrp50_33561.json,0
"[""accepted""]",not_selected,True,0.020923132890457552,cvrp_s7799_n20-50-100_x66667_cvrp50_33594,0.035918367346938776,True,True,0.0,0.0,0.0,50,4,False,8.942304030001685,False,False,,False,8.921380897111227,4,4,3.98224638065939e-16,8.92138089711123,True,9102,8.921380897111227,3707747715,6,77d4fcbf040d96ce84cd8c996695bbd47144442191efeba229750bf38ba405f8,20.02803540000241,pyvrp,20.0,0.0023397921632120587,cvrp50_33594.json,0
"[""accepted""]",not_selected,True,0.01963845321928659,cvrp_s7799_n20-50-100_x66667_cvrp50_33712,0.02122448979591837,True,True,0.0,0.0,0.0,50,4,False,10.59646004049336,False,False,,False,10.576821587274074,4,4,5.038442290274269e-16,10.576821587274079,True,9101,10.576821587274074,2436709909,7,2eebb3f9f91a33495138ebaf69dc3f3773684508074cec24690b34fc928e02ef,20.017945300001884,pyvrp,20.0,0.001853303192220809,cvrp50_33712.json,0
"[""accepted""]",not_selected,True,3.552713678800501e-15,cvrp_s7799_n20-50-100_x66667_cvrp50_33881,0.0,True,True,0.0,0.0,0.0,50,4,False,10.369476293431914,False,False,,False,10.36947629343191,4,4,3.4261264294039726e-16,10.369476293431914,True,9102,10.36947629343191,455193713,7,a641cb8d5064ed027c303c019a6a3e0f9b548daf87b1a5a20506aeef2004f012,20.028172399997857,pyvrp,20.0,3.426126429403971e-16,cvrp50_33881.json,0
"[""accepted""]",not_selected,True,0.0,cvrp_s7799_n20-50-100_x66667_cvrp50_34120,0.0,True,True,0.0,0.0,0.0,50,4,False,9.333032171718676,False,False,,False,9.333032171718676,4,4,3.806601770393629e-16,9.33303217171868,True,9101,9.333032171718676,2271194892,7,1a27446aa267add1d3f1dc6223d516b6156f4b55f052ae1a94831007bf8fdefb,20.02669750000132,pyvrp,20.0,0.0,cvrp50_34120.json,0
"[""accepted""]",not_selected,True,1.7763568394002505e-15,cvrp_s7799_n20-50-100_x66667_cvrp50_34247,0.0,True,True,0.28,0.011428571428571429,0.005714285714285714,50,4,False,9.799540072361689,False,False,,False,9.799540072361687,4,4,1.835956889313154e-05,9.799719987692766,True,9103,9.799540072361687,1990670818,7,6eefbb02c8d060e25d2730ff369ba86568dac1bb4336a516995598ec73c4c83c,20.02837290000025,pyvrp,20.0,1.8126940920525759e-16,cvrp50_34247.json,0
"[""accepted""]",not_selected,True,0.05818626858758691,cvrp_s7799_n20-50-100_x66667_cvrp50_34304,0.11428571428571428,True,True,0.0,0.0,0.0,50,2,False,9.947412031747966,False,False,,False,9.889225763160379,4,4,0.0017369116108958067,9.906402474211182,True,9103,9.889225763160379,2321472314,7,ce1be011ca76429a9ffe16eee25f98c85c9175d52e28c36a91ee8be7bb714f71,20.02767970000059,pyvrp,20.0,0.005849387599697364,cvrp50_34304.json,0
"[""accepted""]",not_selected,True,0.06395892692109584,cvrp_s7799_n20-50-100_x66667_cvrp50_34413,0.14285714285714285,True,True,0.0,0.0,0.0,50,4,False,10.258975735710749,False,False,,False,10.195016808789653,4,4,5.375616203110234e-05,10.195564853765136,True,9103,10.195016808789653,3643945883,7,1a3235659197bc58353a21aef3ef752429303cd02d383fcc66d05c9128e2d574,20.02681279999888,pyvrp,20.0,0.0062344359289650585,cvrp50_34413.json,0
"[""accepted""]",not_selected,True,1.7763568394002505e-15,cvrp_s7799_n20-50-100_x66667_cvrp50_34455,0.0,True,True,0.0,0.0,0.0,50,4,False,10.652222069125369,False,False,,False,10.652222069125367,4,4,3.3351855188015314e-16,10.65222206912537,True,9102,10.652222069125367,464672360,7,217648de29a60b1d978e01f091d9d50c8941fc0fe85f3f7b1dc0e456a460c5f2,20.02589049999733,pyvrp,20.0,1.6675927594007655e-16,cvrp50_34455.json,0
"[""accepted""]",not_selected,True,3.552713678800501e-15,cvrp_s7799_n20-50-100_x66667_cvrp50_34799,0.0,True,True,0.0,0.0,0.0,50,4,False,8.810496065703422,False,False,,False,8.810496065703418,4,4,4.0323650930736293e-16,8.810496065703422,True,9101,8.810496065703418,3096496159,7,e344269d36676ef47a6b8cdcfd15416a401513f2d4cb0f7b9c2da321cbf39a84,20.028670499999862,pyvrp,20.0,4.032365093073628e-16,cvrp50_34799.json,0
"[""accepted""]",not_selected,True,0.06089069721019058,cvrp_s7799_n20-50-100_x66667_cvrp50_34822,0.04163265306122449,True,True,0.0,0.0,0.0,50,4,False,11.82239088437363,False,False,,False,11.76150018716344,4,4,3.020629700518944e-16,11.761500187163444,True,9102,11.76150018716344,2154863168,7,00d9daeab5025cee0e3ada94179c76befe31df2346d4e71d72f1068f75bff2ed,20.0273062999986,pyvrp,20.0,0.005150455420203835,cvrp50_34822.json,0
"[""accepted""]",not_selected,True,0.05017973939110654,cvrp_s7799_n20-50-100_x66667_cvrp50_34998,0.13551020408163264,True,True,0.0,0.0,0.0,50,4,False,11.501091257064456,False,False,,False,11.45091151767335,4,4,4.653839574234644e-16,11.450911517673354,True,9101,11.45091151767335,1594208448,7,93ba94d8d28de17b523c311de2ab2af7f95535aa3eee6f371598a03e59436d52,20.027804800000013,pyvrp,20.0,0.004363041581839812,cvrp50_34998.json,0
"[""accepted""]",not_selected,True,3.552713678800501e-15,cvrp_s7799_n20-50-100_x66667_cvrp50_35088,0.0,True,True,0.0,0.0,0.0,50,4,False,8.166990380271065,False,False,,False,8.166990380271061,4,4,4.35008921693206e-16,8.166990380271065,True,9103,8.166990380271061,2080536419,6,8351390c2e0d00e7882e212dcdd3132d8c4378942be5c18d136b2293dec1aca4,20.03321440000218,pyvrp,20.0,4.3500892169320586e-16,cvrp50_35088.json,0
"[""accepted""]",not_selected,True,0.09577067149833596,cvrp_s7799_n20-50-100_x66667_cvrp50_35090,0.14857142857142858,True,True,0.0,0.0,0.0,50,4,False,11.970521551617537,False,False,,False,11.874750880119201,4,4,2.991821651390162e-16,11.874750880119205,True,9104,11.874750880119201,2287095140,7,015b5c0b70c3778b9496073ec6b2bc2d34d43e28697a68f4dff69168dddc9505,20.03051200000118,pyvrp,20.0,0.00800054292416313,cvrp50_35090.json,0
"[""accepted""]",not_selected,True,0.07096510778644394,cvrp_s7799_n20-50-100_x66667_cvrp50_35119,0.13714285714285715,True,True,0.0,0.0,0.0,50,4,False,10.658917618129724,False,False,,False,10.58795251034328,4,4,1.2583101041321395e-05,10.588085739619538,True,9104,10.58795251034328,2671744192,7,05c83d79d6708e480b32ffcb31cf2455603399d56e1a9eeb5bc8f1ea1d776e58,20.02983640000093,pyvrp,20.0,0.006657815580236738,cvrp50_35119.json,0
"[""accepted""]",not_selected,True,1.7763568394002505e-15,cvrp_s7799_n20-50-100_x66667_cvrp50_35249,0.0,True,True,0.22,0.008979591836734694,0.004489795918367347,50,4,False,8.589184273503234,False,False,,False,8.589184273503232,4,4,1.9527987645930976e-05,8.589352002987614,True,9104,8.589184273503232,2907557498,6,f5469b46b78b6439a41678be8f883ae6da9c89d59c2cf5fd6e573adfb63b4b8e,20.029316699998162,pyvrp,20.0,2.068132179769541e-16,cvrp50_35249.json,0
"[""accepted""]",not_selected,True,0.009014158167037323,cvrp_s7799_n20-50-100_x66667_cvrp50_35515,0.05795918367346939,True,True,0.0,0.0,0.0,50,4,False,10.273525727760779,False,False,,False,10.264511569593742,4,4,8.652904852590841e-16,10.26451156959375,True,9102,10.264511569593742,2198259933,7,b0d8dec3ef7daaf4956959a9f4ad2945f2b7ea7a00384cda88c850a99b288da6,20.028343400001177,pyvrp,20.0,0.0008774162255397449,cvrp50_35515.json,0
"[""accepted""]",not_selected,True,0.051891182478430053,cvrp_s7799_n20-50-100_x66667_cvrp50_3588,0.07673469387755102,True,True,0.24,0.029387755102040815,0.01469387755102041,50,4,False,12.046293157064737,False,False,,False,11.994401974586307,4,4,6.063179830918775e-05,11.995129216747669,True,9101,11.994401974586307,2414042687,7,cc5f00315fab7cc1c5f708ea75fb8d293d6af589ba7305c3f5c0866f57803012,20.02812940000149,pyvrp,20.0,0.0043076473236912435,cvrp50_3588.json,0
"[""accepted""]",not_selected,True,0.04618155523558798,cvrp_s7799_n20-50-100_x66667_cvrp50_36182,0.09959183673469388,True,True,0.0,0.0,0.0,50,4,False,10.718393876473083,False,False,,False,10.672212321237495,4,4,4.993407512701003e-16,10.6722123212375,True,9102,10.672212321237495,879614129,7,88b4b8d3e3166788dc5e2bd400a74031bf62c03b5e684844b6a9d433d443f031,20.028500099997473,pyvrp,20.0,0.004308626438608183,cvrp50_36182.json,0
"[""accepted""]",not_selected,True,3.552713678800501e-15,cvrp_s7799_n20-50-100_x66667_cvrp50_36565,0.0,True,True,0.0,0.0,0.0,50,4,False,10.453928938116382,False,False,,False,10.453928938116379,4,4,8.420603306905565e-05,10.454809222002243,True,9102,10.453928938116379,2874439695,6,7b464037b04978b414f7a2ee3427c6f8d2ca175b71b20d153db37988642bfbff,20.029549099999713,pyvrp,20.0,3.398448277036632e-16,cvrp50_36565.json,0
"[""accepted""]",not_selected,True,1.7763568394002505e-15,cvrp_s7799_n20-50-100_x66667_cvrp50_36577,0.0,True,True,0.0,0.0,0.0,50,4,False,9.062513239154145,False,False,,False,9.062513239154143,4,4,5.880345084823451e-16,9.062513239154148,True,9101,9.062513239154143,3048193,6,40b8dff8777c77e522d1eb0051df139ea14288cf2948adceba2680a0efe96f7c,20.02700569999797,pyvrp,20.0,1.9601150282744833e-16,cvrp50_36577.json,0
"[""accepted""]",not_selected,True,0.060337090392545534,cvrp_s7799_n20-50-100_x66667_cvrp50_36788,0.022857142857142857,True,True,0.0,0.0,0.0,50,4,False,11.438346013738625,False,False,,False,11.37800892334608,4,4,1.5612194113817357e-16,11.378008923346082,True,9104,11.37800892334608,3244077333,8,f6383e134c1cf21f560e39562f8d4c23e7d50a440ea3353c1d86e797d58c6e9c,20.026389599999675,pyvrp,20.0,0.0052749838412017355,cvrp50_36788.json,0
"[""accepted""]",not_selected,True,0.0019115324528033995,cvrp_s7799_n20-50-100_x66667_cvrp50_36854,0.019591836734693877,True,True,0.0,0.0,0.0,50,4,False,9.612005295578077,False,False,,False,9.610093763125274,4,4,1.8484282080745963e-16,9.610093763125276,True,9101,9.610093763125274,1934560918,7,d03367d332f3b858bd4fa7580c02ad89e2bc4ecc9019549d52d6188a372be187,20.028332999998383,pyvrp,20.0,0.0001988692675484463,cvrp50_36854.json,0
"[""accepted""]",not_selected,True,0.059426281153420746,cvrp_s7799_n20-50-100_x66667_cvrp50_37009,0.024489795918367346,True,True,0.0,0.0,0.0,50,4,False,11.99000693798938,False,False,,False,11.930580656835959,4,4,2.9778212653588446e-16,11.930580656835962,True,9102,11.930580656835959,578343381,7,ec898ad8e5ab4522cc15333f07583dc07d431ac2ce75ebf942e01b9dc54b49de,20.025394100000995,pyvrp,20.0,0.004956317495124487,cvrp50_37009.json,0
"[""accepted""]",stable_control,True,3.552713678800501e-15,cvrp_s7799_n20-50-100_x66667_cvrp50_37031,0.0,True,True,0.0,0.0,0.0,50,4,False,10.458914201632277,False,True,11.463719405078393,True,10.458914201632274,4,4,1.698414199748405e-16,10.458914201632275,True,9101,10.458914201632274,3860751177,8,94074e5d270f256b1be82bb71c6a490c16cd242ade5dd2c0c5a8672c71c1d8ee,20.02982659999907,pyvrp,20.0,3.3968283994968084e-16,cvrp50_37031.json,0
"[""accepted""]",not_selected,True,0.048605916870357646,cvrp_s7799_n20-50-100_x66667_cvrp50_3704,0.0653061224489796,True,True,0.0,0.0,0.0,50,4,False,10.306839232584624,False,False,,False,10.258233315714266,4,4,3.4632802447164173e-16,10.25823331571427,True,9101,10.258233315714266,834401160,7,4992a5e5a9dbed9ba5ee95f6a2192fd4e6fb17ed1841e7a67840fb01105676f1,20.02806319999945,pyvrp,20.0,0.0047158896897015875,cvrp50_3704.json,0
"[""accepted""]",not_selected,True,5.329070518200751e-15,cvrp_s7799_n20-50-100_x66667_cvrp50_37090,0.0,True,True,0.0,0.0,0.0,50,4,False,8.957029923660466,False,False,,False,8.95702992366046,4,4,1.9831985094834969e-16,8.957029923660462,True,9103,8.95702992366046,1305567814,7,ad345bdd2c7fc7155275e3816c282f29a3e7e662e311b4ae8ee9d383083e5be1,20.02700879999975,pyvrp,20.0,5.949595528450487e-16,cvrp50_37090.json,0
"[""accepted""]",not_selected,True,0.030612066765669965,cvrp_s7799_n20-50-100_x66667_cvrp50_37293,0.15918367346938775,True,True,0.32,0.013061224489795919,0.0065306122448979586,50,4,False,12.236418582570392,False,False,,False,12.205806515804722,4,4,5.6819403193848804e-05,12.20650004244645,True,9104,12.205806515804722,731853451,7,8c8b4f3196debc881ca33c4764dc91e08f44d77df634bcba95488791358315d8,20.027229100000113,pyvrp,20.0,0.002501717848167921,cvrp50_37293.json,0
"[""accepted""]",not_selected,True,0.0027132105750684588,cvrp_s7799_n20-50-100_x66667_cvrp50_37581,0.017959183673469388,True,True,0.0,0.0,0.0,50,4,False,9.172418784571052,False,False,,False,9.169705573995984,4,4,0.0,9.169705573995984,True,9101,9.169705573995984,1917578808,6,ee17fdf51588a4a977a4ff68d920c0d0647c9da5a32126f4c73944361879275e,20.027291200000036,pyvrp,20.0,0.00029580099195125685,cvrp50_37581.json,0
"[""accepted""]",not_selected,True,0.020379987645991804,cvrp_s7799_n20-50-100_x66667_cvrp50_37600,0.036734693877551024,True,True,0.0,0.0,0.0,50,4,False,10.619771536025985,False,False,,False,10.599391548379993,4,4,5.027713613443447e-16,10.599391548379998,True,9102,10.599391548379993,273816069,7,9105ba8d23ef7ed905fb3efc3f49ea08c8b514732f51dbd0e685569e27b8b4b4,20.02661040000021,pyvrp,20.0,0.0019190608363707023,cvrp50_37600.json,0
"[""accepted""]",stable_control,True,-1.7763568394002505e-15,cvrp_s7799_n20-50-100_x66667_cvrp50_37639,0.0,True,True,0.0,0.0,0.0,50,4,False,9.72752730106184,False,True,9.862380816950376,True,9.727527301061842,4,4,1.826113445301095e-16,9.727527301061844,True,9103,9.727527301061842,1390313851,7,5e73e53f6aebb48ab6f965abe6e855212afcded4af6a51360c292a1baa54a982,20.0202681999981,pyvrp,20.0,-1.8261134453010956e-16,cvrp50_37639.json,0
"[""accepted""]",stable_control,True,6.858121422759211e-05,cvrp_s7799_n20-50-100_x66667_cvrp50_3774,0.10612244897959183,True,True,0.0,0.0,0.0,50,4,False,10.426729586608255,False,True,10.815819290673126,True,10.426661005394028,4,4,3.407335940971491e-16,10.426661005394031,True,9104,10.426661005394028,2987936335,8,c094d436c3a75ce1b409a126e169afa72a5fce4d02ddac97440885b5c5c4c1ad,20.030070000000705,pyvrp,20.0,6.57744249123671e-06,cvrp50_3774.json,1
"[""accepted""]",not_selected,True,0.07600785761364826,cvrp_s7799_n20-50-100_x66667_cvrp50_38065,0.09551020408163265,True,True,0.32,0.019591836734693877,0.01197278911564626,50,4,False,11.027966100101294,False,False,,False,10.951958242487645,4,4,8.339875131047337e-05,10.952871622129473,True,9102,10.951958242487645,1409385916,7,76ca69d8ce56dc1771e57807e35d6ab900bed70385cb11ece2b9f139ffa3dd83,20.016196299999137,pyvrp,20.0,0.006892282486518535,cvrp50_38065.json,0
"[""accepted""]",not_selected,True,0.0,cvrp_s7799_n20-50-100_x66667_cvrp50_38108,0.0,True,True,0.0,0.0,0.0,50,4,False,9.032043040820644,False,False,,False,9.032043040820644,4,4,3.9334552135589737e-16,9.032043040820648,True,9101,9.032043040820644,3603620824,7,b68850c6b76fda838fd85b451b9979c67a1a16b53f44e18bc46aa95db4316fc2,20.02792270000282,pyvrp,20.0,0.0,cvrp50_38108.json,0
"[""route_membership_ambiguous""]",unstable_matrix,True,0.5028014258498992,cvrp_s7799_n20-50-100_x66667_cvrp50_38176,0.14612244897959184,False,False,0.28,0.09142857142857143,0.06095238095238095,50,3,True,15.049781773265025,False,True,15.052054003492758,True,14.546980347415126,4,4,0.0033674626413132463,14.595966760278964,True,9104,14.546980347415126,1234345647,8,ef1efe9320b49eef9c46c30a1853e03d1d4909eac25dd5f444741dc77c617839,20.026332299999922,pyvrp,20.0,0.03340921705210994,cvrp50_38176.json,0
"[""accepted""]",not_selected,True,0.015650337912667567,cvrp_s7799_n20-50-100_x66667_cvrp50_38283,0.08244897959183674,True,True,0.0,0.0,0.0,50,4,False,10.873497519188854,False,False,,False,10.857847181276187,4,4,3.272024020495497e-16,10.85784718127619,True,9103,10.857847181276187,2202111988,7,b84acf0a9f3de3d6ef8e0adb579668a00326efdf6ebad4bdda51c85cdc65cac7,20.02648229999977,pyvrp,20.0,0.0014393103861061126,cvrp50_38283.json,0
"[""accepted""]",not_selected,True,0.0,cvrp_s7799_n20-50-100_x66667_cvrp50_38343,0.0,True,True,0.0,0.0,0.0,50,4,False,10.02196326523846,False,False,,False,10.02196326523846,4,4,1.8505993567443417e-05,10.02214873162618,True,9102,10.02196326523846,2408210599,7,2550a8f3613bfb0e0fa2d43d7b523e2de9fce116c2790e0f9b70b0c5216efaaa,20.02601870000217,pyvrp,20.0,0.0,cvrp50_38343.json,0
"[""accepted""]",not_selected,True,0.0011283885818791362,cvrp_s7799_n20-50-100_x66667_cvrp50_38497,0.036734693877551024,True,True,0.0,0.0,0.0,50,4,False,10.991626976899672,False,False,,False,10.990498588317793,4,4,4.848797782354676e-16,10.990498588317799,True,9103,10.990498588317793,4020956359,7,a0b354883e12a5bf77b50bffea372f65b085ecd70c45536db6101b20d93d8e99,20.027263300002232,pyvrp,20.0,0.00010265892249169217,cvrp50_38497.json,0
"[""accepted""]",not_selected,True,0.03770531005814881,cvrp_s7799_n20-50-100_x66667_cvrp50_38631,0.024489795918367346,True,True,0.0,0.0,0.0,50,4,False,10.000589336015642,False,False,,False,9.962884025957493,4,4,1.782974523011706e-16,9.962884025957495,True,9101,9.962884025957493,1412063440,7,a9d0e2840b136fdbde87c350a7e1d25f6ba683bcafcc77d8a7eec6771f296668,20.025449000000663,pyvrp,20.0,0.0037703088079378204,cvrp50_38631.json,0
"[""accepted""]",not_selected,True,0.0,cvrp_s7799_n20-50-100_x66667_cvrp50_38650,0.0,True,True,0.0,0.0,0.0,50,4,False,12.61055100447722,False,False,,False,12.61055100447722,4,4,0.0,12.61055100447722,True,9101,12.61055100447722,4165036119,7,2a85c6b62c49c10de03a9aaf7ee7964df835c288dcb77381de7e87e6e3c88a3c,20.027532099997188,pyvrp,20.0,0.0,cvrp50_38650.json,0
"[""accepted""]",not_selected,True,0.013068877602108842,cvrp_s7799_n20-50-100_x66667_cvrp50_38682,0.16326530612244897,True,True,0.0,0.0,0.0,50,2,False,12.66858025979005,False,False,,False,12.65551138218794,4,4,0.0010326629408673655,12.668580259790051,True,9104,12.65551138218794,3581690172,7,26860170e02975ba3a15b43eddc59c4635dd00fcd266b538751e48613a0db87a,20.026112899999134,pyvrp,20.0,0.001031597648206037,cvrp50_38682.json,0
"[""accepted""]",not_selected,True,0.03202424088562594,cvrp_s7799_n20-50-100_x66667_cvrp50_38829,0.03918367346938775,True,True,0.0,0.0,0.0,50,4,False,9.204913293978661,False,False,,False,9.172889053093035,4,4,5.534033694197511e-06,9.172939816170128,True,9104,9.172889053093035,3391559120,7,ad962f8c44eb25673f008a43df01c67e4b67cd24eb64b1f7a160aa99a981ad1e,20.02633600000263,pyvrp,20.0,0.003479037755475047,cvrp50_38829.json,0
"[""accepted""]",not_selected,True,3.552713678800501e-15,cvrp_s7799_n20-50-100_x66667_cvrp50_38899,0.0,True,True,0.0,0.0,0.0,50,4,False,11.421408734323949,False,False,,False,11.421408734323945,4,4,1.5552869884271736e-16,11.421408734323947,True,9102,11.421408734323945,4012514369,7,53185ecd3240119d6a7894e05eef7d738f4d53704de37187e7e5245ef2323f6f,20.026556199998595,pyvrp,20.0,3.110573976854346e-16,cvrp50_38899.json,0
"[""accepted""]",not_selected,True,3.552713678800501e-15,cvrp_s7799_n20-50-100_x66667_cvrp50_39027,0.0,True,True,0.0,0.0,0.0,50,4,False,8.736495025533303,False,False,,False,8.7364950255333,4,4,4.066520576521056e-16,8.736495025533303,True,9101,8.7364950255333,3840069183,6,77d5faa0011d7ead4bfdaf4e87ae36ce7190c33a8d3678adb6823088b63d429e,20.026737899999716,pyvrp,20.0,4.0665205765210543e-16,cvrp50_39027.json,0
"[""accepted""]",not_selected,True,0.004914269827889228,cvrp_s7799_n20-50-100_x66667_cvrp50_39114,0.045714285714285714,True,True,0.0,0.0,0.0,50,4,False,11.772577812294584,False,False,,False,11.767663542466694,4,4,1.5095238175274146e-16,11.767663542466696,True,9102,11.767663542466694,3641249490,7,8a2535c0ebe084621549d7072cf7a05cd72041a3491b87318c557a8d8c098bba,20.029406099998596,pyvrp,20.0,0.0004174336246694463,cvrp50_39114.json,0
"[""accepted""]",not_selected,True,1.7763568394002505e-15,cvrp_s7799_n20-50-100_x66667_cvrp50_39161,0.0,True,True,0.0,0.0,0.0,50,4,False,9.356909503381267,False,False,,False,9.356909503381265,4,4,3.7968879334749066e-16,9.356909503381269,True,9103,9.356909503381265,1481648726,7,93ab1645b8389073e565e42da655dbe65e09642257f0dbd823d695ac7a0c2c89,20.025822399999015,pyvrp,20.0,1.898443966737453e-16,cvrp50_39161.json,0
"[""accepted""]",not_selected,True,0.04571174025474711,cvrp_s7799_n20-50-100_x66667_cvrp50_39169,0.14775510204081632,True,True,0.0,0.0,0.0,50,2,False,10.213668749822341,False,False,,False,10.167957009567594,4,4,0.004530866982621468,10.214026670262959,True,9103,10.167957009567594,2441777142,7,9a995c90c7e2d18de240937da9abb93ee981c50a4590072cc87fe64eb799b97a,20.026292799997464,pyvrp,20.0,0.00447554560211699,cvrp50_39169.json,0
"[""accepted""]",not_selected,True,0.023078138583478847,cvrp_s7799_n20-50-100_x66667_cvrp50_39205,0.019591836734693877,True,True,0.0,0.0,0.0,50,4,False,11.628744350051635,False,False,,False,11.605666211468156,4,4,3.0611889176080916e-16,11.60566621146816,True,9101,11.605666211468156,427846934,6,7d162cd79a81935845f06bc4610247805ca744754007a8265cb22471e47d4447,20.027722499999072,pyvrp,20.0,0.001984577000643786,cvrp50_39205.json,0
"[""accepted""]",not_selected,True,1.7763568394002505e-15,cvrp_s7799_n20-50-100_x66667_cvrp50_3925,0.0,True,True,0.0,0.0,0.0,50,4,False,9.863780415954817,False,False,,False,9.863780415954816,4,4,3.60177693438302e-16,9.86378041595482,True,9101,9.863780415954816,117390217,7,a6188202368f3570ec43ab8baf11a702441a780e6c8abadbdcc3a0a90b542d53,20.02810490000047,pyvrp,20.0,1.8008884671915098e-16,cvrp50_3925.json,0
"[""accepted""]",not_selected,True,0.04812198037487647,cvrp_s7799_n20-50-100_x66667_cvrp50_39495,0.11591836734693878,True,True,0.0,0.0,0.0,50,4,False,11.01797914793704,False,False,,False,10.969857167562164,4,4,4.8579215178469205e-16,10.96985716756217,True,9104,10.969857167562164,314284214,7,a36059ca9c52004c7738fd0980fed00d596094d90929d62c922e8797fbc49f9a,20.02805829999852,pyvrp,20.0,0.0043675868077756004,cvrp50_39495.json,0
"[""accepted""]",not_selected,True,0.013210956734869939,cvrp_s7799_n20-50-100_x66667_cvrp50_39656,0.05551020408163265,True,True,0.0,0.0,0.0,50,4,False,11.29985425352796,False,False,,False,11.28664329679309,4,4,3.147715033937455e-16,11.286643296793093,True,9102,11.28664329679309,3364053266,7,d2175e644236f6cfbfdb9333c6cbddb9c055682d564c8f195baa1edd120ca13c,20.026970599999913,pyvrp,20.0,0.0011691262947701568,cvrp50_39656.json,0
"[""accepted""]",not_selected,True,0.0,cvrp_s7799_n20-50-100_x66667_cvrp50_39747,0.0,True,True,0.0,0.0,0.0,50,4,False,9.189559569863523,False,False,,False,9.189559569863523,4,4,3.8660325903445483e-16,9.189559569863526,True,9103,9.189559569863523,1966506753,7,b39157c39cb6022c0d3970dec0e9ab00cc6776c3c3cfc49d0f87cdb9f0a2b1d6,20.03024739999819,pyvrp,20.0,0.0,cvrp50_39747.json,0
"[""accepted""]",not_selected,True,0.0,cvrp_s7799_n20-50-100_x66667_cvrp50_39788,0.0,True,True,0.0,0.0,0.0,50,4,False,10.609786155728091,False,False,,False,10.609786155728091,4,4,0.0,10.609786155728091,True,9101,10.609786155728091,822619462,7,f14300048556e976201082906516f73dfc1f884ff0a468ec3909170ef68f6771,20.028263699998206,pyvrp,20.0,0.0,cvrp50_39788.json,0
"[""accepted""]",not_selected,True,1.7763568394002505e-15,cvrp_s7799_n20-50-100_x66667_cvrp50_39922,0.0,True,True,0.0,0.0,0.0,50,4,False,8.47370052706952,False,False,,False,8.473700527069518,4,4,4.192635398727202e-16,8.473700527069521,True,9103,8.473700527069518,4081102518,6,ccd6dd7135713820d1733e6f80847fe819b06bbd15377e50162b180e58617cf3,20.036521499998344,pyvrp,20.0,2.0963176993636005e-16,cvrp50_39922.json,0
"[""accepted""]",not_selected,True,3.552713678800501e-15,cvrp_s7799_n20-50-100_x66667_cvrp50_40190,0.0,True,True,0.0,0.0,0.0,50,4,False,9.82276148790923,False,False,,False,9.822761487909226,4,4,5.425226424117362e-16,9.822761487909231,True,9103,9.822761487909226,824535056,7,5a270d887f99597b9682e7296a6800529518bebb860c4a22b6b58efb43ee29c6,20.02837880000152,pyvrp,20.0,3.6168176160782407e-16,cvrp50_40190.json,0
"[""accepted""]",stable_control,True,-2.697370035775748e-05,cvrp_s7799_n20-50-100_x66667_cvrp50_40290,0.0,True,True,0.0,0.0,0.0,50,4,False,11.324577099188799,False,True,11.630574026290006,True,11.324604072889157,4,4,3.714357648020962e-05,11.325024709186646,True,9104,11.324604072889157,4101978663,8,15a546ef379d0122f5f267f1ff9a115426c695144f5f65415d017c0c098c9c69,20.027289399997244,pyvrp,20.0,-2.3818726404970706e-06,cvrp50_40290.json,0
"[""accepted""]",stable_control,True,0.0008422923970581309,cvrp_s7799_n20-50-100_x66667_cvrp50_40449,0.0,True,True,0.0,0.0,0.0,50,4,False,10.688131593284675,False,True,11.097836857742925,True,10.687289300887617,4,4,7.881253827241514e-05,10.688131593284671,True,9103,10.687289300887617,3039342522,7,e7c3e0203f867a4ff8955b13c301ef29c4a14c43bc1e50977952cef32a59b142,20.107415599999513,pyvrp,20.0,7.880632734605746e-05,cvrp50_40449.json,0
"[""accepted""]",not_selected,True,5.329070518200751e-15,cvrp_s7799_n20-50-100_x66667_cvrp50_40505,0.0,True,True,0.0,0.0,0.0,50,4,False,9.635954017108533,False,False,,False,9.635954017108528,4,4,3.6869350689020494e-16,9.635954017108531,True,9101,9.635954017108528,3790822045,7,b8f362ce4020d3758215819e1a20d6f746ddcb45604bf780c43566e03b69b553,20.026396199999,pyvrp,20.0,5.530402603353071e-16,cvrp50_40505.json,0
"[""accepted""]",not_selected,True,1.7763568394002505e-15,cvrp_s7799_n20-50-100_x66667_cvrp50_40835,0.0,True,True,0.0,0.0,0.0,50,4,False,9.96986452056993,False,False,,False,9.969864520569928,4,4,3.5634523131889155e-16,9.969864520569931,True,9102,9.969864520569928,2335439415,8,917e70f95d84bc76ae454426dcb996ca2065bfa000da69ab01c7663697c04b6f,20.028433499999664,pyvrp,20.0,1.7817261565944575e-16,cvrp50_40835.json,0
"[""accepted""]",not_selected,True,0.16704624962935988,cvrp_s7799_n20-50-100_x66667_cvrp50_40865,0.15020408163265306,True,True,0.0,0.0,0.0,50,4,False,12.733756750600309,False,False,,False,12.566710500970949,4,4,2.82708325183906e-16,12.566710500970952,True,9101,12.566710500970949,1761980101,7,a7620c244313ef76dbdd3ef1b5293c5a35f451ecebe53313e98a2aa6f0db1d6d,20.026906700000836,pyvrp,20.0,0.013118379194850318,cvrp50_40865.json,0
"[""accepted""]",not_selected,True,-1.7763568394002505e-15,cvrp_s7799_n20-50-100_x66667_cvrp50_4135,0.0,True,True,0.0,0.0,0.0,50,4,False,9.69738464214639,False,False,,False,9.697384642146393,4,4,1.8317896061170123e-16,9.697384642146394,True,9102,9.697384642146393,3930722432,6,4599d67d0bdd6ae268a5aad00c54b08d332f792fc34ad621529ce0472e2afa1d,20.03339860000051,pyvrp,20.0,-1.8317896061170127e-16,cvrp50_4135.json,0
"[""accepted""]",stable_control,True,7.105427357601002e-15,cvrp_s7799_n20-50-100_x66667_cvrp50_41594,0.0,True,True,0.0,0.0,0.0,50,4,False,10.075874976260593,False,True,10.253798367104666,True,10.075874976260586,4,4,7.051920924328506e-16,10.075874976260593,True,9103,10.075874976260586,3095755219,7,66cd455dd9a3dba36eda4680937fa46015fd01ee0c10ddaa24d206cabebe21a4,20.027732700000342,pyvrp,20.0,7.051920924328501e-16,cvrp50_41594.json,0
"[""accepted""]",not_selected,True,0.019085202910231303,cvrp_s7799_n20-50-100_x66667_cvrp50_41681,0.026122448979591838,True,True,0.0,0.0,0.0,50,4,False,9.022132368989876,False,False,,False,9.003047166079645,4,4,1.9730617941144929e-16,9.003047166079647,True,9101,9.003047166079645,3246616831,6,4750be854fffa969341613fe1f061066ad5c567b6843a9122bff7e76611db5b4,20.033739599999535,pyvrp,20.0,0.002115376069611811,cvrp50_41681.json,0
"[""accepted""]",not_selected,True,3.552713678800501e-15,cvrp_s7799_n20-50-100_x66667_cvrp50_41836,0.0,True,True,0.0,0.0,0.0,50,4,False,11.33383728056869,False,False,,False,11.333837280568687,4,4,6.269215960761067e-16,11.333837280568694,True,9102,11.333837280568687,860886420,8,cd730723bfdb9410bc7f072e3ac3686fb7b1910e1b8208e74a3fd07a4b0845a1,20.026700400001573,pyvrp,20.0,3.1346079803805325e-16,cvrp50_41836.json,0
"[""accepted""]",not_selected,True,0.023945864920650095,cvrp_s7799_n20-50-100_x66667_cvrp50_42029,0.02122448979591837,True,True,0.0,0.0,0.0,50,4,False,11.438189995362205,False,False,,False,11.414244130441555,4,4,3.11252645221201e-16,11.414244130441558,True,9102,11.414244130441555,2895642417,7,d9070f940e1dd613f1086f6e3347fe8895fda70ffff19c0111f6901bb45dd974,20.023677999997744,pyvrp,20.0,0.00209350123842665,cvrp50_42029.json,0
"[""accepted""]",not_selected,True,1.7763568394002505e-15,cvrp_s7799_n20-50-100_x66667_cvrp50_42031,0.0,True,True,0.0,0.0,0.0,50,4,False,12.46245621726797,False,False,,False,12.462456217267968,4,4,2.8507331274535306e-16,12.462456217267972,True,9103,12.462456217267968,2347793701,7,03c2d47b4d9659fa68035bffc0739c0818c552b62fedad6a8e119513d9f28127,20.034090100001777,pyvrp,20.0,1.425366563726765e-16,cvrp50_42031.json,0
"[""accepted""]",not_selected,True,0.0,cvrp_s7799_n20-50-100_x66667_cvrp50_42164,0.0,True,True,0.0,0.0,0.0,50,4,False,8.833263626708554,False,False,,False,8.833263626708554,4,4,4.0219717523865086e-16,8.833263626708558,True,9101,8.833263626708554,1588137227,7,43f1e0e1042efa40177f8681a54b8bdfb4aa2f1927f85be4bfc52cf355ac20a2,20.02812140000242,pyvrp,20.0,0.0,cvrp50_42164.json,0
"[""accepted""]",not_selected,True,1.7763568394002505e-15,cvrp_s7799_n20-50-100_x66667_cvrp50_42227,0.0,True,True,0.0,0.0,0.0,50,4,False,8.399526268091993,False,False,,False,8.399526268091991,4,4,0.0,8.399526268091991,True,9101,8.399526268091991,3823336829,6,71cc35537230402503ef943480771f57d8e854570c7a881ab046be384e2acfc4,20.02824200000032,pyvrp,20.0,2.1148297924232357e-16,cvrp50_42227.json,0
"[""accepted""]",not_selected,True,0.011260098872702073,cvrp_s7799_n20-50-100_x66667_cvrp50_42254,0.05959183673469388,True,True,0.0,0.0,0.0,50,4,False,10.602304507352034,False,False,,False,10.591044408479332,4,4,3.354450743267728e-16,10.591044408479336,True,9101,10.591044408479332,3467019688,7,f456f6d1821895fac41c5ca7702adb7e3024589a250e4b33ef31871eb6d3ab80,20.02671829999963,pyvrp,20.0,0.00106204258375091,cvrp50_42254.json,0
"[""accepted""]",not_selected,True,0.02598587937409924,cvrp_s7799_n20-50-100_x66667_cvrp50_42715,0.07428571428571429,True,True,0.0,0.0,0.0,50,4,False,10.014009967960574,False,False,,False,9.988024088586474,4,4,5.202369680098286e-05,9.9885437025233,True,9103,9.988024088586474,3655063566,6,440230913f496c149cec79e1133642affbcad5c75923b2f58fd52dd7a66b5cb6,20.029749900000752,pyvrp,20.0,0.0025949524173872435,cvrp50_42715.json,0
"[""accepted""]",not_selected,True,1.7763568394002505e-15,cvrp_s7799_n20-50-100_x66667_cvrp50_42722,0.0,True,True,0.0,0.0,0.0,50,4,False,10.026882783361268,False,False,,False,10.026882783361266,4,4,1.7715943008209481e-16,10.026882783361268,True,9101,10.026882783361266,722849119,7,fe0b9a0bf5170c3ee1be6b5f631144482cec7eb372de07a4d68594a4b7531b87,20.025904800000717,pyvrp,20.0,1.771594300820948e-16,cvrp50_42722.json,0
"[""accepted""]",not_selected,True,3.552713678800501e-15,cvrp_s7799_n20-50-100_x66667_cvrp50_43120,0.0,True,True,0.0,0.0,0.0,50,4,False,8.898588861758025,False,False,,False,8.898588861758022,4,4,5.988669215972667e-16,8.898588861758027,True,9103,8.898588861758022,3932472633,7,f661094475beb0768a7c3f85dd5682a830526624f6623873831b75d909348f4a,20.076396399999794,pyvrp,20.0,3.9924461439817763e-16,cvrp50_43120.json,0
"[""accepted""]",not_selected,True,-1.7763568394002505e-15,cvrp_s7799_n20-50-100_x66667_cvrp50_43180,0.0,True,True,0.0,0.0,0.0,50,4,False,10.99496548099307,False,False,,False,10.994965480993072,4,4,0.0,10.994965480993072,True,9101,10.994965480993072,3703762093,7,c2cbf576a5a627a706855e1732fefdd380eddca66a310673a79f75bc1d78e8ba,20.02517909999733,pyvrp,20.0,-1.6156092917899813e-16,cvrp50_43180.json,0
"[""accepted""]",not_selected,True,3.552713678800501e-15,cvrp_s7799_n20-50-100_x66667_cvrp50_43278,0.0,True,True,0.0,0.0,0.0,50,4,False,9.857728353078421,False,False,,False,9.857728353078418,4,4,3.6039882126504763e-16,9.857728353078421,True,9103,9.857728353078418,632484111,6,037b4959cb5065ed261e2e06b31850ceac7bd9deb44112010823571330de2b49,20.026251700001012,pyvrp,20.0,3.603988212650475e-16,cvrp50_43278.json,0
"[""accepted""]",not_selected,True,3.552713678800501e-15,cvrp_s7799_n20-50-100_x66667_cvrp50_43696,0.0,True,True,0.0,0.0,0.0,50,4,False,8.630238940320162,False,False,,False,8.630238940320158,4,4,4.116587852744556e-16,8.630238940320162,True,9101,8.630238940320158,3009890058,6,3abd2f452802e92223d8b805e1da9502337c68f0d9ece131b437f06dd668fc9b,20.029199000000517,pyvrp,20.0,4.116587852744554e-16,cvrp50_43696.json,0
"[""accepted""]",not_selected,True,0.0,cvrp_s7799_n20-50-100_x66667_cvrp50_43698,0.0,True,True,0.0,0.0,0.0,50,4,False,11.660903908801595,False,False,,False,11.660903908801595,4,4,3.04668806688213e-16,11.660903908801599,True,9101,11.660903908801595,3387456716,7,28c7e47b90be0026e1807255891aa1c684fd267b8d85c48eb282bda5f8a94b55,20.028838900001574,pyvrp,20.0,0.0,cvrp50_43698.json,0
"[""accepted""]",not_selected,True,0.0,cvrp_s7799_n20-50-100_x66667_cvrp50_43831,0.0,True,True,0.0,0.0,0.0,50,4,False,9.034456442518378,False,False,,False,9.034456442518378,4,4,1.9662022288803978e-16,9.03445644251838,True,9103,9.034456442518378,3657618337,7,85774ee9d5402ced26ba7e33c378488692d6dd57131b05bc49c13ff338176502,20.025832700001047,pyvrp,20.0,0.0,cvrp50_43831.json,0
"[""accepted""]",not_selected,True,0.0,cvrp_s7799_n20-50-100_x66667_cvrp50_43943,0.0,True,True,0.0,0.0,0.0,50,4,False,9.069292456634685,False,False,,False,9.069292456634685,4,4,1.9586498592850517e-16,9.069292456634686,True,9103,9.069292456634685,284150905,7,72ad965966e11e8373a11cb124f5bbdfe969ce59a61f2a2881368a4f2b11a626,20.028059600001143,pyvrp,20.0,0.0,cvrp50_43943.json,0
"[""accepted""]",not_selected,True,0.02727174218918016,cvrp_s7799_n20-50-100_x66667_cvrp50_44120,0.037551020408163265,True,True,0.28,0.022857142857142857,0.011428571428571429,50,4,False,10.522706563006462,False,False,,False,10.495434820817282,4,4,5.3454046982721e-05,10.495995844283298,True,9104,10.495434820817282,1439814955,7,a36977a24533713fca39ff081c70d30fc670eb3cb88f299e5a04ae8af394b566,20.02762160000202,pyvrp,20.0,0.0025917041424548,cvrp50_44120.json,0
"[""accepted""]",not_selected,True,0.17338485801797354,cvrp_s7799_n20-50-100_x66667_cvrp50_44238,0.11428571428571428,True,True,0.0,0.0,0.0,50,4,False,13.37989259082702,False,False,,False,13.206507732809046,4,4,4.0351852480740944e-16,13.206507732809051,True,9101,13.206507732809046,1140576860,7,5f6b2af5e7904131cb291f4c3af6c9a0746f482d28bb2af900a365750edeaf51,20.023860599998443,pyvrp,20.0,0.012958613594315598,cvrp50_44238.json,0
"[""accepted""]",stable_control,True,0.0,cvrp_s7799_n20-50-100_x66667_cvrp50_44471,0.0,True,True,0.0,0.0,0.0,50,4,False,9.140629637418195,False,True,9.292141176579563,True,9.140629637418195,4,4,3.8867275228580184e-16,9.140629637418199,True,9101,9.140629637418195,3237559174,7,3e8e1d79fa32513856678dcab3eece0748a910a39480b5432012c1429bca8da8,20.026081500000146,pyvrp,20.0,0.0,cvrp50_44471.json,0
"[""pyvrp_cost_not_converged"", ""route_membership_ambiguous""]",unstable_cost,False,0.06826345633564124,cvrp_s7799_n20-50-100_x66667_cvrp50_4454,0.026122448979591838,False,False,0.0,0.0,0.0,50,1,True,10.113871036678413,False,True,10.415235635342903,True,10.045607580342772,4,4,0.005471496594743526,10.100572088010747,False,9101,10.045607580342772,3499544050,6,0f4117bb7899e98ac08445ce3982023c7a7184c298011e7bff2c4f3bc78ec3c4,20.025642100001278,pyvrp,20.0,0.006749488508216163,cvrp50_4454.json,0
"[""accepted""]",not_selected,True,0.016430961485776052,cvrp_s7799_n20-50-100_x66667_cvrp50_44643,0.09306122448979592,True,True,0.3,0.012244897959183673,0.008163265306122448,50,4,False,10.247588488420323,False,False,,False,10.231157526934547,4,4,0.00012245261567868333,10.232410358935141,True,9102,10.231157526934547,1048492395,7,5c4060d8aa262e3f6bd9693ed70e8f3e4e3fe0daae056c3625f30cea4ee2ee2e,20.017681000001176,pyvrp,20.0,0.001603397863247815,cvrp50_44643.json,0
"[""accepted""]",not_selected,True,0.01826523269236091,cvrp_s7799_n20-50-100_x66667_cvrp50_44867,0.061224489795918366,True,True,0.0,0.0,0.0,50,4,False,9.869604840101214,False,False,,False,9.851339607408853,4,4,1.548735859312539e-05,9.851492178637976,True,9101,9.851339607408853,3106170166,8,1d447a6d420da6003b943f5206d72c5e09e82ad6cf67e18de0e02e60b9ec4a48,20.02720390000104,pyvrp,20.0,0.0018506549135733786,cvrp50_44867.json,1
"[""accepted""]",not_selected,True,0.00017251164077869419,cvrp_s7799_n20-50-100_x66667_cvrp50_44881,0.0,True,True,0.0,0.0,0.0,50,4,False,9.39963834301486,False,False,,False,9.399465831374082,4,4,1.8353345165942817e-05,9.39963834301486,True,9104,9.399465831374082,3975822329,7,a17a8b757794704138662883d4155498c3439209c42bdb5dd5f16d8f1781dff1,20.025430500001676,pyvrp,20.0,1.8353008326846162e-05,cvrp50_44881.json,0
"[""accepted""]",not_selected,True,0.0010648882021584427,cvrp_s7799_n20-50-100_x66667_cvrp50_44953,0.0,True,True,0.0,0.0,0.0,50,4,False,10.01311880928851,False,False,,False,10.012053921086352,4,4,1.7742182107699915e-16,10.012053921086354,True,9102,10.012053921086352,3856217810,7,382d51520e4f460bc1936d377ea9d06c7853c0c230caefc55487185288e5c7b9,20.021250199999486,pyvrp,20.0,0.00010634930259397462,cvrp50_44953.json,0
"[""accepted""]",not_selected,True,0.0,cvrp_s7799_n20-50-100_x66667_cvrp50_45162,0.0,True,True,0.0,0.0,0.0,50,4,False,9.176545563170633,False,False,,False,9.176545563170633,4,4,1.9357576630246608e-16,9.176545563170635,True,9101,9.176545563170633,802841331,7,2383a92d7378227e9d7e1f2243f05aa86bdcf14b29b03ef01b5595aebb74e951,20.026024300001154,pyvrp,20.0,0.0,cvrp50_45162.json,0
"[""accepted""]",not_selected,True,0.03000520664066819,cvrp_s7799_n20-50-100_x66667_cvrp50_4529,0.08326530612244898,True,True,0.0,0.0,0.0,50,4,False,10.689842541337411,False,False,,False,10.659837334696743,4,4,4.999204350759782e-16,10.659837334696748,True,9104,10.659837334696743,2555264046,6,96fc17ba66635059458cbf463f9e26a54f2d264c82853611816f94addcfc24f5,20.037347099998442,pyvrp,20.0,0.0028068894864109223,cvrp50_4529.json,0
"[""accepted""]",not_selected,True,0.04105885942316512,cvrp_s7799_n20-50-100_x66667_cvrp50_45422,0.05877551020408163,True,True,0.0,0.0,0.0,50,4,False,10.43504101899319,False,False,,False,10.393982159570024,4,4,1.709024329779814e-16,10.393982159570026,True,9102,10.393982159570024,1537669447,6,8725ace62c8855fb0177b24e75f66360dfd66bf04d6634f8f0ad51c9e485f374,20.026491000000533,pyvrp,20.0,0.003934709920970356,cvrp50_45422.json,0
"[""accepted""]",not_selected,True,0.05068654001803807,cvrp_s7799_n20-50-100_x66667_cvrp50_4547,0.10204081632653061,True,True,0.0,0.0,0.0,50,4,False,9.247049145450987,False,False,,False,9.196362605432949,4,4,5.794759022499274e-16,9.196362605432954,True,9104,9.196362605432949,3106921815,7,b76f943dceff506f37d144a16fd2a6e75d5ec6875aefcdbe4cd78cffbc4660e3,20.029685900000914,pyvrp,20.0,0.00548137456833707,cvrp50_4547.json,0
"[""accepted""]",not_selected,True,0.005314390674948655,cvrp_s7799_n20-50-100_x66667_cvrp50_45487,0.04897959183673469,True,True,0.0,0.0,0.0,50,4,False,12.26035189119054,False,False,,False,12.255037500515591,4,4,1.4494911495175073e-16,12.255037500515593,True,9102,12.255037500515591,2308130287,6,1ea39dce942a1a39b85cd1cdc9ad5506019e3361a41591e13d10995f762e7ea4,20.02409059999991,pyvrp,20.0,0.0004334615125335201,cvrp50_45487.json,0
"[""accepted""]",not_selected,True,0.018370551103382482,cvrp_s7799_n20-50-100_x66667_cvrp50_45565,0.060408163265306125,True,True,0.0,0.0,0.0,50,4,False,8.77361797525513,False,False,,False,8.755247424151747,4,4,2.0289053562325258e-16,8.755247424151749,True,9104,8.755247424151747,4092492947,7,babbf4d9fe186e24b3adffac2d0ce522e955aed76718da2625a0ed1b26001e61,20.027036499999667,pyvrp,20.0,0.002093839868021867,cvrp50_45565.json,0
"[""accepted""]",not_selected,True,0.03568234132604253,cvrp_s7799_n20-50-100_x66667_cvrp50_4573,0.02122448979591837,True,True,0.0,0.0,0.0,50,4,False,11.765193350455185,False,False,,False,11.729511009129142,4,4,1.5144338395843631e-16,11.729511009129144,True,9102,11.729511009129142,4025437564,7,8003c262cda495d327d3c48b319ddc78bf818562a70f6932ac3d1b6476d0ab28,20.030595399999584,pyvrp,20.0,0.0030328733462473877,cvrp50_4573.json,0
"[""accepted""]",not_selected,True,3.552713678800501e-15,cvrp_s7799_n20-50-100_x66667_cvrp50_45770,0.0,True,True,0.0,0.0,0.0,50,4,False,8.899219850524847,False,False,,False,8.899219850524844,4,4,3.992163064261161e-16,8.899219850524847,True,9103,8.899219850524844,835718916,6,792781bc5cdf6f47a3b99b66bcf991faed55168b28635668aa8f7a0199668c97,20.02068320000035,pyvrp,20.0,3.992163064261159e-16,cvrp50_45770.json,0
"[""accepted""]",stable_control,True,1.7763568394002505e-15,cvrp_s7799_n20-50-100_x66667_cvrp50_46144,0.0,True,True,0.0,0.0,0.0,50,4,False,8.895417177413195,False,True,9.129518237200527,True,8.895417177413194,4,4,0.0,8.895417177413194,True,9101,8.895417177413194,3685473146,7,cf30fefdc016f3456d6055708a127d411c022e4f4090c0f51b702800987d69ac,20.025564100000338,pyvrp,20.0,1.9969348305672366e-16,cvrp50_46144.json,0
"[""accepted""]",not_selected,True,0.013356268674810323,cvrp_s7799_n20-50-100_x66667_cvrp50_46273,0.022857142857142857,True,True,0.0,0.0,0.0,50,4,False,11.170253920361938,False,False,,False,11.156897651687128,4,4,6.500788220905221e-05,11.157622937975487,True,9102,11.156897651687128,645685012,7,84c599c043a51536f1e079e716975b64e6a4aa759894bd76eee235d63a314077,20.023415999999997,pyvrp,20.0,0.0011956996474774455,cvrp50_46273.json,0
"[""accepted""]",not_selected,True,0.05313714830541727,cvrp_s7799_n20-50-100_x66667_cvrp50_46538,0.07183673469387755,True,True,0.0,0.0,0.0,50,4,False,10.697357508431509,False,False,,False,10.644220360126091,4,4,1.668846359151482e-16,10.644220360126093,True,9101,10.644220360126091,3524249997,7,13eebf980b0a91ded537362cc2e61f084f325fc22b056409c7f1a8f3c8c6a1fc,20.02463319999879,pyvrp,20.0,0.004967315363961175,cvrp50_46538.json,0
"[""accepted""]",not_selected,True,0.0,cvrp_s7799_n20-50-100_x66667_cvrp50_46572,0.0,True,True,0.0,0.0,0.0,50,4,False,8.546809384638472,False,False,,False,8.546809384638472,4,4,4.1567718652833625e-16,8.546809384638475,True,9102,8.546809384638472,1779732723,6,fbef727ee70c2de90afa5000cae89575eee111cde8c93d9d1bd9fbf6f62e0980,20.026372899999842,pyvrp,20.0,0.0,cvrp50_46572.json,0
"[""accepted""]",stable_control,True,0.0,cvrp_s7799_n20-50-100_x66667_cvrp50_4660,0.0,True,True,0.32,0.013061224489795919,0.0065306122448979586,50,4,False,10.56505628190899,False,True,11.03059476332876,True,10.56505628190899,4,4,7.294286174396742e-05,10.56582692734868,True,9101,10.56505628190899,4178589698,6,55a30301fa3ca58862bd1ed8b776a816088d11f1feb27f801ba8ef8b0622b38b,20.026711999998952,pyvrp,20.0,0.0,cvrp50_4660.json,0
"[""accepted""]",not_selected,True,0.009604737668905017,cvrp_s7799_n20-50-100_x66667_cvrp50_46879,0.053061224489795916,True,True,0.0,0.0,0.0,50,4,False,10.963274686901135,False,False,,False,10.95366994923223,4,4,3.2434003354734267e-16,10.953669949232234,True,9103,10.95366994923223,3669826458,6,c22452132294670bd69196c9e8d2534c7da9a72cbf7b474580bee89d4128bb32,20.027032999998482,pyvrp,20.0,0.0008760829171215338,cvrp50_46879.json,0
"[""accepted""]",not_selected,True,0.13725611849185348,cvrp_s7799_n20-50-100_x66667_cvrp50_47008,0.10448979591836735,True,True,0.0,0.0,0.0,50,4,False,12.68178892377318,False,False,,False,12.544532805281326,4,4,2.8320813010308254e-16,12.54453280528133,True,9102,12.544532805281326,1244895892,8,d043a94d622eb92e88f54894bd31394664a8ac3f235eac7108126d6a11b7c860,20.02661629999784,pyvrp,20.0,0.01082308807667933,cvrp50_47008.json,1
"[""accepted""]",not_selected,True,3.552713678800501e-15,cvrp_s7799_n20-50-100_x66667_cvrp50_47018,0.0,True,True,0.0,0.0,0.0,50,4,False,9.717519444434444,False,False,,False,9.71751944443444,4,4,3.655988237651804e-16,9.717519444434444,True,9102,9.71751944443444,1710898475,7,75839138e2c73abf568e03b1b374761219b4f03d3ea70db596599325136e2a66,20.02836920000118,pyvrp,20.0,3.655988237651803e-16,cvrp50_47018.json,0
"[""accepted""]",not_selected,True,0.03681920657709625,cvrp_s7799_n20-50-100_x66667_cvrp50_47143,0.04244897959183674,True,True,0.0,0.0,0.0,50,4,False,9.881618881514527,False,False,,False,9.84479967493743,4,4,9.021802870821443e-16,9.84479967493744,True,9101,9.84479967493743,97493143,7,29f858783ed1c4cded0d14dcd9690e179500b7b854b0411c36d32441928005ec,20.02632470000026,pyvrp,20.0,0.0037260298154155364,cvrp50_47143.json,0
"[""accepted""]",not_selected,True,5.329070518200751e-15,cvrp_s7799_n20-50-100_x66667_cvrp50_47321,0.0,True,True,0.0,0.0,0.0,50,4,False,8.775587062913209,False,False,,False,8.775587062913203,4,4,6.072608567376775e-16,8.775587062913209,True,9101,8.775587062913203,87544226,7,912d91ee7458799d97dabe05ae3064eea7c28d57aaedb657224f15a5f2ddf4cf,20.025951600000553,pyvrp,20.0,6.072608567376772e-16,cvrp50_47321.json,0
"[""accepted""]",not_selected,True,5.329070518200751e-15,cvrp_s7799_n20-50-100_x66667_cvrp50_47373,0.0,True,True,0.0,0.0,0.0,50,4,False,11.121645488288987,False,False,,False,11.121645488288982,4,4,4.791620559936232e-16,11.121645488288987,True,9104,11.121645488288982,2359949825,7,5a043d636f2a0349b43290d68d293bb66b546baac28b55f69c0b7ced27ebf032,20.02520580000055,pyvrp,20.0,4.79162055993623e-16,cvrp50_47373.json,0
"[""accepted""]",not_selected,True,0.07003653864925319,cvrp_s7799_n20-50-100_x66667_cvrp50_47390,0.044897959183673466,True,True,0.0,0.0,0.0,50,4,False,12.757445605695102,False,False,,False,12.687409067045849,4,4,2.800188486101772e-16,12.687409067045852,True,9101,12.687409067045849,389628304,8,74800e478bc5a3eab148cd0bf2c7d681f40bc4f942c4f6f0a1579bb9cb8e668f,20.026776300001075,pyvrp,20.0,0.005489855948747914,cvrp50_47390.json,0
"[""accepted""]",not_selected,True,0.07064548966950568,cvrp_s7799_n20-50-100_x66667_cvrp50_47430,0.036734693877551024,True,True,0.0,0.0,0.0,50,4,False,11.975680096267988,False,False,,False,11.905034606598482,4,4,2.3487699917640675e-05,11.905314228478831,True,9103,11.905034606598482,277697047,7,90a2c0c71f6fdc4ae45612568d9a5daee3018b797c036a5561b8a9533c0f9f21,20.0260715000004,pyvrp,20.0,0.005899079559708773,cvrp50_47430.json,0
"[""accepted""]",not_selected,True,0.06090145164647787,cvrp_s7799_n20-50-100_x66667_cvrp50_47730,0.05061224489795919,True,True,0.0,0.0,0.0,50,4,False,11.854655820457749,False,False,,False,11.793754368811271,4,4,7.530921807638491e-16,11.79375436881128,True,9103,11.793754368811271,2637532726,8,9b2407bb7bf9a13343ad29dcf3fee962cea3abf49ea785d1c8ccf38d64b94951,20.02780409999832,pyvrp,20.0,0.005137344564772548,cvrp50_47730.json,0
"[""accepted""]",not_selected,True,0.0003646498894678274,cvrp_s7799_n20-50-100_x66667_cvrp50_47887,0.0,True,True,0.0,0.0,0.0,50,4,False,9.922261880731577,False,False,,False,9.92189723084211,4,4,3.6752032497987736e-05,9.922261880731579,True,9101,9.92189723084211,2390210703,7,aa6d150032cafb6c8b881038779b1ca149e3f42fba9dc64a79613bf0c04e88ee,20.025042199999007,pyvrp,20.0,3.6750681835555564e-05,cvrp50_47887.json,0
"[""route_membership_ambiguous""]",unstable_matrix,True,0.009892936766961569,cvrp_s7799_n20-50-100_x66667_cvrp50_4803,0.1273469387755102,False,False,0.28,0.1273469387755102,0.0636734693877551,50,4,True,14.05754101222258,False,True,14.419242781937664,True,14.04764807545562,4,4,0.0007042415010556083,14.057541012222579,True,9103,14.04764807545562,2582447312,7,e8f388e62fa4e4c4ff2e0a36e7817be22371361939a9f2c64b8eff2a6c84933a,20.026526899997407,pyvrp,20.0,0.0007037458939909887,cvrp50_4803.json,0
"[""accepted""]",not_selected,True,0.0,cvrp_s7799_n20-50-100_x66667_cvrp50_48123,0.0,True,True,0.0,0.0,0.0,50,4,False,8.878035295523611,False,False,,False,8.878035295523611,4,4,4.001689068066459e-16,8.878035295523615,True,9102,8.878035295523611,808945077,7,04df82ea471626ccb8914da7f3effc21855c26d12fdd5466c975e68f1e5d61b4,20.02653030000147,pyvrp,20.0,0.0,cvrp50_48123.json,0
"[""accepted""]",not_selected,True,0.0167167966481383,cvrp_s7799_n20-50-100_x66667_cvrp50_48171,0.07510204081632653,True,True,0.0,0.0,0.0,50,3,False,9.553165886365392,False,False,,False,9.536449089717253,4,4,0.002161583337843673,9.55706291917178,True,9104,9.536449089717253,3261759355,7,49fa49123f3f8be120d44f1621cc094abed1648d283927362725713503ce35d1,20.0239696000026,pyvrp,20.0,0.0017498698177111202,cvrp50_48171.json,0
"[""accepted""]",not_selected,True,0.013631005558524478,cvrp_s7799_n20-50-100_x66667_cvrp50_48243,0.10448979591836735,True,True,0.0,0.0,0.0,50,4,False,9.531156472168538,False,False,,False,9.517525466610014,4,4,5.599218554125791e-16,9.517525466610019,True,9101,9.517525466610014,3705453339,6,d8bbb3a69e2c90ff8c252bdd22e99ba49a89f965357ef49e92be8715a9f90d57,20.025977099998272,pyvrp,20.0,0.0014301523218433888,cvrp50_48243.json,0
"[""route_membership_ambiguous""]",unstable_matrix,True,0.10331018329591934,cvrp_s7799_n20-50-100_x66667_cvrp50_48370,0.06857142857142857,False,False,0.32,0.060408163265306125,0.030204081632653063,50,4,True,14.040624074605729,False,True,14.476552091556123,True,13.93731389130981,4,4,0.0007811145608457355,13.94820053012939,True,9102,13.93731389130981,2633035526,7,fad1a5228719d734b39362a19bfa8fa357237452e5dd4d2eb3253309c7fdf025,20.022529400001076,pyvrp,20.0,0.00735794810451261,cvrp50_48370.json,0
"[""accepted""]",stable_control,True,0.022053647785078567,cvrp_s7799_n20-50-100_x66667_cvrp50_4842,0.11510204081632654,True,True,0.0,0.0,0.0,50,4,False,11.505776475525868,False,True,11.956677196855207,True,11.48372282774079,4,4,3.093695077887413e-16,11.483722827740793,True,9102,11.48372282774079,1354485763,6,b2539d40460f92bd4bb9675d3a97bbaaa7d30f9e5085c1df32859c7a92fa064f,20.03134829999908,pyvrp,20.0,0.0019167457174219622,cvrp50_4842.json,0
"[""accepted""]",stable_control,True,-3.552713678800501e-15,cvrp_s7799_n20-50-100_x66667_cvrp50_48693,0.0,True,True,0.0,0.0,0.0,50,4,False,11.037161904633678,False,True,11.07268505934365,True,11.037161904633681,4,4,1.6094326193171914e-16,11.037161904633683,True,9101,11.037161904633681,1083135101,7,a24fa934258ae742d92a44bbe4a6af614d9007ed10c054c1976b9402c7e8ccc1,20.025237599998945,pyvrp,20.0,-3.2188652386343837e-16,cvrp50_48693.json,0
"[""accepted""]",not_selected,True,0.0,cvrp_s7799_n20-50-100_x66667_cvrp50_48811,0.0,True,True,0.0,0.0,0.0,50,4,False,11.81507051723688,False,False,,False,11.81507051723688,4,4,3.0069339608405087e-16,11.815070517236883,True,9101,11.81507051723688,1856319059,6,5b7f4772ecad12b5fcf4a6b6f167542a00a95e3212264738a41258adedc56aa6,20.022044900000765,pyvrp,20.0,0.0,cvrp50_48811.json,0
"[""accepted""]",not_selected,True,0.042728281353399566,cvrp_s7799_n20-50-100_x66667_cvrp50_48979,0.0963265306122449,True,True,0.0,0.0,0.0,50,4,False,9.549311998660265,False,False,,False,9.506583717306865,4,4,5.605663061167921e-16,9.50658371730687,True,9101,9.506583717306865,3114317821,6,f227067327a9dcca8df78c20b48b28a5b3080dd86bc244f89a35b6f388ada2a9,20.027421999999206,pyvrp,20.0,0.004474487937915757,cvrp50_48979.json,0
"[""accepted""]",not_selected,True,0.00047594812989082413,cvrp_s7799_n20-50-100_x66667_cvrp50_49120,0.0,True,True,0.0,0.0,0.0,50,4,False,8.863641719055401,False,False,,False,8.86316577092551,4,4,5.369956313529239e-05,8.863641719055405,True,9103,8.86316577092551,3819452796,6,5991beaf39e32d70c4c3378ef46e7ca2c3ab224aa5e8710c6c518681a465e43d,20.026903400001174,pyvrp,20.0,5.369667964665273e-05,cvrp50_49120.json,0
"[""accepted""]",not_selected,True,0.02105943900833651,cvrp_s7799_n20-50-100_x66667_cvrp50_49348,0.03428571428571429,True,True,0.0,0.0,0.0,50,4,False,10.32325960637973,False,False,,False,10.302200167371394,4,4,4.139943156332863e-05,10.302626672602175,True,9101,10.302200167371394,4068349006,6,99ff6358aafa335e799269d88852f59fe6d5bd356ed12dfbc3dbd8b7bc707396,20.026152600003115,pyvrp,20.0,0.0020399989742892707,cvrp50_49348.json,0
"[""accepted""]",stable_control,True,0.1630304641606397,cvrp_s7799_n20-50-100_x66667_cvrp50_49404,0.12897959183673469,True,True,0.0,0.0,0.0,50,4,False,13.201679680746466,False,True,13.477222712899527,True,13.038649216585826,4,4,4.0871338968318145e-16,13.038649216585831,True,9104,13.038649216585826,3963730295,7,d00550fc54661d6db65441fe6a2aacea9b81b07257b8fac075732d313cc33958,20.027054999998654,pyvrp,20.0,0.012349221319042142,cvrp50_49404.json,0
"[""accepted""]",not_selected,True,1.7763568394002505e-15,cvrp_s7799_n20-50-100_x66667_cvrp50_49407,0.0,True,True,0.0,0.0,0.0,50,4,False,9.077691740699636,False,False,,False,9.077691740699635,4,4,3.913675172370071e-16,9.077691740699638,True,9102,9.077691740699635,2409528561,7,d79bc613434d190bc5c9357178dcad14622035c4f52b602444df5ad1032a2c40,20.02914900000178,pyvrp,20.0,1.956837586185035e-16,cvrp50_49407.json,0
"[""accepted""]",not_selected,True,3.552713678800501e-15,cvrp_s7799_n20-50-100_x66667_cvrp50_49677,0.0,True,True,0.0,0.0,0.0,50,4,False,12.01041756679717,False,False,,False,12.010417566797166,4,4,4.4370401683060395e-16,12.010417566797171,True,9104,12.010417566797166,378180513,8,3ada825bf5454eb33c4717a5a1e0e0dba18ccf5579abaccd58f918af9a662159,20.029058399999485,pyvrp,20.0,2.9580267788706925e-16,cvrp50_49677.json,0
"[""accepted""]",not_selected,True,0.06290392044257054,cvrp_s7799_n20-50-100_x66667_cvrp50_49780,0.08408163265306122,True,True,0.0,0.0,0.0,50,4,False,10.81707898727054,False,False,,False,10.754175066827969,4,4,6.607133800079381e-16,10.754175066827976,True,9104,10.754175066827969,3463194290,6,26a6677b76b1cfedfe03be42b8eb06db5720c2f93a64a8eb699475530e308598,20.079026100000192,pyvrp,20.0,0.005815240927481016,cvrp50_49780.json,0
"[""accepted""]",stable_control,True,5.329070518200751e-15,cvrp_s7799_n20-50-100_x66667_cvrp50_49892,0.0,True,True,0.0,0.0,0.0,50,4,False,11.762029202685264,False,True,11.976332007159112,True,11.762029202685259,4,4,3.020493843009181e-16,11.762029202685262,True,9103,11.762029202685259,1858882969,7,c3bec5971a885c17de591419788e59ef5cd0d9cdd11ccfc0300289e80be34263,20.079791000000114,pyvrp,20.0,4.530740764513769e-16,cvrp50_49892.json,0
"[""accepted""]",not_selected,True,-1.7763568394002505e-15,cvrp_s7799_n20-50-100_x66667_cvrp50_49914,0.0,True,True,0.0,0.0,0.0,50,4,False,9.543120987774602,False,False,,False,9.543120987774603,4,4,1.8614003130379319e-16,9.543120987774605,True,9102,9.543120987774603,646251753,6,dac1e2928b35fb6f9e2455799cf00882ab4cf5deb972be1d2c90d67476660c47,20.027159200002643,pyvrp,20.0,-1.861400313037932e-16,cvrp50_49914.json,0
"[""accepted""]",not_selected,True,1.7763568394002505e-15,cvrp_s7799_n20-50-100_x66667_cvrp50_50125,0.0,True,True,0.0,0.0,0.0,50,4,False,10.846855607534705,False,False,,False,10.846855607534703,4,4,1.6376698498376938e-16,10.846855607534705,True,9103,10.846855607534703,1052220658,7,6de69f964bab6cd80246263d58b9f9515a4ccda27483a2fd1e6dd0b2edd8b498,20.026955100001942,pyvrp,20.0,1.6376698498376936e-16,cvrp50_50125.json,0
"[""accepted""]",stable_control,True,1.7763568394002505e-15,cvrp_s7799_n20-50-100_x66667_cvrp50_50195,0.0,True,True,0.0,0.0,0.0,50,4,False,9.743502121887854,False,True,10.016918407633018,True,9.743502121887852,4,4,7.292477867520893e-16,9.74350212188786,True,9104,9.743502121887852,651125204,7,99740d8aa83f8c01e9809b692f856405046ad6d69fe74ab88258261491f542c7,20.027681499999744,pyvrp,20.0,1.8231194668802228e-16,cvrp50_50195.json,0
"[""accepted""]",not_selected,True,0.0,cvrp_s7799_n20-50-100_x66667_cvrp50_50375,0.0,True,True,0.0,0.0,0.0,50,3,False,9.714763702150067,False,False,,False,9.714763702150067,4,4,0.002180401057815287,9.735945783202661,True,9101,9.714763702150067,424403415,7,8fc4f2ddd846a475d436ad99b0eb5eb30a04a7bd64a3868229126bec9da96213,20.026923599998554,pyvrp,20.0,0.0,cvrp50_50375.json,0
"[""accepted""]",not_selected,True,0.0028554498677788587,cvrp_s7799_n20-50-100_x66667_cvrp50_50386,0.045714285714285714,True,True,0.0,0.0,0.0,50,4,False,10.009545894141812,False,False,,False,10.006690444274033,4,4,3.5503383447155724e-16,10.006690444274037,True,9102,10.006690444274033,3564976610,7,fd6d517c038497287d01e773083a5858c9db42f0a786c0d3992e4115cac35d8e,20.02974770000219,pyvrp,20.0,0.00028527266850837256,cvrp50_50386.json,0
"[""accepted""]",not_selected,True,8.881784197001252e-16,cvrp_s7799_n20-50-100_x66667_cvrp50_50479,0.0,True,True,0.0,0.0,0.0,50,4,False,7.990880706531773,False,False,,False,7.990880706531772,4,4,1.111490025090883e-16,7.990880706531773,True,9104,7.990880706531772,731998924,6,c210317a2d5d5f17ed6f7b2e61875bfec92e6ab16f30229e6c46495763428db4,20.025304899998446,pyvrp,20.0,1.111490025090883e-16,cvrp50_50479.json,0
"[""accepted""]",not_selected,True,1.7763568394002505e-15,cvrp_s7799_n20-50-100_x66667_cvrp50_50839,0.0,True,True,0.0,0.0,0.0,50,4,False,9.572560035846038,False,False,,False,9.572560035846037,4,4,3.7113516817829045e-16,9.57256003584604,True,9101,9.572560035846037,1874900819,7,8f44a58338261b4bb3768e793a397eee77e3c5c14b984cd80496f8508e269b16,20.02691589999813,pyvrp,20.0,1.855675840891452e-16,cvrp50_50839.json,0
"[""accepted""]",stable_control,True,3.552713678800501e-15,cvrp_s7799_n20-50-100_x66667_cvrp50_50898,0.0,True,True,0.0,0.0,0.0,50,4,False,9.098924534536595,False,True,9.35126469040884,True,9.098924534536591,4,4,3.9045424163213383e-16,9.098924534536595,True,9102,9.098924534536591,2969884461,7,136603c2c32693c46350e0247c851ff92a11c32a388cb93fe37bf62e09472b67,20.028269099999306,pyvrp,20.0,3.904542416321337e-16,cvrp50_50898.json,0
"[""accepted""]",not_selected,True,0.06923051264332436,cvrp_s7799_n20-50-100_x66667_cvrp50_50939,0.053061224489795916,True,True,0.0,0.0,0.0,50,4,False,10.653580129608946,False,False,,False,10.584349616965621,4,4,3.35657249369944e-16,10.584349616965625,True,9103,10.584349616965621,3786022654,8,c15707c1bcd55a1e980423248042ee7039750ca39af7c547c7a3ba737b3bf1d4,20.024193100001867,pyvrp,20.0,0.006498333123802727,cvrp50_50939.json,0
"[""accepted""]",not_selected,True,0.0,cvrp_s7799_n20-50-100_x66667_cvrp50_51018,0.0,True,True,0.0,0.0,0.0,50,4,False,10.133990890569278,False,False,,False,10.133990890569278,4,4,1.7528699784537337e-16,10.13399089056928,True,9102,10.133990890569278,1771824984,6,6719cdbda23cee8c2ef5aa47d5c3e01e4b49d65b26d08460ba76def831f96150,20.028347700001177,pyvrp,20.0,0.0,cvrp50_51018.json,0
"[""accepted""]",not_selected,True,0.021871589484012688,cvrp_s7799_n20-50-100_x66667_cvrp50_51058,0.02122448979591837,True,True,0.0,0.0,0.0,50,4,False,11.074314520875005,False,False,,False,11.052442931390992,4,4,3.2144148590988275e-16,11.052442931390996,True,9101,11.052442931390992,3024162566,7,a54d7e6636ddaa3f0dbb6f529848e45a73e2da4a04c6654f0f908dc819b3541e,20.025285999996413,pyvrp,20.0,0.0019749835931411283,cvrp50_51058.json,0
"[""accepted""]",not_selected,True,0.010980041983074784,cvrp_s7799_n20-50-100_x66667_cvrp50_5112,0.0,True,True,0.0,0.0,0.0,50,4,False,9.050547349072465,False,False,,False,9.03956730708939,4,4,3.930181122733875e-16,9.039567307089394,True,9103,9.03956730708939,597742574,6,5c6e4006a635774c5945c949fbbe2349327a1c944c05796d3524c7a6f325d828,20.025706899999932,pyvrp,20.0,0.001213190933054459,cvrp50_5112.json,0
"[""accepted""]",not_selected,True,5.329070518200751e-15,cvrp_s7799_n20-50-100_x66667_cvrp50_51199,0.0,True,True,0.0,0.0,0.0,50,4,False,10.521769996603293,False,False,,False,10.521769996603288,4,4,8.441340382719383e-16,10.521769996603297,True,9103,10.521769996603288,538268454,7,3e6886b162a8de203e6bd9176b5bfa7c87445ea57d76dfe17680c33855c99a0f,20.025392399998964,pyvrp,20.0,5.064804229631627e-16,cvrp50_51199.json,0
"[""accepted""]",not_selected,True,0.051549484873982365,cvrp_s7799_n20-50-100_x66667_cvrp50_51457,0.1436734693877551,True,True,0.0,0.0,0.0,50,4,False,11.38287304266,False,False,,False,11.331323557786018,4,4,3.135303356825733e-16,11.331323557786021,True,9101,11.331323557786018,652504840,7,bb2c3228d96a3766724d00db56deeb23e2ee32566114eb380e7ae2d05d1b7869,20.027354499998182,pyvrp,20.0,0.0045286883795319964,cvrp50_51457.json,0
"[""accepted""]",not_selected,True,3.552713678800501e-15,cvrp_s7799_n20-50-100_x66667_cvrp50_51623,0.0,True,True,0.0,0.0,0.0,50,4,False,8.51964511749587,False,False,,False,8.519645117495866,4,4,2.039667760312296e-06,8.519662494741342,True,9101,8.519645117495866,1041980109,6,f88ef83663c0d655e668de071df3894e9bbc36f63f07b3a8572d83f70f3f8e9b,20.0254316999999,pyvrp,20.0,4.1700254292337584e-16,cvrp50_51623.json,0
"[""accepted""]",not_selected,True,0.06592122743829698,cvrp_s7799_n20-50-100_x66667_cvrp50_5166,0.10938775510204081,True,True,0.0,0.0,0.0,50,4,False,10.350087502594716,False,False,,False,10.28416627515642,4,4,3.454547100607302e-16,10.284166275156423,True,9101,10.28416627515642,2878919397,7,bad801023716ce982a4e043612ca3a281120adc52d429b69698aca3afcb8becc,20.02754139999888,pyvrp,20.0,0.006369146871634743,cvrp50_5166.json,-1
"[""accepted""]",not_selected,True,0.007760328596260635,cvrp_s7799_n20-50-100_x66667_cvrp50_51776,0.045714285714285714,True,True,0.0,0.0,0.0,50,4,False,10.351360758191571,False,False,,False,10.34360042959531,4,4,1.7173486654779353e-16,10.343600429595313,True,9103,10.34360042959531,197167020,7,520d486a0d7ea60c51ea98ec7bb675778ae5d569ce5ae16b454ff6678f731497,20.0285358000001,pyvrp,20.0,0.0007496916374129345,cvrp50_51776.json,0
"[""accepted""]",not_selected,True,0.0,cvrp_s7799_n20-50-100_x66667_cvrp50_51940,0.0,True,True,0.0,0.0,0.0,50,4,False,9.391933936774583,False,False,,False,9.391933936774583,4,4,1.8913642827542017e-16,9.391933936774585,True,9101,9.391933936774583,630815081,6,05edba636da2d64f7a613b5c0bd73c79036f38ae99fb1d401f5d65b051623874,20.026098700000148,pyvrp,20.0,0.0,cvrp50_51940.json,0
"[""accepted""]",not_selected,True,0.0,cvrp_s7799_n20-50-100_x66667_cvrp50_52049,0.0,True,True,0.0,0.0,0.0,50,4,False,11.203872882073505,False,False,,False,11.203872882073505,4,4,4.497343850205236e-05,11.204376758761551,True,9103,11.203872882073505,494561681,8,e2f8215547fdcaa0586c4e00937e3d495e108ddca25924ba1eca50140790f67e,20.031845199999225,pyvrp,20.0,0.0,cvrp50_52049.json,0
"[""pyvrp_cost_not_converged"", ""route_membership_ambiguous""]",unstable_cost,False,0.04643333922790127,cvrp_s7799_n20-50-100_x66667_cvrp50_52055,0.17061224489795918,False,False,0.38,0.11836734693877551,0.11836734693877551,50,2,True,8.883208609732016,False,True,9.283331039106349,True,8.836775270504114,4,4,0.005254556985611126,8.883208609732018,False,9101,8.836775270504114,2123448047,6,3214175d42204f30bead6bb35f24fed4b7e02f2e51bb8d33c7b30c7a30da666b,20.02446140000029,pyvrp,20.0,0.0052270909384061,cvrp50_52055.json,0
"[""accepted""]",not_selected,True,0.0893835156828846,cvrp_s7799_n20-50-100_x66667_cvrp50_52086,0.1657142857142857,True,True,0.0,0.0,0.0,50,4,False,9.3229630966069,False,False,,False,9.233579580924015,4,4,1.9238008659936068e-16,9.233579580924017,True,9101,9.233579580924015,2868458658,6,07baf049303e88d104001de4b702c2528ff12b79bd6d162350e00a20c81ed91f,20.038409499997215,pyvrp,20.0,0.009587457845394219,cvrp50_52086.json,0
"[""accepted""]",not_selected,True,5.329070518200751e-15,cvrp_s7799_n20-50-100_x66667_cvrp50_52096,0.0,True,True,0.0,0.0,0.0,50,4,False,9.831250377749077,False,False,,False,9.831250377749072,4,4,5.42054195899838e-16,9.831250377749077,True,9104,9.831250377749072,1609996918,7,7c38f8ba5a60dd8d78f5f71ef642af7dc3ff23cf880ae95fa25bd637f7bb0a9e,20.025899399999616,pyvrp,20.0,5.420541958998377e-16,cvrp50_52096.json,0
"[""accepted""]",not_selected,True,0.03320901777060925,cvrp_s7799_n20-50-100_x66667_cvrp50_52134,0.062040816326530614,True,True,0.0,0.0,0.0,50,4,False,9.522916240787914,False,False,,False,9.489707223017305,4,4,5.615632171744013e-16,9.48970722301731,True,9102,9.489707223017305,2751677193,7,c81c13b53a7cd83c7d7556bf024016969428606b99518d46adb00b842e68a9cf,20.026126799999474,pyvrp,20.0,0.0034872739537885064,cvrp50_52134.json,0
"[""accepted""]",not_selected,True,1.7763568394002505e-15,cvrp_s7799_n20-50-100_x66667_cvrp50_52227,0.0,True,True,0.0,0.0,0.0,50,4,False,9.348567133741772,False,False,,False,9.34856713374177,4,4,3.80027615780572e-16,9.348567133741774,True,9104,9.34856713374177,4277643034,7,d31759e5350a7a3d5b20229a0adb9516599db72f55457889464997211fde7520,20.028502400000434,pyvrp,20.0,1.9001380789028596e-16,cvrp50_52227.json,0
"[""accepted""]",not_selected,True,5.329070518200751e-15,cvrp_s7799_n20-50-100_x66667_cvrp50_52250,0.0,True,True,0.0,0.0,0.0,50,4,False,10.890931697943966,False,False,,False,10.89093169794396,4,4,6.52416850519997e-16,10.890931697943968,True,9103,10.89093169794396,336018142,7,5b69e846a6a32fd240768034e6e62bffcbc9df1dee9c4356297caf1f06ee21a8,20.021580900000117,pyvrp,20.0,4.893126378899975e-16,cvrp50_52250.json,0
"[""route_membership_ambiguous""]",unstable_matrix,True,-1.7763568394002505e-15,cvrp_s7799_n20-50-100_x66667_cvrp50_52283,0.0,False,False,0.24,0.05061224489795919,0.03374149659863946,50,3,True,11.65099266161957,False,True,11.880153609072003,True,11.650992661619572,4,4,0.001481297458651713,11.668251247439999,True,9101,11.650992661619572,1707867675,7,9e3d00e73fd8df7fafba45e024bc762744d26aabc136c655311945a5f0ad5253,20.025086999998166,pyvrp,20.0,-1.5246399092258327e-16,cvrp50_52283.json,0
"[""accepted""]",not_selected,True,0.0024609664583561397,cvrp_s7799_n20-50-100_x66667_cvrp50_52346,0.024489795918367346,True,True,0.0,0.0,0.0,50,3,False,9.855086822329431,False,False,,False,9.852625855871075,4,4,0.004214447260872921,9.894149227921757,True,9101,9.852625855871075,3871953266,7,c582706fc77d7e44a0fe95d56ec2da4c45da04031a4e52db9c6e4fecaf3b6b46,20.02624730000025,pyvrp,20.0,0.0002497153503285367,cvrp50_52346.json,0
"[""accepted""]",not_selected,True,0.0018635633367232174,cvrp_s7799_n20-50-100_x66667_cvrp50_52768,0.13387755102040816,True,True,0.0,0.0,0.0,50,4,False,11.489556464623398,False,False,,False,11.487692901286675,4,4,7.731564791400762e-16,11.487692901286684,True,9102,11.487692901286675,2166973145,7,a3828bbad4e089d1342b33ad59e12511cb633febb42d2cf560d21a9b45c03ac2,20.02797240000291,pyvrp,20.0,0.00016219628168077425,cvrp50_52768.json,0
"[""accepted""]",not_selected,True,0.0,cvrp_s7799_n20-50-100_x66667_cvrp50_52800,0.0,True,True,0.0,0.0,0.0,50,4,False,10.45190486007316,False,False,,False,10.45190486007316,4,4,5.098659612333525e-16,10.451904860073165,True,9103,10.45190486007316,2942545463,7,4957e93e724f13281785d33480af0f7d07ab7f90a0a55e627252173afd890ba3,20.028680300001724,pyvrp,20.0,0.0,cvrp50_52800.json,0
"[""accepted""]",not_selected,True,1.7763568394002505e-15,cvrp_s7799_n20-50-100_x66667_cvrp50_52919,0.0,True,True,0.0,0.0,0.0,50,4,False,10.429832208164354,False,False,,False,10.429832208164353,4,4,3.4062999364644404e-16,10.429832208164356,True,9102,10.429832208164353,1629653090,7,4d85772d39a2b23186679fcb0b5f80d61b2ef60ae76258ccb9a8f4478dc5ff2c,20.030428300000494,pyvrp,20.0,1.70314996823222e-16,cvrp50_52919.json,0
"[""route_membership_ambiguous""]",unstable_matrix,True,0.05664067899913405,cvrp_s7799_n20-50-100_x66667_cvrp50_52952,0.15591836734693879,False,False,0.38,0.10612244897959183,0.07020408163265306,50,4,True,10.24864861762234,False,True,10.329296672664578,True,10.192007938623206,4,4,0.0006718640816630648,10.198855582677192,True,9103,10.192007938623206,4280346619,7,213012a02bf1f16e0d75ceeac957754e18424804b7c3fe9a0dbd20e51dd6c58b,20.02549970000109,pyvrp,20.0,0.005526648547764783,cvrp50_52952.json,0
"[""accepted""]",not_selected,True,5.329070518200751e-15,cvrp_s7799_n20-50-100_x66667_cvrp50_52974,0.0,True,True,0.0,0.0,0.0,50,4,False,10.504970863464886,False,False,,False,10.50497086346488,4,4,5.072903663859427e-16,10.504970863464886,True,9102,10.50497086346488,1040560212,7,0e9825a6c9063353e514d2e7b2fea02d10e41b4c1db7e5d4ab30b38fe6aafc8c,20.024694799998542,pyvrp,20.0,5.072903663859424e-16,cvrp50_52974.json,0
"[""accepted""]",not_selected,True,0.0,cvrp_s7799_n20-50-100_x66667_cvrp50_53024,0.0,True,True,0.0,0.0,0.0,50,4,False,9.648935524531694,False,False,,False,9.648935524531694,4,4,1.840987365791798e-16,9.648935524531696,True,9101,9.648935524531694,1362580785,7,e2a31da0158838ed9d7dfa93e64ab50fb0b1809fcd541e1d01db62a3cf7aa98d,20.026092700001755,pyvrp,20.0,0.0,cvrp50_53024.json,0
"[""accepted""]",not_selected,True,0.0,cvrp_s7799_n20-50-100_x66667_cvrp50_53069,0.0,True,True,0.0,0.0,0.0,50,4,False,10.021869400836717,False,False,,False,10.021869400836717,4,4,1.7724805306801782e-16,10.021869400836719,True,9102,10.021869400836717,1502380237,7,6cdebf7078fd0cde7dcf85da25180d55981263e0d915d87dce25edff90cafc65,20.026388700000098,pyvrp,20.0,0.0,cvrp50_53069.json,0
"[""accepted""]",not_selected,True,3.552713678800501e-15,cvrp_s7799_n20-50-100_x66667_cvrp50_53233,0.0,True,True,0.0,0.0,0.0,50,4,False,9.493570815090882,False,False,,False,9.493570815090878,4,4,5.613346781729082e-16,9.493570815090884,True,9101,9.493570815090878,876065660,7,1d381d299e003326466afa13c0cf9a1904e1799f3d3b42969a888c384c80fb72,20.027833799998916,pyvrp,20.0,3.7422311878193864e-16,cvrp50_53233.json,0
"[""accepted""]",not_selected,True,5.329070518200751e-15,cvrp_s7799_n20-50-100_x66667_cvrp50_53519,0.0,True,True,0.0,0.0,0.0,50,4,False,8.828622284058689,False,False,,False,8.828622284058683,4,4,6.036129247281465e-16,8.828622284058689,True,9102,8.828622284058683,396723026,7,1b9f9d64aa46ee3835878a1f60f9e56825e07e6e6f5b1a43bf2f9bb11df65ad5,20.029566099998192,pyvrp,20.0,6.036129247281462e-16,cvrp50_53519.json,0
"[""accepted""]",stable_control,True,0.0,cvrp_s7799_n20-50-100_x66667_cvrp50_53535,0.0,True,True,0.0,0.0,0.0,50,4,False,9.181115984895754,False,True,9.263720482568973,True,9.181115984895754,4,4,1.9347940297482472e-16,9.181115984895756,True,9102,9.181115984895754,4173753653,6,72dc9911339ff370e06a6ac2917e458e5983275fc17ca7ac628c5824291d22ea,20.025595999999496,pyvrp,20.0,0.0,cvrp50_53535.json,0
"[""accepted""]",not_selected,True,0.06953558157415074,cvrp_s7799_n20-50-100_x66667_cvrp50_53764,0.12081632653061225,True,True,0.0,0.0,0.0,50,4,False,11.427269601356233,False,False,,False,11.357734019782082,4,4,4.6920191201158265e-16,11.357734019782088,True,9104,11.357734019782082,2537942775,7,9063a99f015e776b145cfdcb28292ef80408649fddf5934d3fe25e50df4271c1,20.02732610000021,pyvrp,20.0,0.006085056535806067,cvrp50_53764.json,0
"[""accepted""]",not_selected,True,0.008315002619575296,cvrp_s7799_n20-50-100_x66667_cvrp50_53776,0.10857142857142857,True,True,0.0,0.0,0.0,50,4,False,11.289874085129677,False,False,,False,11.281559082510102,4,4,1.5745668009257266e-16,11.281559082510103,True,9101,11.281559082510102,1660782415,6,db61612b95b0eab083f52e9c9eda2430b33bdae8132b44605b66fce039407500,20.026725100000476,pyvrp,20.0,0.0007365009172712832,cvrp50_53776.json,0
"[""route_membership_ambiguous""]",unstable_matrix,True,0.0020379894702600154,cvrp_s7799_n20-50-100_x66667_cvrp50_53811,0.07020408163265306,False,False,0.32,0.07020408163265306,0.04680272108843537,50,3,True,11.979252768007806,False,True,12.125021034376655,True,11.977214778537546,4,4,0.0010194859077810754,11.989425380218732,True,9103,11.977214778537546,2804587023,7,19d71447ecb08a11c0218b489ccea7dd553847c0102e7cb8071799b971c7fda0,20.028114100001403,pyvrp,20.0,0.00017012659384755104,cvrp50_53811.json,0
"[""accepted""]",not_selected,True,0.01205378998126072,cvrp_s7799_n20-50-100_x66667_cvrp50_53861,0.04244897959183674,True,True,0.0,0.0,0.0,50,4,False,10.939565656968943,False,False,,False,10.927511866987683,4,4,0.0,10.927511866987683,True,9101,10.927511866987683,2742829601,7,ea8f3fbe009b60ae92e9ba26a9659dbe989702998d580a608ac7426b336adf7b,20.028746899999533,pyvrp,20.0,0.0011018527023129087,cvrp50_53861.json,0
"[""accepted""]",stable_control,True,3.552713678800501e-15,cvrp_s7799_n20-50-100_x66667_cvrp50_54005,0.0,True,True,0.0,0.0,0.0,50,4,False,8.33452206587212,False,True,8.37686615550996,True,8.334522065872116,4,4,6.393972535056361e-16,8.334522065872122,True,9101,8.334522065872116,931609489,7,8e445bf5d4a55fd43f16171071f28ad31d58b3b07910e10df519d8355599342a,20.02882529999988,pyvrp,20.0,4.2626483567042386e-16,cvrp50_54005.json,0
"[""accepted""]",not_selected,True,0.0,cvrp_s7799_n20-50-100_x66667_cvrp50_54108,0.0,True,True,0.0,0.0,0.0,50,4,False,8.751489262670038,False,False,,False,8.751489262670038,4,4,2.0297766312499507e-16,8.75148926267004,True,9102,8.751489262670038,1850118433,7,23cb2b5582e9b82bb1563a08bbe90eaed4786fd17064af8ce43f0fdf5c9c96d4,20.028236599999218,pyvrp,20.0,0.0,cvrp50_54108.json,0
"[""accepted""]",not_selected,True,0.052235122810376566,cvrp_s7799_n20-50-100_x66667_cvrp50_54122,0.04816326530612245,True,True,0.0,0.0,0.0,50,4,False,10.877035431324941,False,False,,False,10.824800308514565,4,4,4.923019701350993e-16,10.82480030851457,True,9101,10.824800308514565,224599426,7,ee19acd5f58c00afae478a0b4dc35eb01f1c298d7feef9d900cee4e110888e69,20.02804709999691,pyvrp,20.0,0.004802330850182195,cvrp50_54122.json,0
"[""accepted""]",not_selected,True,0.0,cvrp_s7799_n20-50-100_x66667_cvrp50_54396,0.0,True,True,0.0,0.0,0.0,50,4,False,8.031800780097013,False,False,,False,8.031800780097013,4,4,2.211654506922163e-16,8.031800780097015,True,9102,8.031800780097013,4124317214,5,8f7d6ac32ba98614ffe33e2747b8ab5d168efe5ac032d0ee803fb468982eb6b9,20.019719700001588,pyvrp,20.0,0.0,cvrp50_54396.json,0
"[""accepted""]",not_selected,True,0.026838929686531898,cvrp_s7799_n20-50-100_x66667_cvrp50_54400,0.07428571428571429,True,True,0.0,0.0,0.0,50,4,False,10.868907617666004,False,False,,False,10.842068687979472,4,4,0.00013737938714608464,10.843558164731222,True,9101,10.842068687979472,795320735,7,c39e05f5678bd439e89f5325df416747e0d8f61fe954fe417e0af2c4830dcf30,20.025473699999566,pyvrp,20.0,0.0024693309236439444,cvrp50_54400.json,0
"[""accepted""]",not_selected,True,1.7763568394002505e-15,cvrp_s7799_n20-50-100_x66667_cvrp50_54529,0.0,True,True,0.0,0.0,0.0,50,4,False,9.535813588949267,False,False,,False,9.535813588949265,4,4,5.588480173706869e-16,9.53581358894927,True,9101,9.535813588949265,223568776,7,abf2180c8063b151392012fd66d4aea6aa03f2bc2d59c2b2edc78d04a1709da7,20.024051199998212,pyvrp,20.0,1.862826724568956e-16,cvrp50_54529.json,0
"[""accepted""]",not_selected,True,1.7763568394002505e-15,cvrp_s7799_n20-50-100_x66667_cvrp50_54537,0.0,True,True,0.0,0.0,0.0,50,4,False,8.257555538515414,False,False,,False,8.257555538515412,4,4,2.1511896966539974e-16,8.257555538515414,True,9102,8.257555538515412,2609287317,6,309c33b968dbc3d65d1635dfc577d68d7bd2af00d126b5b325561d4b2378eaed,20.027668900002027,pyvrp,20.0,2.151189696653997e-16,cvrp50_54537.json,0
"[""accepted""]",not_selected,True,0.006094329738290938,cvrp_s7799_n20-50-100_x66667_cvrp50_54625,0.0963265306122449,True,True,0.0,0.0,0.0,50,4,False,11.197029931927347,False,False,,False,11.190935602189056,4,4,1.5873175421121874e-16,11.190935602189057,True,9101,11.190935602189056,1726242781,7,1349311d70814a9ffa5a1ac3723730d08e45fbd324ab80a2374eae9f9114a7d9,20.02626980000059,pyvrp,20.0,0.0005442809187205522,cvrp50_54625.json,0
"[""accepted""]",stable_control,True,0.034688130633021785,cvrp_s7799_n20-50-100_x66667_cvrp50_54627,0.11836734693877551,True,True,0.2,0.00816326530612245,0.004081632653061225,50,4,False,10.348771932085416,False,True,10.384328111511596,True,10.314083801452394,4,4,6.713801620420045e-05,10.314776268577788,True,9104,10.314083801452394,221666021,7,615017e54ec70cdab343136790f91dbde93111b483a9bd45bd193fe6a302f0c8,20.02592029999869,pyvrp,20.0,0.0033519079230526303,cvrp50_54627.json,0
"[""accepted""]",not_selected,True,0.12390672829545402,cvrp_s7799_n20-50-100_x66667_cvrp50_54744,0.08653061224489796,True,True,0.0,0.0,0.0,50,4,False,11.587693449485165,False,False,,False,11.463786721189711,4,4,4.648612755809976e-16,11.463786721189717,True,9101,11.463786721189711,3342046153,7,1366c8b1df7e126a933a453cf9c3265fe6fc676f7a5d5056180769e84ef2254c,20.027118499998323,pyvrp,20.0,0.010692958770061278,cvrp50_54744.json,0
"[""accepted""]",not_selected,True,0.00962233989102046,cvrp_s7799_n20-50-100_x66667_cvrp50_54884,0.10040816326530612,True,True,0.0,0.0,0.0,50,4,False,8.52799072419613,False,False,,False,8.51836838430511,4,4,6.255975649068473e-16,8.518368384305115,True,9102,8.51836838430511,524442043,6,d40dd5e2386637d8af626d990dccdc9988181e9cff987ce045ced3b99406fbcf,20.02640910000264,pyvrp,20.0,0.0011283243852176546,cvrp50_54884.json,0
"[""accepted""]",not_selected,True,0.04177202112129308,cvrp_s7799_n20-50-100_x66667_cvrp50_54890,0.04897959183673469,True,True,0.0,0.0,0.0,50,4,False,12.183908318854476,False,False,,False,12.142136297733183,4,4,5.851875801235665e-16,12.14213629773319,True,9102,12.142136297733183,2134020505,7,f9c2c67d3b57b7099bcfb6f777b52bf4c7f2a44e269e3ab230704c018e7094ed,20.026721199999884,pyvrp,20.0,0.003428458260528052,cvrp50_54890.json,0
"[""accepted""]",not_selected,True,0.0,cvrp_s7799_n20-50-100_x66667_cvrp50_54953,0.0,True,True,0.0,0.0,0.0,50,4,False,10.978007511956738,False,False,,False,10.978007511956738,4,4,1.6181049589058168e-16,10.97800751195674,True,9103,10.978007511956738,2886063811,8,da00b805effc553d935ef392897d0003a9b3a789e68d048f1b3f2377119bc6af,20.028178200002003,pyvrp,20.0,0.0,cvrp50_54953.json,0
"[""accepted""]",not_selected,True,3.552713678800501e-15,cvrp_s7799_n20-50-100_x66667_cvrp50_55139,0.0,True,True,0.0,0.0,0.0,50,4,False,10.318435058014739,False,False,,False,10.318435058014735,4,4,5.164611191753785e-16,10.31843505801474,True,9103,10.318435058014735,1347689367,7,8f218b48b9bcb656291b757b6da683f7d3cb45e23a8215db3a36e5a1ae931676,20.028154100000393,pyvrp,20.0,3.4430741278358553e-16,cvrp50_55139.json,0
"[""accepted""]",not_selected,True,3.552713678800501e-15,cvrp_s7799_n20-50-100_x66667_cvrp50_55461,0.0,True,True,0.0,0.0,0.0,50,4,False,9.373392612294232,False,False,,False,9.373392612294229,4,4,3.790211106852314e-16,9.373392612294232,True,9102,9.373392612294229,1314470390,6,4aeb5682bce00a59a8aa97d71c11915cf0689ec3f9c5d2f549587ceac5fd5b50,20.027615299997706,pyvrp,20.0,3.7902111068523125e-16,cvrp50_55461.json,0
"[""accepted""]",not_selected,True,0.014204110707392914,cvrp_s7799_n20-50-100_x66667_cvrp50_55934,0.036734693877551024,True,True,0.0,0.0,0.0,50,4,False,12.03332850957423,False,False,,False,12.019124398866838,4,4,5.911767880754193e-16,12.019124398866845,True,9102,12.019124398866838,293990904,7,83261fcc2938ab873eca137e009f9766dfcd16e9e7259fe0973ce08e759da034,20.02877670000089,pyvrp,20.0,0.001180397484876401,cvrp50_55934.json,0
"[""accepted""]",not_selected,True,0.02431143167230232,cvrp_s7799_n20-50-100_x66667_cvrp50_55949,0.07183673469387755,True,True,0.0,0.0,0.0,50,4,False,10.100878512702918,False,False,,False,10.076567081030616,4,4,3.5257182830535327e-16,10.07656708103062,True,9103,10.076567081030616,3960138092,7,b2454aff3db4899bfa2912c26929dd2393b4a6bb64db20757bcaffee6b986573,20.027426900000137,pyvrp,20.0,0.002406863090346858,cvrp50_55949.json,0
"[""accepted""]",not_selected,True,1.7763568394002505e-15,cvrp_s7799_n20-50-100_x66667_cvrp50_55977,0.0,True,True,0.0,0.0,0.0,50,4,False,9.20098413807605,False,False,,False,9.200984138076048,4,4,3.861232261121345e-16,9.200984138076052,True,9101,9.200984138076048,623957837,7,ffbee11fee93644a55c1ac84d23572efbbc244b64fd90b9cf853b4ea8e1fa886,20.026686100001825,pyvrp,20.0,1.9306161305606722e-16,cvrp50_55977.json,0
"[""accepted""]",not_selected,True,3.552713678800501e-15,cvrp_s7799_n20-50-100_x66667_cvrp50_56031,0.0,True,True,0.0,0.0,0.0,50,4,False,8.681434182103414,False,False,,False,8.681434182103411,4,4,2.0461559716275586e-16,8.681434182103413,True,9102,8.681434182103411,1906748327,7,16d7c643087336bb644af4cf9c4e36d48d91842222d92f6d76662856cc0c0c25,20.028365699999995,pyvrp,20.0,4.092311943255116e-16,cvrp50_56031.json,0
"[""accepted""]",not_selected,True,3.552713678800501e-15,cvrp_s7799_n20-50-100_x66667_cvrp50_56102,0.0,True,True,0.0,0.0,0.0,50,4,False,11.08948120746716,False,False,,False,11.089481207467156,4,4,3.203678884823092e-16,11.08948120746716,True,9102,11.089481207467156,3742896473,7,754d70c63bf7977f04c14f9051bb4d6fa1fecaf8a47afcc8a1e698189939596d,20.028603999999177,pyvrp,20.0,3.203678884823091e-16,cvrp50_56102.json,0
"[""accepted""]",not_selected,True,0.0,cvrp_s7799_n20-50-100_x66667_cvrp50_56617,0.0,True,True,0.0,0.0,0.0,50,4,False,10.467245012572025,False,False,,False,10.467245012572025,4,4,8.48531221571053e-16,10.467245012572034,True,9101,10.467245012572025,2314413699,7,33ef335122240dd106c74cdeda275812c22818b0a0a6081fe7246c6254c99bf3,20.026560999998765,pyvrp,20.0,0.0,cvrp50_56617.json,0
"[""accepted""]",not_selected,True,-1.7763568394002505e-15,cvrp_s7799_n20-50-100_x66667_cvrp50_56648,0.0,True,True,0.0,0.0,0.0,50,4,False,11.151198537895333,False,False,,False,11.151198537895334,4,4,3.185947830385447e-16,11.151198537895338,True,9103,11.151198537895334,3841159477,7,53a4144fe242ff9fd40c4b4cc4238f8738cf99996b5c857aff194496c3b4efbc,20.02663770000072,pyvrp,20.0,-1.5929739151927237e-16,cvrp50_56648.json,0
"[""accepted""]",not_selected,True,0.0263330791211569,cvrp_s7799_n20-50-100_x66667_cvrp50_56739,0.15346938775510205,True,True,0.0,0.0,0.0,50,4,False,12.235273021014669,False,False,,False,12.208939941893512,4,4,2.9099280492074424e-16,12.208939941893515,True,9102,12.208939941893512,891484673,7,e93f4d408ffa2d56ed0e3ae19e07100a37c8b7fbad9c9f3fad67152a2037f177,20.02635089999967,pyvrp,20.0,0.002152226523750518,cvrp50_56739.json,0
"[""accepted""]",not_selected,True,0.0,cvrp_s7799_n20-50-100_x66667_cvrp50_56861,0.0,True,True,0.0,0.0,0.0,50,4,False,8.593486386308603,False,False,,False,8.593486386308603,4,4,2.067096821413943e-16,8.593486386308605,True,9101,8.593486386308603,4094887155,6,76c14a2e2fb210e7c24dab14e8c2a1811d16a3aa018cb557fe2583d635c8f077,20.026849300000322,pyvrp,20.0,0.0,cvrp50_56861.json,0
"[""accepted""]",not_selected,True,3.552713678800501e-15,cvrp_s7799_n20-50-100_x66667_cvrp50_57088,0.0,True,True,0.0,0.0,0.0,50,4,False,10.399267888504387,False,False,,False,10.399267888504383,4,4,5.124467006078036e-16,10.399267888504388,True,9102,10.399267888504383,1575102404,6,af6917045b49172ee8fa3083d2071c6d7fe2eb8cb6f948bb00322751704b61c4,20.02701590000288,pyvrp,20.0,3.416311337385356e-16,cvrp50_57088.json,0
"[""accepted""]",not_selected,True,3.552713678800501e-15,cvrp_s7799_n20-50-100_x66667_cvrp50_57281,0.0,True,True,0.0,0.0,0.0,50,4,False,8.888711413941213,False,False,,False,8.88871141394121,4,4,1.998441345068512e-16,8.888711413941211,True,9102,8.88871141394121,405157501,7,b1454dd8874730e87502474813a279fada85ab3872cc2b95016001acee67276f,20.031223699999828,pyvrp,20.0,3.996882690137022e-16,cvrp50_57281.json,0
"[""accepted""]",not_selected,True,0.027771001427463915,cvrp_s7799_n20-50-100_x66667_cvrp50_57307,0.09959183673469388,True,True,0.0,0.0,0.0,50,4,False,10.491023993496047,False,False,,False,10.463252992068583,4,4,1.6977099194168154e-16,10.463252992068584,True,9102,10.463252992068583,3597184185,6,b3808a3aae10233a5ba9af4874a720c4e5d9b0ded33903c59acfbd998e2e0622,20.083973100001458,pyvrp,20.0,0.0026471201900482412,cvrp50_57307.json,0
"[""accepted""]",not_selected,True,1.7763568394002505e-15,cvrp_s7799_n20-50-100_x66667_cvrp50_57472,0.0,True,True,0.0,0.0,0.0,50,4,False,13.058584681707297,False,False,,False,13.058584681707295,4,4,4.0808944063178696e-16,13.0585846817073,True,9101,13.058584681707295,2485211074,7,98c3d16dfcfd7a94363fdf6f39da3d801cf7d1c0422b3cfa9c0d14b8cffdffa5,20.02860320000036,pyvrp,20.0,1.3602981354392897e-16,cvrp50_57472.json,0
"[""accepted""]",not_selected,True,0.04415775352555151,cvrp_s7799_n20-50-100_x66667_cvrp50_57650,0.07183673469387755,True,True,0.0,0.0,0.0,50,4,False,10.37046864874113,False,False,,False,10.32631089521558,4,4,1.7202240542876527e-16,10.326310895215581,True,9101,10.32631089521558,3320010484,7,b6c5bb0369376c50bda4fda346128083e3c90071b04c74afe858fb8690c9afcd,20.025933900000382,pyvrp,20.0,0.0042580287372945115,cvrp50_57650.json,0
"[""accepted""]",not_selected,True,0.19148923414856966,cvrp_s7799_n20-50-100_x66667_cvrp50_57668,0.15755102040816327,True,True,0.3,0.022857142857142857,0.022857142857142857,50,2,False,13.255719516384916,False,False,,False,13.064230282236347,4,4,0.001826778269503564,13.088095734223726,True,9104,13.064230282236347,827703378,7,6e5a1b78621cd76f36fa1299cbe03b34db595ad459bc4d184ac7dbbe6e672a5e,20.027628200001345,pyvrp,20.0,0.014445781982024947,cvrp50_57668.json,0
"[""accepted""]",not_selected,True,0.021416955071570598,cvrp_s7799_n20-50-100_x66667_cvrp50_57722,0.09795918367346938,True,True,0.0,0.0,0.0,50,3,False,10.214661546296965,False,False,,False,10.193244591225394,4,4,0.002101093020960849,10.214661546296965,True,9101,10.193244591225394,3020196417,7,6257e625ba43c73d3c45c1b06144155e88784a544d955c3f224be1111d57141c,20.02635509999891,pyvrp,20.0,0.002096687685098554,cvrp50_57722.json,0
"[""route_membership_ambiguous""]",unstable_matrix,True,0.015347292867103235,cvrp_s7799_n20-50-100_x66667_cvrp50_57894,0.04653061224489796,False,False,0.3,0.09387755102040816,0.04693877551020408,50,4,True,8.61148716503961,False,True,8.623072044915597,True,8.596139872172508,4,4,0.0007417449970114993,8.602516015916303,True,9101,8.596139872172508,2003590060,7,460a9b6d02008f64a0de581858ed670349a261c5efe9828c6a42abb0aa5ec5af,20.026715299998614,pyvrp,20.0,0.0017821884388807122,cvrp50_57894.json,0
"[""accepted""]",not_selected,True,3.552713678800501e-15,cvrp_s7799_n20-50-100_x66667_cvrp50_57901,0.0,True,True,0.0,0.0,0.0,50,4,False,10.018054974157591,False,False,,False,10.018054974157588,4,4,3.546310823772702e-16,10.018054974157591,True,9102,10.018054974157588,2122761923,7,9eb3276a9826cd9e746c00c1f0bb133628fff5300866578f7cb8622af6ff77e1,20.027222799999436,pyvrp,20.0,3.5463108237727006e-16,cvrp50_57901.json,0
"[""accepted""]",not_selected,True,0.014108299157605586,cvrp_s7799_n20-50-100_x66667_cvrp50_5793,0.060408163265306125,True,True,0.0,0.0,0.0,50,4,False,10.943844721683165,False,False,,False,10.92973642252556,4,4,3.2505026118274564e-16,10.929736422525563,True,9104,10.92973642252556,2670471087,7,4c91e390dc46bf3d7c4a4d62f7253360f892a75075115fa09c8d874cb532730e,20.027758799998992,pyvrp,20.0,0.0012891538135270369,cvrp50_5793.json,0
"[""accepted""]",not_selected,True,0.05758060836199341,cvrp_s7799_n20-50-100_x66667_cvrp50_57958,0.02857142857142857,True,True,0.18,0.022040816326530613,0.011020408163265306,50,4,False,11.082270963076574,False,False,,False,11.024690354714581,4,4,0.00030867046136075503,11.02809335097273,True,9101,11.024690354714581,3715541753,7,e060965702097e48595e41ce7df19db7cac81f32df5e84fb40c335042035c4fe,20.025237099998776,pyvrp,20.0,0.005195740886848731,cvrp50_57958.json,0
"[""accepted""]",not_selected,True,3.552713678800501e-15,cvrp_s7799_n20-50-100_x66667_cvrp50_58003,0.0,True,True,0.0,0.0,0.0,50,4,False,11.659104398172882,False,False,,False,11.659104398172879,4,4,6.094316608670651e-16,11.659104398172886,True,9104,11.659104398172879,536617861,7,2cf5c2abfc2a85bffce3c91129028eef54fc78af1409eab8c1ab91913a2ad5a7,20.02509320000172,pyvrp,20.0,3.0471583043353247e-16,cvrp50_58003.json,0
"[""accepted""]",not_selected,True,0.0003991348732395039,cvrp_s7799_n20-50-100_x66667_cvrp50_5809,0.0,True,True,0.0,0.0,0.0,50,4,False,8.506201608479827,False,False,,False,8.505802473606588,4,4,4.6925010835604876e-05,8.506201608479827,True,9102,8.505802473606588,3065832884,6,2d341ac45114a9bfa2a70e1bd41d92d65ea9b0d3d132163ab72e728a3f533090,20.030192299996997,pyvrp,20.0,4.692280898228495e-05,cvrp50_5809.json,0
"[""accepted""]",not_selected,True,5.329070518200751e-15,cvrp_s7799_n20-50-100_x66667_cvrp50_58394,0.0,True,True,0.28,0.011428571428571429,0.007619047619047619,50,4,False,9.198335567552789,False,False,,False,9.198335567552784,4,4,1.2316559574332063e-05,9.198448859400786,True,9101,9.198335567552784,999455494,7,9fcbf5121797d0e5309d3b0f4d3a02ef4ba19c7b3d39eddfb71b0b58c15a1772,20.025569900000846,pyvrp,20.0,5.793516097628679e-16,cvrp50_58394.json,0
"[""accepted""]",not_selected,True,0.05109899258352257,cvrp_s7799_n20-50-100_x66667_cvrp50_58395,0.044897959183673466,True,True,0.0,0.0,0.0,50,4,False,11.439854210865231,False,False,,False,11.388755218281709,4,4,2.978084504144743e-05,11.38909438503608,True,9101,11.388755218281709,2529493302,7,554f72b9cea8587ec70ae3560af272502b60da3d0d03b77349e191162fafa7f4,20.02639210000052,pyvrp,20.0,0.00446675207932198,cvrp50_58395.json,0
"[""accepted""]",not_selected,True,0.0,cvrp_s7799_n20-50-100_x66667_cvrp50_58447,0.0,True,True,0.0,0.0,0.0,50,4,False,8.435612393593534,False,False,,False,8.435612393593534,4,4,2.10578290765151e-16,8.435612393593535,True,9101,8.435612393593534,2442080210,7,35bfca11cc4e6ea7475f194391c6b02ccb2a1fa7919db152e8650cfde92ec4ae,20.026645700003428,pyvrp,20.0,0.0,cvrp50_58447.json,0
"[""accepted""]",not_selected,True,0.0,cvrp_s7799_n20-50-100_x66667_cvrp50_58453,0.0,True,True,0.0,0.0,0.0,50,4,False,8.85275617657503,False,False,,False,8.85275617657503,4,4,4.0131159245085876e-16,8.852756176575033,True,9104,8.85275617657503,283169095,7,7131130da60cc9ba175540dc5e32b0a81edcd9d4ea4594902686cf3335d26a76,20.023686000000453,pyvrp,20.0,0.0,cvrp50_58453.json,0
"[""accepted""]",not_selected,True,0.0,cvrp_s7799_n20-50-100_x66667_cvrp50_58594,0.0,True,True,0.0,0.0,0.0,50,4,False,8.892750454622023,False,False,,False,8.892750454622023,4,4,3.9950673269527897e-16,8.892750454622027,True,9101,8.892750454622023,973613431,7,14993f33822e4fcff651716da335fabdd0531116a3a2c7cfccef402c43d4784b,20.02742390000276,pyvrp,20.0,0.0,cvrp50_58594.json,0
"[""accepted""]",stable_control,True,0.0,cvrp_s7799_n20-50-100_x66667_cvrp50_58662,0.0,True,True,0.0,0.0,0.0,50,4,False,9.326738208470585,False,True,9.713899514357848,True,9.326738208470585,4,4,1.9045852898357919e-16,9.326738208470587,True,9101,9.326738208470585,3390278452,7,8162fc3e742c3868b23d9fbc16312af6a325810d61eab3d7ec6388490d7960b5,20.027170399996976,pyvrp,20.0,0.0,cvrp50_58662.json,0
"[""accepted""]",not_selected,True,1.7763568394002505e-15,cvrp_s7799_n20-50-100_x66667_cvrp50_58686,0.0,True,True,0.0,0.0,0.0,50,4,False,11.008015406173357,False,False,,False,11.008015406173355,4,4,6.037289349110901e-05,11.00867999191502,True,9102,11.008015406173355,279028144,7,7395c3b256e0ad2326bba30a62bdab8148505cc8a287ad09a7b99466574b42b3,20.026539700000285,pyvrp,20.0,1.6136939982878835e-16,cvrp50_58686.json,0
"[""accepted""]",not_selected,True,0.128481657026974,cvrp_s7799_n20-50-100_x66667_cvrp50_58695,0.10612244897959183,True,True,0.0,0.0,0.0,50,4,False,11.219386798082386,False,False,,False,11.090905141055412,4,4,6.406535144997957e-16,11.09090514105542,True,9103,11.090905141055412,2579138185,7,8e55070ea612d98e5de512d13b76d7daba612145cbbe7212e1dccc73bda740eb,20.026641599997674,pyvrp,20.0,0.011451753945138431,cvrp50_58695.json,0
"[""accepted""]",not_selected,True,1.7763568394002505e-15,cvrp_s7799_n20-50-100_x66667_cvrp50_5875,0.0,True,True,0.0,0.0,0.0,50,4,False,9.469999717372835,False,False,,False,9.469999717372833,4,4,3.7515457073171854e-16,9.469999717372836,True,9103,9.469999717372833,3962497472,6,314c1f20d0d927adff1e6fdab50bef2ee7fa23e249011846e7f525c7e807cb60,20.02616880000278,pyvrp,20.0,1.8757728536585922e-16,cvrp50_5875.json,0
"[""accepted""]",not_selected,True,1.7763568394002505e-15,cvrp_s7799_n20-50-100_x66667_cvrp50_58784,0.0,True,True,0.0,0.0,0.0,50,4,False,10.547563533334607,False,False,,False,10.547563533334605,4,4,5.05241850533416e-16,10.54756353333461,True,9103,10.547563533334605,3558225498,7,d471682636655f21f2e0cb08d7bf9f082d0859b54a2321e0f033110cbc012ff1,20.027483999998367,pyvrp,20.0,1.684139501778053e-16,cvrp50_58784.json,0
"[""accepted""]",not_selected,True,0.02471940763127556,cvrp_s7799_n20-50-100_x66667_cvrp50_58830,0.05551020408163265,True,True,0.0,0.0,0.0,50,4,False,11.487347846864553,False,False,,False,11.462628439233278,4,4,6.198776655170266e-16,11.462628439233285,True,9102,11.462628439233278,2977684331,6,af1dc1c2d0fbda1d9529f1d943f65d772929dba1398698f9cb534b8b9395e1a9,20.02634989999933,pyvrp,20.0,0.002151881179259551,cvrp50_58830.json,0
"[""accepted""]",not_selected,True,0.04900151788632989,cvrp_s7799_n20-50-100_x66667_cvrp50_59172,0.02122448979591837,True,True,0.0,0.0,0.0,50,4,False,10.327904939000899,False,False,,False,10.278903421114569,4,4,1.7281579236860223e-16,10.27890342111457,True,9103,10.278903421114569,2390389081,8,20c33cbc737c7aecff7192cf94b671ffc72afb25c16fdb39da1cde013a92859e,20.026034799997433,pyvrp,20.0,0.004744574836401448,cvrp50_59172.json,0
"[""accepted""]",not_selected,True,3.552713678800501e-15,cvrp_s7799_n20-50-100_x66667_cvrp50_59188,0.0,True,True,0.32,0.026122448979591838,0.013061224489795917,50,4,False,11.07583416912882,False,False,,False,11.075834169128816,4,4,5.821263232459022e-07,11.075840616663438,True,9104,11.075834169128816,291758880,7,35237a0ee973bc370b8b2e2d0ba7469d2c8f339bb975340e92fb8a080ba00ece,20.017785500000173,pyvrp,20.0,3.207626283086489e-16,cvrp50_59188.json,0
"[""accepted""]",not_selected,True,0.029566084449298202,cvrp_s7799_n20-50-100_x66667_cvrp50_59297,0.062040816326530614,True,True,0.0,0.0,0.0,50,4,False,10.531216257728861,False,False,,False,10.501650173279563,4,4,5.074507749039344e-16,10.501650173279568,True,9102,10.501650173279563,4000398521,6,f1ccf8791e300c9b89ce67beb120030f85e66bbc622b3021e4ba02ca3e66512b,20.026904999998806,pyvrp,20.0,0.002807471020035283,cvrp50_59297.json,0
"[""accepted""]",not_selected,True,0.09704765908227131,cvrp_s7799_n20-50-100_x66667_cvrp50_59546,0.06857142857142857,True,True,0.0,0.0,0.0,50,4,False,11.781949877283443,False,False,,False,11.684902218201172,4,4,1.5202154080787087e-16,11.684902218201174,True,9103,11.684902218201172,2547666165,7,d9ba34b0ab34af0d5a22a3f1176bafa2e5ac62e875b2cdc674985a3142218c4a,20.02553009999974,pyvrp,20.0,0.008236977757763771,cvrp50_59546.json,0
"[""accepted""]",not_selected,True,0.007923680479832385,cvrp_s7799_n20-50-100_x66667_cvrp50_59908,0.0326530612244898,True,True,0.0,0.0,0.0,50,4,False,11.306886078450196,False,False,,False,11.298962397970364,4,4,4.716424686180046e-16,11.298962397970369,True,9104,11.298962397970364,155882640,7,36eb2fe87eb717b2307c8bd3b861e30f63026c3c868d6e5f6e083a705744516b,20.0260844000004,pyvrp,20.0,0.0007007836131765875,cvrp50_59908.json,0
"[""accepted""]",not_selected,True,0.0346509164263189,cvrp_s7799_n20-50-100_x66667_cvrp50_60126,0.06775510204081632,True,True,0.0,0.0,0.0,50,4,False,10.706072610043597,False,False,,False,10.671421693617278,4,4,1.6645924886116286e-16,10.67142169361728,True,9102,10.671421693617278,1957382048,7,76655418d0b20d4e0af24e3ee4b70386d16f873dcca43677e5d9ac94c07c8377,20.027737099997466,pyvrp,20.0,0.0032365665439081865,cvrp50_60126.json,0
"[""accepted""]",not_selected,True,0.016107673692776103,cvrp_s7799_n20-50-100_x66667_cvrp50_60209,0.025306122448979593,True,True,0.0,0.0,0.0,50,4,False,8.761321033636632,False,False,,False,8.745213359943856,4,4,6.093699831967237e-16,8.745213359943861,True,9103,8.745213359943856,3852749184,7,9a28b935da4c0f1b341209da18660d647a83923e2be7cf7ea4be26eb02b73044,20.02684330000193,pyvrp,20.0,0.001838498284783221,cvrp50_60209.json,0
"[""accepted""]",not_selected,True,0.0,cvrp_s7799_n20-50-100_x66667_cvrp50_60362,0.0,True,True,0.0,0.0,0.0,50,4,False,8.424000819673502,False,False,,False,8.424000819673502,4,4,4.21737100322148e-16,8.424000819673505,True,9102,8.424000819673502,2024137637,6,f6d11b5055bd20dcdd0bde71254081b69099f213d55e064783ea128e63b4aef2,20.021767900001578,pyvrp,20.0,0.0,cvrp50_60362.json,0
"[""accepted""]",not_selected,True,1.7763568394002505e-15,cvrp_s7799_n20-50-100_x66667_cvrp50_6043,0.0,True,True,0.0,0.0,0.0,50,4,False,10.259304150256922,False,False,,False,10.25930415025692,4,4,3.462918758200118e-16,10.259304150256924,True,9101,10.25930415025692,3575094487,6,82918d0033b9123fe4a74d99c4d7c065dc199512a3ae02e52ea43c5ca7320658,20.026970800001436,pyvrp,20.0,1.7314593791000588e-16,cvrp50_6043.json,0
"[""accepted""]",not_selected,True,0.0,cvrp_s7799_n20-50-100_x66667_cvrp50_60557,0.0,True,True,0.0,0.0,0.0,50,4,False,10.303758667067124,False,False,,False,10.303758667067124,4,4,1.7239891740456255e-16,10.303758667067125,True,9101,10.303758667067124,442173091,6,3c9bd3fa5b87f7c26f1faf9b5a203a69fe3cdd3e10728910734ef0d2527ad228,20.079969399997935,pyvrp,20.0,0.0,cvrp50_60557.json,0
"[""accepted""]",not_selected,True,0.0320935434195011,cvrp_s7799_n20-50-100_x66667_cvrp50_60571,0.04,True,True,0.0,0.0,0.0,50,4,False,11.23936282289433,False,False,,False,11.20726927947483,4,4,1.5850041567694805e-16,11.207269279474831,True,9101,11.20726927947483,493800782,7,af5776e27da7a955ae32fd3af6d1c0150434ddb41998bc2d9856f356705aff55,20.024800800001685,pyvrp,20.0,0.0028554593285419413,cvrp50_60571.json,0
"[""accepted""]",not_selected,True,0.0007001212151536151,cvrp_s7799_n20-50-100_x66667_cvrp50_60599,0.035918367346938776,True,True,0.22,0.035918367346938776,0.017959183673469388,50,4,False,11.307920083955175,False,False,,False,11.307219962740021,4,4,6.191806805392316e-05,11.307920083955175,True,9103,11.307219962740021,1721947530,7,9c1e27a33c98e32fde582986be386b8d5398a427b3987dc629aa1f1481f1ee7e,20.02087649999885,pyvrp,20.0,6.191423444414134e-05,cvrp50_60599.json,0
"[""accepted""]",not_selected,True,0.009121156164408006,cvrp_s7799_n20-50-100_x66667_cvrp50_60667,0.04979591836734694,True,True,0.0,0.0,0.0,50,4,False,9.0968218933103,False,False,,False,9.087700737145893,4,4,3.909364735437223e-16,9.087700737145896,True,9101,9.087700737145893,1802092045,7,ec0b3131b8ab7b50fa07b3b60df42792574b9f9d8b50657beb37855de88ffc07,20.027498799998284,pyvrp,20.0,0.0010026750299591553,cvrp50_60667.json,0
"[""accepted""]",stable_control,True,1.7763568394002505e-15,cvrp_s7799_n20-50-100_x66667_cvrp50_60718,0.0,True,True,0.0,0.0,0.0,50,4,False,9.543816863778632,False,True,9.780880920812269,True,9.54381686377863,4,4,9.30632295629019e-16,9.54381686377864,True,9101,9.54381686377863,2174805033,6,fff546754166b989cab1ef5de950262d0528c3f937f3ad9a47ca5a956d0eb178,20.023580899996887,pyvrp,20.0,1.861264591258038e-16,cvrp50_60718.json,0
"[""accepted""]",not_selected,True,3.552713678800501e-15,cvrp_s7799_n20-50-100_x66667_cvrp50_60732,0.0,True,True,0.0,0.0,0.0,50,4,False,12.036975058246972,False,False,,False,12.036975058246968,4,4,8.854501222131572e-16,12.036975058246979,True,9101,12.036975058246968,2565414976,7,c85f5fddd74dc0e9e4b0365d24f56a3407546956f553293f07754c09b16e70e7,20.027262399999017,pyvrp,20.0,2.9515004073771897e-16,cvrp50_60732.json,0
"[""accepted""]",not_selected,True,0.016750644805485493,cvrp_s7799_n20-50-100_x66667_cvrp50_61569,0.029387755102040815,True,True,0.0,0.0,0.0,50,4,False,9.90671551936811,False,False,,False,9.889964874562624,4,4,3.5922409471222887e-16,9.889964874562628,True,9103,9.889964874562624,2462898121,6,389b245da1290c694a30afda0cd0ef50ce674f5db90516085579eab48eebd4e5,20.025905599999533,pyvrp,20.0,0.0016908373691297755,cvrp50_61569.json,0
"[""accepted""]",not_selected,True,3.552713678800501e-15,cvrp_s7799_n20-50-100_x66667_cvrp50_61848,0.0,True,True,0.0,0.0,0.0,50,4,False,11.098140547418534,False,False,,False,11.09814054741853,4,4,3.2011792098153554e-16,11.098140547418534,True,9103,11.09814054741853,1106352108,7,f8f02ae1fda9e0a81ea1e632ac511470a3718ec399b54c5607c4fa3311f7be91,20.02727650000088,pyvrp,20.0,3.2011792098153544e-16,cvrp50_61848.json,0
"[""accepted""]",not_selected,True,-1.7763568394002505e-15,cvrp_s7799_n20-50-100_x66667_cvrp50_61850,0.0,True,True,0.0,0.0,0.0,50,4,False,9.604194007889701,False,False,,False,9.604194007889703,4,4,3.6991273561133804e-16,9.604194007889706,True,9101,9.604194007889703,4142631919,7,85653249c0b0b7b6b7b975871648867a4af80ae5fa6db11649cf1c77fc66b171,20.025893999998516,pyvrp,20.0,-1.8495636780566907e-16,cvrp50_61850.json,0
"[""accepted""]",not_selected,True,3.552713678800501e-15,cvrp_s7799_n20-50-100_x66667_cvrp50_62236,0.0,True,True,0.0,0.0,0.0,50,4,False,9.236184305029463,False,False,,False,9.23618430502946,4,4,7.693033316509094e-16,9.236184305029466,True,9103,9.23618430502946,3781876886,6,2f857328ec2f1f249ba5e1387c8cb3970b2420d90aab78676ce4c8d3b58f8cca,20.0288572999998,pyvrp,20.0,3.8465166582545453e-16,cvrp50_62236.json,0
"[""accepted""]",not_selected,True,3.552713678800501e-15,cvrp_s7799_n20-50-100_x66667_cvrp50_62326,0.0,True,True,0.0,0.0,0.0,50,4,False,9.151445998969923,False,False,,False,9.151445998969919,4,4,3.882133685977486e-16,9.151445998969923,True,9102,9.151445998969919,3772633670,6,7fecb8c213d24fba02b3baf3ec9320fd9479d0dd221a4150084e4fa5cba1ddac,20.025117900000623,pyvrp,20.0,3.8821336859774845e-16,cvrp50_62326.json,0
"[""accepted""]",not_selected,True,0.0,cvrp_s7799_n20-50-100_x66667_cvrp50_62483,0.0,True,True,0.0,0.0,0.0,50,4,False,9.478958666828827,False,False,,False,9.478958666828827,4,4,7.495999937700026e-16,9.478958666828834,True,9103,9.478958666828827,3745370227,7,6b3d1a7a5062cfaab65c7061641f44a428d8004c7df23733ec38e7fd5ad7203b,20.029002200000832,pyvrp,20.0,0.0,cvrp50_62483.json,0
"[""accepted""]",stable_control,True,0.017277281610764916,cvrp_s7799_n20-50-100_x66667_cvrp50_6249,0.08489795918367347,True,True,0.0,0.0,0.0,50,4,False,10.300511366842935,False,True,10.401804612581223,True,10.28323408523217,4,4,3.4548602602585695e-16,10.283234085232174,True,9102,10.28323408523217,682874638,7,a0de4f3674d197b97cf86a093d1ef5e9e4c190350ace2f27bdf4ffb51a5f49e0,20.02634229999967,pyvrp,20.0,0.001677322707140542,cvrp50_6249.json,0
"[""accepted""]",not_selected,True,5.329070518200751e-15,cvrp_s7799_n20-50-100_x66667_cvrp50_62697,0.0,True,True,0.0,0.0,0.0,50,4,False,13.441634707079794,False,False,,False,13.441634707079789,4,4,1.3215333388465264e-16,13.44163470707979,True,9101,13.441634707079789,2310072648,7,9f33b92aa7135d25e21b9a186c77241c2ade1a4aeae57758751e5932298e9c8d,20.027940700001636,pyvrp,20.0,3.9646000165395776e-16,cvrp50_62697.json,0
"[""accepted""]",not_selected,True,1.7763568394002505e-15,cvrp_s7799_n20-50-100_x66667_cvrp50_62720,0.0,True,True,0.0,0.0,0.0,50,4,False,8.823634310057813,False,False,,False,8.82363431005781,4,4,1.0065902421723391e-15,8.82363431005782,True,9103,8.82363431005781,2762790939,7,f2b134e2f2eeeb9f60f77d370bff9512c2922b7741e2e23f0a3dd24adc673a7e,20.02661270000317,pyvrp,20.0,2.0131804843446778e-16,cvrp50_62720.json,0
"[""accepted""]",not_selected,True,0.02454199583312011,cvrp_s7799_n20-50-100_x66667_cvrp50_62730,0.05551020408163265,True,True,0.0,0.0,0.0,50,4,False,10.34086769033958,False,False,,False,10.31632569450646,4,4,5.165667191991167e-16,10.316325694506466,True,9104,10.31632569450646,3693250627,7,8c6bc67a9da2142223196eb63f4614055517bdd206f2d04f8da82e3818d30119,20.02860259999943,pyvrp,20.0,0.0023733014064232926,cvrp50_62730.json,0
"[""accepted""]",not_selected,True,1.7763568394002505e-15,cvrp_s7799_n20-50-100_x66667_cvrp50_62896,0.0,True,True,0.0,0.0,0.0,50,4,False,9.65869317681214,False,False,,False,9.658693176812138,4,4,3.678255032812915e-16,9.658693176812141,True,9102,9.658693176812138,3528562846,6,8a2ea0fc3bdd6a34b25df87d9e2b91c97567d983414c97de2061131cf413bf1a,20.025528900001518,pyvrp,20.0,1.8391275164064573e-16,cvrp50_62896.json,0
"[""accepted""]",stable_control,True,0.0,cvrp_s7799_n20-50-100_x66667_cvrp50_63020,0.0,True,True,0.0,0.0,0.0,50,4,False,8.522981909652907,False,True,8.64828704305009,True,8.522981909652907,4,4,2.0841964211943181e-16,8.52298190965291,True,9102,8.522981909652907,3725387696,6,11068441ff762e9bc0cbaa859130efd8e7b4086ff201f7da96531d3cf1062bac,20.025702099999762,pyvrp,20.0,0.0,cvrp50_63020.json,0
"[""accepted""]",not_selected,True,3.552713678800501e-15,cvrp_s7799_n20-50-100_x66667_cvrp50_63135,0.0,True,True,0.0,0.0,0.0,50,4,False,9.812981201533178,False,False,,False,9.812981201533175,4,4,5.430633574808173e-16,9.81298120153318,True,9104,9.812981201533175,4119562857,7,3db5821b6d78fa034274a9764d006facb3de190877a12a727ea9d89092fd8689,20.02680490000057,pyvrp,20.0,3.620422383205448e-16,cvrp50_63135.json,0
"[""accepted""]",not_selected,True,1.7763568394002505e-15,cvrp_s7799_n20-50-100_x66667_cvrp50_63189,0.0,True,True,0.0,0.0,0.0,50,4,False,11.185270477778783,False,False,,False,11.185270477778781,4,4,6.521304250974108e-06,11.185343420330696,True,9102,11.185270477778781,1225128714,7,ed26a8a52ca2d9f3b08efdea0ed52f23f198c683e7cbd9c102e56ccdcbe9714f,20.024842300001183,pyvrp,20.0,1.5881214879240065e-16,cvrp50_63189.json,0
"[""accepted""]",not_selected,True,0.010862079142368586,cvrp_s7799_n20-50-100_x66667_cvrp50_6356,0.07591836734693877,True,True,0.0,0.0,0.0,50,4,False,10.681516714168188,False,False,,False,10.67065463502582,4,4,4.994136442864882e-16,10.670654635025825,True,9101,10.67065463502582,3990791257,7,5d0099a0a8ecb62e6a8715177b36bae4753e784b697b1e6cbc291d23c4b556a2,20.027095999997982,pyvrp,20.0,0.0010169041937612565,cvrp50_6356.json,0
"[""accepted""]",not_selected,True,0.0,cvrp_s7799_n20-50-100_x66667_cvrp50_63763,0.0,True,True,0.0,0.0,0.0,50,4,False,8.895655664212395,False,False,,False,8.895655664212395,4,4,5.990643882091604e-16,8.8956556642124,True,9101,8.895655664212395,53627160,7,d2235368249eedddb0c370080e8eb40d86c0ba6266ee37cd87193ce8f501b0a4,20.02825490000032,pyvrp,20.0,0.0,cvrp50_63763.json,0
"[""accepted""]",not_selected,True,5.329070518200751e-15,cvrp_s7799_n20-50-100_x66667_cvrp50_63842,0.0,True,True,0.0,0.0,0.0,50,4,False,10.040837530866114,False,False,,False,10.040837530866108,4,4,3.538264281121227e-16,10.040837530866112,True,9102,10.040837530866108,877754082,6,d70afcbbed64ef9332c693bf06f460009d364db9196c85d446228b5fd3d4f577,20.026814100001502,pyvrp,20.0,5.307396421681838e-16,cvrp50_63842.json,0
"[""accepted""]",not_selected,True,0.03584399989528109,cvrp_s7799_n20-50-100_x66667_cvrp50_63905,0.0653061224489796,True,True,0.0,0.0,0.0,50,4,False,11.91629803247995,False,False,,False,11.88045403258467,4,4,2.990385442388337e-16,11.880454032584673,True,9101,11.88045403258467,1433781474,7,235bbde8ec31142710843697c10813cf48defca0c8cbfcea5479f9ac9868e7f4,20.075254399998812,pyvrp,20.0,0.0030079811530042307,cvrp50_63905.json,0
"[""accepted""]",not_selected,True,1.7763568394002505e-15,cvrp_s7799_n20-50-100_x66667_cvrp50_63961,0.0,True,True,0.0,0.0,0.0,50,4,False,11.232251886103022,False,False,,False,11.23225188610302,4,4,4.744436442699513e-16,11.232251886103025,True,9103,11.23225188610302,2482671409,7,ddd07ccb6459cba1f6bedfc5d6321c1778e814638fa3ab87e2702c900a15b92b,20.028716099997837,pyvrp,20.0,1.5814788142331708e-16,cvrp50_63961.json,0
"[""accepted""]",not_selected,True,1.7763568394002505e-15,cvrp_s7799_n20-50-100_x66667_cvrp50_64012,0.0,True,True,0.0,0.0,0.0,50,4,False,10.998746157094622,False,False,,False,10.99874615709462,4,4,4.845161841255236e-16,10.998746157094626,True,9103,10.99874615709462,2521339990,6,12deaf063a703f186afabbf9cf7971335770c1c325a8aca12f9bc42180b0088e,20.026517899997998,pyvrp,20.0,1.615053947085078e-16,cvrp50_64012.json,0
"[""accepted""]",not_selected,True,0.04469954641025531,cvrp_s7799_n20-50-100_x66667_cvrp50_64200,0.16489795918367348,True,True,0.0,0.0,0.0,50,4,False,11.211879419682669,False,False,,False,11.167179873272413,4,4,4.772082637403716e-16,11.167179873272419,True,9103,11.167179873272413,3828624030,7,e90dae8235f751ea07fbdd5bb8e7bf68e54d1ad6270ca831cc488e5987b50782,20.028431399998226,pyvrp,20.0,0.003986802277928926,cvrp50_64200.json,0
"[""accepted""]",not_selected,True,0.06295782729028865,cvrp_s7799_n20-50-100_x66667_cvrp50_64396,0.16244897959183674,True,True,0.0,0.0,0.0,50,3,False,12.42286184415837,False,False,,False,12.35990401686808,4,4,0.003457283498525273,12.402635709068955,True,9103,12.35990401686808,390823392,7,95dcc73f71ab5662ab62559d78862a7ec96d52c51f8a85a5a748f1a7a002f58d,20.02504559999943,pyvrp,20.0,0.005067900462878725,cvrp50_64396.json,0
"[""accepted""]",not_selected,True,0.0,cvrp_s7799_n20-50-100_x66667_cvrp50_64455,0.0,True,True,0.0,0.0,0.0,50,4,False,11.243263702423668,False,False,,False,11.243263702423668,4,4,1.579929890835281e-16,11.24326370242367,True,9101,11.243263702423668,640383842,7,379dd1218ab192fdcd7f575b6f2353a73f34a0577b1a337fab095cdf8100eb7b,20.026471500001207,pyvrp,20.0,0.0,cvrp50_64455.json,0
"[""accepted""]",not_selected,True,0.10338827373614201,cvrp_s7799_n20-50-100_x66667_cvrp50_64549,0.11673469387755102,True,True,0.0,0.0,0.0,50,4,False,11.886736346949684,False,False,,False,11.783348073213542,4,4,1.5075145267399406e-16,11.783348073213544,True,9102,11.783348073213542,1177162672,7,19f9436f7b713e2afd034b43f8b06cadfd9bf370e1e0c4c447ae00e476bdcd4c,20.02557700000034,pyvrp,20.0,0.008697784717221645,cvrp50_64549.json,0
"[""accepted""]",not_selected,True,1.7763568394002505e-15,cvrp_s7799_n20-50-100_x66667_cvrp50_64735,0.0,True,True,0.0,0.0,0.0,50,4,False,7.929957827436083,False,False,,False,7.929957827436081,4,4,4.48011673720233e-16,7.929957827436085,True,9102,7.929957827436081,1793940621,6,007ccad270711400a6ce63d390dd5159c5211d01922eecce303105420b56ce36,20.026862700000493,pyvrp,20.0,2.2400583686011644e-16,cvrp50_64735.json,0
"[""accepted""]",not_selected,True,0.016715942550220575,cvrp_s7799_n20-50-100_x66667_cvrp50_64931,0.0963265306122449,True,True,0.0,0.0,0.0,50,4,False,10.635881434789528,False,False,,False,10.619165492239308,4,4,3.345567673276109e-16,10.619165492239311,True,9101,10.619165492239308,2607987156,7,291dcfa47a9b1539b71ecbecb0fde293ac7660ab1d8f2cf363878ef08f75448c,20.025767499999347,pyvrp,20.0,0.0015716555936345264,cvrp50_64931.json,0
"[""accepted""]",not_selected,True,0.056989463261441387,cvrp_s7799_n20-50-100_x66667_cvrp50_65029,0.08,True,True,0.0,0.0,0.0,50,4,False,9.55551270568709,False,False,,False,9.498523242425648,4,4,5.6104200434002e-16,9.498523242425653,True,9101,9.498523242425648,2390675338,6,e1c3d5d80a76aa41fe23517d9365442d8910a68f2d18cb46ab1ebd843d968b27,20.02599349999946,pyvrp,20.0,0.005964040341605465,cvrp50_65029.json,0
"[""accepted""]",not_selected,True,0.0006556599130789209,cvrp_s7799_n20-50-100_x66667_cvrp50_65641,0.0,True,True,0.0,0.0,0.0,50,4,False,8.197048249764379,False,False,,False,8.1963925898513,4,4,7.999371746672471e-05,8.197048249764379,True,9102,8.1963925898513,4249900137,6,ce25ef5f08bee1010fae45d1fe1187f58e69fc268d93a5ca9452dbeb921b0e7d,20.02720550000231,pyvrp,20.0,7.9987318983729e-05,cvrp50_65641.json,0
"[""accepted""]",not_selected,True,1.7763568394002505e-15,cvrp_s7799_n20-50-100_x66667_cvrp50_65675,0.0,True,True,0.0,0.0,0.0,50,4,False,10.280721789486774,False,False,,False,10.280721789486773,4,4,3.455704523036079e-16,10.280721789486776,True,9103,10.280721789486773,3219184644,7,399c0f4aaf0b99e923e24bcead940d16d16a8f5718b84b4fb7205ab4533c85ae,20.028235900001164,pyvrp,20.0,1.7278522615180392e-16,cvrp50_65675.json,0
"[""accepted""]",not_selected,True,5.329070518200751e-15,cvrp_s7799_n20-50-100_x66667_cvrp50_65873,0.0,True,True,0.0,0.0,0.0,50,4,False,10.993710179730357,False,False,,False,10.993710179730352,4,4,6.463175071416409e-16,10.993710179730359,True,9103,10.993710179730352,1967144708,7,157576b94b269d913f0c6974a094fb96f551534c4d6249023b29c58a276e62e8,20.027348799998435,pyvrp,20.0,4.847381303562305e-16,cvrp50_65873.json,0
"[""accepted""]",not_selected,True,0.005588336304791497,cvrp_s7799_n20-50-100_x66667_cvrp50_66019,0.027755102040816326,True,True,0.0,0.0,0.0,50,4,False,8.925415133648025,False,False,,False,8.919826797343234,4,4,1.9914701033537306e-16,8.919826797343235,True,9101,8.919826797343234,4289940990,6,f5a346704761165a3984c39d13f3aa39d787d34624d4052b6075d9d0a9e7daf1,20.027200799999264,pyvrp,20.0,0.0006261150009397281,cvrp50_66019.json,0
"[""accepted""]",not_selected,True,0.1155702907328191,cvrp_s7799_n20-50-100_x66667_cvrp50_66056,0.044081632653061226,True,True,0.0,0.0,0.0,50,4,False,11.768190537915038,False,False,,False,11.652620247182218,4,4,6.097707817535033e-16,11.652620247182226,True,9101,11.652620247182218,814447199,8,bc4b45c9d9802a6823c6a1d45e2b32328588002433ec37e7bd5ebb7a061dce1e,20.02664630000072,pyvrp,20.0,0.009820565902673991,cvrp50_66056.json,0
"[""accepted""]",not_selected,True,0.006112272734139168,cvrp_s7799_n20-50-100_x66667_cvrp50_66111,0.1493877551020408,True,True,0.0,0.0,0.0,50,4,False,12.275498916447685,False,False,,False,12.269386643713545,4,4,4.343387875001235e-16,12.26938664371355,True,9102,12.269386643713545,4183907007,6,41ac15f43bc594d4cb17af1890b5acbf210ae598972c93eb426e1d5790c22b02,20.035459800001263,pyvrp,20.0,0.000497924587484543,cvrp50_66111.json,0
"[""accepted""]",stable_control,True,0.0,cvrp_s7799_n20-50-100_x66667_cvrp50_6614,0.0,True,True,0.0,0.0,0.0,50,4,False,9.334733898138659,False,True,9.661704331495974,True,9.334733898138659,4,4,3.8059078250842375e-16,9.334733898138662,True,9102,9.334733898138659,4035349125,7,bd79b9122461fb3a3fedab0f9df470b8fc1fc176f5455625702fdd7eb4bfdf74,20.023255500000232,pyvrp,20.0,0.0,cvrp50_6614.json,0
"[""accepted""]",not_selected,True,0.03900583950906622,cvrp_s7799_n20-50-100_x66667_cvrp50_66270,0.06448979591836734,True,True,0.0,0.0,0.0,50,4,False,12.315842053827414,False,False,,False,12.276836214318347,4,4,1.4469174373512484e-16,12.27683621431835,True,9101,12.276836214318347,1140938052,8,173bbbf0ad1e11c06ad5295e5a80b24aa06884bc0c0852c44710efa372ba053e,20.028132899999036,pyvrp,20.0,0.003167127293333899,cvrp50_66270.json,0
"[""accepted""]",not_selected,True,0.038649826381037755,cvrp_s7799_n20-50-100_x66667_cvrp50_66436,0.12,True,True,0.0,0.0,0.0,50,3,False,10.837796285646888,False,False,,False,10.79914645926585,4,4,0.0014456998539918355,10.814758783725248,True,9102,10.79914645926585,1109394246,7,2f57d1b0589f2a3ce32ac6c558df37ae5cee2b4fa04c6eef73d8ceba12a32214,20.018465499997546,pyvrp,20.0,0.003566207129416515,cvrp50_66436.json,0
"[""accepted""]",not_selected,True,0.0009309431518804701,cvrp_s7799_n20-50-100_x66667_cvrp50_66560,0.03183673469387755,True,True,0.0,0.0,0.0,50,4,False,11.416564962803323,False,False,,False,11.415634019651442,4,4,4.668221238546211e-16,11.415634019651447,True,9104,11.415634019651442,3696574272,7,cc15e960302408ec167e0f5eb6e92ff2149d350418d56ab076d59f9759e39255,20.08091820000118,pyvrp,20.0,8.154319227487479e-05,cvrp50_66560.json,0
"[""accepted""]",not_selected,True,3.552713678800501e-15,cvrp_s7799_n20-50-100_x66667_cvrp50_6729,0.0,True,True,0.0,0.0,0.0,50,4,False,9.082636801893162,False,False,,False,9.082636801893159,4,4,5.867316545223932e-16,9.082636801893164,True,9101,9.082636801893159,2703071341,7,49945b8ab8cb7a229e7111cd442a45ce814fc01f9171c1ad6dae36a633406199,20.026952700001857,pyvrp,20.0,3.91154436348262e-16,cvrp50_6729.json,0
"[""accepted""]",not_selected,True,0.04974868798500154,cvrp_s7799_n20-50-100_x66667_cvrp50_6849,0.11836734693877551,True,True,0.0,0.0,0.0,50,4,False,9.696038506228376,False,False,,False,9.646289818243375,4,4,1.8414922969043985e-16,9.646289818243377,True,9101,9.646289818243375,1712634680,7,708e9f54bf9deb9afe05f66347f153daac75e567ac2faea6bd0ea89d818433b1,20.025514200002362,pyvrp,20.0,0.0051308261567902,cvrp50_6849.json,0
"[""accepted""]",stable_control,True,3.552713678800501e-15,cvrp_s7799_n20-50-100_x66667_cvrp50_7180,0.0,True,True,0.0,0.0,0.0,50,4,False,8.47350530167001,False,True,8.529638149807461,True,8.473505301670006,4,4,4.192731994987142e-16,8.47350530167001,True,9103,8.473505301670006,2202775553,6,2e0d8b4efe6a637f51a9919fc879226373d430302ca397d09dbe9bc49bbbc1c0,20.025929100000212,pyvrp,20.0,4.19273199498714e-16,cvrp50_7180.json,0
"[""accepted""]",not_selected,True,0.08456126278122511,cvrp_s7799_n20-50-100_x66667_cvrp50_7213,0.15428571428571428,True,True,0.0,0.0,0.0,50,4,False,11.728811282440903,False,False,,False,11.644250019659678,4,4,3.051045514139806e-16,11.644250019659681,True,9101,11.644250019659678,3938497806,7,6bb0a796512e3e9c5da27213fa0f3e9af872acd5b67acfc093d6e142e6ee379f,20.02533200000107,pyvrp,20.0,0.007209704440195147,cvrp50_7213.json,0
"[""accepted""]",not_selected,True,7.105427357601002e-15,cvrp_s7799_n20-50-100_x66667_cvrp50_7234,0.0,True,True,0.0,0.0,0.0,50,4,False,10.899541110584346,False,False,,False,10.89954111058434,4,4,4.889261358926195e-16,10.899541110584344,True,9103,10.89954111058434,3088552372,7,7226a15551f1e395efcbfaeb8402a51f281b823fa65610da742fe7ad543eca67,20.02875530000165,pyvrp,20.0,6.519015145234922e-16,cvrp50_7234.json,0
"[""accepted""]",not_selected,True,0.005180958635815358,cvrp_s7799_n20-50-100_x66667_cvrp50_7379,0.03918367346938775,True,True,0.0,0.0,0.0,50,4,False,11.274736151928664,False,False,,False,11.269555193292849,4,4,6.3049758714788e-16,11.269555193292856,True,9102,11.269555193292849,2906937628,7,0464381ba11cec4a4ba9e56cbe900e7fc76cafc520fbebd3eb622e4e44b67362,20.02712519999841,pyvrp,20.0,0.00045951927974200086,cvrp50_7379.json,0
"[""accepted""]",stable_control,True,0.015031848612471421,cvrp_s7799_n20-50-100_x66667_cvrp50_7524,0.0473469387755102,True,True,0.0,0.0,0.0,50,4,False,11.323190537030014,False,True,11.435243977281754,True,11.308158688417542,4,4,3.1417260552236428e-16,11.308158688417546,True,9102,11.308158688417542,4044668035,7,c3dffde9dd492068acb4b1bb35152db7f258a703b6b40c3c7237c3fa468a4a7b,20.029514000001654,pyvrp,20.0,0.001327527657802194,cvrp50_7524.json,0
"[""accepted""]",not_selected,True,0.0,cvrp_s7799_n20-50-100_x66667_cvrp50_7587,0.0,True,True,0.0,0.0,0.0,50,4,False,9.620313772852937,False,False,,False,9.620313772852937,4,4,3.692929110925383e-16,9.62031377285294,True,9101,9.620313772852937,1662688507,7,bd79086fe1430f50566bb07ac3a44f73838191d2b5402b07788dff1a629fd3c0,20.02653139999893,pyvrp,20.0,0.0,cvrp50_7587.json,0
"[""accepted""]",not_selected,True,0.0047204295396259255,cvrp_s7799_n20-50-100_x66667_cvrp50_7833,0.03428571428571429,True,True,0.0,0.0,0.0,50,4,False,8.88566697144742,False,False,,False,8.880946541907795,4,4,6.000565922848092e-16,8.8809465419078,True,9102,8.880946541907795,4288041278,7,58c5129129274f02241e55de949876cca56c09e5c77b0914a12556fc573e144e,20.02783979999731,pyvrp,20.0,0.0005312408798117488,cvrp50_7833.json,0
"[""accepted""]",stable_control,True,0.0,cvrp_s7799_n20-50-100_x66667_cvrp50_7965,0.0,True,True,0.0,0.0,0.0,50,4,False,9.977519911788162,False,True,10.774841157272256,True,9.977519911788162,4,4,1.5041838432314672e-05,9.97766999203063,True,9101,9.977519911788162,3964555834,6,e6e7f46b45475cc92cbc944a20a9d4a2765ca5dc77dda4ad4f44ff24cb19f478,20.0271227000012,pyvrp,20.0,0.0,cvrp50_7965.json,0
"[""accepted""]",stable_control,True,0.00021559970417861507,cvrp_s7799_n20-50-100_x66667_cvrp50_8178,0.022857142857142857,True,True,0.28,0.022857142857142857,0.015238095238095238,50,4,False,10.116982645667164,False,True,11.314723987830282,True,10.116767045962986,4,4,2.1311126686748416e-05,10.116982645667163,True,9104,10.116767045962986,2103422689,6,0fdbe54a2b04855ee3f32520ead961fd94c3592a62b7f5489956b532e5f666ab,20.0273812000014,pyvrp,20.0,2.1310672532481878e-05,cvrp50_8178.json,0
"[""accepted""]",not_selected,True,0.021695355074790257,cvrp_s7799_n20-50-100_x66667_cvrp50_8187,0.07020408163265306,True,True,0.0,0.0,0.0,50,4,False,10.67759879578807,False,False,,False,10.65590344071328,4,4,3.3340332882771423e-16,10.655903440713283,True,9102,10.65590344071328,1875626896,7,8742f27fbdc94b9aaa555702611194a3a7d2a4fac3407954ae3e18e97d8ebcdc,20.017551699998876,pyvrp,20.0,0.0020318571141058695,cvrp50_8187.json,0
"[""accepted""]",not_selected,True,0.029709675613402098,cvrp_s7799_n20-50-100_x66667_cvrp50_8203,0.07428571428571429,True,True,0.0,0.0,0.0,50,4,False,11.880989578901882,False,False,,False,11.85127990328848,4,4,2.9977468322342956e-16,11.851279903288484,True,9103,11.85127990328848,3370028491,7,56deba0cb49ee77abf112a479d16d979099bdae015987d0fab4116862909883f,20.026165200000833,pyvrp,20.0,0.002500606150363113,cvrp50_8203.json,0
"[""accepted""]",stable_control,True,0.001969367943182476,cvrp_s7799_n20-50-100_x66667_cvrp50_8262,0.0163265306122449,True,True,0.0,0.0,0.0,50,4,False,10.825073280401375,False,True,11.199356380558482,True,10.823103912458192,4,4,1.6412637758707393e-16,10.823103912458194,True,9101,10.823103912458192,3277078423,7,f679b9385fa31b6f381fb753b83e2e10b7d3b6e243ad1d471acfaac7336061de,20.027172699999937,pyvrp,20.0,0.00018192652300543646,cvrp50_8262.json,0
"[""accepted""]",not_selected,True,0.0282515251108979,cvrp_s7799_n20-50-100_x66667_cvrp50_8328,0.0653061224489796,True,True,0.0,0.0,0.0,50,4,False,12.125030911315,False,False,,False,12.096779386204101,4,4,4.4053630706685e-16,12.096779386204107,True,9102,12.096779386204101,108824703,8,7a537161271844183af903a85910832f7d96f34337d8d4521d7bb78327286fa9,20.029119799997716,pyvrp,20.0,0.0023300167494446355,cvrp50_8328.json,0
"[""accepted""]",not_selected,True,1.7763568394002505e-15,cvrp_s7799_n20-50-100_x66667_cvrp50_8344,0.0,True,True,0.0,0.0,0.0,50,4,False,8.940664223109067,False,False,,False,8.940664223109065,4,4,5.960486139750808e-16,8.94066422310907,True,9103,8.940664223109065,3666822816,6,f2934622c295c9ca2b25167e1c53687e15a3fbfe74245cb4a3f5dbf848248582,20.0200920999996,pyvrp,20.0,1.9868287132502692e-16,cvrp50_8344.json,0
"[""accepted""]",not_selected,True,0.08331615245908885,cvrp_s7799_n20-50-100_x66667_cvrp50_8384,0.09224489795918367,True,True,0.0,0.0,0.0,50,4,False,11.211931317802486,False,False,,False,11.128615165343398,4,4,3.1924130954445437e-16,11.128615165343401,True,9103,11.128615165343398,2425135883,7,9f1db067672201509a1625599465dbc42418e3ac313dcb25937acf00de8c5673,20.033451700001024,pyvrp,20.0,0.007431025939910826,cvrp50_8384.json,0
"[""accepted""]",stable_control,True,0.040742174119143826,cvrp_s7799_n20-50-100_x66667_cvrp50_8386,0.1110204081632653,True,True,0.0,0.0,0.0,50,4,False,10.856226980058231,False,True,10.966811101758385,True,10.815484805939088,4,4,6.569679940467589e-16,10.815484805939095,True,9104,10.815484805939088,2648592141,6,65230438a141079fcf56e094952d2fea1ad6b6db167342064738d068100acaed,20.02612720000252,pyvrp,20.0,0.0037528852513845734,cvrp50_8386.json,0
"[""accepted""]",not_selected,True,0.00024008464897562476,cvrp_s7799_n20-50-100_x66667_cvrp50_8442,0.013877551020408163,True,True,0.34,0.013877551020408163,0.0069387755102040816,50,4,False,9.367182175421739,False,False,,False,9.366942090772763,4,4,2.563105938443682e-05,9.367182175421743,True,9104,9.366942090772763,780492783,6,3710196e93564c74e63db660552e6b43f92b717dff2b8fcac2c061c2e29515f9,20.027113199997984,pyvrp,20.0,2.563040244969031e-05,cvrp50_8442.json,0
"[""accepted""]",not_selected,True,0.07613809960298035,cvrp_s7799_n20-50-100_x66667_cvrp50_8449,0.16,True,True,0.0,0.0,0.0,50,4,False,11.878036840249251,False,False,,False,11.801898740646271,4,4,9.030869752927455e-16,11.801898740646282,True,9104,11.801898740646271,3922099539,7,67eb39ef605f89b8883f63a42a1698d30940e63ed973362f2040b165c16857e7,20.027452399997856,pyvrp,20.0,0.0064099901883603394,cvrp50_8449.json,0
"[""accepted""]",not_selected,True,0.00674930529290485,cvrp_s7799_n20-50-100_x66667_cvrp50_8472,0.029387755102040815,True,True,0.0,0.0,0.0,50,4,False,11.298367849382632,False,False,,False,11.291618544089728,4,4,4.719492159067045e-16,11.291618544089733,True,9101,11.291618544089728,3096960100,6,bf46e214af242d3fe7e9855a7d3ac8033eca6d93432281009bbf6557294f1a74,20.03235379999751,pyvrp,20.0,0.0005973699372227155,cvrp50_8472.json,0
"[""accepted""]",not_selected,True,0.11921465087299588,cvrp_s7799_n20-50-100_x66667_cvrp50_8573,0.1469387755102041,True,True,0.0,0.0,0.0,50,4,False,11.500410928307776,False,False,,False,11.38119627743478,4,4,6.243128740068177e-16,11.381196277434787,True,9102,11.38119627743478,1562418361,7,d9770aae97065ff06b15c6c5e3d2f260371851a226f65141cbb4da5aa2bf43c5,20.027670999999827,pyvrp,20.0,0.010366120968734608,cvrp50_8573.json,0
"[""accepted""]",not_selected,True,0.0,cvrp_s7799_n20-50-100_x66667_cvrp50_8633,0.0,True,True,0.0,0.0,0.0,50,4,False,8.929667605425795,False,False,,False,8.929667605425795,4,4,3.9785508663747134e-16,8.929667605425799,True,9103,8.929667605425795,3818186342,6,dc0e45afc4f0fef6cf1461c4475e560bc5e945f3ffe37818aa11b9e8b5b8c255,20.022032100001525,pyvrp,20.0,0.0,cvrp50_8633.json,0
"[""accepted""]",not_selected,True,-3.552713678800501e-15,cvrp_s7799_n20-50-100_x66667_cvrp50_8673,0.0,True,True,0.0,0.0,0.0,50,4,False,9.26256106799207,False,False,,False,9.262561067992074,4,4,6.297979184586989e-05,9.263144422160096,True,9101,9.262561067992074,47953324,7,8d0cf3c71b83e779fe72d97e456918651bb82c6c3d2c142bca731c29eb3d3a8b,20.024514100001397,pyvrp,20.0,-3.835563029189998e-16,cvrp50_8673.json,0
"[""accepted""]",not_selected,True,1.7763568394002505e-15,cvrp_s7799_n20-50-100_x66667_cvrp50_8724,0.0,True,True,0.0,0.0,0.0,50,4,False,9.555091777762195,False,False,,False,9.555091777762193,4,4,3.71813663482419e-16,9.555091777762197,True,9103,9.555091777762193,3925181172,7,9640f23c86b1362f8599d3928a983429dc0b5174490275af57168d5ca3a3f412,20.02491799999916,pyvrp,20.0,1.8590683174120946e-16,cvrp50_8724.json,0
"[""accepted""]",not_selected,True,-1.7763568394002505e-15,cvrp_s7799_n20-50-100_x66667_cvrp50_8730,0.0,True,True,0.0,0.0,0.0,50,4,False,10.364115212255111,False,False,,False,10.364115212255113,4,4,5.141848010237631e-16,10.364115212255118,True,9103,10.364115212255113,556787517,7,3b7f079643de50d2095c3a3451a83cd33d4d59ca76ff78f6d87449da4f152993,20.026997000000847,pyvrp,20.0,-1.7139493367458772e-16,cvrp50_8730.json,0
"[""accepted""]",not_selected,True,0.04403786727330683,cvrp_s7799_n20-50-100_x66667_cvrp50_8735,0.09306122448979592,True,True,0.0,0.0,0.0,50,4,False,12.18362172041703,False,False,,False,12.139583853143723,4,4,2.703501268921806e-07,12.139587135081758,True,9102,12.139583853143723,2724816932,7,2028d8015e1e430da66db44c9c4bc718294e268a00e0cd259f10b8f6ecb8908d,20.0275638000021,pyvrp,20.0,0.0036145136712106875,cvrp50_8735.json,0
"[""accepted""]",stable_control,True,3.552713678800501e-15,cvrp_s7799_n20-50-100_x66667_cvrp50_8859,0.0,True,True,0.0,0.0,0.0,50,4,False,9.72951066407176,False,True,9.99929847518471,True,9.729510664071757,4,4,3.651482383301799e-16,9.72951066407176,True,9102,9.729510664071757,761575291,6,4bb1e223163d829b3ed8c352fa4c7e93d84e07fdf60eca6af621f836bb621e24,20.02321949999896,pyvrp,20.0,3.6514823833017976e-16,cvrp50_8859.json,0
"[""accepted""]",not_selected,True,-1.7763568394002505e-15,cvrp_s7799_n20-50-100_x66667_cvrp50_9121,0.0,True,True,0.0,0.0,0.0,50,4,False,11.081284625567578,False,False,,False,11.08128462556758,4,4,4.809072863181508e-16,11.081284625567585,True,9102,11.08128462556758,226150692,7,250968fabae526b41a44a1a71d5f205fb217c9bbe60461dac2d420e78ae9b155,20.084247999999207,pyvrp,20.0,-1.6030242877271697e-16,cvrp50_9121.json,0
"[""route_membership_ambiguous""]",unstable_matrix,True,0.060360031397742375,cvrp_s7799_n20-50-100_x66667_cvrp50_9128,0.08734693877551021,False,False,0.28,0.05142857142857143,0.03428571428571429,50,4,True,12.804844454994107,False,True,13.352272965093503,True,12.744484423596365,4,4,7.92224781459828e-05,12.745494073235095,True,9102,12.744484423596365,532559757,8,3aaa9e88c1030bd4958db7e16f22fee49739304668fe439c3143a403e00d6edd,20.02441639999961,pyvrp,20.0,0.004713843390280382,cvrp50_9128.json,0
"[""accepted""]",not_selected,True,1.7763568394002505e-15,cvrp_s7799_n20-50-100_x66667_cvrp50_9209,0.0,True,True,0.0,0.0,0.0,50,4,False,10.194394693360472,False,False,,False,10.19439469336047,4,4,5.227451632485383e-16,10.194394693360476,True,9101,10.19439469336047,3638300018,7,a63af34201e13b30cb1287d9adf0383fa971083f9779a73d09bc9e64225e9ec2,20.026256799999828,pyvrp,20.0,1.7424838774951273e-16,cvrp50_9209.json,0
"[""accepted""]",not_selected,True,2.700492999530013e-05,cvrp_s7799_n20-50-100_x66667_cvrp50_9241,0.0,True,True,0.0,0.0,0.0,50,4,False,11.343623732377752,False,False,,False,11.343596727447757,4,4,2.3806320556122312e-06,11.343623732377752,True,9101,11.343596727447757,333737402,6,da961227d2d1bb21c37ac2a950aa0c8971af6b52b2e16cdab380d869d70c988b,20.02616780000244,pyvrp,20.0,2.380626388216739e-06,cvrp50_9241.json,0
"[""accepted""]",not_selected,True,-0.0002673257681404806,cvrp_s7799_n20-50-100_x66667_cvrp50_9252,0.0,True,True,0.0,0.0,0.0,50,4,False,11.448514042493903,False,False,,False,11.448781368262043,4,4,3.103136975476904e-16,11.448781368262047,True,9101,11.448781368262043,184973406,7,24f9178be19e1bce611e3c95461879b887a88756078acb5fa55409982086b1f8,20.027041499997722,pyvrp,20.0,-2.335025900725954e-05,cvrp50_9252.json,0
"[""accepted""]",not_selected,True,0.016915716829922545,cvrp_s7799_n20-50-100_x66667_cvrp50_9793,0.0,True,True,0.0,0.0,0.0,50,4,False,11.83799336884006,False,False,,False,11.821077652010137,4,4,4.50810888404456e-16,11.821077652010143,True,9103,11.821077652010137,2013474242,7,316d32f56c38c5ba8632c0c86bb49f50b9f7849bbe9c5a59b238bc2fb019042a,20.02643480000188,pyvrp,20.0,0.0014289344741861452,cvrp50_9793.json,0
